IRSD_quintile,Age,smoking_status,BMI,diabetes,CKD,HbA1c,eGFR,SBP,AF,cvd_event,cvd_time
4,27.140848718869236,non,32.66627311519086,0,0,4.146799296926508,89.8336514080559,105.18044234202674,0,0,5.71689215238472
5,75.22727587609403,non,30.600619742057543,0,0,5.220962650705367,87.68456776712908,133.49176951245352,0,0,6.10599967159816
3,83.06016149463235,non,33.25073869497337,0,0,3.719692176893491,76.07157638603266,130.85848687347683,0,1,0.7455606142748313
1,39.927416510132275,ex,25.472899774009523,0,1,4.7528092913757,67.9831489153428,127.72213154836754,0,0,4.779005595588668
5,51.607561932100865,non,30.301811432829574,0,0,6.1307211627796105,86.52769544475505,133.31637468219824,0,0,4.499474968447767
2,66.78935793258383,current,32.60148198858916,0,0,5.853066080451202,86.51259066826802,130.1751513295349,0,0,4.845948430716612
1,69.33535658237369,non,38.58312552998497,0,0,4.0889204747016255,80.60822307896538,111.60633434535555,0,0,4.500841957630416
1,65.38622873974873,ex,26.950889614520218,1,0,6.859215686433013,80.2647454302847,121.30696192336246,0,0,5.724418011091117
3,59.508246034229586,ex,28.962803174268043,0,0,4.442716565622675,79.46973944641904,122.65321500339178,0,1,2.806945987333103
1,81.12632347534782,non,24.63075122024371,0,0,3.654495853253315,84.84661703513422,120.35122015848961,0,0,4.645686267452885
5,44.01476064962665,non,28.867388741075782,0,0,4.192105942498277,82.87566499294032,121.55783734712992,0,0,4.885125266876475
2,32.25086032812484,non,28.683253869413193,0,0,5.119098104499287,89.34406225655647,108.3570004947401,0,0,6.158410301470271
3,75.39480286258761,non,29.816997410992595,0,0,4.197818448863541,88.35240744373502,125.19101596140787,0,0,3.492006623768762
5,75.46622140768724,non,29.17549708387261,0,0,5.016038898360115,82.13298234289411,130.1409808008501,0,0,5.949984628802094
3,71.34263515041269,non,29.196528458067412,0,0,5.159054394579181,81.03133739848822,137.19665023129704,0,0,5.013627520398588
5,58.73399682562347,non,31.01894024636842,0,0,5.058647624072395,93.73120749889182,111.34380520659442,0,0,5.387420384901477
1,66.10372180172122,non,33.26507207835666,0,0,3.9761268475517593,79.05196630866945,110.52857270242748,0,0,3.406450424106241
2,43.068340276712995,non,25.327634865577664,0,0,5.754156796717435,86.07319055941427,126.3739956971018,0,0,4.200499989884383
5,68.64506112359045,non,28.485918860758517,0,0,3.9558093443160094,87.76970811496497,130.06222733021286,0,0,4.6581065265435395
3,70.29253293222042,non,28.91505745638319,0,0,4.890423521677583,86.07263700711533,103.85543050196985,0,0,4.855680855773561
4,32.27645080639081,non,26.071914766683456,0,0,5.691560279323521,90.43438483107357,125.37598602531737,0,0,4.17241272223862
3,47.295629172979616,non,29.14947861114974,1,0,6.465623075170368,85.73159047704696,127.05242417785688,0,0,3.4981027089586667
1,32.727389786696634,non,39.276799127505015,0,0,4.781989695387012,101.59384105694656,132.68565169643142,0,0,5.066004313397361
2,36.05765662516638,non,25.464247951181335,0,0,4.950974454791934,88.72002984891758,99.27629221092214,0,0,4.782411763970105
1,45.425407566211305,non,29.159333114222534,0,0,4.547827024872556,94.6944956204173,117.57383618462298,0,0,5.525653886519649
3,43.204401665243495,non,30.698906374811024,0,0,4.199416535460805,88.6339172711261,98.37364397690226,0,0,5.988337734655156
1,77.3985901071093,non,32.04764126494705,1,0,5.139617740438076,83.62522311975883,131.9931775369693,0,1,4.206499235866048
1,49.80477860042929,current,36.05658781059878,0,0,5.205999055882899,94.46778165681926,135.8005350088006,0,0,5.961335346932483
2,53.05450637452665,non,28.19868949380718,0,0,4.694874183336858,77.08445511780073,131.1613693193165,0,0,6.0885396057663055
1,45.1895582055493,non,28.954608126772207,0,0,4.498804748030511,90.30317162381859,134.935923500791,0,0,5.248290789018665
2,39.57900743481788,non,31.713853058251726,0,0,4.19777033062308,97.97239771123583,119.29564893838686,0,0,5.097170292927226
1,81.0358505528836,non,33.66170494355896,1,0,5.621563121313001,79.35792923953268,143.23957711832972,0,0,3.7879524323146927
1,62.31062757084119,non,26.200623444523856,0,0,5.018378635303918,88.86398600425038,105.01213886996534,0,0,3.487299962494941
3,40.55884064125454,non,32.57438278081061,0,0,4.970709238971361,86.07423393618905,126.5154402075356,0,0,5.6018158988678675
4,58.39540591636485,non,24.205794527155263,0,0,5.568257285241985,81.5811962760958,128.93495025158435,0,0,4.460083820126572
2,66.47953795779969,non,29.999229964709055,0,0,5.649601770488227,82.3740425417582,131.85607295544466,0,0,5.454654307763239
5,67.15533463171703,non,27.861378964651966,0,0,4.885109011702043,80.03911053204604,132.43520889153257,0,0,4.121351951066564
3,52.167574243532314,non,34.68863984342224,0,0,4.574394841214548,88.09918045836936,125.10067580985881,0,0,4.177609370783707
2,46.455412656622194,non,29.573382856288735,0,0,5.3985463950000945,91.04564823069921,131.99301936463593,0,0,3.91298866423328
1,29.915819877752007,ex,30.7009085545869,0,0,4.884392983796859,89.77800171199243,131.75942997716805,0,0,5.4297316834615845
3,26.74978669365785,non,35.491397974640904,0,0,5.150048816253653,86.88104135305679,130.897877248387,0,0,5.754114810888337
5,43.50583116169493,current,21.797125458430436,0,0,4.6143240273155675,87.9149011739721,109.04767277701933,0,0,6.382142722178804
4,50.86476339248996,ex,38.696285890264875,0,0,4.031510351812818,89.3426240685635,124.74839307679223,0,0,5.911268661510665
5,43.096812929795675,current,32.59868489264086,0,1,3.7017862029445046,65.67040227808225,116.34831029922498,0,0,4.135908085626415
2,81.37485890052156,non,25.584607809010578,0,0,5.3444216814092576,80.07775376074659,135.16744908835256,0,0,3.5973523654609525
2,50.56491776268524,ex,31.37349146643006,0,0,4.10022414569528,83.06529862071697,123.36237979363058,0,0,5.738223043156032
5,78.91512149581914,non,24.80529890264634,0,0,4.208721399577536,82.14422754821352,126.397042525815,0,0,5.384637354329794
1,52.27878436296771,non,36.6456660812576,0,0,5.180488919971658,93.34787510144724,138.52774914151067,0,0,6.148236056088011
3,41.568918052887376,ex,24.506992175969284,0,0,4.921247113777297,83.22623095596084,115.56762791530275,0,0,5.013373834105525
4,72.84991376542305,ex,33.13223201728942,1,0,7.927530913930012,85.40562389139421,157.3403431666913,0,1,2.765998325494181
5,58.46921114710341,non,31.705434160890952,0,0,5.041294528200612,83.15403705453112,112.0725536293421,0,0,3.9558946300127436
4,30.307390594250332,non,37.6185772979818,0,0,4.971766132926432,85.97605071533332,135.06512910126423,0,1,3.568969287825324
3,69.75899251781108,non,34.10442860721471,0,0,4.587902014628113,82.44997996503322,146.8775936348337,0,1,3.4199257238590266
5,25.238148487091948,non,27.836462877590574,0,0,4.517892810845318,92.58785119657469,132.04625297546826,0,0,5.6059656885091425
3,66.30979891419895,current,33.530854029807216,1,0,6.593510614348757,83.1082110634998,134.60357501748422,0,0,5.539374060502542
2,46.69940889550149,non,33.95752407835975,0,0,4.172762980536523,84.30839342500656,119.45496773469178,0,0,5.475172796558757
2,69.71197496349399,current,33.5836100072175,0,0,4.681950338526617,89.83568277355899,127.33765578478582,0,0,3.5637910054794264
4,78.40506802687658,ex,29.320043976415853,0,0,3.940817992162879,87.28149908486621,129.21892100700842,0,0,3.8281721488198794
4,68.58300010257442,non,29.6730945940801,0,0,5.004013773283732,78.44118412716766,148.53000499175067,0,0,4.77953527205283
5,50.70769498038189,non,30.390487352881866,0,0,4.445172502663402,85.67157316399576,121.63629725542664,0,0,6.150079248559118
3,83.01133124022434,non,28.52989451777971,1,0,6.088656425174573,79.2088137897202,129.19593898087126,0,1,0.34469221825756685
5,25.45359327363834,non,32.5186083054992,0,0,5.675533448716976,85.7098416839109,116.65467783780058,0,0,4.977030349527893
2,75.21826315044652,ex,37.93401444447531,0,1,3.9904438577092316,63.47177422411418,141.3162725261006,0,0,5.372811289360985
4,78.67302522645315,ex,31.862879142284743,0,0,5.415879891616486,78.51978889513784,136.90739079290262,0,1,4.29537964541265
5,76.73516419554262,ex,24.556726131252113,0,0,4.773208321984228,86.43739526549948,115.42191266999026,1,0,3.519935328450857
5,36.16498166787073,non,26.733267520396176,0,0,4.554303315108102,92.1363015339901,97.1022568395039,0,0,3.505474098511425
1,30.902599984762976,non,27.516984708042887,0,0,5.214679789492177,89.94388077421655,111.50993825881793,0,0,3.621686455037511
1,72.89148444828129,non,25.909512335766447,0,0,4.795748486709847,83.10302591558401,110.20364356785343,0,0,3.4970514687310734
1,60.693812066429366,ex,30.011705486378112,0,0,5.665993558960555,83.68392301590096,143.47980613432608,0,1,4.67377301555305
2,36.84322628878026,non,31.610370472426762,0,0,5.548902392823341,81.59030945123749,109.27313736635759,0,0,3.6358597864456583
3,57.343095845271435,non,33.35775180603332,1,0,6.997576664334089,85.21446723557573,130.76834002862893,1,0,3.942812586572625
1,50.46273677160303,non,33.831411026696344,0,0,4.336110928349624,92.01676596562703,144.56590326828004,0,1,2.878069798354519
2,60.019343564809255,ex,31.547360470128925,0,0,4.90768596629756,85.34469816886752,140.06139685747678,0,1,0.5918528759686107
4,33.109539598516875,ex,35.62757622568989,0,0,5.143578461534778,90.11129486544469,121.30715845958045,0,1,3.9941155413504297
3,40.56763604237383,non,37.197815179310155,0,0,4.8435651527953665,84.73846899810904,142.66865802018393,0,0,4.432353716177728
5,44.024291947614614,non,25.069595778208722,0,0,3.481210135385698,89.58215143764545,109.94000441952915,0,0,4.67799074411691
1,46.168323201409066,non,32.45513038136561,0,0,5.485906701779735,79.59660550219326,120.24084328412589,0,0,5.2248771449221145
2,51.61978915122506,non,34.484016069638564,0,1,3.8672081576319863,72.65840344873205,115.98091708742139,0,0,4.52549236618614
4,44.20203030936753,ex,25.247608460011765,0,0,4.986653681688566,79.96760784354461,122.32054131898113,0,0,4.111801471493576
5,49.45705868829577,current,29.47330124199192,0,0,5.619594622637755,84.99496747981306,104.31468817126172,0,0,4.76636311163226
4,39.54857987265143,non,25.488412544793395,0,0,6.057097853956604,91.33382428219092,137.5081799620605,0,0,6.302719453287297
3,48.761714882078174,ex,31.927549834343644,0,0,3.780940527441465,92.19926783965788,113.4937343438369,0,0,4.210116302043903
2,60.92587079668189,non,36.78447072176872,0,0,4.144599645940256,79.0275439011384,153.1542855529607,0,0,4.757236871159474
4,57.900886326351305,ex,37.0607127863169,0,0,4.915233822560645,88.6584983705978,149.19858581795634,0,0,3.4637048380825353
2,68.09926132046382,current,35.77831228376227,0,0,4.610603496614053,74.16543446845702,144.37951707413256,0,0,4.783877213823274
5,29.678736110417706,ex,17.666455354674284,0,0,3.8645353354108645,89.752910502657,93.87385301758928,0,0,5.741580650013952
4,34.053233555914325,non,16.0,0,0,4.963992371200919,94.87136844124045,100.69751217724308,0,0,4.147771814615918
5,33.35249228725366,non,32.65107152040285,0,0,5.478204547572886,85.04047514665358,119.56432943107808,0,0,6.356992333283113
4,81.43296496049499,ex,24.485211736310745,0,0,5.439330228431622,82.36333791729615,142.87852993335457,1,1,1.7795191756452302
5,57.38915640024095,non,28.862328781007594,0,0,4.658731399230551,79.94358454955724,120.3911253052386,0,0,4.170959934783127
2,31.57540528137688,non,28.607341696342758,0,0,5.475102679672593,89.37565427875745,103.28410380042187,0,0,5.763167453301471
3,78.91651210105535,non,37.702292551211706,0,0,4.290260092676431,84.04235416005253,143.48753008863304,1,1,0.3566257645986653
1,72.72832161318792,non,28.471204613326606,0,0,5.143444717158314,80.60514039150304,120.78969259978759,0,1,4.5356102221329975
3,68.69857409080186,non,27.084733548263905,0,0,4.923411397471649,77.8492651601318,136.7338226312215,0,0,3.6864710841091517
1,83.97479724823671,non,27.29046535549605,0,0,5.684667400983528,83.22789743787695,130.7917175383725,0,1,1.5045263499224235
1,27.023865959599892,non,30.140925888020174,0,0,5.276245751948381,93.47449749135477,114.58195324038391,0,0,6.175725126662142
2,71.74817525828942,current,32.08356087043227,0,0,5.854418433458029,71.52493272553068,132.46749880863214,0,0,4.41864439661588
2,84.30878232355599,current,25.79288971861523,0,0,4.525749115602627,74.03707153807909,125.28072522539665,0,0,4.889595277969319
2,75.80512822529289,current,26.963077479388826,0,0,3.297467934543455,89.00580589915751,141.68609621002918,0,0,4.154068241713476
1,26.334947851103685,non,25.67527369742241,0,0,5.19912837134198,93.28926386384109,103.00812956181387,0,0,5.127330138484008
4,46.11669100533726,non,22.462104552044096,0,0,4.913537925430854,95.6124804485394,127.39060556325555,0,0,5.729438727400529
4,47.40425457324807,non,38.14026426497501,0,0,5.016793894720537,93.82771615352996,150.63752202730913,0,1,4.1744783439263955
5,60.2262406157385,ex,26.03336649622903,0,1,5.693697672485253,78.15785745432709,134.02386148023356,0,0,6.008657862147812
1,79.93077600129295,ex,27.935899847917494,0,0,4.467183480431431,76.396360195564,109.77100443677782,0,0,4.09424132113976
1,64.80300201578781,non,32.492016448185936,0,0,4.037141213582139,90.47519780285629,130.13717662523968,1,0,5.902826564863555
5,72.28312228724795,non,24.775987019909536,0,0,4.521140845192716,79.85739437848724,124.35668716566572,0,0,4.86358959970654
3,56.06864397125338,non,38.095378967699524,0,0,3.649768358128611,89.80245729635921,129.06715465332863,0,0,5.958170811582376
4,73.1501160725025,non,31.017295682397233,0,0,5.403986333619435,80.09225863771997,138.31720624338138,0,0,3.7321824259533285
3,42.995955039307006,non,28.155593940452132,0,0,3.4213208748991644,88.90929325623439,107.79045552915122,0,0,4.136387220913788
5,29.498795852359585,non,23.054997866456745,0,1,5.097368365944886,70.73090335710984,91.54428065133463,0,0,5.9166895161840305
2,49.22089337369224,non,26.51266513963137,0,0,4.570594551590794,93.44113856494991,108.12481715984796,0,0,4.148802364055424
2,51.79969084931526,non,26.58757278643556,0,0,5.33265021603041,84.22833225662444,110.86424288603982,0,0,4.5664915626614215
4,72.7012611403811,non,33.5754968039765,0,0,5.060006066573128,80.23009086236567,138.6945984857701,0,1,0.38031402212552445
1,70.43073503875354,non,33.70239346871573,0,0,4.451598182862538,74.56912805154167,134.96092303426096,0,1,0.5849539281179629
3,52.58662642549934,ex,34.97174834881202,0,0,4.383157729786255,81.60035067475262,141.2396212935558,0,0,5.100586056582589
2,68.65808864504551,non,29.22332767001481,1,0,6.645624728690302,83.7949712262303,143.48343023426025,0,0,4.9006442712459934
5,72.90071887775157,ex,30.492885214987616,0,0,4.148517178375189,88.4302746901236,134.0445303813469,0,1,2.6203043199124942
3,26.15955739412255,current,27.75204618250287,0,0,3.8277981912591974,98.5849607601188,93.26306497876342,0,0,5.599484295295763
3,50.380427161177195,non,25.29186517754468,0,0,5.050445544681046,85.74784633847254,117.50799814299818,0,0,5.847930100376127
2,83.91816906395444,ex,26.500832266474486,0,0,5.002821852605911,77.64072484732331,143.7927810234424,0,0,5.114296587756154
4,69.23306191833528,current,34.49948380187063,1,0,6.411590463731331,86.55876165227743,152.44472219313445,0,0,3.466638676325938
4,50.81680946843661,ex,33.04403625421286,0,0,5.037403313432626,80.86432100356552,140.91043384912973,0,1,1.4042094760273014
3,80.59385303018553,non,20.639328147433094,0,0,4.309106442236741,82.36499614050501,100.05221310239799,0,0,5.414984068469948
1,27.51791275261861,non,26.719394499324476,0,0,5.053019096846609,86.8680908463806,112.379173892446,0,0,5.949437962715182
5,36.49707526427359,non,28.954567731614897,1,0,6.820059557517337,93.69190702577627,118.77392721705449,0,0,3.9185716681123117
5,46.623776901668805,current,25.549995987249837,0,0,5.037934050261732,89.37495465295154,151.43105472022225,0,0,4.7901571468534785
4,63.29334364875759,non,31.62903275681651,0,0,5.764708524405493,87.5168289508805,128.99732995694234,0,0,6.184918181490789
5,56.77592071502339,non,17.805180236333577,0,0,4.896714740079438,88.78601548946754,114.17581824053345,0,0,4.939383509489343
2,44.498728425964906,non,26.271173542991466,0,0,5.0310894447335714,93.82719596006571,118.01843033132536,0,0,6.056806882224868
1,51.87334419925788,non,28.4281206385334,0,0,3.678926889407669,86.83074842325806,128.55573957020414,0,0,4.446840976872752
3,28.082708448238346,non,26.268622078924892,0,0,4.483689053203205,95.40340728907114,136.881678620544,0,0,4.9496795461556395
2,71.71740286532861,non,20.63046346311878,0,0,4.127732906683868,78.96493024702532,117.45971304161621,0,0,5.298274013863727
2,61.07307601468567,non,29.523382266538402,0,0,6.497262733001672,79.41889243714475,117.46099481136646,0,0,6.381005007966946
3,78.08724860574944,non,31.203365629109513,0,0,4.434323114977703,78.41160452875909,135.53316284933092,0,1,0.5621151086721419
3,58.16771494506078,non,28.624103700078386,0,0,5.153146172787367,88.72525352353165,126.94175370958575,0,0,4.466491214961146
5,27.89641852136216,ex,28.303728838826963,0,0,4.551282329964188,95.2593339668939,101.63722655754108,0,0,4.045706218115722
1,67.82784547334677,non,23.492520404160505,0,0,4.257689071393075,83.51223006942973,134.61472597350962,0,0,6.210243034628876
3,30.826150000800546,non,23.94471792761146,0,0,4.52458835573097,88.59009165328186,102.94668123705787,0,0,6.04167003983396
3,57.64334430181302,non,30.876416006630816,0,0,3.497981482524666,80.53831789548043,132.52290269163237,0,0,5.7720923404193965
1,61.303761803140276,current,33.07922613940159,0,0,4.598105555949063,93.11924880992427,111.74399327510244,0,0,5.4140125795691425
1,52.70309440832469,ex,26.130433166029036,0,0,4.702061475823691,78.82510213435755,129.31570785671036,0,0,4.031777727568966
1,78.93058396502286,non,27.091219716637656,0,0,5.28128839570031,88.77621896968789,155.98075759893845,1,0,3.8754822765564416
3,49.420927070103595,ex,27.60863648134389,0,0,4.612963535508487,87.9148871985335,126.6210764019638,0,1,4.96842206511354
1,77.92407277703927,non,37.209899929622345,1,0,7.224603648341346,72.87224592647657,171.20422773508426,0,1,0.46432559860749967
3,79.26596260793092,non,28.70940000103477,1,0,5.909137715364785,69.88085792730256,138.72518374293566,0,1,1.8158157390709606
3,52.84513346634287,non,37.9712249754479,0,0,5.227448455140938,77.06548949003371,137.1241323469342,0,0,4.596481606141508
4,55.41911537171204,non,30.95214932177081,0,0,2.812009195274001,84.13308844980992,147.43706827661447,0,0,5.638977725746897
4,63.78495423805465,non,25.98999244851359,0,0,4.211032254229828,80.91340249154507,115.68396029743221,0,0,3.545517410736333
4,36.61425890061902,non,29.43977579741612,0,0,5.477546756682566,86.2467136023602,112.10086948714698,0,0,4.0320706512668965
5,84.41958336378192,non,31.505720790332276,0,0,5.829173637198151,80.14642532267607,121.93034954715101,0,0,4.646148487312482
5,40.335979315588574,non,24.56666852809807,0,0,4.997789581971,88.91861391137434,99.38957710803277,0,1,0.6609438230216473
4,47.46062729589606,non,27.172322435460362,0,0,5.241522208124188,95.76227489819375,119.96848785969728,0,0,4.539396702400658
2,81.3381444758516,non,21.821729597002893,0,0,3.8614829056043387,73.96805502572666,123.6062623635079,0,0,3.6066909066885255
5,66.0324226393365,non,36.63425571767658,0,0,5.302530962112344,83.62557019407485,132.57430590839743,0,0,3.6177415887960387
4,81.77465538027603,current,16.875855950814795,0,0,4.107130566484422,83.25996172896072,128.42548449089918,0,1,2.889926608071674
5,72.22691740681219,non,21.43398833450707,1,0,6.156562162792698,84.73663568717687,109.62896945055166,0,0,4.948335724208309
3,59.53999963288653,ex,25.33082538391785,0,0,4.381359248040131,88.19864513408297,141.23893557998704,0,1,6.019988826796768
2,81.65354966138764,ex,35.55365070441235,0,0,5.010719961483395,78.78491057356902,124.69374036623093,0,0,5.865777214366899
1,40.46482590179579,non,39.92455987892845,0,0,4.6487559836755175,91.15451039842995,116.7642665314846,0,1,5.0944838715315734
3,64.85970390666101,non,36.46533232498365,1,0,5.940915841723573,76.0729335104843,144.05397998367542,0,0,5.781667678001794
3,41.3445131102995,non,33.22707216769875,0,0,4.704238078147337,87.50251820152837,130.43318486013692,0,0,6.387827118691873
2,55.54624370817228,ex,30.793890168067698,0,0,5.157887919687521,81.36672942507545,120.5808831925551,0,0,3.6889110122523157
4,31.48812683345362,non,28.443194526516535,0,0,5.174718819823588,85.17995954668126,104.61194341456013,0,0,4.657236461377325
4,76.65944287137617,non,29.203709713715384,0,0,5.495731333887318,80.5964820102925,148.09886697665488,0,1,2.189556630767784
5,72.4838192220898,non,28.602403445433637,1,0,7.784697750562296,75.04825166086285,140.13439353564092,0,1,2.219881221068111
1,48.08873347302762,ex,30.300289447323358,0,0,4.91959026014082,89.29546701707028,106.42714175363054,1,0,3.5448465397371556
3,48.60327695693413,current,32.32775146740073,0,0,5.128499568598988,88.08582963823608,111.97977053013199,0,0,4.024448921408343
2,37.01101929462942,current,31.966940117559655,0,0,3.6480424613491307,94.88831613602927,127.41059518681566,0,0,5.751273649671277
2,79.17532907884274,current,31.423206212138773,0,0,4.8733980530936245,80.7646454805195,135.7034000492516,0,0,4.577862997980362
5,46.13998160491005,non,28.446665030014877,0,0,5.459701807669581,84.79250046044093,119.93373726159545,0,0,4.849202901839216
4,81.53739867251286,non,33.546208378148975,0,0,5.106771127691818,78.67868799056977,116.6909447481114,0,0,6.131511117606976
5,73.60428720431995,non,32.360887034655285,0,0,5.209621656020866,86.71173885184128,126.24381865842972,0,1,1.4468836068944113
5,44.839873755356805,non,22.471589857685093,0,0,3.774109887098734,89.50592348028431,109.15124281036681,0,0,3.853187968176585
2,84.51285174802499,current,25.00152589945106,1,0,6.0908599783951365,89.79757290135409,142.99521300261904,0,0,3.7007464219647153
4,72.9252814246208,current,33.9746336853142,0,0,4.855138551601129,86.81934134018474,132.05236169915375,0,0,5.573865981298294
3,74.9670302378814,non,26.891252949015172,0,0,4.345118956533172,85.36489781131584,135.20567965171273,0,0,4.32361926006035
3,73.50795266622842,current,26.86749020380221,0,0,3.454101807189341,84.85241690099822,135.80979600266807,0,1,3.725633672477437
1,43.1740228122287,non,33.937279983073815,0,0,3.6908410661940074,84.06602693560737,103.75248253862853,0,0,6.117242684564564
5,80.74179791538546,non,16.932940335834207,0,0,5.123875590150894,85.72327779231593,139.27495356913462,0,1,1.4098224794007046
3,68.95850001675771,non,31.910866054550397,0,0,5.038659509581665,87.68080158617583,142.24479687968145,0,1,2.8770250510321373
1,50.233094848844345,non,26.067082611960398,0,0,4.243589935369246,92.06520747434699,124.0452844842334,0,0,6.3228677934317385
2,54.975125344762574,non,28.2705605984226,0,1,5.024149111194377,79.57291823244377,100.07663722981977,0,0,5.397748187196218
3,42.09438909731209,ex,19.50643243415751,0,0,5.0051135055404945,83.70287395268402,110.56862854262693,0,0,4.684804812015331
5,43.1842410105712,non,24.45400944803268,0,0,5.51522994256796,96.65362951296586,125.7802949382685,0,0,6.170627669713133
3,66.65926421548119,current,25.989771318069046,0,0,4.559198018542173,89.85019093421344,119.74776679283401,0,0,6.1661807566648825
5,61.657946337973016,non,24.32013725785933,0,0,2.8715211516012555,75.36856653822387,113.39585506953452,1,0,5.7628495969718205
2,77.32929640733647,ex,18.374035205723224,0,0,6.439905650276537,82.53571646602292,103.14162937768963,0,0,5.026282632260793
2,75.38917146519863,current,26.218786432034026,1,0,6.325542446112182,88.82704177487891,159.1157214595613,0,1,3.380642561764598
5,61.74492716514605,non,33.92104424408712,0,0,5.186832666837226,84.25671647574545,119.74823795885051,0,1,1.8052422347163535
1,26.263615442279267,non,35.856084308007105,0,0,4.0924730854552775,93.8124347514082,97.76115099333943,1,0,5.846887987105
2,71.34608312898077,ex,28.466571901631024,0,0,4.5059664660659955,93.67339114191931,150.03545278309684,0,1,1.6648728273683724
5,67.0268181195607,non,27.509169028603893,0,0,3.699621711424795,81.20451445575459,127.02115111440412,0,0,3.7485710525895892
1,41.31479274556414,ex,20.13475176695443,0,0,4.926243291457364,80.15649672728088,109.18616164789113,0,0,3.9799208872163225
2,36.078071654910396,non,37.671352328866874,0,0,4.178993295488928,88.56451062531256,132.57457269787304,0,0,4.244419129983497
5,73.21026718598901,non,26.90157707733689,0,0,4.701944030818412,85.96086564126121,117.96569852564706,0,0,5.4071127950887075
2,45.29449431170321,non,24.79039725627465,0,0,5.355944178439249,90.70561424548102,97.95753062232527,0,0,4.519065154506097
5,26.727199719464423,ex,25.24116173949619,0,0,5.13022491018748,82.33525031290117,114.95461920485504,0,0,4.313293765940086
3,69.82951981014304,non,31.072476241693874,1,0,6.931203498271138,80.01180272876103,142.71153916676474,0,0,5.687181397897369
4,56.076964962071834,ex,31.201501888407172,0,0,3.4092913010304455,85.72398830466983,128.8210054346156,0,0,4.051548777285664
1,27.75490737470108,current,30.233121168972346,0,0,4.503393907845591,100.53445457553354,88.73538480065378,0,0,3.450656220725358
3,69.01786747162285,non,30.852517012153413,0,0,5.256337064241473,84.11316556000556,140.43117357203818,0,1,5.25532954475155
2,25.755698804857744,non,32.84004300752881,0,0,5.4156910399107625,98.0545647809255,115.94108847320001,0,0,4.418716760487198
4,60.49000308780279,non,30.74568287941728,0,0,5.384807664731051,76.61901022174804,129.11358684924278,0,0,5.029610209793308
5,37.89435493464447,non,33.29911266231564,0,0,5.672888120140837,82.16771924592665,141.16013592688103,0,0,3.8286261746343664
1,26.542757460281166,current,31.29583565652091,0,0,4.417684168744398,89.23013123262682,106.6328179805354,0,0,5.320498550299344
4,67.07212562944956,non,27.550043235782105,1,0,7.356033636910466,89.24392713008238,120.32400165587941,0,0,4.729020926310561
5,65.921919369194,non,24.18844114621881,1,0,7.06336026867483,88.80601684606765,148.82968951269643,0,1,3.174330663658522
4,39.269592496440715,ex,30.43680793211283,0,0,4.678554084335694,88.12707818629686,118.74481957107945,0,0,3.8146693933549822
5,46.70719008763946,non,28.31055201047518,0,0,5.207835296255628,92.59728366945325,123.99088141868192,0,1,3.15319499326997
4,79.44167527487028,ex,24.99278003156309,1,0,7.166930537599369,74.69529817523477,132.20154919498395,0,0,4.93412187992194
5,81.66643469098385,non,30.988060224686503,1,0,7.854463717142163,72.84209406913683,131.9844400254677,0,0,4.696634893196093
5,64.68638211608393,current,18.3528176656298,0,0,4.380626742231863,85.3094083111667,120.13344669593614,0,1,3.5652500759247236
2,76.7853157682687,non,22.059811856276717,1,0,7.152369213357851,75.56897610997923,131.27632353374958,0,0,4.418245365766854
1,26.71257068267864,non,32.93397272698478,0,0,5.035430989253334,86.46408876407983,119.0904910256718,0,0,6.175797286379338
1,69.18330686975196,ex,36.84506426987674,0,0,4.851638287831729,80.9090209145191,133.98203411116108,0,1,2.038525065937054
5,74.82930505154931,ex,22.80973981118536,0,0,4.295236172537523,81.75418469819662,112.56068506393103,0,0,6.163278569402461
5,84.34771329771475,current,28.213010055078147,0,0,4.514680932124563,80.59828060975295,149.14093420306796,0,1,3.3477057206507204
4,78.05135412684137,ex,32.075912374472566,0,0,4.267521053927115,85.03550245313902,122.13600242041319,0,1,4.59096663097511
3,33.94786763252,ex,23.86556754710122,0,0,4.161962906299008,94.5154229040204,118.62973705089101,0,0,3.5763360688772976
5,58.199236297386896,non,31.63173883860481,0,0,5.219653616343407,94.95209486484717,151.68992540731637,0,0,6.168665024163839
4,33.10614346481998,non,25.41495104800835,0,0,4.450338947654549,77.33040756679524,106.2931315139083,0,0,4.56741318168218
5,42.47349464440496,non,22.55131947985694,0,0,4.641316863496562,92.73274783218916,121.03821495648515,0,0,6.116414876438187
3,30.878162519569447,ex,37.34312791377067,0,0,6.258075823001274,85.7583663212572,120.95081500575154,0,0,6.167112292367532
1,26.62579097654538,non,37.93946675894578,0,0,5.152990722979715,100.60728562773565,102.49320186073791,0,0,4.47235473921294
2,40.76905149691831,non,26.14488157564158,0,0,4.5646835415999085,87.81489236822271,110.7913526150397,0,0,4.2952352001913
4,65.89771711764882,current,31.429393171105467,1,0,7.617009091447443,82.60889562192199,145.11403090488724,0,1,1.4739129660458081
5,79.01908638969613,ex,23.455198931807598,0,0,3.8818925424654287,74.84623611835497,138.32510619719733,0,0,4.4664862177846105
3,79.5695244596491,non,30.706581958699502,1,0,6.42774161886311,78.77537603267626,121.02702897822904,0,0,3.9007598927581717
3,77.47879997883628,non,36.497074659423774,1,0,6.9726309213225885,76.53737564964594,154.7703499857541,0,1,5.2646436314919205
1,58.8741155035033,non,37.01548415102363,0,0,4.036828734574019,84.45802741784134,148.14318528703959,0,0,3.853076202181461
3,59.47121429948385,non,23.79827958867974,0,0,4.289733637610798,75.38697456960372,142.8011491520594,0,0,3.8361711212229155
4,29.954326083701474,non,20.937261162053236,0,0,6.097582395853875,84.83612420129073,102.55743158082277,0,0,5.650884519238717
4,53.81754564809334,current,29.148007438563223,0,0,4.783802529458935,86.4119122988459,143.78635556356335,0,0,3.614200979046792
2,67.83782333312726,current,25.890306216932164,0,0,5.8753396102237,77.6887191593247,126.95379736793582,0,1,0.8390987190083049
1,67.37123771295518,non,26.426163509810976,0,0,6.0367643760517735,81.97171560262359,120.72900215512313,0,0,5.656036052747283
2,39.72049810908783,non,22.549481996332354,1,0,6.319946923862942,97.11073661304157,120.14477938227292,0,0,5.394983784816831
5,74.7821241136808,ex,36.52416766630333,0,0,3.750625440563777,77.17126399894764,132.42311427756064,0,0,5.0020032226889475
5,82.09727061351086,non,22.501033328276293,0,0,5.391723605877805,84.30700585923155,128.05845878015208,0,1,2.9174696919754055
5,49.1784539152245,current,20.67633499531699,1,0,5.250459965044592,87.14132192438592,128.83214572505682,0,1,1.653463467971251
4,50.032151452013494,non,32.204545835535555,1,0,7.161874979600361,82.16161584146977,139.35035239445264,0,1,4.037935188891388
1,56.94486374688793,ex,31.468809963270658,1,0,6.314530412203005,90.87476358058998,141.68979589888724,0,0,5.232865149481598
4,28.228733814437717,current,22.602901337099865,0,0,5.4867553497174715,97.18236151143891,125.16684983155221,0,0,4.131475959010232
2,38.02468614224307,non,29.925413069966563,0,0,3.8413000148638927,85.423936771497,92.68589910930785,0,0,4.409866147002465
5,80.61495268400108,non,21.144477319145423,0,1,5.582807206739288,66.02497929043128,139.53923497916853,0,1,1.3222669556331477
4,48.214982578703975,ex,18.54652988661227,0,0,4.842395116221874,93.75377405810275,99.46578916644648,0,0,3.787704233800671
4,36.79456225837791,ex,30.168846733821635,0,0,4.471306693190138,87.38904867088537,109.64892852412004,0,0,4.947537347982198
2,72.35577616107791,non,16.346262097208964,0,0,5.2286449443839516,75.60348751514486,127.06786561654361,0,0,3.5110040442690207
2,63.778456947028936,non,25.247330399732682,0,0,5.461789702914378,94.2907496897212,113.46886668678555,0,0,5.814935520113422
4,41.964571522332506,non,25.88009733390693,0,0,4.558401678942533,81.71973480529863,123.60144452944932,0,0,5.375782253994784
5,33.8898636723267,non,25.7843756770427,0,0,4.344661278889103,96.7205684697857,123.60066774617232,0,0,4.1444281035083
5,56.39688240020254,non,25.44449520054731,0,0,3.4382594619624536,86.96987313342943,118.39273069633228,0,0,6.273881207756208
3,84.24306364613531,non,31.100769236339076,0,0,4.682028646320374,73.55862958943321,127.13307855160106,0,0,5.828575779732226
2,81.8654888433044,ex,24.07122258438057,0,0,4.592082653781804,83.2040475317166,149.56586831037708,0,0,6.302438881924065
2,51.41359295252057,non,26.019471374366535,0,0,4.61820251346032,80.10665670392174,110.06937467666562,0,0,4.026307854573727
3,67.76625317376755,non,24.139431466647565,0,0,4.317529231997014,88.8198228522133,125.41318283828979,0,0,4.564094148758885
4,58.34747611435014,non,28.933332664508573,0,0,3.7697429628846573,84.62071400562989,155.69281328121886,0,0,3.5753483807711475
4,32.89892654322523,non,32.41708173682574,0,0,5.196599415342377,96.06534823971081,125.22332359489035,0,0,5.09250887791551
5,31.52509309517138,non,33.389710333141096,0,0,5.702934839890263,85.54896354701214,118.88500993591092,0,0,4.013860200399536
4,71.51229787173475,non,26.649195974130084,0,0,5.975901947038981,84.08194092007918,122.04877457675816,0,0,3.5913503343449533
5,68.00617670997835,non,19.410327037037362,0,0,4.671469079798294,84.76816327789845,122.06042174958573,0,0,5.218601799617864
2,42.95256239635173,non,22.47004828108402,0,0,5.052554202669296,81.86969560532721,135.47523607925896,0,0,5.858441922057663
1,82.85296335818703,non,30.328312693786994,1,0,6.44843223094003,84.23030110500011,127.7044305617022,0,1,1.8605252416494218
4,50.13074626520562,non,31.12691115336782,0,0,5.438542110301782,91.20346142212671,140.9543489191233,0,0,4.918498365248783
5,57.67639451551245,ex,36.93945425981684,0,0,5.248670031243674,82.69709512866507,108.0768772407627,0,0,3.554318078665436
1,59.64083071656013,non,31.175323473005093,1,0,6.612120664429891,84.83410819316225,136.37670799129245,0,0,5.585738376670308
2,84.13934419881636,non,28.70649551207267,1,0,6.152327042587176,87.16711422041523,134.75777428134904,0,0,4.030517299906786
5,74.16624772934898,non,26.73458814325732,1,0,6.818725736856532,81.87917283713145,123.67193379734165,0,0,3.8777349904748695
2,64.09955662530085,non,27.01382851997923,0,0,4.754417040795993,85.30123388442632,156.69250353296337,0,0,5.712492147847292
2,79.38731830665681,non,30.466898744401945,0,0,5.785170850731826,78.90301818026053,135.4586830972186,0,0,4.7010624082887285
4,61.2772148900146,non,20.067915662393645,0,0,4.939523083459549,77.76388572976748,145.28051801625733,0,0,4.049169979355257
5,37.09229696794838,non,26.954765100029856,0,0,4.80732853665304,83.96419635132808,125.01139259580215,0,0,5.295139832900983
5,25.595747270633915,current,25.820718283222362,0,0,4.978048498555659,90.97268121186607,111.06807165101323,0,0,5.627480912863347
1,50.43905708741675,non,30.944363355389047,0,0,5.211501779346955,84.35741496240564,134.45430148847424,0,0,5.0574849782618685
2,73.38903320382136,non,23.844829570139083,1,0,6.761161645873121,81.70295114525155,134.48754033468308,0,1,0.11326592636024935
5,69.20282057079663,non,31.5972057045716,0,0,5.0877209971953485,78.42625282725672,141.85207685794992,0,0,5.6257900036666415
2,27.8803300873683,non,28.446694922853734,0,0,4.353597685044609,79.915747698433,104.32935854811967,0,0,5.2983386352392134
2,58.037294260319506,non,27.522248724395347,0,0,6.358243700987675,83.80225567112758,113.08739016249972,0,0,5.057699333682227
3,52.0703367730037,current,31.03748438167682,0,0,5.177836782303559,91.52279864412783,131.63543341286734,0,0,5.943466371828083
3,36.478552659948676,non,29.37648222878783,0,0,4.933689377724044,88.1249153757875,118.18131666453135,0,0,5.705258277132148
3,49.43519931702281,non,27.48586665365159,0,0,4.418834063413517,91.47999431451487,119.10054160272242,0,0,4.628981217370819
5,25.54169262731369,non,27.768024852434884,0,0,5.107747733438457,87.80313825625294,110.62616629480499,0,0,3.4373081834597548
4,46.199967707242365,current,27.141274553354236,0,0,4.842651864365459,77.49841689518503,128.16710162718556,0,0,4.553533991747304
3,34.86242646272013,current,24.829177845346827,0,0,5.0174594697544945,87.05564457591974,123.75887134435182,0,0,3.6908496830218764
4,25.19141079124649,non,27.665453447691913,0,0,3.3323818109185783,94.19086190652679,124.46129543830821,0,0,4.558997780239702
3,64.51142096568762,non,18.39513758332157,0,0,4.822634737674289,90.45905886773534,113.20471475607248,0,0,3.6165502919384718
5,39.75417535350705,ex,23.485820824934923,0,0,4.914171763937335,89.83629460869548,110.16590439689384,0,0,6.231223393066346
3,74.94546470454698,non,22.185566072293817,1,0,6.129891764777916,80.77187400492376,124.81740672702064,0,0,4.724437486509559
3,48.96079596320111,non,28.500244036218046,0,0,4.743327423316889,90.7590289453911,127.47152244723041,0,0,5.38802051325462
3,68.8526340346063,non,28.097662570440928,0,0,3.081312338233289,81.26479676005144,140.08726924598318,0,0,3.613409931993099
2,37.70880315294423,ex,33.695472636342124,0,0,4.897311458641867,100.24977229848025,147.85032204711428,0,1,3.5924130837637342
5,28.705892087459354,ex,21.418730603858346,0,0,4.590754785070792,80.93760788503437,106.06542504393084,0,0,4.568166453037955
5,28.511294720731904,non,26.39587619695787,0,0,4.946730325760764,92.69959476821634,130.79786522816076,0,0,4.990650268740137
5,56.123840385388654,ex,23.496158029853895,0,0,4.494796296874628,88.09939583367454,120.90523687950817,0,0,6.0761381447473255
2,37.23307193496089,current,29.907025406750613,0,0,5.367704216121288,83.7499856280014,120.75812472900816,0,0,6.338298692532895
1,28.492719483671184,non,36.21670488236063,0,0,4.956746602021457,94.74493521389215,117.10230144927628,0,0,3.868580821435402
2,39.29431093128074,non,29.736184073526715,0,0,5.015513822209452,86.24661254079568,109.43492466806816,0,0,4.33519639039411
2,32.50812751037364,non,27.122652181134182,0,0,3.6319284831386582,92.26418789673173,126.54903566802467,0,0,5.74472605613082
4,78.14538617094414,non,22.706715627077273,1,0,6.101766228348893,86.45454120235202,142.82512334602941,0,0,4.363372095990466
1,81.77310270034967,ex,17.706509866018976,0,0,3.7907965807120974,83.4759906273281,138.07375346235145,0,0,5.052460335687774
1,47.765305254964574,ex,23.49947642366276,0,0,4.4061260408067,86.04515441713895,139.50026717558097,0,0,5.15601160838548
4,65.61642331831084,non,29.557800693173455,0,1,4.615355409219074,54.11407293895064,127.73838719265567,0,0,3.619161393911376
1,80.41897256033161,non,30.866567821435705,0,0,5.304967525502764,80.94414708130617,140.54127782124343,0,1,5.733359747877428
4,63.486320085936704,non,30.52105421640353,0,0,4.617582818038387,91.55144006183369,139.20987476723394,0,0,5.010576467426175
1,38.53751978649076,non,27.689089796678132,0,0,4.858357366923114,87.69217770302865,138.37035364621093,0,1,3.808594203976602
3,48.21696634656545,current,26.693596016326843,0,0,5.401489614898431,83.47258071149449,115.365689383903,0,0,6.367847248781846
5,45.274563568200335,non,22.90093447309588,0,0,3.265673352276324,86.5521191603445,109.85156077361263,0,0,5.240471559655969
2,29.269981277523442,ex,31.16320881679102,0,0,4.399883277028724,89.60839946260604,100.19640001859527,0,0,4.053883119583206
3,75.81217166034409,non,26.646984551898832,0,0,5.770510850138468,80.57221165513204,123.102981270791,0,1,4.201549402219325
4,63.39980926640658,non,21.342559549974318,0,0,3.6244501081286646,76.94320082156122,129.29400274970524,0,0,4.202296375627206
4,72.81953967364636,non,25.50292668760742,0,0,5.82127126019967,77.55334987868642,122.47251725818722,0,0,5.765570001462506
2,63.75202599486519,current,29.449867681438953,0,0,3.8884750402089083,83.71544721558179,127.51002073968658,0,0,3.894495704920188
1,54.671981964852314,non,33.61622273873655,1,0,5.910346364311669,78.4615318785252,151.70589010504196,0,1,3.5904349042558725
3,56.6508032864625,non,32.00705568048401,1,0,6.938121565815042,89.11921849619318,110.48388874725126,1,0,4.29363177468211
3,31.80756530324254,current,31.75744074568411,1,0,6.369286068375088,84.24182412983046,132.0292345019019,0,0,5.04436561120599
2,81.34703599720788,non,24.32340191312325,0,0,5.875663606099935,79.72135097827658,134.70153020171344,0,1,1.1624665594361405
5,70.96900363111163,ex,29.263680059970156,0,0,4.569616110098477,78.5136257391417,116.00423881129437,0,0,3.8322944692002063
2,78.17186491665507,ex,37.69583107154552,0,0,5.78521658830542,80.551786643657,147.12736713231084,0,1,0.6147679867264199
1,33.69132595265109,non,28.943249483071398,0,0,5.192729902268124,84.08396700212649,117.30959127614695,0,0,4.814275247490993
2,83.14543976044621,non,26.159827206468577,0,0,4.92125363111015,77.7389746252247,120.06208322348107,0,1,5.124761840673536
3,57.81493563913328,non,31.134695472624315,1,0,5.82731622357102,90.1223357159464,125.08890411463578,0,0,4.805892819856444
5,79.58385356998733,non,37.20992159618046,1,0,7.139550215697358,79.78036020517511,139.52303644615563,0,1,3.166017400154343
3,77.7941230204542,non,31.710202931523824,0,0,4.117275619259994,89.560132682489,142.70305169944606,0,0,4.868249984472634
4,54.369640830808976,non,26.236811557431658,0,0,4.6210031684429795,82.03336855110801,119.66211133055182,0,1,1.726512492853421
4,30.186036442704,non,32.28546016283909,0,1,4.675859896730716,69.88941985448301,102.86190343282222,0,0,4.12506995161004
3,40.88784611381789,non,25.005065433315682,0,0,4.03998825422411,86.30895641584368,112.50899257029094,0,1,4.165282791096584
2,61.087865445941205,non,28.572621274620218,0,0,4.229389024214973,89.28045370970992,118.84073521657562,0,0,4.253129095562498
4,64.64515426531737,non,28.238314358100467,0,0,5.708082542979791,72.72482971360218,119.70609713491598,0,0,6.065500447843824
1,41.18974117287195,non,25.35040627425198,0,0,5.9229758744582135,91.58281532283527,129.77482117767912,0,0,6.250479308505573
4,37.396393976409485,non,27.655304393411328,0,0,4.672834048602265,75.4541876673281,139.7744164037968,0,0,4.79684065644092
4,33.89956837641686,non,21.55645029339498,0,0,4.634213656328563,88.3374269496229,113.84655096947216,0,0,5.130968152259229
2,26.05554226154108,ex,24.5298873703834,0,0,5.919689320370087,93.42962837782093,124.0357685564349,0,0,6.180027034014572
2,64.90681524360221,current,24.19843204081761,0,0,4.189200578774789,80.05414166610224,130.92959043657254,0,0,4.9136960304705335
4,43.940027540924106,non,28.252849643932976,0,0,5.288810637678904,93.49178751195143,131.54691247958002,0,0,4.061786293030133
4,49.2309335331513,non,29.832516990195966,0,0,4.875719290553645,88.62990905253858,122.4672335895684,0,0,5.071019117861821
3,44.30439662310687,non,29.69874241098858,0,0,5.844689512802177,82.25680844563627,123.24922178431021,0,0,3.483334893773888
1,25.474830110039782,non,30.584456327232243,0,0,4.19956267288376,85.46080598606872,105.7941037070381,0,0,4.067380047517608
2,29.66327404846691,non,29.55261747986015,0,0,4.09207792534693,89.13674762623862,117.01707752054241,0,0,5.110722360024468
5,39.633469418235244,non,27.21151828949764,0,0,4.533440909328023,100.11332932496656,119.06929978348292,0,0,3.7407332656938235
2,45.30803129381158,non,24.507934269558486,0,0,5.179011861826741,93.6658888260367,127.16166161417742,0,1,2.3479782760665118
1,68.66225391476888,non,32.60982715555021,1,0,6.748560070624305,84.18611673590479,136.622425039144,0,1,2.853046023438262
4,60.26443237652038,ex,29.995588274419056,0,0,6.400630404679426,84.77831515364922,126.57304568306634,0,1,1.097507285943142
4,72.76371839280328,non,22.477545768933997,0,0,5.682196758471116,73.02538286554928,134.54144290438498,0,0,3.574355940823687
3,58.465423511391144,non,31.061402102200617,0,0,3.867323300261293,84.55249775890587,119.18809512640851,0,0,6.2625483892216725
2,50.77458819154758,non,27.41836021696078,0,0,5.2629202125172885,95.07207928332889,105.80923831025817,0,0,5.281871010340813
5,55.72847275316254,non,31.012363828127064,0,0,5.6439763333821515,80.8022657260509,100.98285936039025,0,0,3.939982154004569
1,40.74034034859933,non,33.05575572073371,0,1,5.458127775997384,82.9618648633392,115.25593156426937,0,0,5.026410781280188
1,69.38507964678088,non,31.535376370736124,0,0,4.858130820136904,77.40697446069477,129.54895038865172,0,0,4.668574133609464
4,64.62632325081631,non,28.8567381138521,0,0,4.354132849277204,82.20090340088902,136.802351694692,0,0,3.4310572711129605
5,58.26276097996485,non,26.5191442031027,0,0,5.154708907449469,80.09783702907477,137.78953131720448,0,0,3.6365812469860592
4,33.30510723466958,ex,19.818630961104496,0,1,4.695198245031766,75.45889532770857,97.97750180075087,0,0,3.8965298108756734
3,79.64865966557446,non,26.311987028720516,0,0,4.687294326664305,81.6155156860283,137.92271807275685,0,0,4.636153405304828
4,64.21066377923744,ex,27.18488328327218,0,0,3.8670323445610193,83.01361336363298,135.85932558586762,0,0,4.94742091761085
5,39.381626340869914,non,30.92000543287372,0,0,4.083111039079317,87.18838441277076,123.02231524582844,0,0,6.171909948191571
3,55.869075318812996,non,23.61705937615326,0,0,4.8259290547155,81.80333462711235,136.13096715885396,0,0,5.204876178484566
3,42.82573582568084,ex,36.38716501127113,1,0,6.236280170379126,89.2474755770465,111.98356792875086,0,0,5.38725572099154
1,56.958666533763285,non,29.382640539063413,0,0,4.359870694031104,82.75806175551267,109.0287565197779,0,0,4.55961427451231
2,71.18841050853837,ex,30.306094612276887,0,0,4.826310897463113,85.98402472275347,145.63788111421923,0,0,4.931418925066835
3,68.81479812079283,non,36.0010714881622,0,0,4.48804053242701,78.79318360031623,143.98429676813916,0,0,4.147979624065176
2,57.796461530327555,non,37.584316475445284,0,0,5.166853962445918,94.67880716785781,155.50961982644816,0,1,0.5112938290003443
1,54.575756240560864,non,31.667620625318843,0,0,4.499944057437931,85.38851884790988,133.83531357555557,0,0,3.875587607835547
4,36.01177706540251,current,29.867870741001717,0,0,5.396590561343556,85.05475877283703,117.15481199557752,0,0,5.280889515153932
3,27.825422286001654,non,33.76859669050246,1,0,7.560771280305721,85.98741072009378,118.83204048957452,0,0,4.203625923607463
2,84.04263092736525,non,29.424369047719992,0,0,5.188508598089612,86.99100422865482,124.37544329317419,0,0,5.275072884276398
2,78.37339603128427,non,31.14161108321518,0,0,3.675508717275317,86.7504482039606,131.8577580623026,0,1,1.0888660563924526
4,54.88843768721462,non,34.63481406448079,0,0,5.868468384325935,85.37313539117048,122.12884640618883,0,0,4.786719600041634
1,37.17481219361357,non,34.1545233157134,0,0,4.916725019586276,91.78317201842232,113.33712073491482,0,0,5.565686645801751
3,75.21503316917256,non,27.196206782625207,0,1,5.105693174535688,62.79554853775771,137.1441347398494,0,0,4.819035314547708
1,62.90590895327545,non,32.70327393282626,0,0,3.8724963352461788,80.18995634299657,128.4352619154828,0,0,5.515207346328825
3,25.526799764346045,non,26.359535654323608,0,0,5.4936244495748765,90.09793729743737,114.02284710643418,0,0,3.664970160339783
1,65.38130696418565,non,22.442168229549118,0,0,4.268573910560398,88.79328414156711,116.87518258255545,0,0,6.170094348452816
3,72.79924336231497,non,33.85723045114332,0,0,4.938183853213052,88.91312780366388,134.33429304722085,1,1,3.5728186178553045
5,64.80140719818743,non,24.163203830832,0,0,3.6825596613300164,80.3884815274828,117.9593337028114,1,0,4.7129575497080545
1,80.22607644190246,non,30.60232776324296,0,0,4.478750244275806,77.83911155926735,133.8436574309363,0,0,3.8562093846402474
3,45.69312067108785,non,27.887000674311206,0,0,4.550655745039529,89.06768190394706,139.79228896649477,0,0,4.759710690345112
1,72.35994054395468,ex,32.53558462484614,0,0,4.919066302978216,88.50267405262923,135.7900589061361,0,0,3.7990035896640024
2,46.220725051770344,non,34.97886828514967,0,0,4.50952236123968,97.94054299700406,139.80661462525296,0,0,5.4266134407848465
2,58.19566053845171,non,27.57594544464074,0,0,5.271782793715692,84.60565219834676,127.8190716131041,0,0,4.377716992988351
4,75.991723412902,non,33.52003298184571,0,0,4.467046948884238,83.19198516210089,120.57715415117949,0,0,5.516782108991448
2,58.625549039321974,ex,27.78314880904961,0,0,4.463000003599752,90.66848382102629,102.84347505956197,1,0,4.866027795702442
4,57.86637911253179,non,22.163183854905263,0,0,4.483108725323632,81.49138769024863,121.89271940868386,0,1,3.3293806337942686
4,66.6340985703486,current,30.418666094081484,0,0,4.335064391570022,79.03043818833906,131.36125722468012,0,0,5.339558115056025
3,83.92588506543946,current,27.417835834832147,0,0,6.070785161753425,81.30616851078503,136.3556429728242,0,1,2.2117718255813634
3,25.224258583081557,non,31.202066215264118,0,0,4.187774094073079,93.6805726672179,117.55801766608738,0,0,4.7021944532918845
2,84.1017470200481,current,35.058312662182885,1,0,7.297529802672229,86.90026391797176,155.80869472154123,0,1,4.743677011182575
2,56.62220262365021,ex,36.431385507291665,0,0,5.444882040241887,88.21169667092175,111.71841489173906,1,0,6.046374976753146
4,69.00602744060924,ex,22.838842930388875,0,0,3.3987578303765327,84.02753515465649,124.12231459672597,0,0,3.813583551992944
3,69.36721753156752,non,23.4566358938845,0,0,5.014924231497575,82.87712849440263,121.26099660644442,0,1,3.139729480296275
2,48.909406949552704,non,27.086613548677025,0,0,5.05934131101346,86.58291625627783,115.4147195606358,0,0,5.406771072214841
3,62.2760378347447,ex,30.364736963295385,0,0,4.480450536256522,90.46832679594142,136.5231620773726,0,0,3.54607694679838
5,35.97641577951927,ex,30.63641790359604,0,0,3.9408247728185173,88.35039564881886,126.30609206362712,0,0,4.065840101225502
3,59.49865330999355,non,30.08980057965718,0,0,4.763469650225857,75.07949353168918,136.62826817618907,0,1,1.1113908059216016
4,65.28202023628769,non,32.16583671862312,0,0,6.141663538065972,85.45297047613653,150.6869610383043,0,0,4.0430158697976
2,37.06324500148233,non,25.560409072653925,0,0,4.605413474012769,85.13339912604685,116.90835131796639,0,0,4.951462588921334
2,69.70968416361899,ex,28.28783877659661,0,0,4.410733159950905,83.7893908624392,123.17934177922274,1,1,3.34883580415992
1,81.63162396822096,ex,31.67325079369265,0,0,4.633080361391917,76.32276327530138,119.75775155063337,1,1,0.030649976820566978
4,37.64914958151268,non,27.26792012039997,0,0,4.483250554274281,94.28505130846641,97.3110848680044,0,0,4.743376075289794
4,61.265852250108054,non,30.36597823856791,0,0,4.419698205343823,87.02717486970852,138.5785820819717,0,0,4.402154247617993
4,37.738160310991,current,25.944646164066864,0,0,4.481119080366628,85.76842240869878,128.9845239457818,0,0,4.659255737759297
3,81.46995633873766,ex,30.84717318539307,1,0,6.8057994407861955,79.1374483830335,137.25759673613516,0,1,1.131065681885222
5,67.66157211545557,non,22.737405813421745,0,0,6.073539320675656,88.63706072376417,109.2282668333239,0,0,4.238659667572966
5,72.1231240475309,non,23.03567434169739,0,0,5.5732068096611975,84.83722166693917,141.96360795287674,0,1,1.7208469094624692
4,30.68763811146871,non,40.32326854262156,0,0,4.004806953662974,96.32639819712132,129.0184780004134,0,0,4.615967111526247
4,82.10982336240764,current,28.163655183329507,1,0,6.399829696385122,78.91755198061787,140.93040780818177,0,1,4.179556474959513
4,63.31260799366143,non,22.918797941297207,0,0,5.33918573214608,86.11605807679224,122.79961585709489,0,0,4.571760328626499
3,48.45805576927532,non,27.391789909958412,0,0,5.014461263967043,80.75994803723638,128.8423484892978,0,0,5.766670799991797
5,71.23386361935093,non,24.2515208453771,0,0,3.139808748722647,88.77427769161564,130.2612611779204,0,0,6.1005843715096875
1,59.47355002446413,non,20.540382376866916,0,0,5.792495510003115,88.28478592858119,96.42482402227245,0,0,3.4216581615168726
2,53.35907609836482,non,30.691133142685334,1,0,6.520067953215255,83.6037457304589,145.56569718768884,0,0,5.121052020082476
4,48.93356689098499,non,26.991579032197436,1,0,6.831256714445622,89.48151711842114,128.3585662642602,0,0,3.6651856025945744
4,60.287035959186795,current,24.821014542195925,0,0,4.037363033497266,90.00821850748204,132.74256623193412,0,1,4.502793417488963
1,53.34583831698173,ex,28.360736793470217,0,0,3.3424866972845875,86.67048675928685,116.43046772221393,0,0,5.998300963575508
2,56.23752728167064,non,33.3275802165294,0,0,4.272947280893858,83.99240691305283,110.82000244973705,0,0,3.8562849315966803
3,51.699703982991295,non,32.56349655858842,0,0,4.914091388549882,83.95408472821647,121.30028588062206,0,0,4.943358697565367
1,52.125705349285674,non,25.433158537832306,0,1,3.3520610140067033,68.38226643642066,124.72935370056696,0,0,6.370806589638377
1,27.48499497702396,non,34.77051070473801,0,0,4.586433086771374,93.58862991430057,117.55265117884358,0,0,4.4005299662995006
5,33.318871270268986,non,31.298129240052365,0,0,5.188725218479604,86.25288230006569,98.17888674815107,0,0,5.586349745527815
3,50.56634532531315,non,26.123213759040127,0,0,4.440230927346428,88.35037517551143,135.01858967030108,0,0,4.186947104789431
1,73.78583750674926,non,30.541839988773802,0,0,4.544231490263145,87.67084297840228,142.18147324920412,0,0,5.763237890803072
1,46.88506530983149,current,29.030555778289234,0,0,3.8370920224490064,99.54222653333348,127.2690498062746,0,1,3.027843808200386
5,33.69134055883282,ex,36.48207428367343,0,0,6.277870775412854,90.90568802518291,127.92149746031852,0,0,6.2485478538669685
5,47.458101879600676,non,24.71692762188826,0,0,3.8584192976301526,89.36580931959539,97.1393461810012,0,0,4.183907073077494
4,41.12828985995455,ex,26.880670567673306,0,0,5.26327871043833,85.34685345023068,95.53360831232993,0,0,3.953337256745265
3,84.50339698093924,non,22.70325897419328,0,0,3.9378594513581664,78.33571495691001,129.1424629993871,0,0,3.8974210741033164
5,78.11574909463687,non,34.96612040009451,0,0,4.699089044298278,80.2775713616365,146.06764165114697,0,1,0.21764206948049444
5,30.022728164104826,ex,26.715731075292993,0,0,5.207757149865229,88.43352520566556,122.58942380476675,0,0,3.5285560872640285
5,60.466873179324566,ex,18.3234484240771,0,0,4.9392714738402095,85.9685338616879,92.95018387079884,0,0,3.4118181341114107
2,66.83137278721719,non,29.067975854524615,0,0,3.728471608233062,84.64920269932787,114.86166728510824,0,1,0.9703344209065339
5,60.38340269858612,non,29.135779009003514,0,0,4.04947587390834,83.98501007706312,117.62154097560705,0,1,0.35120526689240805
4,76.49195647500184,non,26.843401910860774,1,0,6.227884382406238,84.89281713602672,133.84320171574794,0,0,3.886714358644564
3,33.38039963532242,non,29.692647070934264,0,0,5.2598869526427094,85.90564489292419,122.2926003458528,1,0,6.239494439102913
2,84.32788858624576,ex,34.57499073341904,0,0,4.464664402767882,81.04371682377673,123.21963619152436,0,0,4.55227000957633
1,49.70761878378035,non,32.69759450304466,0,0,5.805831216718631,92.29432026040293,127.2784074998869,0,0,3.675128820894194
4,45.40175391730082,non,25.84313965845636,0,0,4.430666559732908,89.01365776651319,133.378369071209,0,0,4.741043705459186
2,71.27819092854784,ex,29.821210281581873,0,0,4.483544665129708,82.39893981178618,124.31716911692018,0,0,5.165073492115272
2,73.87507037275194,non,28.15322228771861,0,0,5.070764033983146,79.1362583364345,140.8616323563174,0,0,6.294026574974168
1,45.838697087031576,non,28.16864506828317,0,0,4.279583085375639,85.09096744206896,121.97305618498743,0,0,5.636453531314058
1,70.9081526235057,non,26.657608557747288,0,1,5.240775034272606,70.90897681237536,113.49996412318058,0,0,5.060362319205729
1,62.61725863546358,current,26.509176045863228,0,0,4.190553273854692,81.84231477752603,110.36028791967408,0,0,4.458032902666706
1,45.20406947275321,current,26.440790266585736,0,0,4.301021850983371,90.20813272821624,124.93382292507476,0,0,4.241848644957818
4,43.828673919206935,non,20.115712396568895,1,0,5.656559450749989,93.17698134277951,131.1759320341785,0,0,5.207914610376887
4,49.94970062076774,current,21.84747194158699,0,0,4.795201533672082,86.57057092698932,128.5668480586981,0,0,4.804471504353497
2,36.5870395178772,non,37.096038217012186,0,0,5.298040561350017,86.6544126028509,135.77631320347055,0,0,5.170542910788885
4,26.517855432804858,non,31.703871140383495,0,0,5.606005192575815,81.2102589049893,123.05974147247899,0,0,6.088295676859658
2,63.54774589670441,non,28.38582575141107,0,0,3.33210608660564,82.46144915832636,122.44482253684512,1,1,1.6161661076835072
1,38.643613766410134,non,20.811911334378593,0,0,4.083200463870749,95.34075886946061,99.63639984907333,0,0,4.746158110118223
1,48.20979537986932,non,30.382821773710308,0,0,4.926663529027176,88.53103389922244,130.74171864045388,0,0,4.176533530327833
2,37.53003676782151,ex,31.40923421789741,0,0,4.669548291571657,90.44168014646881,130.82695989142823,0,0,5.012125036359771
5,74.37622990033263,ex,25.911134356310605,0,0,5.4341492766791974,70.98870725221462,128.95186443912266,0,0,5.8649459955465195
2,52.64164205832863,non,30.217975868036515,0,0,5.110552524236411,86.62673296582885,108.34615342780404,0,0,4.078651013585294
1,37.38793815704234,non,24.358744758903363,0,0,5.280220301721822,89.14089429260208,139.6818349996197,0,0,5.516176084466158
3,64.34796791160505,ex,32.35591359320405,0,0,6.238312787061612,85.01750721351712,132.9350308983494,0,1,0.23297183728872267
3,35.195771622280816,non,29.726829535874877,0,0,4.027906196120208,82.68473739635505,100.7164347106559,0,1,0.8648113081301422
4,81.42431693914867,non,21.3403239474064,1,0,7.018588661361841,72.45863962709727,149.24265291660606,0,1,3.1449485142667384
4,65.26051727136729,non,28.971424213721175,0,0,4.02475835719327,93.01491264558837,116.2591742342233,0,0,4.541334747763502
1,53.27619936783161,non,27.82205417804445,0,0,4.1665105620588365,80.5789212186593,140.48351399283246,0,0,4.638215817776588
5,81.22717177895973,non,27.594404384658958,1,0,7.520299608220028,87.22276317881743,138.06523863109499,1,1,1.5215525728088972
5,56.734583223002396,ex,23.315279266210542,0,0,5.722981833593744,80.18635744295577,119.03394352905299,0,0,4.753970411672111
2,27.167391576403997,ex,27.8649520072252,0,0,3.6922774264858256,95.09234720802235,125.51725574048675,0,0,6.240078678624196
5,47.77265605561273,non,29.297961637412925,0,0,5.228279546223143,84.61326462183268,123.26853919468049,0,0,5.558418656314013
3,70.16664087454106,non,29.53707244235003,1,0,5.82162338763705,80.26575449072782,153.2238586991014,0,1,0.7319152645644645
2,43.28640449081216,ex,28.409204910523613,0,0,4.545928267782068,92.79427583336245,94.99362220430935,0,0,4.655562643897273
5,39.06329444369807,ex,26.468242082445038,0,0,3.9507346591455317,89.82121915322406,114.30559398359483,0,1,1.8330055198147603
2,73.72261074330656,non,26.58195605606355,0,0,4.921056613586609,80.4002294495789,123.53290170240511,0,0,3.5701889280412322
4,25.756038218218208,non,26.466573901584763,0,0,3.9431166912538114,87.7446762040732,117.07182941822332,0,0,3.830209754982562
4,45.38751778616708,non,30.46583427581596,0,0,4.379218938945804,88.94073596699995,130.738559631159,0,0,5.935237474822821
2,84.31378444688524,ex,25.268089698076253,1,1,5.963349108633599,71.06336638926606,147.09429732857828,0,1,4.060273251305954
1,83.9349602551322,non,35.252298530776045,0,0,5.032688409624603,73.25328502422131,147.625967421629,0,0,3.7251118321660366
4,38.43532371077177,non,37.68612510237071,0,0,4.4986476899486885,89.75210148829201,132.10120251388494,0,0,5.04301949319761
3,72.2386350262177,non,32.880944280303474,1,0,5.580504711994234,76.43445323637589,155.65319792772735,1,1,1.3105151319098118
4,80.28863573318853,non,32.773878701483966,1,0,6.34244565758606,74.41080199403112,124.80468605774476,0,1,2.4041828835731653
5,42.06792358109578,non,25.168730767588897,0,0,4.133348855781445,88.00830085728492,100.31566174585595,0,0,5.434616612935956
5,44.7641720205628,non,24.886739986960077,0,0,4.731313387792635,79.0776898586002,113.43878012362214,1,0,3.5234851671927694
1,78.93941408806467,non,31.51336657240208,0,0,3.5355358379858703,80.13626608299128,142.77321400874214,0,0,5.785528657432504
5,70.79531568792848,non,30.684697491165803,0,1,3.564202701323306,62.83178318644315,136.26620220704004,0,0,5.645098760902112
5,26.64177199415739,non,26.628855387179684,0,0,4.80921566655701,94.99963182327727,112.42244407981109,0,0,4.50227922858849
2,61.31731834551385,non,38.41066576904878,0,0,4.052607926237027,83.25984613935468,131.19059422584417,0,1,1.1737176214650498
1,34.816371174484004,non,33.476208152786654,1,0,6.947841269235454,84.20239933256629,122.77334106399631,0,0,4.091326700760233
2,44.89697558927019,non,30.684063545203838,0,0,4.312685083099162,86.87462158556785,140.25177577359426,0,1,2.2349480299527724
1,46.290507599179044,ex,26.105412323079182,0,0,5.180316696803896,88.01528331824085,138.0782975500471,0,0,5.0014031109633805
5,31.731463847257356,non,25.059979875669224,0,0,5.086969848227548,95.2882890344395,86.08234534873415,0,0,4.0752798156772965
2,29.123512783348755,non,28.11554189517598,0,0,5.577517742587917,92.25891899168516,111.52668764862291,0,0,4.23106055628249
4,81.60125162358136,non,27.069348440782385,0,1,5.618673180280108,65.08496439290637,127.81122308967035,0,0,4.615307101744224
2,54.076047521438134,non,26.76617433898493,0,0,3.785804892664636,87.91336441240263,138.91155348084794,0,0,5.25444046590254
2,39.20710765935979,non,27.904356387541764,0,0,4.883216743335467,91.83147275526844,127.23832910799524,0,0,4.553366689270395
1,62.591005284744874,current,30.55433215695641,0,0,5.239013237520776,89.11923895544186,127.83960519436602,0,0,4.10130494749326
3,48.43663370059198,non,29.213014624719314,0,0,4.420732325820808,93.36753280593284,114.85399362020537,1,1,2.771410675279868
2,81.1820681006059,non,30.55998176216954,0,0,4.431832967773963,81.91998210197501,144.20071287661435,0,0,4.767066939606618
3,25.543921522737918,non,31.08478509709743,0,0,4.704945242239492,91.75164129695217,97.83575654803553,0,0,4.206579906704392
3,52.974553490870285,ex,32.36614842718239,0,0,5.042516053549021,86.08451652606853,120.66476504888688,0,1,3.21828191814958
4,28.11652757158933,ex,27.69486968731243,0,0,4.510636474403139,96.34910561824786,130.62577590912767,0,0,3.5044419261479414
4,73.63673943065527,non,31.934264601437878,0,0,5.419595138950382,81.62577605778473,121.71262787764041,0,0,5.5470785052478915
4,28.500649848676524,non,28.12738280494424,0,0,4.856886805681363,102.09576022548764,121.64295629687899,0,0,4.576100778149048
5,62.28189808125649,non,32.8653283868936,0,0,5.213571975702098,81.6985209672041,121.35038836657262,0,0,3.7578150751143715
5,65.92836899798439,ex,28.287223998534515,1,0,6.276991591129994,83.21115215948326,133.60122316930082,0,1,1.4984762350007537
4,36.60659063940024,non,26.65945829435166,0,0,4.402856914918615,91.61996566557079,93.85662904802749,0,0,3.732688216800301
4,70.76208428128095,ex,29.74463256146363,0,0,4.26877139176803,80.96846329420579,147.08243680805793,0,0,4.591564600567472
2,84.47288604379722,non,28.41217071616161,0,0,4.9537849756713,82.78222004294396,149.2755433260065,1,0,3.9621212547490523
5,47.98203151243118,non,23.73509726828498,0,0,4.449577064257796,90.44507272691902,98.2445869048077,0,0,5.572577934004487
3,44.533758807004915,ex,31.39560088294014,0,0,5.191185304854905,89.29240204508521,121.47651296751648,0,0,5.3454445192236575
5,60.94610325580591,non,30.806369534758357,0,0,5.3167578137720515,83.98046830656568,127.48652803963247,0,0,6.206673056753553
2,57.97547942940452,non,23.025276419822962,0,0,4.279110226151909,84.79009629100864,120.73272770693538,0,0,6.058194490727349
5,32.91014265638849,non,34.48043334898117,0,0,4.42139149079614,85.61968341142801,104.2425760717798,0,0,5.144752900317246
1,80.22791827898719,non,28.46069296379717,0,0,5.122877252763234,78.49213589003547,140.09993808968764,0,1,0.593446120526714
2,52.99163444016931,non,26.05338108373974,0,0,5.131587514016073,88.64589800376858,125.90632153051934,0,0,6.289181798297413
4,66.82623999516247,non,25.55551612278449,0,0,4.51553363321456,74.53515975300803,106.2870700657111,0,0,5.918632091207362
4,62.772172571613865,non,25.63306952540367,0,0,5.0668926962686145,91.59306247574874,149.73092060639283,0,0,5.508328593949043
3,45.79629020660582,non,34.85481521979378,0,0,5.492077072105928,86.54398308244386,135.62315440471474,0,0,5.813097774154725
4,54.41706498205071,non,19.944752275848963,0,0,4.453232445906865,85.00661238067367,109.72395105043648,0,0,4.84969070830207
2,57.91086355029009,current,31.362351205896296,0,0,4.036750452672759,82.70702650593078,131.33508258840286,0,0,5.024751028986227
1,75.20464042162892,non,33.42899119618132,0,0,4.374404970939733,76.36755929671455,143.27450148534845,0,0,4.51586717983597
5,66.6463942890655,non,32.220138990431536,1,0,6.369437596087609,78.29157832911963,125.20618887611064,0,0,5.61727408220567
4,78.79638488933547,non,37.81332660947267,0,1,4.791735581409269,59.097211368391314,133.02590686471348,0,0,4.845735199632525
1,71.87126020387127,non,28.300575144442867,0,0,5.216757302507779,84.39836443940527,128.91501691779013,0,0,4.947599136424351
2,33.85709046301908,ex,26.792785131710065,1,1,5.950532026171638,70.29300887655998,117.32260863188482,0,0,3.6040343879598713
2,32.160266046078675,non,35.788809071825355,0,0,4.120972745359259,83.20633283528035,99.17998605314358,0,0,4.8923405579638395
4,35.90812377777479,non,17.768254107988415,0,1,4.666773168758731,73.04385680199681,108.39871924607571,0,0,3.578779585658853
1,65.89381249202218,current,27.60806445902086,0,0,3.918667503912757,85.35205324338797,133.64925582892317,0,0,4.531005989058592
3,83.6364991700934,non,31.86075752708566,0,0,4.227111057758117,87.3669128478139,141.80332862639702,0,0,4.79705120069172
3,54.52617695450261,non,22.710731206056323,0,0,4.795879924191309,82.8648022007366,142.97699916470341,0,0,6.081289293773704
2,26.360495668679103,ex,28.12002395552418,0,0,5.660857688825131,84.36529897982125,115.3784034214576,0,0,3.6785319457004495
4,75.28139278325764,non,28.506757979638536,0,0,4.488041787639534,89.25899353092379,103.74942965012028,0,0,4.268635173693407
4,68.98405755479985,ex,28.20921253311291,0,0,4.718632703442259,87.84733355772761,143.43063757144594,0,0,4.026439321167749
1,44.87257929840149,non,30.977845609651244,0,1,4.7580090966291415,74.37646076045019,103.93439980734414,0,0,5.001692398279912
5,79.31942128098493,non,33.84421745139016,0,0,5.469756231602947,82.56078982244932,155.6354632628128,0,0,6.166734606295165
5,66.63507025026091,non,27.94787380053628,1,1,7.511998031615769,70.75376018499813,150.4167442000094,0,1,4.112760547191675
5,65.3632027028807,non,28.081908704918398,0,0,6.549940793684703,89.1135045242608,159.29050413690368,0,1,1.596738238936232
3,48.57449770077167,non,28.006633330783206,0,0,5.555668040628306,87.91872067766123,124.29194665338865,0,0,6.008345676073256
2,66.26725869582978,non,24.602033829801,0,0,5.160157399896374,75.36752148540957,124.3691551857422,0,0,3.546313677252211
3,81.706533019548,non,28.149310744492098,0,0,4.967318052613243,92.57594599539972,127.8511309428776,0,0,4.8148831229693005
3,68.3015819791706,ex,16.0,1,0,6.321293769796086,77.9971643566579,117.72423773539691,0,0,4.038009761148669
3,84.7007129391814,ex,25.157204420943618,0,0,4.593881832584859,85.91327343744426,135.22176963068844,0,0,5.685390077532794
5,56.831975773069374,non,26.064369316654005,0,0,5.315358330558663,86.99039198510087,114.93305601560755,0,0,6.184233681229976
2,70.10852899751634,ex,20.39789493584174,0,0,5.131181666999882,82.8312435728984,128.75359098731727,0,0,3.70158558414589
3,77.55479642857213,non,33.55703005247018,0,0,4.539090320306177,70.91794388247094,139.9825262109795,1,0,4.51852819504219
3,52.56001436621853,non,28.13339409755248,0,0,4.547707530337133,85.1533563351725,135.85481756848927,0,0,4.64934418462789
4,62.7535618247655,non,27.39669800269369,0,0,4.405530535919636,91.53567632147626,143.84011863074272,1,0,3.836757690825191
3,75.49651706770459,non,28.303722288827416,0,0,5.477800060860956,85.7885052703274,123.29489797032313,0,0,3.799428194258615
3,35.09737742227493,non,29.731742586015134,0,0,4.518020079380804,83.63618732639578,124.072905024231,0,0,6.296602390405248
3,74.5364559147275,current,34.324438633172704,0,0,5.153583586140801,86.36469666920102,138.0870807841358,0,1,0.2894933460548547
5,46.75515041162453,ex,28.432742508892183,0,0,5.027164328000153,85.94876011515035,141.1925320674237,0,0,4.2274350243764935
5,80.48965902084186,non,29.355736933855674,1,0,6.798528290102277,79.67805378701524,154.27349014348545,0,0,5.097784415923168
5,44.47384464142216,non,19.54578779497099,0,0,4.718703533302946,94.24215487576194,127.06974130745459,0,0,3.425834141102079
5,31.66489269484892,non,24.690615323971514,0,0,5.950446509687467,88.84695323141864,111.5952534509204,0,0,5.982004575463722
1,55.90939935116204,ex,37.636103483764344,0,0,4.839093515152218,82.19661493971061,108.56929663609534,0,0,4.322828560956932
3,59.61098109956573,non,28.871767775861713,0,0,5.4746228956357745,85.04208661878639,166.7806565815717,0,0,4.941567030240942
1,53.81708805231426,non,32.914684469000335,1,0,5.9892157592054,84.76752712934031,122.8635113115909,0,0,3.6375659527029716
5,53.569019740148065,current,32.118024010143714,0,0,4.587929496601738,92.34137929490183,122.84151410041349,0,0,6.114850410143742
1,63.60345697176007,current,29.444378624123907,0,0,4.823656286891398,93.8007785093899,124.96914274644152,0,0,5.597166153643827
2,54.86695680025639,non,29.48966214837516,0,0,4.268571685791425,88.75904185518252,115.73973780216622,0,1,0.10020471180267859
1,69.5209626846247,non,31.082638113303023,0,0,5.394139100856888,83.88725480681835,122.5183547785062,0,0,4.178409363967384
3,64.23092009837958,ex,27.25128305159999,1,0,7.737287354153054,84.7818446115102,157.89253924241746,0,1,1.7528611972717485
2,74.9540285107079,non,28.48121712885496,0,0,6.591629011518663,79.11903763520966,122.15230676030664,0,1,2.8746471781352416
4,36.44136024827213,non,27.859378036572256,0,0,5.061574219344548,88.0605814712948,101.74827033438252,0,0,3.9263401083368334
4,46.528165760489244,current,29.012775835141863,0,0,4.1630318317147665,94.66429493209964,117.25272310794651,0,0,3.5961794772164373
3,64.34141414863308,non,34.06139644698869,0,0,4.095773562567661,91.2270627873221,111.54329569782738,0,0,5.033798297726734
2,38.16524965704168,non,19.50494110593313,0,0,5.213230097494476,94.31777025415508,107.50130808626666,0,0,4.352571337547283
5,29.38376155499072,non,23.209274702653573,0,0,5.370579027149341,92.9220332624629,96.99333631795324,0,0,5.470892351975873
1,42.99854981696599,non,32.902370372222975,0,0,4.599502250883179,92.38054083386467,117.37175516487284,0,0,4.071996130740637
2,54.75577143456769,non,27.37864294505778,0,0,4.638892840267042,89.99449384675492,99.57697223691532,0,0,4.579159983608931
3,28.245390065208454,ex,34.33684085949475,0,0,5.362722485677868,87.66198499049716,123.38121578863519,0,0,6.379044353930599
3,79.70078986871954,ex,30.59973301882377,1,0,7.076645159739852,88.7811394274503,145.2811722350909,0,1,4.052643617225721
3,79.31305402838989,non,34.298128462156335,0,0,5.001682853172435,74.17823596252705,145.30554720729913,0,1,3.980882682006478
2,71.93160124543525,non,30.347346930322875,0,0,4.99858914525442,92.63178556992168,122.0896367831977,0,1,4.4664833911271264
3,80.3979492960311,current,29.73843158842735,1,0,6.975276943551245,84.02242651015999,141.5043794887971,0,1,3.50176993423781
5,66.13039620943258,non,29.67688116000006,0,1,4.714357453295602,66.08667599259894,139.06389955233905,1,0,4.6315687288741065
2,67.55312786986096,ex,27.8454002926595,0,0,4.727273172285516,85.98619042819878,108.008778090564,0,0,5.99609615231075
3,34.54127834213487,non,31.916553314448148,0,0,5.221630265774313,89.3157735633938,121.61696981343754,0,0,4.512437225610518
1,75.13849330359312,ex,33.56776570509848,1,0,6.631581864103745,86.40588395107812,129.75537552943834,0,0,4.4666267409212725
4,38.30672412144396,non,26.168246750469997,0,0,5.029891591969968,89.88638964440383,132.8049667426721,0,0,4.030188982491531
5,30.87671530647203,non,29.402376677132263,0,0,6.142178824595896,89.82237668853041,120.31749879049896,0,0,5.70384521564257
1,64.51635150263971,ex,28.224394969388005,0,0,4.74928857485306,88.74837642724472,115.8648906476135,0,1,1.5215964390859131
4,34.891407790835196,non,26.079348211676002,0,0,4.414157450909267,86.13035158054738,113.72286165533063,0,0,6.374025684276971
2,52.12887171571485,non,32.650690649439674,0,0,3.7553524367442708,88.06242690449098,110.09432214262401,0,0,3.8920796121305994
1,65.69637936452483,non,25.676174228650265,0,0,5.5790961264600165,80.29819093521469,125.13585415776747,0,0,5.208108643421653
5,33.309366163737565,non,29.18801577351479,0,0,4.895266570102496,88.40588828618654,102.05485583379614,0,0,5.5792916705531805
3,52.816498322860156,non,24.79716378503896,0,0,5.075314399102062,84.70004306908345,119.7504845234691,0,0,3.900953612904549
5,70.58881047436223,non,32.58458298830335,0,1,5.259202101082869,60.01765126044593,147.66322110630514,0,0,5.593505159242933
2,45.44779874106517,non,38.71667279211506,0,1,4.7501414118466085,70.87514711173138,133.42687881344335,0,0,3.495493282171687
1,73.65940018272084,non,19.71507032351452,0,0,5.731954584074277,88.60068044682468,112.19231006754234,0,0,6.35289491503101
2,56.82506415259621,non,32.084090289789174,1,0,8.088591095488887,85.5685837160687,124.48328284962061,0,0,4.010590277570372
5,47.22247442495744,current,21.35156222037166,0,0,5.593309626223597,87.42044299187702,118.96856263347406,0,0,5.71814769851968
1,67.35097253382874,non,31.576962389426807,0,0,5.70385755439431,85.52367020665206,119.74492172930542,0,0,6.251638833554857
3,62.025136669015026,ex,21.632128650200258,0,0,5.069397183779735,85.32426211265285,130.60766873443686,0,1,1.6156776630604461
3,59.35868761598661,current,22.474450332000593,0,0,4.736703761032017,84.07442271455791,126.48051944921633,0,0,5.588739652593219
5,54.340233870008966,non,22.325962258811735,0,0,5.613387250049481,93.05621399950488,118.18634178959658,0,0,3.660505044023533
3,73.4074445431554,ex,28.63110485614326,1,0,5.588311901896823,84.93607487783805,128.3383143103863,0,0,5.4379835900913065
3,56.276067194508805,non,24.838024155116713,0,1,4.877005588386484,71.22097261801765,106.16800051723582,0,0,5.315179231155202
3,46.32672946276361,non,26.061898821597254,0,0,3.856588339299708,88.21319638640404,107.20234127370591,0,0,6.170728923075787
4,51.54516241296814,non,26.926038517543397,1,0,6.225118643602884,76.09755653507756,128.22451693180582,0,0,5.945996742086226
1,55.44674237593147,non,29.500225397424064,1,0,7.393233607226339,83.26904179395069,157.56214562008873,0,1,1.1669132553937236
1,39.21353605217115,ex,34.264540948420034,0,0,4.655817874981188,88.8608460516647,123.83227753190708,0,0,6.193533286682226
3,25.295861200197724,non,32.38610680544268,0,0,3.8580733604618915,85.96633884594547,135.16900414930097,0,0,4.4190717898715715
1,60.333344744813914,non,22.874219096376052,0,1,5.044907970015813,67.12300710339336,107.54293620481654,0,0,6.176200500552924
1,82.22218003487075,non,29.424374263745836,0,0,4.495656400380992,70.98750847811363,133.67409446292663,0,0,4.153875825362793
3,58.92209474864624,non,21.905150732034905,0,0,5.29288544164257,78.28092331873941,97.42280311593007,0,0,5.387159493914416
2,76.57878243316401,non,26.943217550852818,0,0,4.610984073856798,84.24828830914672,128.8188469616681,0,1,0.3740766541337677
3,44.76920652906581,non,35.36792269305191,0,0,4.82930583031808,90.18602546664385,132.4833917128835,0,0,6.221413949385996
1,77.07619707000492,non,22.534970767753833,0,0,5.292814069706028,82.4344011513993,127.21120603798694,0,1,2.524889055297348
3,79.93420331932029,ex,28.28215256281577,0,0,4.124624690606504,79.20409472610966,144.16750280144944,0,1,4.607682936740275
3,36.74587753320314,current,30.782151806942867,0,0,5.849145815814394,92.93334229313977,125.05587504954347,0,0,5.792058289439102
4,76.94803120491241,non,19.935649751247816,0,0,4.933563991636814,89.72287371865417,132.38036514268381,1,0,5.310999167849954
2,25.190798836631597,current,27.766768273467214,0,0,4.9910632095188046,95.76966589135688,100.6828352114753,0,0,6.027001458160918
5,34.073531621325245,non,33.1301532458013,0,0,4.683082746278556,93.52030806773365,125.41408011338672,0,0,5.0944637640335335
4,53.84556410070709,ex,18.931080749206338,0,0,4.412781970982909,83.75735680413348,114.11293110238232,0,0,4.972831146333309
4,59.91661705963898,current,19.17478973939969,0,0,3.8556676560985843,79.76708896876363,110.45821554613806,0,0,3.6678195744984468
4,51.23839747417591,non,24.159144118326484,0,0,5.358126119450705,90.30354804281549,116.93848184614212,0,0,5.1623269780341925
2,26.436463629778622,current,30.22173910688764,0,0,4.900366730965756,95.89474526717582,85.03700915386112,0,0,4.2515578371947464
2,62.20595077960053,ex,34.3331632673748,0,0,4.9939460036245125,94.83196870742805,129.73627906984376,0,1,3.3707792215133012
1,53.76621358531861,ex,23.33018815925012,0,0,5.041636887496764,83.46418548251393,109.5252574590227,0,0,5.10080299403414
1,44.317059557609674,non,34.91707497521382,0,0,5.161380844116865,89.46830874212989,137.31453861021356,0,0,3.782910681952283
1,63.95360460250779,non,33.82391049214873,0,0,5.07524599782991,89.47065057104832,142.4961016861223,0,0,5.190826732719142
2,59.4673570993355,ex,27.376638807204383,0,0,4.993495389751514,83.2302602405941,165.28424691214184,0,1,3.934950675660217
4,58.81186240199936,ex,26.46226300942406,1,0,8.448699489337942,85.47507556714845,129.77355800839936,0,1,4.977635072353132
5,40.29837873658549,non,20.21421990756633,0,0,4.587444277506253,95.94122772072308,120.73299619201255,0,0,4.452274590757724
2,57.222495687396304,ex,24.877279676784504,0,0,4.39481777557695,82.33379776185245,111.88100612170615,0,0,5.342500687030442
3,51.85728692526405,non,31.164476815641706,0,0,5.219277978041221,89.25348127649997,124.10384190863164,0,0,4.038694978370678
2,40.94173958714397,current,24.9316724547614,0,0,5.841291514155088,79.57815617714647,98.21077641643772,0,0,4.064061596008435
2,74.7082022888195,non,25.968669849610606,0,1,3.9445843730214567,63.844816673083244,126.78421149069015,1,0,5.813141439697603
5,45.09086659646006,ex,25.221553457122305,0,0,4.670473455179598,98.82388586895352,119.48262799003841,0,0,3.638403166709799
3,77.48023246935296,non,31.52960059476507,1,0,6.573974673672154,80.00206070646477,151.9528195391169,0,1,4.040620264377451
2,34.04367070672651,non,29.28587300336499,0,0,5.627738323484143,87.55647766411144,111.50406362594694,0,0,3.5923299122692764
4,79.94217987789989,ex,29.714537261527937,0,0,4.39228057066539,79.5255944313857,148.60513632769312,0,0,3.7344240203365318
2,40.430913062164706,current,32.31362127702607,0,0,4.600887725220784,97.38398131685065,120.39671757865577,0,1,1.9305206466563531
1,73.9494813155738,current,30.293889104245338,0,0,4.929408120343516,77.10471135072206,142.58474473442556,0,1,2.0567208413577798
2,64.29321738613477,non,25.175616991369168,0,0,4.008157915360873,83.13001542355138,142.76833171416553,0,1,1.4225717609533413
3,48.81061728948169,ex,24.439371653304175,0,0,5.551200775469681,89.7422763536134,122.11875752248707,0,0,5.661534727424827
2,75.10968459544479,ex,38.74408496689269,0,0,5.60473765137545,78.94948911324627,138.92338526999416,0,1,0.8753034936017287
3,66.6900968802031,non,27.36188204457268,0,0,4.198872667530044,90.30180166451312,128.4392388594536,0,0,4.28458743926771
2,39.8601018958573,ex,27.96158626161183,0,0,5.143818977874677,85.98885313056422,130.4324697413212,0,0,4.172237105588697
3,56.48223293816304,ex,35.374021068128904,0,0,4.97685241070456,94.18244728070773,118.26424419752848,0,0,4.618424600965763
1,80.47504207564532,ex,30.300113739757734,0,0,5.493390486496866,81.02639384818134,153.20879221854074,0,1,3.3287554255077048
3,69.5952178356433,ex,32.285281154827025,0,0,5.087210456581915,77.33907107962644,139.16189371163475,0,0,4.16297839815566
1,44.295485628406034,non,23.302098413231985,0,0,4.534253232787475,86.55678742825035,99.47687228021313,0,0,5.3572175991888455
5,27.902330005698094,ex,24.684576707162314,0,0,4.024493414626998,90.71830463743085,111.08865135003343,0,0,5.471080993516374
5,67.84190642155409,non,33.78162742446786,1,0,6.658066218664512,85.66034865133751,127.91541651077588,0,1,1.420584540613549
1,40.858622678848015,non,32.32145652059683,0,0,4.069548330599705,86.01742756464444,126.08322806405388,0,0,4.210481983062113
1,29.352098334072387,non,36.071584108957666,0,0,4.2148326052727185,92.32274339510471,122.03044757239009,0,0,3.876103426973269
2,25.74820510869067,ex,31.81328976538687,0,0,5.639074473622169,95.04839730641486,113.65058099960947,0,0,3.5281323312621504
1,78.37330582880722,non,30.764142833867528,0,1,4.9208909529769365,65.17434711026226,132.60972530480703,0,0,4.195750397162988
1,71.96824071642439,non,29.562492353870727,1,0,5.4539253280587054,80.17686624608938,130.16785938693644,0,0,3.6279350063019273
5,51.631728738889045,non,22.3143596746378,0,0,5.2389584717104105,92.32324924149327,126.00853479494383,0,0,3.5824445076895906
4,78.10706821174566,non,28.24816866049775,1,0,5.949515268059072,84.42720894818945,141.1227987081196,1,0,5.119098746252554
1,25.482954687673082,non,28.511811792379277,0,0,6.636993610715731,97.91481476807358,102.19905512776573,0,0,4.034029140464643
4,62.47410648394084,non,31.663130100883635,0,0,3.8415156473978147,84.49827517570016,121.84784106415268,0,0,3.998283439798272
4,42.98981933686224,non,27.14770932377463,0,0,5.064958459354976,85.35120136392344,128.31338822141979,0,0,5.846477016112908
5,65.4135217990677,ex,31.832709808281564,0,0,5.334145188029634,76.45680176752262,134.58365025953694,1,0,4.290870779119152
3,65.73252338504686,non,30.125952569681626,0,1,4.819423684978942,72.11549162849279,121.13590464189107,0,0,5.78613122299735
2,67.94040717934394,current,23.85822370894117,0,0,3.932983107411276,93.34106163667849,138.3319906848184,0,0,5.762093195736382
1,70.81630918392214,current,30.10741833336958,0,0,4.755227580626017,80.68192718566365,126.82807703380956,0,0,4.808845798526037
4,32.018847956284674,current,28.412971338061883,1,0,6.944396850508252,90.93114756285728,125.55046912427746,0,1,5.324086147459633
1,77.89202257996703,non,33.17893496434087,0,1,5.167233796426826,65.91211777886487,152.26599237298805,0,1,3.3444239026498948
2,62.18762077531332,non,32.51373742689633,0,0,5.526657678962285,88.30240961663506,119.99726116764629,1,0,5.963174976474956
5,57.05808740988738,non,33.15943069330403,0,0,4.324258834477362,93.77586932289464,131.90835217257958,1,0,5.7186354477925985
5,40.47618017665404,non,22.436797042924063,0,0,4.018823898528995,100.162873569782,117.61725768387015,0,0,4.556406667881779
3,67.0964288752939,non,28.46225771923054,1,0,7.327921875504334,90.1931084790323,127.21200442680696,0,0,4.353561153063728
1,42.749323043849586,non,22.865742403437928,0,0,5.492296500796321,92.91054429208782,90.80426509381508,0,0,4.341502565672037
3,71.31970787380246,ex,24.33565791670333,1,0,6.8492528313413965,81.98093937453292,129.45055867225403,0,0,4.433576243541444
1,75.44409152012456,ex,37.95661552029229,0,0,4.823432951391283,74.6799857231926,133.83764734836677,0,0,5.861369451656417
1,41.020190724659884,non,33.2804917188832,0,0,5.596010473522235,96.9902615843272,101.18076827817137,1,0,5.196934955276447
4,48.9692029044531,current,31.272184706336496,0,0,4.474626516299969,97.64154412866858,121.83961964963147,0,1,2.5060531127219465
5,48.848773295946614,non,27.763981291830255,0,0,4.5625444362005245,88.32051944422828,121.34043461722507,0,0,3.428530482984251
4,81.97971952049849,ex,25.79486293043226,0,0,4.2655032644436215,83.68412413392943,126.72042666999617,0,0,5.395740838214369
5,80.6747597475458,non,26.29197668271776,0,0,4.404736160108478,79.10882520792677,146.12660490818377,0,0,3.6116076058664266
2,41.680851859205795,current,41.173916616399104,0,0,6.563758145557336,81.11470547380297,129.82744618519192,0,0,4.446142622589696
4,30.044142242553633,non,27.736328775355467,0,0,5.292108763748169,94.30060585637735,116.27321320100287,0,0,4.941549415078524
4,79.98980722905648,non,24.077748734532815,0,0,4.6215407458126005,82.26290625231177,110.1127264526346,0,0,3.599238299907307
5,34.82390060533492,non,28.108812947793812,0,0,4.352645802703925,84.81283571122445,141.90167294557688,0,0,5.692331748961248
2,75.9812430576979,ex,26.23405227663838,0,0,3.639269534695778,81.98073502023834,146.28930380799326,0,1,3.6745698817866783
5,79.85873263924898,non,27.9867231336476,0,0,3.9928371727185628,81.43311552702274,143.83051268916344,0,1,3.053962768120797
4,27.316382906187755,non,26.090808004329297,0,0,5.250951489581673,85.91461946068365,108.17836011702414,0,0,3.507618569582279
2,32.46666064018383,non,32.75768217116226,0,0,5.341917037445034,78.35684940602114,118.10355047909037,0,0,5.7305973323501185
1,29.663504858021494,non,32.90653764203856,0,0,3.14125934863652,84.94795718944113,108.6354279762575,0,0,5.616635256264228
4,54.990880151528444,non,33.688519475456644,0,0,3.850807123843676,85.91335964970771,120.71475050665559,0,0,3.4703260391419417
2,44.22382204735641,non,28.624182968785565,0,1,5.119520913237032,69.59079955819934,157.56549382638391,0,0,5.564964667957927
4,64.78851783036224,ex,22.610221929320367,0,0,5.7266123086671925,79.9139326060855,131.007754573509,0,0,4.567333755232595
1,65.75756900830291,current,28.565179974140673,0,0,3.8115056905887665,89.83031733356775,131.7054049157735,0,0,3.8202724536184207
2,42.178623699537944,current,32.41798550943462,0,0,4.385408864940199,85.95715647344815,111.1567556612648,0,0,5.158131047095231
1,44.9287436322683,non,27.620824574991744,0,0,4.758772019119103,83.63788663682104,133.41047991954252,0,1,2.8531149630273958
2,52.618094816999076,current,28.688433672077114,0,0,4.437830408558366,89.38116359979742,146.95664314766378,0,0,4.2505944971751495
2,82.81626941347406,ex,25.080326203759974,0,0,5.679172335500315,85.51416353119436,140.3555144131794,1,1,1.8786835179120447
2,79.30926989346949,non,25.618530896166362,0,0,4.597943727736142,73.53898291294124,133.970895670553,0,0,3.8033132414594046
4,83.89146134198106,non,21.485042493709173,1,0,6.7700484761187845,79.49314593038437,130.5144884137446,0,1,5.083977219078376
4,58.092689960081564,non,37.79058276610983,1,0,6.061483923569996,87.79572370581988,155.63331484522314,0,0,5.335070634492663
3,37.19656683834135,non,35.440634214632524,0,0,4.669922806273531,84.79689908620517,100.55172722415601,0,0,6.088558615263443
1,34.170266615812395,non,28.75986818482361,0,0,5.133862414915726,90.56536637281275,133.12618637790385,1,0,4.501551543889617
4,47.150083299301315,non,21.971885329614985,0,0,5.113357706400932,89.3873959805229,122.83553049924627,0,0,4.580497470493526
1,45.792885313658914,non,29.15995885497869,0,1,4.143155149199927,63.28875917398106,103.70073311605381,0,0,4.9022538276789565
3,80.20216274841616,ex,28.509650486955973,0,0,4.369382020081675,86.03729764460248,125.70969128005099,1,0,3.8752884891926596
2,77.37011589296648,non,39.572764270876554,1,0,5.699257094297958,75.84800103499617,149.13400679245575,0,1,0.6606683461113793
4,84.82507216120084,ex,32.96954947983164,0,0,5.1621221922963185,82.97021475528909,156.52712441060328,1,1,1.100088376959891
5,82.26988312672886,non,25.823337823014455,0,0,5.733576971710565,88.94088485628006,117.4610692223515,0,0,4.969307137256819
1,54.534049909085454,current,31.70834093506582,0,0,5.144063048272031,94.63128283801957,127.2262999041958,0,0,5.019162560791254
5,77.72085874993402,non,34.110867724922485,1,0,6.912950308108241,82.16523156029474,155.03262512147742,0,0,3.947723380977714
5,73.29545571385268,non,26.202604859896848,0,1,5.194784689975703,66.92632385109818,119.92980333283947,1,1,0.3831766760249413
4,28.254253118981882,ex,27.886256604821906,0,0,5.326022784765432,91.47339481744494,129.55332067263743,0,0,6.138582190285154
5,42.243139091144855,non,26.443341599743057,0,0,4.5609359559774125,91.5189084290149,111.951429471479,0,0,4.467286717069517
5,41.941297409333565,non,27.69670423713956,0,0,4.640627051020272,88.91005624689737,116.46066005740116,0,0,4.296393110247636
3,35.499684713345175,non,32.69972388867531,0,1,4.578474191057834,69.35079330826314,129.14079449884758,0,0,4.062305155549016
2,79.2411558097127,ex,34.319487889369725,1,0,6.601299499927918,80.33448929330241,138.34435411324617,0,1,0.12560467079946916
5,26.941654767377855,non,37.60459670655996,0,0,4.147665079349318,92.71344601941222,141.9839840007012,0,0,5.542672245098167
3,60.86150294626019,non,30.217745781980465,0,0,5.94867253398891,91.14678070095965,140.80352277669687,0,1,3.081253383869278
1,61.57363991161939,ex,28.84942418636333,0,0,5.293050448064553,85.75300086362365,125.45219684650306,0,0,4.356457051475235
3,64.1377918075304,non,28.4948911831956,0,0,3.3860075764224846,76.78176056253035,119.67011761602747,0,0,5.001657508316934
4,47.69074059974462,current,28.83942197343759,0,0,4.666861996935254,87.91668599223372,135.90182426934012,0,1,2.9048475465567622
1,78.41401414007034,ex,22.84528017888147,0,0,4.371991929264654,84.33809994473158,111.2025981147569,0,0,5.101937954252524
4,84.4612838162466,ex,29.18554013191316,0,0,5.986500932324892,78.81635586527621,125.8118661071368,0,0,4.996246704101379
4,38.047627284927636,non,19.810431151335557,0,0,5.20402346864931,87.76235585666494,126.94369669158738,0,0,3.9092025645173245
2,33.0851745534607,non,33.96390591110196,0,0,5.371156843338247,79.43223490960159,142.8714901066274,0,0,6.24185006458933
3,48.84806113598727,ex,25.58847932816183,0,0,6.1424941310962655,95.82400369720756,104.3845161869952,0,0,3.751991094284661
4,73.0101180278137,non,26.70039270239324,0,0,4.822297533317504,90.80016594893925,141.04174400244167,0,0,4.0407935943993065
5,27.305265889532272,current,30.227763038055617,0,0,5.073239914518928,93.03698489057898,108.01830453390257,0,0,5.513762492246853
2,45.7145154447814,non,21.624624231741944,0,0,5.0670413695974235,82.96191862873455,100.72599291283933,0,0,6.268158172557426
5,46.89252167977084,ex,27.43427684214056,0,0,5.26729394170087,92.60808666810573,104.47364659621671,0,0,4.767214002320799
3,82.86002836251934,non,38.345470911902225,1,0,6.380727244885545,70.53841894344534,139.28186881383922,0,1,0.9443177207301726
5,66.21050800519166,ex,32.191546684204745,0,0,5.21626815410308,73.42820064346179,136.82847833300337,0,0,4.545666043410754
1,69.48518770586563,non,26.24069060841796,0,0,3.8600518600878218,87.78575983315491,130.1779940761675,0,0,4.634295929185406
4,78.63756890464245,non,23.354020066397744,0,0,4.656493256335033,77.71432297286884,160.65681382795503,0,1,0.21445936058720436
1,71.53679782768774,non,33.401902827523095,0,0,4.467571990037969,83.35952416564885,124.8213962630984,0,0,4.845704161492282
4,75.78354329670006,non,24.563751674461344,0,0,5.717809604703658,83.67302302102573,114.93690756548982,1,0,5.889280000394059
3,76.84730978466635,ex,37.03080462650907,0,0,4.326757556182499,85.60839903423097,144.6952361705035,1,0,4.133229149870713
1,84.78311733276234,non,37.543710621698246,1,0,7.392413429056792,78.65630315172983,125.82629302330469,0,0,4.521506497364255
1,81.05735833836448,current,32.289371330779915,0,0,4.40126226467446,84.74597271446137,137.94528816495384,1,0,6.321510010187158
4,53.06689623679986,non,27.32279265447883,0,0,4.975451787109703,87.76075877748671,126.6826335460723,0,1,2.55133410853592
1,60.113193724248454,non,27.073551177394283,0,0,4.21933567817735,91.54337416692098,141.35951318477487,0,0,3.983302126473165
1,53.22427656338062,non,33.44278788198236,0,0,4.567950444868723,91.79728316853881,140.74084075712452,0,0,5.838699827042973
3,60.89278124347819,non,37.61761563452031,0,0,4.171209931068862,89.877474907204,143.43015197360424,0,0,5.421243826891693
4,60.463479449396445,non,27.792383356935435,0,0,4.576512522611966,81.31258221234461,144.85851599236042,0,0,3.933637472005668
4,50.588088307519385,non,28.311149605734688,0,0,4.0694441857327215,84.42532659900064,132.7829736086012,0,0,4.521412085206305
1,81.48683881149896,ex,27.229482127528886,0,0,5.4738087763820396,83.10693563773977,124.35974732872566,0,1,0.5062216209760187
5,37.2605811939752,non,23.44348653089959,0,0,3.890026821940916,88.38541733667391,126.52354329917529,0,0,3.8474958923878697
3,32.915532707888076,current,25.315772223633864,0,0,5.543379696572988,93.29552374619522,100.07455884357724,1,0,5.021906882941531
4,65.44311613310724,current,27.490431229909703,0,0,4.524183067850822,85.2395134621191,108.97810749337242,1,0,3.748194683965527
4,60.01772525396592,current,25.627906383667174,0,0,5.06818462029128,82.95738816314285,105.13179150848622,0,0,4.914225454167917
2,66.60865197546413,ex,18.995591725503765,0,0,5.565632931942534,75.76740516737844,124.34528882969971,0,0,5.779016335286251
2,64.04648255225386,non,26.282978894095013,0,0,5.5147025102036835,88.22116434656452,111.74915596010288,0,1,2.265237055457122
1,31.938568957638623,non,35.22535976255535,0,0,4.445956836063515,93.87334090986684,109.91503086399315,0,0,6.223490735546624
3,76.18361828488577,non,25.587340982629517,0,0,5.633635111802103,89.07454730674894,140.695830912987,1,0,6.088998747453516
2,60.62030122040496,non,24.875672009508,0,0,5.300286333487686,94.34220609200972,132.92070266832474,0,0,3.475099617073653
3,81.49594963532522,non,25.592688754583413,0,0,3.9411968837168843,84.68030899688365,107.32603200474148,0,0,5.835622161788329
3,40.409290905240326,non,31.378612554755506,0,0,4.749446081363764,86.82459142245214,126.64038114023892,0,0,3.4484257806906697
2,64.39639396500053,non,33.23081148464197,0,0,4.615457169778244,84.48403615347017,158.7529330344398,0,1,5.748101831438961
3,55.42562678661357,current,28.258024588439593,0,0,3.573900867842866,88.34601479497869,127.60149017843486,0,1,3.1383497328042975
1,35.413045116451734,non,33.29880020631575,0,0,4.815955349599388,91.84978585228016,111.76412121305556,0,0,3.559189831292781
3,78.95301339631472,ex,31.918005369293788,0,0,5.691061541631834,83.77267877478393,131.19452610494594,0,1,4.710251934668052
5,40.68454942554723,non,26.82899930347043,0,0,4.784165853472913,96.32119321950583,140.01993722277453,0,0,5.338215861707379
1,80.6725420956762,non,32.52765547106655,0,0,4.650699786729295,85.33486774644537,148.3271517685873,1,0,5.1062793489412925
1,71.93273021423666,ex,23.68166509689683,1,0,6.820811850268635,83.20305204911253,122.90248518390938,0,0,3.5859191869263434
4,37.80814072397931,non,16.785641234715918,0,0,5.230066045027183,90.2404376073597,112.60071754189764,0,0,5.773886392524902
3,78.66764802838404,non,32.40865194906037,0,0,5.733743905290984,78.33638783546462,160.39462917186253,1,1,1.4432677178161486
1,51.519297071164374,non,27.26076415568828,0,0,5.469837344974165,85.80609326871416,131.365915421136,0,0,5.243104254485848
5,66.0640649374473,non,20.996359617289876,0,0,3.8141227097325507,85.11475561313937,117.87040499329223,0,0,6.0862860874932405
1,28.849122367389697,non,33.57241819631574,0,0,3.6564129581474383,90.18204415452468,134.73772010558832,0,0,4.440896115142676
3,80.85076316065036,non,29.82704627364078,0,0,4.48639393563272,83.70836843332039,149.95836235655693,1,1,0.08914218993724872
1,44.64433427839006,current,20.636640626214135,0,0,5.424119005347072,83.80317690534953,102.70796752672139,0,0,5.158690549636954
3,37.81544481950368,ex,30.614681278010558,0,0,5.520459933379315,81.96729838509916,137.2462980595032,0,0,5.4084006644207445
3,60.85091252289963,non,34.05015449513889,0,0,4.031360071258618,92.51060352257056,132.95915151998224,0,1,0.46620093998239653
5,58.34279065244365,non,33.97772654262615,0,0,4.975303028381564,89.46440138678084,127.97555564098192,0,0,4.281868758115095
1,34.98587118003741,non,32.789158207491575,0,0,5.159362648456164,83.69756570609808,129.13969960948177,0,0,5.657989699349864
4,74.26631766732547,current,31.732373853955572,1,0,7.196413909661582,88.75852519207436,145.33075274342107,0,1,0.18687050229645502
1,53.04813436709608,ex,29.11046118127814,0,0,3.5569793306952526,83.26917541392645,124.82359482417979,0,0,6.143138583417017
1,45.71637672286036,ex,23.750657946452975,0,0,4.760391899505322,87.46758362255028,130.6692959900037,0,1,2.855664063854558
5,64.33931973363721,non,38.18128270931355,0,1,4.678935543470619,68.08190192603583,138.30627372009195,0,0,5.091627365462582
4,62.51912603637805,ex,30.9800223810132,0,0,3.791559792405097,87.20940569455081,121.97560371269108,0,0,6.398950254502527
3,55.74855204356042,non,21.468361943694592,0,0,3.816681236434399,92.13976546551702,117.49688799735664,0,0,4.687236021030679
4,32.255694216851005,non,26.122797778815325,0,0,4.054937363967695,93.30012168836782,126.82253397043488,0,0,3.415658147469111
1,57.0383526979052,current,29.902436316503593,0,0,5.098132515622312,95.54592670466397,142.11506291685103,1,0,3.5207948496161707
1,56.53607521085277,ex,31.99947099282423,0,0,4.761294170903884,92.70614319720728,123.54096065762047,0,0,3.882602574754832
2,28.90403740608965,current,35.3679219951488,0,0,3.78385651533095,93.79964355965176,126.68050161905856,0,0,6.383117364283313
3,60.400733567389246,non,24.266479802793786,0,0,4.542976555133963,90.1090071529639,120.64227504152569,0,1,3.071680429087335
4,80.96447918652066,non,27.548893277901204,1,0,5.941290143385792,84.94755537181695,131.69945299033105,1,0,5.575880316835967
1,82.51317704767683,non,34.57375709939692,0,0,4.756052033873485,86.99163201862191,157.68069862573952,0,0,5.667883872520585
4,68.77794133637937,non,25.755120608154154,1,0,7.128369308530747,85.24093124576741,115.70813606231293,0,0,4.272591321310399
1,64.92176185854404,non,24.539605694126855,0,0,4.969622276346435,75.54351827434093,130.68634030134385,1,0,6.139965930817181
2,53.86175185345469,non,31.895028621615733,0,0,4.578306553511725,86.65634628067454,134.85162088407242,0,1,1.3472202666607787
4,45.203170154163764,non,28.41309946539212,1,0,6.417029088747964,86.13297533493859,119.39393191046311,0,0,4.667715485890802
3,63.01307636861338,non,35.247586576702695,1,0,5.8716094512094985,78.5341510972531,133.75998048954023,0,1,1.308792833991234
4,66.42883194107597,non,26.28101613506183,0,0,5.1747158278496705,81.0503358525097,157.62081186456922,0,0,4.3224717923160725
4,60.08827977810674,ex,22.893350347093662,0,0,5.20986097040761,83.69376112711159,113.63941425896097,0,0,4.946653579435534
5,47.34827585074625,current,29.376508086954416,0,0,4.666013403018546,92.19499226821017,114.59594561342396,0,0,4.896078614940458
3,28.33648506379998,non,25.685958672227173,0,0,4.024591781382573,89.92701952230924,98.73838389146786,0,0,5.4937066104227945
2,51.52059637324683,non,32.36943070997298,0,0,5.74103817078132,86.20665603428539,133.32018604653368,0,0,4.78685863505196
1,78.05224948364582,non,26.41590146266034,0,0,5.517080431082996,78.5935425762926,145.07221486825716,0,0,4.091714904757935
4,61.631937392277074,non,25.68336331729131,0,0,4.840421744820068,80.69040559748703,115.70581867178444,1,0,3.950111380275432
3,69.90996783418223,ex,27.27612378786874,0,0,5.0636566772453175,77.6432264155657,124.06135791924203,0,0,5.524414759327328
4,75.10602882764786,non,22.468070101353106,0,0,4.867249593889082,82.27454723930569,130.14027577229058,0,0,5.483327970719623
1,58.60717132673736,non,24.463381224667465,0,0,4.613563187654649,87.79482978301606,125.94664166456269,0,0,4.192907630212978
3,38.98264570146708,ex,24.536002501304218,0,0,4.2154557134590736,92.61982517201447,109.39041662819962,0,0,5.410852325486348
5,52.09601395195354,non,27.318663016896394,0,0,4.639887501414159,87.41147711820715,121.44519252543085,0,0,5.0280932117513135
5,54.16851269431902,current,30.39998441800274,0,0,4.7720641098932175,84.38951683230121,128.68453628464607,1,1,3.087388437212273
3,44.142095096458746,non,25.15679255171868,0,0,4.906758755497477,83.42382564836039,122.63338147840749,0,1,3.7828846568179317
4,48.02087074810011,non,31.99275831939581,0,0,5.038189544888512,87.69241678729233,122.52267469056586,0,0,4.67836207335602
3,72.51169853013651,ex,26.14582839278167,1,0,6.621487093644715,81.54372672736555,128.84303830094981,1,0,4.45474923467608
5,78.7613088290568,ex,30.479084952600985,1,0,7.628048549038945,74.97735453908466,138.49425334102907,0,1,0.40638881752989836
1,56.55100755797412,ex,33.50455562041795,1,0,6.647114275953875,90.39840911942298,143.83047915045907,0,0,4.182695942342819
2,82.97468367832107,non,30.339782934104928,1,0,5.627702988685931,80.81298590860013,134.85949323203363,0,1,1.5473938790075283
2,35.82230372984333,non,36.5951682268363,0,0,5.146403959777264,82.9751087699072,120.14080317020215,0,0,6.033753755438553
1,57.818533338977524,non,30.416242400879717,0,0,4.662438581628274,85.72094889510524,136.34819577040332,0,0,6.232400538130922
1,82.75683580256312,ex,32.53847156061082,0,0,5.0588373763916445,76.11520210445232,138.07073543386332,0,0,6.240081520101583
1,50.797188308362436,non,23.22662850466386,1,0,6.709215769748821,87.74246841745673,136.2482182509665,0,0,3.7854866649829404
1,54.2429374120629,ex,37.33923682354698,0,0,4.537171930089151,91.36800742844441,122.36111399476017,0,0,3.669785456931558
5,53.0057691518833,non,23.674355624952554,0,0,4.674225832459648,89.2799713515233,141.8417181046795,0,0,5.759676256603663
5,71.75551761632103,current,28.390717734892732,0,1,4.814069064402295,55.09371761224676,157.16852500134993,0,1,2.8303937777827857
1,75.08156959167468,non,31.420440619379207,1,0,7.000099442405339,73.50917474811712,141.71545233412004,1,1,0.149791730846884
2,74.28692779873272,non,35.13103866816031,0,0,4.238536049515902,92.72462169079068,119.56110088351846,0,0,6.291973988019805
4,74.12613055057845,current,27.470799938229447,0,0,4.875673984594229,81.45394421143519,131.30048170543066,0,0,4.274823805580395
4,39.408908500093766,current,32.11080028014593,0,0,5.0887003376908275,81.9289015336628,109.7492639548038,0,0,5.072011191739225
2,81.79317120571393,non,26.75637394200548,0,0,4.193291510641744,71.98488767108836,129.03571525230416,0,0,3.773195690183425
3,84.88854182693092,non,26.329548350848142,0,0,4.491818945258527,83.32499212829765,119.82780783911323,0,0,4.939142381416149
4,31.616351740087026,non,33.68245774513131,1,0,5.351868410934246,88.83711710753337,133.0523092982309,0,0,5.0169323218020025
4,64.34426322583833,non,26.69303201734569,0,0,4.1169354497392465,83.06175817017179,116.05319577947725,0,0,3.4751483547294177
1,54.719274745891816,non,26.899841991708424,0,0,5.2093592772201145,82.19539466206493,112.26206339326262,0,0,4.753267508418686
2,34.700126257341985,ex,35.82693600006098,0,0,4.73351671409171,95.84898219458786,115.03356223646236,0,1,5.823511812379512
1,40.00871855876491,non,29.716976355558987,0,0,5.331110949052377,94.80865144447189,116.77822023381445,0,0,4.406657663046595
1,52.10806098946861,non,32.81796836082587,0,0,3.530245724648826,80.49264463849411,115.49746197446254,0,0,4.711647639307148
1,25.193376822068966,current,33.39708983582243,0,0,4.536633451306507,93.43129852143416,127.44392324138525,0,0,6.166825672716509
5,42.70963634171075,non,32.3769833071929,0,0,4.3083601693270985,91.27775561677963,126.00703459939919,0,0,3.833803421710229
2,53.16765390709,non,28.06979595259835,1,0,6.854300706270352,84.63928627459141,135.41411145271167,0,0,4.3140589004048895
4,32.48304220765667,current,23.815951019279176,0,0,4.2967858673553705,96.49649113049065,99.27480841454367,0,0,5.419503940546216
2,64.62845621585319,current,35.85393658001082,0,0,4.773471464352488,83.05527005927365,129.64301146883994,0,0,3.5957620820188563
5,77.94993115637871,current,21.216972825879488,0,0,5.157217827055056,82.47238340291123,123.45256198521791,0,0,3.673198557318408
4,35.898013920251856,non,34.97960159928788,1,0,6.865719250439456,92.2784693499403,135.22587780279466,0,0,5.38668825459615
2,56.88420410259927,non,31.16468818837258,1,0,5.555286834867896,87.54814268599466,136.3235222209317,0,0,5.868072777404995
1,29.428001864568404,non,37.86816874623011,0,0,5.036420376931245,91.70365777973318,108.85152705986506,0,0,3.4916360554570867
5,37.044076817084964,non,29.77934684155509,0,0,4.201409791997021,79.0626605996256,121.57739479932296,0,1,3.2747810385239218
3,51.91889619259372,non,19.648335403010037,0,0,4.075023773282602,82.02112377024018,129.92328261774273,0,0,5.7517416479090855
5,80.9626300993867,non,24.045025913200806,1,1,7.564612553823014,63.899743999504146,133.4573744497718,0,1,2.706254255911709
1,54.160137701796906,ex,24.734859943229075,0,0,3.920187639231652,93.82233732495769,114.13202637408013,0,0,5.068930688213944
4,61.54812134473808,non,24.93980862527249,0,0,3.9516097327621207,76.51254661755745,100.9632455887294,0,0,5.899833222727622
2,43.058080226378166,current,35.29118395090147,0,0,4.5530153886947256,86.56581143941703,136.23913038411558,0,0,4.984975319411442
4,59.652192856818274,non,31.418426696920825,0,0,4.481494664407254,85.66085939717057,129.38829546720052,0,0,4.594673290391532
2,69.3068261061938,ex,33.633857080224374,0,0,5.248631723067719,87.73638894064433,161.18995488609178,0,1,1.7697552050619327
3,50.28364219438051,ex,28.696754894631585,0,0,5.418873215805645,80.9029653195174,113.38681701443042,0,0,5.822143646013274
5,78.78557764988308,non,35.00279365831154,0,0,5.0984793598082065,78.28973068283132,140.30944600437684,0,0,4.968915796266884
4,31.19754226797813,non,29.510043383369347,0,0,5.169830021819111,97.33736674635122,132.5935018853568,0,0,5.7230668360217045
4,77.58741793377942,non,28.05705978610315,1,0,6.869178149705913,80.51430348015344,133.47616347340454,0,0,4.003370493944262
1,68.92822457405455,non,24.86763946627698,0,0,4.36875728595815,82.5336138864904,124.16947919877381,0,0,5.3076661670590095
1,33.717350337770675,ex,30.84273032719632,0,0,4.948836144194225,84.68922647458888,120.61723471897399,0,0,6.093560716558515
2,25.038640446951696,current,23.161489102194064,0,0,5.518085339909538,95.62218967878108,79.05533972221815,0,0,6.302369943008794
5,42.34982041512898,non,33.25836175687389,0,0,4.446791462949373,87.27271805992366,153.10925159873528,0,0,4.182421015588559
1,77.15441909336553,non,26.882137139381765,0,0,5.22001434372046,84.6292130454943,151.07220349528137,0,1,1.6873250739579146
5,36.69649245970573,non,29.782140884669364,0,0,4.10459925082393,75.52024284527967,121.0987046623207,0,0,5.873682798586206
2,50.38392208179803,non,31.09149497361795,0,0,4.797988029660244,82.0303347169298,141.05010165633794,1,0,5.389543043972817
5,52.58015450964997,ex,30.541215236963563,1,0,6.138411054512112,86.93041882607668,118.19695153292197,0,0,5.274401248441975
2,28.886787654231657,non,23.823957194714612,0,0,4.82277252978027,90.72354066668983,87.3811122779382,0,0,4.441077447051633
5,32.85681464314255,non,36.52968643340104,0,0,5.803881075324797,86.01878020357557,112.71485838939213,0,0,5.601881304169226
1,39.929248423298944,non,27.93331745224446,0,0,5.302569834045175,91.65950818579023,124.44223982831058,0,0,3.9666818018101626
5,79.91532726405694,non,34.96904851282012,1,0,6.4663402424487195,77.9058260918774,141.07155155141334,0,0,4.006938829089599
3,63.05217393554737,non,32.835097386410396,0,0,5.299655348276818,77.5510646682551,151.3606625758615,0,0,4.323453745798956
4,42.739711952572655,non,25.059302928254294,0,0,4.803805617351131,88.66628754747417,138.9439812333062,0,0,5.87614089233925
1,80.38018079787145,ex,31.127957809346093,0,0,4.375474004708152,80.6283752740953,122.55485146770995,1,1,1.9781550161016623
3,80.05229101790161,non,34.03340893308347,1,0,7.67434269738968,83.05298450887207,141.40614910152416,0,1,2.1666604453822864
3,60.189424216919875,non,30.131054478526693,0,0,4.872015877047039,87.02114361707193,143.65534745988302,0,0,4.283438626181253
1,75.95020673859037,non,28.376017961356908,1,0,6.286370075259463,80.51922867425822,137.7806665513307,0,0,6.34033283781914
3,70.50815844158836,non,24.153457884940238,0,1,4.9000423538820135,66.44693185750687,125.56778396433985,1,0,5.91250402048217
1,78.90877865799217,non,29.679401842189392,0,0,4.949012273549903,75.26958055938968,122.15012066377173,0,0,5.573888575828125
3,70.81320871814611,non,29.608898918061588,0,0,4.166589758311184,76.60552216967251,92.58778906048846,1,0,3.4986868059873184
4,37.73226532831756,ex,30.115261753815464,1,0,6.379110824522767,87.13507028513065,113.63462406093865,0,0,5.194821434959664
5,26.26341843478987,non,24.251814407267737,0,0,2.3,96.85949147279962,110.66336864567057,0,0,4.230438912230893
5,28.671339535585616,non,28.672821455415807,0,0,4.644039368312751,90.43241589926417,118.55499770148286,0,0,5.564965935867226
4,48.4706934488888,non,29.53155625235837,0,0,3.9486274442402247,93.7106416869531,135.99204150996303,0,0,6.373697775782091
2,64.91237061358112,non,29.196707691212183,0,0,4.366793307296983,77.03316486661585,123.84472141062038,0,0,4.116189128363901
1,54.47452768455285,ex,29.41324994840821,0,0,5.463833355548105,86.99795863079986,115.03817253526134,0,0,6.269900024830431
5,77.53089874819915,non,24.39331735874673,0,0,4.805787480565434,85.71419406352466,138.98593367533732,0,0,3.5809375638186185
4,65.81870927054192,non,36.88795955285073,0,0,3.450679095336509,90.2468205517997,128.4584602390669,0,0,4.037588973752177
2,66.82185249608256,ex,30.195971758983518,0,0,3.984778577116345,93.53538373951854,146.29369052200533,1,0,4.004159072882564
1,46.57877019131411,non,28.95988273510685,0,0,4.0899028143433185,94.20440325459306,127.57771117804248,0,0,5.822618813568067
1,50.659520813623686,non,27.752523128127986,0,0,4.8138941421714705,90.50911916722902,116.70451729525959,0,0,6.388336934533394
2,62.67783472636271,non,24.243828873057236,0,0,5.547139936086334,84.74223440438467,117.805302971612,0,0,4.297042911496896
4,43.255627340616556,non,30.92462548442339,0,0,5.0784812827965276,84.84096947217233,105.78452776931493,0,0,4.872367094371541
3,50.80910008996322,current,29.076213712668817,0,0,4.435216639572754,84.10459327011775,132.16164998906387,0,0,5.147684820888619
2,78.18338362464536,non,28.71535869533613,1,1,7.461803745355484,59.89498957966933,134.33065420144246,0,0,4.525111862680852
2,51.05420958925584,non,37.43744048525819,0,0,3.5943273774470024,85.87423878088083,127.00498472756955,0,1,0.8189421996494705
1,69.20572952282569,non,34.07024200921854,0,0,4.764622219472386,79.24391751738462,133.34991135768928,0,0,5.35148321316383
2,69.1904942283193,non,28.504243697026716,0,0,4.676638340440268,83.13098656093672,135.95886288610512,0,0,3.7962437232828155
3,35.06500012556441,non,22.317612878906168,0,0,5.160046632519306,88.79661510063126,106.86547479584816,0,0,3.5457679152548134
2,32.17074190086956,non,26.652461810196876,0,0,4.828122782502741,86.79932673052733,117.60987109177852,0,0,5.245264441429532
1,72.96215176318057,non,27.656740904679058,0,0,4.924710256342569,87.17757940993845,138.0912084642237,0,0,5.8949709243643404
5,60.997589614059095,non,19.100055178923988,1,0,6.400719566155628,88.15720027616213,134.8299188610277,0,1,5.617959768917573
5,38.18474019022244,non,30.321452484956655,0,0,4.472072107215522,98.1847112688237,109.92180621673995,0,0,4.857975481896256
4,84.7379017063464,non,33.826042168277915,0,0,4.370694624542729,92.85256800408675,151.97094966575133,0,0,4.884069929943066
5,37.19131023125804,ex,27.43084190319113,0,0,4.264270572242641,88.4350003928536,100.02248327943828,0,1,1.7494692055058496
4,55.610242458043274,non,31.684146480220328,0,0,4.680205600090555,84.42937603037483,132.19348128411957,0,0,4.419437815857615
2,29.964835208496112,ex,27.63441159616471,0,0,5.02721995399076,91.20720210106289,101.29817960263772,0,0,3.4847467919230137
3,73.71352269267639,non,27.9245623089396,1,0,7.372425980800816,75.85510994634028,144.06264254299396,0,0,4.520424350204838
1,65.70066611078693,non,28.554955376537347,1,0,6.840236550647464,80.39299698206649,143.5850669362605,0,1,0.7209880472761518
1,55.951687368482176,non,28.081976796554095,1,1,5.625725911584606,70.23011190209154,107.41116585425587,0,0,4.764188996783643
5,31.718501382167425,non,29.733261289288848,0,0,5.614230614644796,98.13015505758642,115.44954370022286,0,0,5.887916396024352
4,38.495360364093074,non,23.488378069124575,0,0,4.160884267209554,83.90869772419859,127.42497964806395,0,0,5.85285091920119
5,31.88985063139234,non,28.887035872856366,0,1,5.330314209058669,67.93767100531245,100.32564560323456,0,0,3.4261049321640504
1,36.573940784218266,non,31.78755970324015,0,0,5.254975180368024,92.51710226344613,99.7440651212429,0,0,4.819190401852397
2,60.836351575147475,non,28.562585456269,0,0,3.793746713628596,77.90604118273977,128.96790162840614,0,0,3.4930305924439424
4,27.71781859762476,non,27.52958461008128,0,0,4.956777243173532,99.16503680295666,118.41967080623797,0,0,5.404975757595107
1,34.31110179498859,non,29.283765402826106,1,0,6.281480166261976,96.147895866147,108.02203889459804,0,0,5.908630286763828
5,63.041810022249784,non,23.088370320558656,0,0,3.6696196331941016,81.01112413913557,131.51235980697263,0,0,3.4758744458493998
5,45.94168500305882,non,33.124351403839434,0,0,4.54206487990546,75.69267732281313,130.516954917867,0,0,4.680708364473677
5,47.567432271158836,non,30.389366496096923,0,0,4.210110279494307,80.57035406578706,133.60676833307437,0,0,3.7163835210083787
5,83.07679041082274,non,36.86417337785526,1,0,6.15164954886922,80.05395281527906,160.46224932129545,0,0,5.487921718202241
3,42.100492462154236,current,26.33035421927893,0,0,4.913942249801353,90.04788538310373,140.63243039665548,0,1,0.22302947475899126
1,51.42840700618326,non,29.052290451005447,1,0,7.3517659626440715,90.61786259579186,120.13330966980757,0,0,5.181385868339832
3,48.778007544116925,non,35.913366957190405,1,0,6.69453272651035,87.84810102931856,139.99701669476934,0,0,3.93203344237994
2,57.225669023789806,ex,29.43076747824767,0,0,5.480367364709105,82.1793729518766,135.62074728690843,0,0,6.391771220907983
1,64.4379763546361,ex,31.453272562856938,0,0,4.60122327131437,78.59886159113408,132.70013941353966,0,1,0.6622806485003885
2,48.47672559975656,non,37.905724674802464,0,0,4.211446079616148,89.16579966501062,130.89624650139672,0,0,3.9281368852279464
5,45.41774746013054,non,30.14286606760361,0,0,5.538532076235635,90.39648725252927,125.11023931123005,0,1,1.9841967339512563
5,53.54245949819342,ex,22.57390678941924,0,0,4.2106234918158405,90.68176899841873,141.72990590873724,0,0,5.966141431837741
3,65.9149364481457,non,32.581756986308065,0,0,5.269593107337809,77.20748190008342,130.99891502606596,0,0,4.575321877109644
2,50.868114011126366,non,28.136789401308224,0,0,5.0770206650768746,89.03515962545569,132.6012339610373,1,0,4.588553253980079
1,72.72840087386011,non,40.65081696008512,0,0,4.681076202665361,80.57817222576632,133.24935148757464,0,0,4.430531045695907
1,84.05842514027245,non,33.22428804746114,1,0,7.32777893833838,70.9367270160072,157.83964063981676,0,1,0.5034590720901628
1,46.13724953283297,non,27.693371487632803,0,0,3.9951081839770595,88.81360185065033,117.29818122357258,0,0,6.051710125189688
2,84.0703719681209,non,31.201038709333957,0,0,4.631905791482223,88.97483461913771,167.26724040560953,0,1,2.968891703348633
3,46.424827084850236,non,27.688044739441974,0,0,4.966077083011715,86.1406055577727,145.01623152302633,0,0,5.87778713258513
3,27.117333048731208,ex,23.186561445278784,0,0,4.19936172604827,87.92252736601012,98.30207067413996,0,0,5.9394504606871195
5,54.22272521536922,non,30.66572071189841,0,0,4.1391228507020745,88.38513413159787,129.47980972509959,0,0,6.018523826342652
4,31.959225199358542,non,31.056807646739585,0,0,4.974301100239574,84.9076702161746,97.58698403685591,0,0,3.459415821143199
4,47.04926075254653,non,22.811328354428305,0,0,4.08248764819302,78.9510557794359,110.82661616771078,0,0,5.229697445036222
1,52.92127319446944,ex,27.374116046082047,0,0,3.5221588257832392,96.31352797975421,124.96465042372489,0,0,6.0398453136514885
1,83.86498127366104,non,27.981936539242867,0,0,4.689322833679857,85.36014955906408,144.66845962702334,0,1,6.020241920027202
5,77.02213038440762,non,28.466183860414137,0,0,3.903475956473965,84.21237207785643,142.64975385732615,0,0,4.125720910295207
4,39.72656122342777,non,28.573576761113458,0,0,5.386247359320589,94.11940039689532,123.00339963990712,0,0,4.638323348719529
4,48.13027038409203,non,22.96794487664798,1,0,6.308484369899553,85.98658023270211,129.38443153533126,0,0,3.9020336819787023
5,26.86787396848231,non,35.027846424358344,0,0,5.270038372743638,96.93138215686038,127.43370699204159,0,0,4.155520154295038
5,39.93249285556718,non,19.68011217916455,0,0,5.136079909211605,89.45302302341891,107.22999936060158,0,0,6.019784350745832
5,55.82761933264317,non,28.740417890219693,0,0,3.6613447421849266,81.04118006315676,127.44988657371304,0,0,3.611075900793881
5,54.34637945537314,non,23.294661339939793,0,0,3.9945572287623934,78.64757651675943,116.24376181989828,0,0,4.489886584651114
2,25.545378728966188,non,28.837989485938937,0,0,4.571688817673707,100.00844025442632,101.79098140167031,0,0,3.521531550815077
1,65.8896835476051,ex,24.78160269649024,0,0,5.723823143568618,76.14435287870819,128.019978614649,0,1,3.674852403846875
5,40.775408038810724,non,28.22789471648578,0,0,4.9917859609386825,80.996880551123,128.21978762323474,0,0,5.6539253464168375
4,78.81643533152754,current,35.06583176967079,1,0,6.694338261815603,81.10472156616109,140.62793476321542,0,1,0.4417135226718103
3,47.5053512640178,non,26.01771489550129,0,0,4.951301053497233,88.79107008507376,134.89618230049155,0,0,4.167976449584165
3,78.95892474731218,non,24.870960853822574,0,0,5.480411271785192,85.05677629030546,156.25425577996532,0,0,6.049286739132405
2,56.429432470277476,non,25.3568750050207,0,0,4.650240734096505,87.32285448845839,125.39522264003111,0,1,2.3264406396501593
1,66.51643508741867,non,31.813992541014123,0,0,4.947517425825089,82.54963885098552,154.58592606795136,0,0,3.545967714505492
4,76.8956045233335,non,33.53567404107794,1,0,7.304261058308451,76.23458593147906,158.8909134140486,0,1,1.2111372368500366
5,57.071106424688566,current,31.033477428345055,0,0,4.898513205030532,78.97639033175345,115.3276215514688,0,0,6.184019650462321
2,53.54858800419588,non,31.617421260512465,0,0,4.504414415193656,88.23837184351198,160.30679348337605,0,0,3.499463652393427
1,25.433027204284716,non,27.46069550271355,0,0,4.806218012386336,99.50601706040518,107.89692119012541,0,0,5.347091634368844
4,76.04648433539377,non,24.126783625945897,0,0,4.766763294442862,80.49609980027684,138.8315996568767,0,0,3.878822734579932
2,78.10739847712145,non,22.442397862204075,0,0,4.44540934719305,76.91859287797601,105.3560501235446,1,1,3.3828089409602033
2,69.39481577729862,non,32.89890085139415,0,0,5.053034863160461,82.93785124827478,128.1351137227184,0,0,5.55707739847915
4,81.59684848456696,non,28.945023164247655,0,0,4.501499414402062,88.49013287793046,129.3304767022005,1,0,4.769002529973355
2,55.21004808403714,non,27.738522598120618,1,0,6.490546537595122,87.52719864526014,127.98780781478165,0,0,5.655743687861753
2,35.77135722262538,ex,21.559295560315455,0,0,4.1696931458186866,85.51021879577067,112.1230394456405,0,0,4.5107738684155745
1,47.716274743051855,non,29.42226611359392,1,0,5.226997734447266,89.80961823487412,148.5949005996743,0,0,4.240438181878333
5,40.12255639339456,non,28.677393224024136,0,0,5.1257957100788785,91.50027560117687,145.38221690074397,0,0,4.160178582947617
1,38.39622217323849,current,28.919351679635803,0,0,5.2796941533488,90.98944541317404,112.83570796203284,0,0,4.494735947912265
1,58.815202397217355,non,31.884225023383625,0,0,5.752549418568272,73.70437850604392,125.38425904797172,0,0,5.383376625748283
4,83.19839388939647,non,21.459576521109106,1,1,7.690025050404714,61.14854487945653,138.18732745725302,1,0,4.049576768285677
1,49.82956911545495,non,26.65089429105352,0,0,6.206211308280251,86.80838021911954,119.65240772679611,0,0,4.265234940939258
3,48.72935264053214,non,31.929671750175782,0,0,4.23974245446155,93.65686992804628,109.75987695975653,0,0,3.8387644293230845
3,67.22730543179708,non,32.90382986256179,0,0,4.687035148052962,87.82479033602198,127.72938069940855,0,0,4.350961408828
2,69.80872279641433,ex,36.60177170509098,1,0,6.53541391729943,92.69146947240574,128.90887300654873,0,1,2.7670420436016965
2,82.27885989812054,non,32.290908500345225,0,0,5.43301871370822,88.01406823657325,146.16836135951044,0,0,4.98981838376909
5,36.49460638585495,non,24.444285127009657,0,0,4.647276287426092,88.02171066688743,131.31060987476482,0,0,5.069806561343674
5,64.1313244083808,non,28.19235141876447,0,0,4.091818081759529,81.43614101336821,128.41473011577176,0,0,4.1174592902343505
3,33.08843423949683,non,26.18679009451492,0,0,4.528242521571665,82.44316980558709,125.73162169656557,0,0,5.165836311959184
4,58.889057462854865,ex,20.922164386331023,0,0,4.809255633826599,79.60684947768164,125.41842155343532,0,0,4.663517609673171
1,57.966246155292765,non,25.493136513149473,0,0,4.451319447460811,85.8919435381819,121.3351941062816,0,0,5.683542643082131
5,25.010102990425786,ex,28.406929228686057,0,0,4.627689337362132,89.00301048511128,91.06173162615903,0,0,5.088485209636691
4,73.88113901909855,ex,26.01729174696736,1,0,5.748757934429265,71.012694716841,136.97126954771383,0,0,6.0461483693601465
5,71.67983713491068,ex,25.743945595748006,0,0,4.72194138272431,81.41614607080011,132.32952192479698,0,1,4.396977695355397
3,55.638648224544866,non,26.35204202703662,0,0,5.63613475715119,84.77388621795956,105.94918096426653,0,0,5.114054923899749
4,42.29807402672423,current,25.98104066762513,0,0,5.106714341315606,89.93393549668468,108.48433359938807,0,1,0.5640770099117144
3,30.512112531318863,non,27.167028051028748,0,0,4.439442382981174,92.77685118431815,111.10218060829553,0,0,4.862904705367751
1,36.3382171070638,non,32.362721175709424,0,0,5.902518170826191,86.84200523557077,120.93595500934227,0,0,5.217517411457943
2,74.57891142991411,non,36.801744426142875,0,0,5.142189336262441,82.75898692304251,149.65853185250975,0,1,1.2718466898221643
5,37.7360207655278,ex,23.877021479569812,0,0,4.313241571593403,92.89941236248654,127.62030539377032,0,0,4.345258556472968
2,62.642455211151635,non,26.110053063060498,0,0,4.039851817689107,94.75388807405466,113.60497865089874,0,0,6.218022926634845
2,26.44673407877339,non,35.20915884813178,0,0,5.0988670292471685,95.97126333857986,121.8784557436474,0,0,3.5909487084941736
2,52.90890741731417,non,34.72904294370019,0,0,4.774143003035522,94.16057180939941,139.7718734777172,0,0,5.298527477431972
5,69.00932730361592,current,30.445490412755802,0,0,6.35622497247496,74.24551075809553,122.17223554332692,0,0,4.20162220503234
1,58.53326182441753,non,31.990490371107217,1,0,8.118550397806333,88.99282216856795,130.74654097884402,0,0,3.6131020074795805
4,62.4017464075402,ex,27.357350078188713,0,0,3.9292892330053437,84.74756273508824,111.47659332240998,0,0,3.477897057990199
1,31.90674165305513,non,36.23358748434576,1,0,6.366240276223653,88.96934588833793,133.3829057622782,0,0,5.996286179964208
3,63.80847569623371,non,29.72320720706906,0,0,6.0342181081552875,83.71566828502372,138.64673509213256,0,0,4.922494922590213
2,31.65419953058694,non,31.85713259484762,0,0,4.476025373417535,84.66477447071654,108.94880285594947,0,0,4.220809326642595
3,64.45683324314876,ex,25.96398174283298,0,0,4.989516864100652,88.25833443962648,116.9707616534034,0,0,5.177228686483259
2,66.55747199755984,non,20.192894249853392,1,0,7.6084095070863915,84.93682275175414,110.64955549086704,0,0,3.8375266451100005
1,63.863441083875834,ex,25.26005575638368,0,1,5.097414436552173,59.86659070357332,130.8984145707994,0,0,3.4158184187296365
1,76.66670351447169,non,32.66142913704089,1,0,6.788526875414914,86.62337383217135,135.5172177062028,0,1,4.482645798256472
1,66.05630885438703,non,27.53380379999704,0,0,5.470728023709376,82.55091628756213,155.37156320771527,0,0,6.096302190742322
2,63.155727028795404,current,32.88910491700244,0,0,4.650785320342722,80.02745608097251,123.70690632418567,0,0,5.078572867646636
1,49.562098031163586,non,25.264671339471754,0,0,4.066408411746444,82.51205506601154,139.8709547295695,0,0,3.609338086069856
1,28.520586522671415,ex,34.97357383583427,0,0,4.915149066074786,82.75273800457072,126.2329666971709,0,0,4.287496055091643
3,61.01893044245433,current,29.433779494325467,1,0,7.569599444687169,89.55264908298157,148.5646426389209,0,0,4.090143451850102
2,39.370234516779924,non,23.79666241696403,0,0,4.504460376776839,84.78282586231506,113.56684189406141,0,0,5.17403760183112
4,54.05060392163487,current,24.97725566775702,0,0,4.433338172210438,86.93057078583614,116.26738525044216,0,0,4.821732240873953
2,71.00115409978179,non,24.28498372555387,0,0,6.099047365406101,90.66283987697898,124.78718871125582,0,0,5.493984916756415
5,32.512789831227764,non,28.74309615892396,0,0,5.538458487036122,87.49080836614532,124.52029247965294,0,0,5.51233212800784
2,69.59375938907326,non,33.56576004840647,0,0,4.781833237879157,81.50611879872443,143.31012333599804,0,0,4.372182036248011
1,81.5768732477426,non,31.514539988379745,0,0,5.40206257091512,82.28501167574254,122.84420875977415,0,0,5.374657950357185
1,38.384127739857036,non,37.96060561215698,0,0,5.828629020885306,83.61011497590673,122.40092966805906,0,0,4.387020452827882
1,40.445624846782785,non,26.2258692110371,0,0,5.1021656552223105,80.66237184398335,132.20653726854948,0,0,4.697698959745086
5,79.79280854467555,non,24.15800991833689,0,0,5.7983476194793955,76.1018236553704,117.45366061291664,1,1,2.964017571835363
2,33.22165154831346,non,29.953230022285076,0,0,4.611259991826667,89.11292396460757,107.31519286590348,0,1,5.477981029959644
4,50.51656961137779,non,21.089653532469026,1,0,6.178102262655492,94.38148256075347,111.2252010649953,0,1,2.462497656324289
4,27.60267902449542,non,39.32763753196307,0,0,5.679013468381524,89.40250942924824,132.7070333166068,0,0,5.5445742855401345
4,78.3690359470623,non,32.055131414838826,0,0,4.744969499019408,82.44249746235398,145.51200549225302,0,0,4.484760079578607
3,51.08545911161745,ex,26.199627496143023,0,0,4.726630157053203,79.77564531435162,125.20265227125704,0,0,3.621114806787926
2,74.94596232582231,non,34.09564489702031,0,0,3.983682165804507,82.06380225856492,132.7215860093037,1,0,5.3115278722552475
2,74.62080884403812,non,25.312430989578257,1,0,6.303680598949793,91.28743724444031,130.9485368057309,0,1,2.173421287531563
4,57.796819004144425,non,26.35450968384138,0,0,5.294235967564022,90.01072352006318,137.99272777853332,0,0,5.4259417549150175
1,41.38233525258305,ex,26.99038244372759,0,0,3.4208225062215094,92.42604635635895,116.51847008425746,0,0,5.806687551424443
3,33.83738117845475,non,32.00708314100712,0,0,5.76813685542967,94.95040837581718,151.3683687179594,0,0,4.2752944155095145
3,33.311430486334956,current,27.398017336446777,0,0,4.039418137427323,91.67876994577706,95.37558490443519,0,0,5.4660860918165355
3,35.70206968858983,non,33.953932887121034,0,0,4.910285734394636,99.39945430297662,111.79395398375271,0,0,4.281516942930553
5,71.00651674186612,non,25.672925630299854,0,0,4.252876172040385,84.01787882968156,114.13645460188977,0,0,3.631437461861832
1,34.89365110853701,non,22.2649091098345,0,0,4.805788374766668,96.10172792112525,108.15422392195958,0,0,3.939617484882392
3,52.8234815770885,ex,36.776045614209266,0,0,4.745172127252976,84.07015854408307,137.44949519294084,0,0,6.115939496825266
4,84.807337989445,ex,31.767284279930035,1,0,6.530757674408323,77.01996305316452,134.58776201108958,1,0,3.441543258619981
5,60.82776348725146,non,33.00069764462894,1,0,7.558340033211431,92.31563691074989,135.03120134608648,0,0,3.8195031097136773
5,33.88437165033974,non,22.347939849501113,0,0,4.709628623733642,98.57791998754449,110.47668826113774,0,0,6.312944863528827
5,54.897462547344844,non,26.401715597697923,0,0,5.925845075590775,87.54989135236549,128.64838237640504,0,0,3.7169685813440454
4,42.307056969766194,non,27.357877385216437,0,0,3.987845596881765,79.61201818311795,130.73794993811842,0,0,5.8407299828425545
3,67.64991692888447,ex,31.723763054588872,0,0,4.2760799856884875,72.60637608032538,132.2228983961505,0,1,2.5298267002271335
2,57.53420485061015,current,29.143771275399757,0,0,4.989994009007969,81.03824936464427,128.48737261443998,0,1,1.3122785227135454
4,80.88092217560711,non,27.094402937738913,0,0,5.324144035820255,85.57944703903374,152.3365313735214,0,0,4.511944663674573
5,34.60951882622703,non,32.964119537846955,0,0,5.808675938882897,88.85147521128718,133.5056381882066,0,0,4.103763009047095
1,58.904410436144595,ex,34.5526065332191,0,0,4.507163066530034,80.40500893996507,125.29860548245469,0,0,4.315215814255443
2,72.1172811982183,non,34.19816791894647,1,0,5.433533203221677,83.82738947179841,134.87867213088384,0,0,4.387495455447261
5,26.9024842211846,non,25.680754702328535,0,0,3.9725497491112645,98.7206926098085,125.13594524447706,0,0,4.924951799186267
1,69.23502703666844,ex,22.78578597481952,0,0,5.529197451232754,89.50578843201073,116.479457653161,0,0,4.373175148387525
5,25.30309885632127,non,24.282872043104252,0,0,4.653143454804055,88.19193778301613,109.54584863198454,0,0,4.160287186364054
5,41.2800498081032,non,26.19767136586234,0,0,4.101530798158457,93.45090953350923,101.05100049753347,0,0,5.055779409048933
5,63.33028938382571,non,28.24143918440493,0,0,5.353335580054502,85.6345826190571,142.92342333128119,0,0,4.087373317606146
2,71.63550303512707,non,22.64680775369186,0,0,5.236857125512337,87.64586371520335,143.2370763533809,1,1,3.934410604615282
2,45.605703951730106,non,27.85803995226781,0,0,5.050879260856494,93.36366809327671,116.6615507901868,0,0,4.724222253824689
3,84.6871414486757,non,31.48387423053612,1,0,7.69921998691099,82.74913436481332,142.63217055741805,0,0,4.394561801095793
2,83.93470267367282,non,35.57966978080725,1,0,6.742672188797628,86.82457794241233,140.7680143004541,0,0,5.889583604666862
3,49.357666557908885,current,26.134258176076866,0,0,4.685841199595074,90.74033150211909,121.41583308628496,0,0,6.251090604237822
4,49.516317154211634,non,33.995074888072146,0,0,5.373584835393351,87.9129601513301,150.2767218389466,0,0,5.201911612562833
2,65.90979550205988,non,29.4220310449598,0,0,4.162611426331049,90.2623019814643,145.83743715128242,0,0,5.733301714761263
2,75.30289632644627,ex,28.126151782672423,0,0,4.051298290822793,82.9907350473997,112.35231302443421,0,0,4.531625822539987
5,56.94560207108099,non,30.443751980403995,0,0,4.0371345553391915,86.16501473798522,115.03280565681845,0,0,4.2455842731998965
4,70.69739905314097,non,26.968726391722942,0,0,4.905521405300244,81.05477147118727,138.98325099539295,0,0,6.375800541003121
3,40.273347550084765,current,24.822108406717845,0,0,5.462192790141726,92.18710273913773,105.02542172796115,0,0,5.713944928296302
1,40.083107310959846,non,27.4140791988549,0,0,4.457889159263905,87.37641567281354,125.71886880100256,0,0,4.3926821487687855
5,47.05516921176434,non,31.428799646974078,0,0,5.154379416222777,86.83755428411449,115.87610492233915,0,0,6.3915155449349195
2,70.71142483642339,non,31.85018312044928,1,0,6.806365040246349,88.26129336226056,149.47678134552046,0,0,5.247903407612231
5,41.555822855720066,non,29.414540790892545,0,0,5.460259243348526,89.11847100352821,112.86144921404296,0,0,3.829340891366933
5,55.90374014734879,non,30.634335596534232,0,0,4.651631655490333,83.32689397740971,148.78970152155784,0,0,4.309861849512366
1,60.91158756550686,non,27.687369519689767,0,0,4.349438868908216,85.70708483650752,104.41426970466131,0,0,4.473051290121664
2,42.76339945953062,ex,30.415889946535763,0,0,5.345302664471543,88.55346549804209,124.26314857636125,0,0,5.8503141969853445
3,69.1731249185589,non,22.231641760754442,0,0,4.367722450582733,80.72181437825145,102.37756519665515,0,0,4.925512994488828
3,40.74274251278229,non,26.412376288041752,0,0,5.314538307678196,79.97077401178166,98.94425709165915,0,0,5.003975045358935
5,38.85593811783831,non,26.88371580447114,0,0,4.103284125125019,85.37171289016291,120.79224877216073,0,0,5.110819124190176
1,69.21899849267467,non,27.070832445785562,0,0,4.878687251310154,82.32807281885657,135.50987578114,0,1,3.165163338136531
4,37.230553692235404,non,28.306373066516464,0,0,4.42820064507205,94.61752948755412,106.19159412472835,0,1,3.0936725799722087
2,79.51652801437581,non,23.56276079337493,0,0,4.279510239808783,84.18241505125856,134.41508903471598,0,0,4.890552654209399
2,27.32982865127069,non,29.300215475787677,0,0,4.2774728181722494,86.28078737308127,98.95682491765831,0,0,4.138382028106603
1,47.995564754740656,non,26.913541159587698,0,0,5.8064427749373335,81.1090904828034,124.5329843156578,0,0,4.01381510263034
5,70.83381376315143,non,31.210568276328654,0,1,4.807849812438193,62.78017136818899,130.61580267071886,0,0,4.4470709357287665
1,60.67157293653834,ex,29.234895429619787,0,0,4.4740124446429,80.17100277703481,124.45058965389174,0,1,5.4660714823495855
5,54.451637562081096,ex,30.922563475912515,0,0,5.155371090094416,84.3117318508042,121.56247314735857,0,0,3.5965321479592904
5,48.783247646801584,non,33.46465823598254,0,0,4.3861120791362325,74.5120202607258,132.38632831758304,0,0,6.101978988959863
2,64.6527421106131,non,21.092336445865207,0,0,4.815084237327022,88.45609595532342,111.66309349376345,0,0,6.392138071612412
2,44.04545548820208,non,24.730211685237236,0,0,4.698061743925156,89.31917164381264,101.91830716565548,1,0,3.8246901796426385
3,54.2797807373927,non,43.17838062996783,1,0,6.238571977422241,81.96133805178353,141.31606681397963,0,0,4.093966474337753
4,35.72424643797282,ex,29.2420775893843,0,0,4.997240121835563,87.96404364415659,104.56546184959342,0,0,5.984464601888568
3,25.306628897824464,non,23.083425413671545,0,0,3.842379316991817,86.90970154060764,87.76441026811219,0,0,4.321900703750082
5,34.281452996179404,non,31.705023440013743,0,0,4.960561888100031,87.10868494097114,111.41932664134028,0,0,6.127683939415077
4,67.94645402506876,non,21.749637835755443,0,0,4.643320589850916,84.35991318854614,129.2204717007275,0,0,4.927385368785043
5,58.547637704232336,non,29.43737196723446,0,0,4.8872812585511625,78.9189909412329,143.21463725065584,0,1,2.244431019733233
3,38.94593802652122,non,17.83036325736666,0,0,5.99564753556919,89.54865216607722,120.55391504298373,0,0,3.7389046904283867
1,30.641447312515933,ex,36.028101488979495,0,0,4.077600774204654,81.26367136260164,118.59095911295688,0,0,3.757047713687635
2,46.88978296086612,non,23.543076186406783,0,0,5.872049759066067,89.20031751995414,113.04055845713167,0,0,3.4619222208957168
3,43.302270290229835,non,29.4463445210415,0,0,4.029460259791274,84.74561828610074,136.1356667999795,0,0,6.33957060684325
4,25.076759630950352,non,24.50776767053095,0,0,4.820002531786887,89.97795442285324,111.6065313102804,0,0,5.425343579185062
5,56.8356241911746,ex,31.196665611160892,0,0,4.7398453960855464,89.64479680549059,128.13079331303203,0,0,3.8021466760000515
4,80.6289151377633,ex,31.30105421002249,0,0,4.725245204993494,79.52302142492132,137.80212277535932,1,0,4.737238891486284
5,77.85995128401674,non,25.424720757980385,0,0,4.953220221401835,86.0754829509863,120.34512333658654,0,0,3.892886536637513
5,51.27714801502676,non,27.248414866854606,0,0,6.223924461797164,84.09241770628849,123.84065488815129,0,0,6.067516962338196
5,32.004509424783095,current,20.621850464765316,0,0,4.312485997470802,90.53271285346672,92.91567056950706,0,0,5.563761759970287
5,66.5469575820592,non,25.587091654960766,0,0,4.979447980538196,85.8232971925295,127.9836676698611,0,1,0.8391386711766848
2,78.5895169363566,non,29.900648857245724,1,0,7.046228643428,87.50902933690827,145.47776301227046,0,0,4.829242195599267
4,49.0631360911734,non,26.259812754204503,0,0,4.464020500813088,89.10795488692729,138.7896616194211,0,1,1.4583617592482294
3,40.42375572749896,non,30.80630792786912,0,0,6.161472300002112,88.68839959692936,100.8511591683431,0,0,3.9793707107487792
5,61.35762493512954,non,29.188131994983372,0,0,3.624556353685321,85.86216245761877,133.5290874826553,0,0,3.9321213637790726
5,32.39152131650749,non,34.32805191227526,0,1,5.615207956579504,70.02229155559684,107.60348567733536,0,0,4.800719566104925
2,82.95204065733446,non,25.26355929575086,0,0,5.281112720970285,80.91667956873813,118.44744161402394,0,0,4.905881864815691
5,28.22423128557646,ex,27.083173957024844,0,0,3.692153007398308,92.52710436684268,117.82221867115018,0,0,5.034266858534577
3,76.64728723751777,non,25.37989156637648,0,1,5.278872995426551,59.39707875391607,141.50740390567879,0,1,0.9579516030186446
5,77.73166970034418,non,26.677990757771024,0,0,4.668604522360423,85.14116542407287,107.4553969397556,0,0,4.07454435882247
5,75.62562093947867,non,27.59741782491729,0,0,5.193432114828864,81.09993137355521,139.3132152115842,0,1,2.337785190401023
5,65.51379167978838,current,26.22289796730648,0,0,4.5598847891299785,89.49342559911985,95.16698302936076,0,0,4.322167092844079
1,76.72967176895897,ex,29.574486565033077,1,0,6.4932822250582225,79.95478693376899,151.464029817426,0,1,0.6240876799409798
3,33.20297036663838,non,31.364032792585252,0,0,4.620266015768083,94.46200483959376,98.45606804312217,0,0,5.303118186242278
2,49.17925928133033,non,29.77815190128834,0,0,4.889619074210252,77.38503029228096,116.75372739017784,0,0,4.85923428533219
2,73.48712393550414,current,31.490834941116557,0,0,4.833815720287268,77.84308136721499,106.92405675093974,0,1,2.13646256311345
1,51.26397563205513,non,25.74671873698575,0,0,5.128106176874361,91.09769793815946,123.88042884049558,0,1,4.8088241223235615
5,46.11054759017293,ex,28.34162586749094,0,0,3.862523605839982,85.29101714952334,119.42378475075265,0,0,4.101455684144171
5,69.96065087905535,non,27.893122062120828,0,0,5.667903145655199,83.42601460722354,144.4225267333219,0,0,3.4626636120277623
1,73.21736196502695,non,29.238773459467378,1,1,6.913509629622604,71.26915408217548,153.8691578854052,0,0,4.025728030394551
1,40.123482912329095,ex,35.60701834409072,0,0,4.763189121007651,92.9271185343431,121.070283763811,0,0,6.271570203238671
5,32.863681008889806,ex,23.327888718776787,0,0,4.674993569930718,87.99830265106063,123.71709643796405,0,0,5.1428715681002135
1,56.16801443534317,non,24.38746518548968,0,0,5.693359176082934,87.76694386862765,116.80168753314143,0,0,3.580654122650746
5,65.90512403053641,non,20.064864345323947,1,0,5.540709750581447,82.66833001527505,117.32011066036964,0,0,5.1893575626610415
3,75.31951761256553,current,32.30969560421379,0,0,4.888860670014137,76.92528024173784,131.89933803190024,0,1,3.5523664223731197
5,52.95144046743064,non,29.714088894553253,1,0,6.202317214608092,86.20788472904239,143.10860546518197,0,0,4.580733036185182
1,26.809697061020334,ex,33.423213534532415,0,0,4.478311797610093,91.36445516493058,107.2694737834618,0,0,6.260063936148473
5,71.82143893602684,ex,22.97945377533513,0,0,4.967041537692138,82.84565113120043,129.3866500509622,0,0,5.412710228545835
5,63.199311392716155,non,32.833471833772805,0,0,5.9901996282431265,82.91517946091729,146.4324613926657,0,1,1.559041218350051
3,30.483744187792396,non,32.3574456259565,0,0,4.246563708627246,101.43397862971018,106.71310636444333,0,0,6.355162185006744
4,56.409529412267794,ex,26.160488135392693,1,0,6.708578954256572,79.44118528743196,134.85452111975403,0,0,3.9949998219602554
5,52.00966187857868,non,39.44040451808945,1,0,7.117978955506773,84.48210961236123,158.20586397530994,0,0,4.867504105892071
2,52.06892476428613,non,25.316692589263194,0,0,5.405089531107258,82.32785883078088,133.44271350411367,0,0,5.19666904545938
5,30.365843625146496,non,25.65911184515522,0,0,4.66710185954163,92.73254741604384,116.0640099684361,0,0,3.880211370669547
2,50.54082553803282,non,23.74974216384117,0,0,5.229736134051962,81.83217066992799,113.74900013872404,0,0,4.161142015296963
4,38.91891630199679,current,29.663892153433434,0,0,3.9808056848777142,78.71716462533908,112.24152740407195,0,0,5.483916035696794
3,56.55510996647975,non,33.51718761478825,0,0,5.000794677754746,84.56982886065944,127.18308248797085,0,1,3.2675020817439897
5,46.29885291132153,non,26.643534924108874,0,0,4.771262294679316,81.94595599707765,132.91814077706127,0,0,3.6316327032436715
3,48.418654782082584,non,28.961183938280104,0,0,5.0281724611258065,90.93339635825758,136.75069208281832,0,0,5.66214415652691
1,51.73608919490199,non,25.942108480167406,0,0,5.763709943627492,88.2712053918825,122.70282947008926,0,0,4.193208392427352
4,80.64634440936834,current,34.39361141549306,0,0,3.7719408614926433,86.62222127134974,160.11735095391924,0,1,2.7269891308580005
4,64.20474175006234,ex,20.01044442260882,1,0,5.736258568496694,83.95081005917837,125.25736238767097,0,1,2.622178740173503
4,44.58483655095747,non,28.3649788137975,0,0,6.101101212176881,88.22173659967723,118.61061655188594,0,0,3.711682958574162
5,52.505415537619754,ex,22.263564104235847,1,0,6.397369402968513,79.81630157514752,126.37141387698712,0,1,0.2784397409410303
2,49.0710379191322,non,28.292902821467038,0,0,5.43091968091429,72.0645889207156,119.89999002761583,0,0,5.961206524183336
3,79.66675192583523,ex,33.34698563786477,0,0,5.9260886974811955,77.70209232736059,141.49970977818165,1,0,4.014254079204417
4,71.02198167474657,non,32.95677453044769,1,0,6.812167240655544,89.01264637874769,163.88745103195686,0,0,5.28775270246271
1,64.620819237943,non,28.54916779194926,0,0,4.63932929423321,83.66396018135923,127.55709059320866,0,1,0.9315613772979016
3,32.87423630279331,ex,20.52623113110403,0,0,4.776244884550026,87.24025768043275,96.77079891867473,0,0,6.152129826995097
4,81.32853051977476,non,23.2090516206444,0,0,5.321511798924618,80.04745437359088,120.53914519032493,0,0,6.299650253501605
1,45.989654855698404,non,30.4439324452239,0,1,4.675871210525954,68.9071916403489,106.77216282871316,0,0,4.733507989079991
1,44.71898381019442,non,37.66668501453959,0,0,4.170793513029264,90.18275704988326,117.52896195177422,0,0,3.4799163964754496
1,79.39303762560391,non,29.186539166436408,1,0,6.998258846830103,80.3389741405376,135.30283124370175,0,0,4.994708921091982
4,25.740247495176337,ex,28.941471112469088,0,0,5.61315723648142,89.106612662668,110.99651344814453,0,0,4.317693004865454
2,65.79137891356214,non,18.968552845236694,0,0,5.686051892941476,76.15634157627477,123.18736754360596,1,0,6.209391783465035
4,35.623805741902856,non,31.1891338157128,0,0,5.811872067034209,93.3551932959717,101.17459025464024,0,0,6.128820572558091
2,49.18527961100989,non,34.69138024996436,0,0,5.316205882172716,84.27482625988391,146.6540767118201,0,1,1.8092124389615616
3,79.38706857133167,non,24.909843681731612,0,0,5.152029245114553,87.12090678081316,128.79942978480761,1,0,3.637702210929152
5,70.29790386370239,non,23.3565854116893,0,0,4.957030399807876,78.59750068728194,138.00807254796698,0,0,4.251846696335554
2,49.6481409741035,non,34.26489459641678,0,0,5.0317263973271755,98.21980282154091,136.6215409084775,0,0,3.6666884183781723
5,82.99546825312422,non,22.534396994412145,0,0,3.927821559932992,79.48289729836557,135.44277239628093,0,0,4.37740401554759
4,57.05517685307284,non,33.57722099258187,0,0,5.149526132302085,83.64698570899448,129.2977479031172,0,1,2.0497031993760895
5,60.247255357172484,non,35.85219555382939,0,0,4.636785296871026,87.96729671933541,132.46090423610508,0,1,3.825461087722381
2,54.53729575320533,ex,26.377300541347218,0,0,5.2996979253190855,84.47435252417887,109.17721768203981,0,0,3.832621769358636
1,82.18514617608324,non,33.25071704695745,0,0,4.3656640220688825,83.47971335002973,132.36204567869788,0,0,4.425215163230617
1,77.1824387402201,non,30.360370109989347,0,0,4.440581043574533,94.96570348052407,122.56216379132341,0,0,4.2903164211025455
1,65.01840263974735,non,29.30866861304736,0,0,4.769465649410644,86.09686437859443,127.62763146527466,0,0,3.9923634972851714
3,64.0767150658321,non,30.446383023019628,1,0,7.033661634648214,82.33266670089714,139.35208134027386,1,0,3.7848517399335133
4,66.98623706557316,current,19.287326589277217,0,0,3.863210353016857,84.2155223937507,116.65560343837018,0,0,3.483022070563403
2,69.81034570277129,non,24.507876350233538,1,0,6.946393880617876,91.91232744560455,137.73200976788232,0,1,0.3471080675319425
4,62.70195747019522,ex,24.09284510725926,0,0,3.8400265745349276,74.73502770021493,124.53149873077479,0,0,6.106150118788669
1,38.919594247929254,non,28.527402139180666,0,0,3.8578683961514786,80.54716041690479,113.73461517548573,0,0,5.544128901519657
1,70.75970811415019,non,32.91213844061043,0,0,5.190154206077483,88.2328958330251,117.36276001171699,0,0,4.566558059839708
5,83.50364304122928,non,34.780778458812996,0,0,5.301926711561116,85.75484795900897,158.62692773849005,0,0,5.725351910281384
1,61.74908495156104,non,29.485938131555386,0,0,4.854644222959724,86.71687359261595,136.5575122603579,0,0,3.7307638885030623
5,51.723740677137265,non,28.243450002463227,1,0,7.317655274664069,88.89130211030977,138.004514579824,0,0,5.1643706584004505
1,55.92581530671188,ex,29.125583035235344,0,0,4.02272907393338,92.3367315180683,134.99228594285614,0,1,2.311079779179456
1,56.50720756847655,ex,28.331878979131456,1,0,5.847506031959897,81.20865638437368,144.50998657929281,0,0,4.83818219630875
2,73.73865076838422,non,28.1586090941322,0,0,4.708841821202901,72.1054057031341,119.33366290351046,0,1,0.20100283721122952
4,71.4217223298752,non,26.60798305853708,0,0,3.8381998006105134,85.83916859220294,122.01404211462986,0,0,4.896241487934011
3,28.745689854119956,ex,34.94042890401518,0,0,4.707811065143873,100.9991741418341,133.53108440085205,0,0,3.6720309807718507
1,71.20858135354808,current,34.983826573148306,0,0,5.0841637988772375,82.23542201366922,127.00670206455806,0,0,5.012316145981856
2,50.1383530380994,non,30.54528171766692,0,0,4.97023317987687,87.00479451096882,123.68947818067726,0,0,4.018009754695702
4,31.9032198813765,current,30.985585900492346,0,0,5.241407768876479,93.85290052966039,137.8927482988647,0,0,5.642927492139554
2,59.84342989195997,non,21.963099733894015,0,0,5.540147938758883,91.22091481353169,99.07723221113157,1,0,5.670518162917237
4,65.35921287594161,ex,27.83955036580345,0,0,4.5964122036024015,81.92871914842627,141.02106766905456,0,0,6.074996378338602
4,59.91851732892337,non,26.223593109486114,1,0,6.129190510935865,83.9418620247008,122.88410411495592,0,0,5.073697352118949
4,59.73642778163157,non,24.081249190670697,0,0,4.30387979609412,88.67519748511413,98.64916502454601,0,1,2.373945134324949
2,43.06035850456377,ex,22.48266897323639,0,0,4.825003065926437,90.86559193232375,114.05168014427211,0,0,6.309777628958777
1,57.340665246421324,current,23.112466484685562,0,0,4.793704438204686,91.28018611363689,134.74791918040557,0,1,2.0098265170871246
4,70.94284726678057,ex,31.212146288121073,1,0,5.582534113318558,84.55783652644601,147.07914157947766,0,0,5.846040382903937
3,81.48209068665435,non,25.91552703332124,0,0,5.634316692565331,74.39198923085222,135.1605233298882,1,0,4.3969574770752855
4,64.12501672679112,non,35.338052420366715,0,0,5.271213200278633,82.85377222209614,145.2820255257308,0,0,3.444878814494735
1,75.7286452387018,ex,27.350158530768418,0,0,5.646138236000195,78.31115910599685,128.27747225453814,0,0,4.942762456927506
5,39.538746619195074,non,23.974003445264856,0,0,5.3982402675886085,95.67495865037316,112.20298389428292,0,0,4.546265516699453
2,29.53379899913564,non,27.2953961676663,0,0,5.289211517000341,81.93629518038034,123.03694795184138,0,1,3.908319735604505
1,33.608257073042886,ex,23.430635453422937,0,0,5.586130511828113,93.90806864553397,105.74046445886103,0,0,4.901352572508106
1,34.40776109426649,non,29.200183022967376,0,0,5.1631019160549005,76.47642983326396,127.86369018268164,0,0,5.191808469065916
3,75.95460067167075,non,29.47685987082862,0,0,4.922048336499848,82.28059124243946,127.89482750606966,0,1,1.5245579286553759
1,69.71064383465834,non,21.483914142067093,0,0,5.748115548440312,89.68572247385882,124.50851910538141,0,0,6.0544135989607195
2,35.342450013475336,ex,32.54407689996943,0,0,3.6927330953449182,90.67214347929419,107.5329910412619,0,0,5.195032120605678
1,36.477549611550934,non,36.505352974102045,0,0,4.108876557383307,84.92132993237803,158.8708744193107,0,0,5.830051494242695
1,63.263907562189985,non,33.61505264025263,0,0,4.050312642413743,87.11227196595854,142.0202348116849,0,0,4.398011106659556
1,59.439974527861445,non,33.540830486187,0,0,5.679006508384785,86.50889385482557,117.60255953449413,0,0,4.424665742310394
2,79.2184093502855,non,33.899896077970205,0,0,4.70526869675383,75.80892884133658,139.76970701846412,0,0,6.36789799396961
2,34.448864308490016,ex,22.74310618112454,0,0,4.598818585700271,90.97324229137796,107.57554226390337,0,0,5.6520521055798785
1,33.14761160168992,ex,33.293029554890374,0,0,5.551885962368564,88.57662910808669,113.91782964046564,0,0,6.144387966742821
2,71.1866035811466,non,29.179510878311685,0,0,4.43926715313029,84.42329095450705,125.80560687343694,0,0,4.895008748561593
2,48.89843445574385,non,31.426672705893274,0,0,5.228404942383816,88.3160767959203,116.92085410994343,0,0,3.8213101476970377
1,36.71198431750833,non,19.260649822347816,0,0,5.986794515922074,88.32141600967904,82.67971402221077,0,0,3.4713667403773174
1,44.76278730428581,non,28.743442319692697,0,0,4.795970083235646,85.76746353557986,121.66559558092177,0,0,3.8240246438638446
2,41.52100817030005,ex,35.95799166693813,1,0,5.2555808964208826,93.83723558013529,129.81227902975166,0,0,3.731228481259667
2,73.97073998729928,non,25.172500113681192,0,0,4.163272682118846,79.34230123402172,143.87791889924227,0,1,0.538477029054966
1,48.36086550068338,non,28.091127770981846,0,0,4.727375246169813,88.5771324742699,115.29248117756515,0,0,5.451095850705373
1,40.29349828444058,non,33.02752503552949,0,0,4.078119414685142,90.02677513002557,97.69736355626307,0,0,4.769690263356628
4,28.93657083396367,current,34.46345326757524,0,0,4.49623135833396,91.1871944309123,105.07767110241284,0,0,5.466178538717738
2,66.16866894748975,non,23.800305584630568,0,0,4.36965143037624,93.20732725037435,126.92849504934685,0,0,4.003611056946326
1,83.3315602932413,non,25.893055454841022,0,0,4.753215192291029,77.09253504003418,146.69437496370614,0,1,1.749501668458612
3,46.279872971720664,non,34.60996808323765,0,0,5.021593238913423,93.16052303322739,129.42771915242287,0,0,4.909527407972332
1,52.98153597454258,non,34.822234681960104,0,0,4.739989929527711,82.08996658637,134.97424442642054,0,0,6.373826739103798
4,43.11689461719813,non,33.0345152663857,0,0,3.6140326969607175,92.68838231467525,108.51216922978318,0,0,5.688504201369933
2,47.030800709963216,non,32.17607666461205,0,0,5.18965390823706,92.82776894846056,137.58849309046047,0,0,5.640284844694348
2,33.594682345039644,ex,31.81413174207115,0,0,4.703425078730322,88.06671881168475,122.62987979011804,0,0,4.432854885715355
4,26.480140068049835,non,26.46219254158998,0,0,4.758497349495516,81.69089981274715,115.91093270686403,0,0,3.592177396165004
5,40.858908436208324,non,19.586759145201192,0,0,4.191492866700724,81.59600803068584,108.82460361100401,0,0,4.956399511190462
5,65.77401154119373,ex,32.941030267975336,0,0,4.146782028568095,89.10548345816419,124.4094613419898,0,0,6.162244243620023
2,81.51876737290164,non,35.96110064681176,0,0,6.145588102875553,85.15845244135893,124.10767226734566,0,0,3.769271276656597
3,76.22762634668918,non,24.089031733032947,0,0,5.0495307153600795,91.65730701990029,139.87497306805665,0,0,3.677464437271369
3,41.397210652455726,non,28.592144264514367,1,0,6.450834606178868,84.42368598181051,144.9379179332749,0,1,0.575072171093304
4,46.35228605516561,ex,21.663827302928446,0,0,4.936827654094274,87.37429880325594,101.93502026830627,0,0,3.873111475876551
3,28.176888159314178,ex,27.573557159696527,0,0,4.918345507843667,86.738169637311,104.22893823228101,0,0,4.739360041211748
4,79.42057355421292,non,32.3909093095335,1,0,7.038871347656087,78.2631244144916,124.7614285107435,0,0,6.241413062503511
4,30.95194630607653,non,25.917671021912547,0,0,5.408723382431203,85.59458045344762,135.84736700398625,0,0,5.194340516778361
3,32.55973348130192,non,36.62942357977135,0,0,5.537559663267175,87.89953829824383,119.80553072844984,0,0,4.698452209265159
1,44.78774032137443,ex,28.721478823575914,1,1,6.8273864938859194,67.66537503229318,151.67189323140633,0,0,5.828325153513028
2,75.86506274783191,non,39.96523981370304,0,0,5.1004789474191305,87.1468178836096,130.5445183138935,0,0,4.240080827654423
3,76.90202038205754,non,30.584179031683757,0,0,4.65000719363296,80.63403129067513,158.7522999577086,0,1,0.627369065821675
2,49.92717474979702,non,22.823110254094793,0,0,4.491741851997395,87.66315196982758,125.74431282636289,0,1,3.3359233185744785
4,66.78087120670193,current,34.006701822160366,0,0,4.434260919615932,83.20250105519784,154.7924807716899,0,1,1.7447320477983956
4,81.08175755545169,non,35.29429568738858,1,0,7.015448916118587,80.93523359062958,143.8577630370402,0,0,5.565971527180448
1,54.555051409428614,non,28.458586682776875,0,0,5.572237636102454,84.17780471603261,107.49123148075654,0,0,4.553069679556739
2,69.734377332251,non,40.7506384857857,0,0,4.514730952261623,72.72484944164985,117.37991985637011,0,0,5.945349083402627
2,80.34225311200149,current,21.851150590055788,0,0,3.8386761065659187,75.00354924114872,138.2890149743679,0,1,3.4874294370414893
1,76.02856916491271,non,28.697473038007885,1,0,7.15944083735752,85.42204996941939,122.62747178878735,0,1,1.9731637150601435
3,53.52278071594094,ex,28.157154448062975,0,0,4.4096033077882035,82.5571718586678,107.97057949840692,0,0,5.361077285360357
3,45.46479143449699,non,27.883710719296147,0,0,3.991750283208919,92.11651072618884,135.87131750343087,0,0,4.574958348295885
2,53.58457141432585,non,23.103689501298767,0,0,3.3084349029583238,91.97903879649985,117.31949123470224,0,0,5.212860697153926
5,45.136752293306714,non,30.357070136516757,0,0,5.495329234804644,86.95672062288125,121.61729817341035,0,0,4.764791939653033
5,39.345292456570974,non,21.439802413206976,0,0,4.190121320039375,92.71106730697105,111.11946123604646,0,0,3.851216090957151
2,43.06583092382093,current,24.491084007714655,0,0,5.401181412665405,92.39748345336243,106.12363329126804,0,0,4.505942394708654
3,50.628199950735464,non,32.42281375353045,0,0,5.102381101226459,90.35280980483576,129.2537755581272,0,0,3.6867734674349135
5,39.016346303336796,non,34.25818359672444,0,0,5.070117512897957,89.25734728206459,147.03662675004867,0,0,5.860441402979432
5,31.381736188694404,current,23.327650392183557,0,0,4.579575715466817,87.93065581347311,135.95567478580162,0,1,3.534882259485026
2,30.371774278740915,non,26.40106014060255,0,0,4.931080880762178,97.0186876467327,136.1273128090031,0,0,5.618111809698837
4,52.31940340941521,non,26.266026957756434,0,0,4.780424656282313,82.41143364293244,124.82456791387379,0,1,0.3992908880613781
1,29.302781977699933,non,28.7910626189938,0,0,4.930654346097994,95.70612108639219,109.26867143974215,0,0,3.456942418100531
5,80.78899662129724,ex,22.97120101292387,0,0,3.9803582228550347,73.21395636401118,116.89783504510254,0,0,3.79353312444957
4,45.791948396595515,non,33.76512110556201,0,0,6.141751285896243,82.29254929716072,117.36223218257982,0,0,4.227061689106643
2,44.76614293196346,non,22.7899269658499,0,0,5.28867099190188,87.31724120476763,132.82953096347256,0,1,0.24633719342332594
4,46.48967530740982,non,29.502466495375806,0,0,5.550384093943293,86.94865644196913,127.72735089095772,0,0,6.117688326469503
5,74.23346414220954,non,29.671605478696925,0,0,4.320592325721671,86.30591522686122,129.87178695286977,0,0,4.072266651331239
4,39.38330452195672,ex,33.54510261910208,0,0,5.469398803615541,91.82565786057262,113.70746680809724,0,0,5.612613976896408
4,74.33501537570541,non,20.520107348549,0,0,4.027259366006297,78.77911261472259,122.77956671484793,0,0,3.530728767553992
1,43.347314348727984,non,25.740527376938537,0,0,5.214236948129532,81.61680273103568,113.74980374675262,0,0,4.203811610451032
5,56.42015626355435,non,30.14740027147121,0,0,5.161974957912296,83.8891391203049,126.25127032357703,0,0,5.5307825300002165
1,35.10354476504969,non,32.31002340597852,0,0,5.1552143100756185,86.91959647534048,130.99937128051414,0,0,3.877848163820943
4,55.044010388125976,non,23.609070818134555,0,0,3.3445468266416833,93.64580493584377,133.8436295642546,1,0,4.055989839954552
3,82.47541184152107,non,26.811474880883548,0,0,5.082152243712199,84.60783990906711,124.30220287502416,0,1,0.6548210609400781
1,59.949510317820575,non,34.08944642595041,0,0,4.80795081111833,85.68880477346374,128.5537054036636,0,0,3.6072912530853865
3,31.200229454766422,non,31.153902798050503,0,0,4.589025563096156,92.16576210318948,106.92223830867036,0,1,4.88301562323235
2,49.80925570534239,non,33.4334937593597,0,0,4.4048276763483925,86.23532330928161,164.98411848276896,0,1,4.681070668662559
1,80.0970429056649,non,25.10978342706347,0,0,5.389262915016551,89.04106918314528,127.27693856114008,0,0,6.192134981331832
3,40.865023657590406,non,31.590082586912622,0,0,5.648048092955565,85.6764158682987,122.31299651171012,0,1,1.3468656765474907
3,49.405255017064356,non,32.21871986426217,0,0,4.347793330175741,82.79406353345186,128.74075524731902,0,0,5.90295067188983
3,34.67887156915434,non,27.56738561609793,0,0,4.4015717173845905,87.72731961442302,107.93754841588868,0,0,5.44474826171972
2,61.77226551810814,non,31.904905831424305,0,0,3.8346526421546585,89.52670087722063,134.63040692837893,0,1,4.121013956473183
2,64.89795811079065,ex,30.508742621631157,1,0,6.392416187540026,85.13104168279327,140.86925688175447,0,1,2.561749542289298
1,70.50970239199866,non,33.87833022552467,0,0,5.9751652610321395,78.69753521761109,134.32651863187513,0,0,5.1584957782363015
4,57.140855066226734,non,31.8593666975562,0,0,4.051786780960369,80.22815469578948,139.7436767045455,0,0,4.269164399015601
5,54.19912862435754,non,29.24306993493083,0,0,5.228969228516482,89.91206168391416,121.05239667077257,0,0,4.197441727825226
5,82.98565421551172,non,29.96748049581961,0,0,5.3910848921905234,80.70588520791323,138.7970052470312,0,0,5.708961493343347
4,76.01334674618556,ex,23.658072505010754,0,0,5.29028194813867,85.01388902213493,124.08920736275937,0,0,3.7930431944773275
1,65.90929142876382,non,37.90380275948341,0,0,3.784134807653238,88.28041801627492,141.74089690388536,0,0,5.20783611167697
3,64.51197467891805,non,24.937993978477728,0,0,3.9474329487365734,83.69006728524788,139.29029647877104,0,0,4.2494184057150095
5,83.09174653288008,non,32.46612525668344,1,0,8.059912702568425,83.81567204670442,150.1491193157807,0,1,0.8451702778426097
3,48.06873500435634,ex,25.094206375039484,0,0,3.699245392923559,88.50825645052493,129.9527108371717,0,0,5.3249158635624285
5,31.02355185824725,non,25.46335290185658,0,0,4.544529806717803,88.44952816358075,107.40820831330248,0,0,4.980606821993597
4,76.87443080613207,non,31.544481225930298,0,0,4.473090582428256,76.7381155042863,137.16865951878606,0,0,3.4904819877384705
4,37.58687812866567,current,30.36852754104653,0,0,4.816309509113665,96.96811569838476,132.60930767835586,0,0,5.9797002859367225
4,80.24166334626015,non,22.695167579356646,0,0,3.4305173094989065,76.24107486211005,132.19110571981443,0,0,5.763479706159389
5,84.78261401051145,ex,22.64804021421725,0,1,5.115186638522033,67.91206675175718,146.438900223356,1,1,2.296182380824596
4,40.49955960083515,ex,29.574374464438517,0,0,5.015934104546329,88.03663784794036,102.59411268229015,0,0,3.7971887569800193
5,53.44167436668511,non,24.751398865824044,0,0,5.832560154890524,80.27311175505574,106.72408732501711,0,0,5.836068750841482
4,35.21702922049252,ex,30.49880684546405,0,0,4.381480245854996,95.98839207759227,120.52341926607883,0,0,4.750162497443654
3,45.250746035851456,non,17.76233869659037,0,0,4.063345668559816,82.09541395794751,98.52381678778353,1,0,5.4640956296452785
1,40.3366173504824,non,38.39349029266194,1,0,6.277660167457697,92.99443179177561,153.6354941913754,0,0,6.319556234107951
1,37.85691156836835,ex,31.133468611803387,0,0,5.283036215483001,89.77961649467204,128.8925679055359,0,0,5.239801245616691
4,55.47567279145109,current,31.25824829218053,1,0,7.078109031776274,91.90649582872328,133.0491499315898,0,0,6.127478228331434
3,31.24600942026639,non,33.223722360267566,0,0,4.468424634746078,95.09710398148773,112.25964153459506,0,0,4.585990589175243
4,26.42830253311433,non,29.1250446742183,0,0,5.0900739333359395,87.39276013107022,99.46330681608069,0,0,4.305320007898591
1,37.87562145295056,current,33.46907818119657,0,0,5.144263271979571,89.60231435477988,111.54933069826866,0,0,4.837893285879855
2,49.36521327994119,non,27.422919106318858,0,0,3.59653307898782,99.9230056716357,105.43898251069636,0,0,5.68013372921774
1,58.55261984902679,non,28.57578828898803,0,0,4.632790197764999,87.42806452845288,137.9502533356359,0,0,6.191022404663512
4,83.7555705039014,non,27.922952109200686,0,0,4.280970169395439,81.02771816688806,133.23918300526316,0,0,6.195738711467646
5,58.22166924916723,non,31.86022682445157,0,0,5.326209112414653,88.97515778713581,112.55708517491975,0,1,0.9140043089673531
4,51.461842574272644,non,25.59764717278618,1,0,7.396675481918146,90.33765890925453,148.32217751012158,0,1,1.462722012872125
4,36.680482595192984,non,28.877159360139693,0,0,5.362027766866402,87.03336551722496,84.91904542948754,0,0,5.91966168411207
5,44.21526399571763,ex,23.943627641749792,0,0,5.896078074378147,90.23484227815338,119.88283329193031,0,0,5.302338652869292
1,27.612236378241146,non,37.918254671903455,0,0,5.478913960350797,87.46852733086791,148.7293738703382,0,0,4.046969432487048
5,58.44307307887513,non,34.554637450203934,0,0,4.887516275441895,93.23910386851487,134.29991371955154,0,0,6.092218161155971
4,76.60317193483641,non,25.949948643273267,0,0,4.662263970018041,77.6131872481597,129.10665976663327,0,1,0.519058235146283
4,54.168593245905384,non,26.250463977837434,1,0,7.24522363922781,87.12259006598518,131.92893028124274,0,0,3.746184181017383
1,71.92017149266192,current,31.0884663353267,0,1,5.741879794550863,64.31794242279503,127.4512590652525,0,0,6.040028784718043
2,32.79863435851763,non,30.715657740237514,0,0,4.202054003961486,82.06818065862277,139.98910151246474,0,0,3.526460765571973
1,38.834919086415596,non,24.074164506172536,0,0,5.327177188609077,85.77657085763244,111.97000777856078,1,0,3.80907396192139
1,42.76169464415507,non,31.045119933596034,0,0,3.6428390645565902,96.39656425836854,146.6623763837417,0,0,3.735045921584561
2,41.02094685856423,non,30.794378805244783,0,0,5.212496043023314,79.20069873648553,123.1060009105006,0,0,6.010885255971685
4,39.18830814049519,non,29.173015343656044,0,0,4.1486330681696435,91.05992812922585,103.87605155027705,0,0,5.079894728365362
2,83.66985086579044,non,20.394823877765617,0,0,5.6422495985150185,75.42615220943263,125.23914140092852,0,1,1.4075799056038465
1,82.92849952629425,non,29.35259591587416,0,0,4.259289222054998,92.0579892335205,141.68297917338342,0,0,4.566051196981654
4,31.440019074709788,non,19.84373666764813,0,0,4.209816410617744,88.48216222946444,116.7209335832288,0,0,5.741977877348775
4,38.37594846823276,non,28.829974546912375,0,0,5.246901677982805,96.76372826502589,94.67487374762499,0,0,4.383849662967835
3,42.77340190917805,non,28.11809574823487,0,0,5.488452555004308,77.9331401037849,106.28823784737635,0,0,3.846518517506409
5,78.04578173100134,non,29.955152168676587,0,0,4.786911260311853,77.367564887647,134.9466046788492,0,0,4.542074547195557
5,29.112318769103027,current,24.292079150260186,0,0,4.908449448017445,99.17263693754967,124.0177590532173,0,0,5.972876845189539
5,66.18813700116146,non,25.156365967399065,0,0,3.9657554578110377,75.85513445060332,120.59124979557353,0,0,5.3512726933731205
3,56.81161276299592,non,29.989824541986135,0,0,5.137157990324063,87.19502432681875,124.6866840956608,0,1,2.649238250235462
5,53.39796092500993,non,25.588795387474274,0,0,5.319676412350286,84.54836484684292,123.41159990354764,0,0,5.148380113588944
3,71.78983203724421,non,28.808264636148657,0,0,5.056895535799469,76.18529115385874,139.2010814328867,0,1,5.212570554917517
4,37.73557177963417,ex,24.804620911692478,0,1,4.762063914567675,70.09009207912874,84.76202097875922,0,0,3.713798469233112
1,60.41742206352122,non,34.14810883716523,1,0,7.016868405815671,75.22056537864175,142.61727835137958,0,0,3.73104922530291
1,31.311458655151824,non,24.678183654421183,0,0,3.843209662418651,93.74815530580514,116.10389957733035,0,0,4.514897870592587
1,56.77492617444182,ex,22.48728869992833,0,0,4.9222013708694385,88.03219489236534,118.49500369374523,0,0,5.799149115345614
3,80.91614688109955,non,26.222853611869372,0,0,4.4505950441998605,68.99502641103732,134.7852735383839,0,1,1.6717054282904746
4,70.80996912505971,current,31.107418787430383,0,0,5.029999839881066,68.1885237485174,140.22157171275714,0,0,6.339964938000526
1,76.3826970644708,non,26.671505323831703,0,0,4.096622934434889,78.30337631190547,116.60148333731335,0,0,5.197914872579764
2,75.31705996546636,non,28.50548683036475,0,0,3.893643712635771,85.47841261496625,140.50436885507358,0,1,0.3926318243005445
2,45.08705582454996,non,32.66870816677246,0,0,5.029220308266592,86.77850736020909,150.5970947335051,0,0,6.21325524025403
4,34.91703055694756,non,27.063492100851164,0,0,5.540627879057633,90.65562101208477,115.27786657140469,0,0,3.8364182825976525
2,71.51741882895095,non,25.471399460825197,0,0,4.643387152462498,77.40346249953782,152.30408251523446,0,1,2.951157858437627
5,33.93651126358985,ex,32.28932211837338,0,0,5.397327493169401,99.36712345618132,143.77247265973284,0,0,6.303351164170993
1,51.454284533632475,non,32.32317357519614,1,0,5.569788068329448,91.47402211642881,150.0731745026882,0,0,3.4387291778291984
3,33.684717502758474,non,36.27217101213903,0,0,4.503840279780462,89.79956885342773,135.86553090044671,0,0,4.147637030717445
2,31.61654268752318,non,28.487563813180508,0,0,5.542453619306042,91.29584988471296,105.9203797242369,0,0,5.407614643112495
2,30.64786900304803,ex,28.743834002034905,0,0,5.46883374691961,96.69081878507082,129.5336886658857,0,0,6.003318123983871
4,70.53733401591573,non,26.285265307631104,1,0,6.125777138298592,87.5069218502778,130.77926799402724,0,0,4.932665326893243
5,64.02108682808925,non,26.382898171995397,0,0,4.381719501095499,97.53439821013845,117.57923278582636,0,0,5.166248076754474
5,57.40996446295046,ex,20.233401951975456,0,0,5.097612595421599,86.81137155539996,108.61136857673142,0,0,3.96263857985924
3,74.82428336248303,non,26.214284449830572,0,0,5.129535603195431,78.97729249993645,134.02745804802706,0,0,4.549842018560892
1,45.3807517777242,non,30.768644406521773,0,0,4.86329299471242,82.1779510289851,107.94248249049838,0,0,4.459993818064323
5,52.31926510102016,non,27.562064932138846,0,0,3.8873610010019055,86.3743191578781,114.03822725144026,0,0,3.996527789764576
5,39.770096471451474,non,31.959906340120853,0,0,4.63523259747482,95.34600338006037,116.09214275783279,0,1,3.1746874617016214
1,54.878122595350696,non,36.32330709844775,0,0,4.625408729731334,87.22168234402226,140.9935870034829,0,0,5.058627244300766
2,37.20661068137878,non,30.541120306139973,0,0,4.540353161485698,95.06797677328622,114.86280063266506,0,1,1.6301287958938813
2,48.83954697825018,non,31.99226103489149,0,0,5.139501398129172,84.67391317525637,123.64001665031338,0,0,4.185657698660637
5,76.73124208989282,non,32.2443040175516,0,0,4.658392760624,72.76452310276728,128.0253505474765,0,0,4.802695755755133
2,27.34749596393246,ex,27.228587869632765,0,0,4.9474831258403835,86.55841809821518,115.4487092234225,0,0,5.325975164890227
4,62.695541397956795,non,30.255070116024267,0,1,5.126678794098949,77.83211989192989,146.8946772977977,0,0,5.799057436454217
3,59.385038932154686,non,34.07130449128043,0,0,4.986396240280264,94.39549055913018,126.31016875068903,0,0,4.712716400904183
3,28.737980202970917,non,29.712482688333086,0,0,4.717981036876791,88.95981444472531,111.18165332829687,0,0,4.893061991677969
4,42.840132796140196,non,24.64163305266135,0,0,4.729395047488568,83.91515514475098,122.8795277198549,0,0,4.696702974093947
2,33.41479085815291,non,34.827009261182425,0,0,4.6244735295055195,89.50617005780012,162.15942079084087,1,0,5.273125329801633
1,32.41161200611901,ex,31.376808031231263,0,0,4.759428443630647,89.46250356339563,113.3227392488638,0,0,3.6762452074425687
3,65.25538085199676,non,29.253431751376826,0,0,5.192589932188642,77.61923577255412,141.41229013423796,0,0,3.908832075685557
4,55.844374105949434,current,27.627142884200946,0,0,4.035622853408364,88.3760513260739,108.42455005849999,0,0,5.499048389508669
4,61.676229168123974,non,25.542306692866536,0,0,5.630359189671892,80.63060439100529,117.60302402813291,0,1,4.486070144568639
3,69.62939203924503,non,31.939957591838603,1,0,6.087064644804346,87.66122855982873,145.36108877784332,0,0,4.9446056422124
2,62.81512081111707,ex,27.926233595870272,0,1,4.813410489359622,67.82716344605292,131.02836599694675,0,0,3.857955033670322
1,47.232978789985424,non,34.48897946549769,1,0,6.2924489684170375,82.47770693984113,131.09493509020623,0,1,3.652302768161751
2,57.50029873115403,non,31.730025114316746,0,0,4.891596589696724,78.62283285928417,136.3100282950875,0,0,5.479134724367714
5,39.77787811188023,non,25.992981666684713,1,0,5.895918219231262,88.25271742359584,112.01599292534584,1,1,4.81410210936526
5,38.29202227795679,ex,27.48521626607787,0,0,4.529815430229022,94.84386381931844,124.43069144496515,0,0,5.910931401839359
3,52.76988884127009,non,30.269222355419,1,0,5.63406960391219,84.15363504515629,135.8338113684242,0,0,5.157563282862535
1,63.99287309729748,non,34.29310426178256,0,0,4.760809075790274,80.39524576335315,144.16801970752576,0,1,3.796336973667772
2,72.91371557728407,non,26.79718349710887,0,0,4.199858377949496,80.73189724586581,132.818137714762,0,0,5.662943622685628
5,33.023525074884354,non,30.776557514833033,0,0,4.991546314582801,85.59851251446091,105.00781249283452,0,0,4.837214375122445
4,82.94580795953655,non,39.58811487053447,0,0,5.357811734762684,82.41867120057914,153.4372930753106,0,0,4.556142815690619
5,59.2076469304766,current,23.314272799536006,0,0,4.355636662187762,81.05500294018832,104.15143975936375,0,0,5.21014981366495
4,77.24830397181456,non,29.646914619196117,0,0,5.609078730983641,86.14119008332993,135.52541917484157,0,1,1.4879017303100743
1,49.54665694563786,non,23.603298921819874,0,0,3.8688378622711657,91.2712218710242,141.50885095467544,0,0,4.056864723005798
2,52.40998549180786,current,31.940950761691333,0,0,5.221613238754539,87.67384208745518,119.29950897324369,0,0,3.93193923827632
1,32.93938018985834,non,34.195351191036046,0,0,4.6387798511919955,93.61452767639996,117.81533404103054,0,0,5.45506518966252
1,32.87889557433509,ex,31.59476992398832,0,0,4.692658133686161,93.61381133108996,86.72141311144198,0,0,6.227087086928323
5,71.69095461076864,non,29.486631794422497,0,0,5.35350842039918,88.1748438341278,139.05646494295175,0,0,4.385172876906661
5,28.030173052125562,non,21.84596673253154,0,0,5.103642815045093,86.11928741111221,113.63552774851172,0,0,6.03531719411067
2,61.46655355300551,non,24.401511673819,0,0,5.528332082463407,89.12760394697379,95.6233968389503,0,0,6.275418695424925
4,53.04835871801795,non,33.90755287018471,0,0,5.2979860741584845,80.83554089776246,119.14517779306462,0,1,0.694963864705926
4,29.309922164789903,non,31.521885730763834,1,0,6.913479383070586,96.66475249573828,129.9579013554838,0,0,5.5722611680374285
4,37.25953526324769,non,30.628060199863025,0,0,5.046244031866834,86.77322128972075,132.10883474963214,0,0,6.31915216775476
4,66.65852850971864,non,26.239046859206187,0,0,5.172373585841331,84.89301375763708,111.94126590524155,0,0,4.619584388254576
5,81.26572399247036,non,23.47806233731687,0,0,5.046319777088828,76.63433430230982,118.48457103406034,1,0,4.822595731515033
3,45.51532879007702,non,31.85065774580178,0,0,4.168095510694563,83.75608160916553,122.56628334565588,1,0,4.518718901867148
5,79.51435293946552,non,29.536502458754082,1,1,7.82579240900243,63.76204617118766,167.3286415477928,0,1,4.784119144077677
2,49.53125921608535,ex,35.515654551056365,0,0,4.544769717811199,88.82983754513548,110.11829434580991,0,0,3.9114440126585763
2,58.46154629153184,non,33.34771112952598,0,0,4.255395563782038,81.34164464021272,134.58158528917906,0,1,1.8997671097181825
3,76.09553434526939,non,33.946090128314374,0,0,4.573714735600319,73.35312797111145,130.21174768905013,1,1,1.0428073947867043
3,27.061678220067908,non,27.915445062215493,0,0,4.602891638748529,89.71734053798878,115.95793265895944,0,0,3.7302297675126432
1,42.25648208446233,non,25.108117695479056,0,0,4.93890152741957,93.04672695695601,99.4067853485527,0,0,3.6550947655246286
1,53.80436158318662,non,27.36816780777624,0,0,2.9370540180256555,89.39028994617891,125.46281307456007,0,0,6.304753195193527
4,57.19122068035009,non,36.08488860565689,0,0,4.680146040097713,85.91483919291677,113.83996205046488,0,1,3.8204317301640107
3,36.51097323022416,non,22.156939826471294,0,0,5.988888293718308,94.16409463507472,121.53284749817657,0,0,4.129315815037146
5,52.87230122634679,non,29.955669254799695,0,0,4.213839464162736,84.966953537137,124.11415885866072,0,0,4.441034893689431
3,55.15088825416313,non,26.018242773750444,0,0,4.406141776287213,84.53691248894556,149.31282763616053,0,0,6.07812688567487
3,76.72015463642356,ex,26.570835140627988,0,0,5.146572344560084,82.92345119996489,137.48276877504782,0,1,3.202258120047307
2,42.73918317730487,non,31.488832778236763,0,0,4.505880493072356,97.4746229495348,124.60608004746273,0,0,4.354924396582862
2,81.19604175108867,non,27.971245666565203,0,0,4.786096105207721,73.8971419145702,135.71077058164641,0,0,3.73699292105974
4,64.08266956080672,current,23.75897365901791,0,0,4.159833262948296,75.8942035895206,129.62388399772155,0,0,3.8971053456050626
1,54.35531596931257,non,24.372046883492196,0,0,4.226702317827033,85.58660565088852,119.53103184141264,0,0,5.244455847055914
3,45.39963859437946,non,30.94912917711135,0,0,4.628833576323782,95.79687863901484,131.6721414611607,0,0,4.1170919160913995
4,75.4758437830983,current,30.5535529882555,0,1,4.68475265161953,63.71499941214621,134.41253140588097,0,0,3.67395352443681
5,30.74812638432622,current,29.12379138481765,0,0,4.303455144996528,86.72964123573378,107.54095073732913,0,1,1.1096223703200738
1,39.185027093712264,ex,28.971960783741565,0,0,4.864352742585587,88.58304137298235,130.9071191232433,0,0,4.543667082100517
2,33.67647023277772,non,34.47885703916715,0,0,5.092221018852508,86.70715288930201,131.50235077489964,0,0,5.279722757056275
2,29.996672435551723,current,28.78750052034274,0,0,4.911163692139997,87.82475984109061,104.3969917373177,0,0,3.5927816603160383
5,83.41051180586649,non,25.766297286968328,0,0,5.797524292335861,77.85784264200113,136.0047929235184,0,1,3.911262279800712
5,51.48896299444468,non,33.86248032123938,1,0,6.733296907448422,94.09196797645396,112.55184979744263,0,1,3.804088833433464
5,30.07860062335559,ex,31.416111008782607,0,0,5.167280897268219,86.24342728683389,120.47179383969643,0,0,5.039601289086532
5,74.77652560484755,current,31.72084808331516,0,0,5.532877891270391,85.9213612711869,150.2183595863889,0,0,5.901366121540267
2,79.77983379879831,non,36.38466123647829,1,0,6.906855018673329,81.7428204148497,149.11627538112202,0,0,3.41879320542858
5,32.02369704529452,ex,32.688885652390276,0,0,5.972649672278554,87.29702208873,95.79843474371617,0,0,4.446770341804978
1,83.41686542869004,non,35.37526741912639,0,1,4.290847460602878,61.77313279232182,144.27412718303358,1,1,3.398583186107134
1,50.466885715767546,non,32.674683999490156,0,0,4.5775000153265175,90.11897167992785,139.79984087702113,0,0,3.5583596932884123
2,51.40911353713662,non,32.63809611892997,0,1,4.284879031031288,67.1046136002663,135.42478600013487,0,1,1.227384788783668
4,44.74908502544123,non,30.654066990471687,1,0,5.2943440318753865,84.76474004771032,131.6252827540277,0,0,5.444424007453854
3,74.4023556932384,ex,21.5121309802797,0,0,5.655438843477306,85.80368031632514,131.91875059418396,0,0,5.429529165524238
5,52.152237281803735,ex,25.71946598526973,1,0,6.868718786265269,88.96019551908623,109.3249135979198,0,0,4.780114038049752
3,59.04513895075733,non,27.125108229897513,0,0,4.992271185319089,85.24152617431298,129.7266915670196,0,0,3.4176310673400274
1,37.89309120709824,non,31.39889539397275,0,0,4.71355176345157,90.8707241055861,114.2328958915673,0,1,2.2231090077293656
4,79.38707806250868,ex,26.320833267140166,0,0,3.8963083010540567,84.54367181262873,136.51105133162304,0,0,5.248861901700351
1,33.77892005625121,ex,29.57452993549319,0,0,4.94543467765669,88.62961041976715,113.02868579777437,0,0,3.5716942215087832
2,73.91104632296253,non,18.77210501655967,0,0,4.115545722853435,81.53624801451168,128.99147763848333,0,0,3.701531457876281
4,81.34349163549109,non,26.409557247868875,0,0,6.669492177885558,79.72850672623932,133.77087542138162,0,0,4.139517070205322
5,81.26033699124963,non,31.560012018659464,0,0,4.271004416784097,73.75370622654454,129.20830364173898,0,1,3.541942120705148
5,34.472204290804726,non,26.142976289820005,0,0,4.6243713327418146,80.87906036961651,114.21581768009588,0,0,4.352231987013181
5,43.547617560720695,non,28.595104596927825,0,0,5.195136960459092,95.93100756676529,122.95637786178652,0,0,4.068105437181352
1,47.50965782065891,non,27.547126294975435,0,0,4.654387493404167,92.72157121308113,138.63086763952822,0,0,5.29614314224195
4,45.76160516575729,non,31.465697702866265,0,0,4.805286581974898,87.06217273937929,105.70864456444606,0,0,3.9315790075852233
2,69.55657271918957,non,31.902811704286812,0,0,4.451869800657349,84.23154089716176,119.06095772142788,0,0,5.113941302930344
5,81.24316925062179,non,35.064093570453494,0,1,4.901053929098413,70.3844657135626,145.45393885591415,0,0,5.555453280033559
3,56.61916318526277,non,40.442888025806226,0,0,5.083535968127002,84.55767960538113,136.1540296992161,0,0,6.066053063786651
4,60.66992658034166,non,20.383502239564038,0,0,4.286144002706132,93.25925461982683,116.50920520566712,0,1,0.32976863656654
5,25.579971644304443,non,31.45891121148256,0,0,3.627941327844484,93.28449379989162,126.70690763515498,0,0,4.555777189118788
5,76.12002276361736,non,23.952475955758263,1,0,6.803172189506272,83.97920806354793,126.54462930390375,0,1,1.2931294937190654
3,29.253850993734133,non,32.43143369776481,0,0,5.00672666696459,94.05997674934457,106.32417934875532,0,0,4.4182769130559585
1,31.65462396623558,non,28.420577850779324,0,0,4.6995693759990065,86.69459715729695,114.42075678878432,0,0,3.471649791511844
4,51.75372738156682,non,31.323575870763094,0,0,4.42009296470029,79.66666457986673,142.1520639813379,0,0,5.439533120429509
4,77.36995983330183,ex,29.533180634397528,1,0,6.275702573158561,82.52456529211189,154.4805179951576,0,1,1.276326117785755
2,58.48026854020965,ex,30.950985185003354,1,0,7.308332989876801,85.13108257750159,125.88840397753964,0,0,4.081535337781432
3,58.2725136627365,non,21.27350383106575,0,0,4.572920480072265,86.80189913834124,125.40555779384158,0,0,4.678821876915162
4,60.885064034199885,current,28.34978410816832,0,0,5.910660715359581,79.85995521236126,148.02707498408287,0,1,1.903844664705789
2,77.13680648712057,non,32.54641375190246,1,0,6.437348088763732,86.55399027328953,156.0103437700515,0,1,4.375976681349391
4,65.10110517657189,non,25.680750055261065,0,0,5.433998364989542,86.33244535241447,97.08893451993782,0,1,3.121457451706989
5,76.9117658782155,non,33.422645708564616,0,0,5.2913420950937855,86.93877613369985,124.9224682014164,0,0,5.759886979639859
5,69.12208956338162,ex,20.27867251945448,0,0,5.0326844864429034,86.19239168203119,125.55880683723923,0,0,5.367322303430841
3,51.98803993591926,ex,32.71066332406637,0,0,5.682313914253444,69.7240022645113,117.59633792630818,0,0,4.849512442482706
5,60.25562449390896,ex,24.776843134759353,0,0,4.572987261237578,87.37438350624815,113.7659462381653,0,0,5.118992542015713
2,63.92629988581304,non,24.826548370653327,0,0,4.534871607596857,84.04719823621625,124.14605044447117,0,0,4.388726788021953
3,79.76589976572028,non,31.240949971660992,0,0,4.320757034065404,84.9600153420062,138.14343283227137,0,1,4.4652524667158655
3,53.822588071908655,ex,30.859962550416462,0,0,5.303407418957346,89.01429489386155,118.29864746095681,0,0,5.021029033645297
2,50.58388853629559,non,29.571343166003356,0,0,4.739196605738166,93.03822537442696,125.13242806015019,0,0,3.9697327935654156
3,45.71778261163964,ex,26.55927039868939,0,0,5.49302905779072,82.40557764014876,129.60149317359,0,0,5.82225140535799
2,55.97306946364851,non,29.016875277331817,0,0,5.075254766957534,77.0791332304761,125.76162399488842,0,0,4.059824747378574
4,82.75508936547013,non,38.02240380451029,1,0,5.511310061935299,80.86441534245851,137.0346773327235,0,0,4.924936163472662
5,82.89614382115461,non,27.2627379696744,1,0,6.4891101394361295,74.6313400134823,146.41563022996456,1,1,1.6592719567959846
2,81.66838683190241,non,32.31769192623491,0,0,4.929325921651646,90.43152230451456,124.62832637583729,0,0,4.0807422110852185
3,70.4896414477584,non,27.434766652805862,0,0,4.507462433797983,90.18295248154968,129.9066211762499,0,0,4.924427589616792
1,77.04090922253891,non,28.326746931816317,0,0,3.819712964074461,76.05606033976524,138.24841547576133,0,0,3.7737036377106863
2,37.76756609680061,non,38.45917314410592,0,0,6.389208567407086,94.22811488360074,120.02940430366294,0,0,6.092150079915633
3,53.74310052923505,non,23.59450212372512,0,0,6.192344623294263,86.67059126141136,133.1975775054198,0,0,4.724809593912068
3,49.49960722753958,ex,38.50303619385262,0,0,4.778693317713368,81.73024706697261,129.16509845483088,0,0,6.040938828288011
3,33.87001743346522,non,32.8159685151805,0,0,5.984380118253969,88.31339056605782,119.31219502959668,0,0,4.61501034129755
2,54.178684356134774,non,28.626245747575048,0,0,5.089129593897453,84.71309516149265,148.47050701346154,0,0,3.483565328647755
4,80.53444724758668,ex,28.368693528810045,0,1,5.835733790543974,70.11093180445924,112.58392693754128,0,0,3.4208139704999767
1,38.63179886201739,non,31.953747915118505,0,0,5.6677868584157665,90.71293296445634,127.66062327708894,0,0,3.7849601694114083
5,48.548965265946705,ex,25.007736110642018,0,0,5.328465525684698,94.61931049203278,133.37772430342307,0,0,3.7780599675382867
1,36.36385128606779,non,25.29767145296158,0,0,4.060829091926422,94.30155230710204,115.25907657327276,0,0,3.4900605895374355
4,79.69936691191273,non,29.076529171005017,0,0,4.582448859266647,89.71706790037928,139.6123041743944,0,0,3.8364822841170168
5,66.64630511689316,non,33.84206706397813,0,0,3.862212904796535,81.74105939331433,145.75552183075095,0,0,5.421770804774811
2,83.60429744486473,non,32.08218837826686,0,0,4.943762553085339,75.38629346134917,142.71443353893403,0,1,3.7657050301969837
4,81.80564364759431,non,20.749360841192733,0,0,4.419174304228428,78.7956078399109,132.5322908692392,0,1,0.11945594832210309
3,36.864351304920675,non,28.38419586335233,0,0,4.527475118999982,85.71698848743381,124.34852793891314,0,0,5.136204949226656
2,68.89345954237511,non,29.260167440163016,0,0,5.125470309623163,77.68485484868174,141.8203789348152,0,0,3.4744312609883607
2,34.34148289445439,non,28.130002666722497,0,0,4.6905470831685605,92.2630017841584,119.89622731943359,0,0,4.561040092821834
4,78.101643381543,current,25.450768371386726,0,0,4.307440268068802,79.10289922848116,109.27260414256651,0,0,4.661396130111559
5,70.99337814946426,ex,29.8030962819784,0,1,4.98524641677108,71.33860164040627,142.50429786134075,0,1,4.393957462055692
2,74.68628601747021,non,26.717977591292343,0,0,4.983793252193418,83.8026313936851,143.91562729601566,0,0,4.140400401864484
4,68.28888047527991,ex,27.8087162404233,0,0,5.3421063012711025,83.18031703662257,116.59898483115953,0,0,5.411336392101554
3,35.62494857371695,ex,33.83410201745244,0,0,5.597555168353887,81.25030322838583,97.72554913013138,0,0,5.181997674843737
1,28.03655359412879,current,38.19850749451834,0,0,4.863654590675524,97.83157819282357,137.884240180573,0,0,4.0737586039706
3,29.63895637547044,non,32.07741298668554,0,0,4.298519757661969,95.19009985979237,108.10106639036273,0,0,5.829765718304628
2,47.957116995889606,ex,25.94674067688722,0,0,4.39592192068302,93.27065903145616,96.51873656537623,0,0,5.999623954273503
2,75.53435420815768,non,31.25020876751313,0,0,4.008858597460982,78.49014881001149,129.7692933612926,1,1,4.80629900330112
3,27.99764645959676,non,21.01874178809802,0,0,4.828045759486822,96.07841146375506,105.31967275718847,0,0,4.939295808395279
5,27.769632299555656,non,32.93827271037971,0,0,5.087665649864083,90.98614443092129,113.97537264666215,1,0,6.152276575559192
2,35.15213394014737,ex,25.154030942558176,0,0,5.512641025140644,87.97981981836256,127.99394444775294,0,0,4.729685595295104
5,49.276911266617354,non,34.500042858288936,0,0,4.4964166352910295,85.18005284475879,127.89930071470346,0,0,4.77874706343884
4,32.47996395950778,non,25.953744389505086,0,0,5.214057524123307,97.63162707755473,121.31174696053552,0,0,5.820288623745576
4,56.77018710473894,ex,36.21876952358386,0,0,4.618498655543851,86.46519380592865,109.48920739736695,0,0,5.132581355347196
3,33.13242397339991,non,25.613561725205873,0,0,4.877858920016852,91.74244334723087,139.09899894627037,0,0,5.433549763099839
3,59.42792588168244,non,29.516125007908826,0,0,5.091574262225104,80.99999510908663,141.5074662381374,0,0,4.124653964230962
3,37.60314672795622,non,16.608086059613814,0,0,5.775650077171946,88.9160624915882,95.39019291212482,0,0,4.939012831551231
3,35.76865802513554,non,31.628941094472758,0,0,4.608635253735472,97.50223261299999,118.09114640106759,0,0,6.143752840151876
4,67.59519465705276,ex,31.826616803845837,0,0,4.075026545247489,89.87655457547528,117.21471183783498,0,0,4.195553275408598
4,72.68129328583942,non,31.97839313369459,0,0,3.936683869510191,80.78760691612854,140.24487861140946,0,0,6.1175078551925886
4,77.60057705944241,non,22.503867060853594,0,0,4.58013474104793,76.67806833282262,122.88142385616123,0,0,4.744887530506173
2,52.30741757767771,ex,24.740650960557147,0,0,4.785817493701787,87.17875887879775,134.3084680565101,0,0,5.4942893004451525
1,66.11818423459829,non,32.49689416811184,0,0,3.7935035103923633,87.73201099143517,157.44963396626093,0,1,2.607146766401019
3,84.32235925293207,non,25.633639375531022,1,1,7.872768606238372,71.07159708233611,155.60742092778642,0,0,3.5313425361717594
2,67.4478709626963,ex,23.40262534619608,0,0,5.0360604525623,77.41776032487259,133.64188903397883,0,0,5.085933990747385
1,27.794146704093873,current,28.75321129549355,0,0,5.975409562037347,99.89412968090262,137.27330219704652,0,0,6.242570920602212
4,42.326347308693244,ex,28.34438469859444,0,0,3.9096596757700883,86.41871614578092,125.58640633623828,0,0,3.5166918329928385
1,37.03005852746742,non,32.49343103455623,1,0,6.742609503525345,89.77233419190455,114.18823611325304,0,0,4.167044929239653
1,26.801530790764417,ex,26.004768145665892,0,0,4.404787129198746,94.23529254855069,105.6349267909232,0,0,4.970176164552056
5,34.146128938193144,non,32.23422206287025,0,0,6.546307486825435,94.63856097954101,108.09968914233049,0,0,3.9291011024079374
2,54.66499495540246,non,34.90998949118883,0,0,4.98439008042043,83.41784635734929,122.25974736468004,0,0,5.616183000561959
5,83.07658674921773,non,26.957083355114456,1,0,5.916461605288645,86.88263036465995,140.9541458500398,1,1,1.5349371996418064
1,83.89079029048179,non,31.588405304294806,0,0,4.77095190475893,78.81603466854938,160.59138837419567,0,1,1.5620046206881204
2,46.23647874694449,current,30.83353180199792,0,0,3.909127435822543,85.66367004690737,103.7536166685835,0,0,5.073914432028311
3,52.84510326226678,non,30.12534811584957,0,0,5.778821575141144,84.64962575832206,130.61908751551763,0,0,5.371764028505615
1,42.17869906014457,current,33.45957416501404,0,0,4.6790795554906035,82.8162993527839,120.38042407872452,0,0,3.769157886616374
4,60.56905083470677,ex,21.392980633056695,0,0,3.900127487402186,81.6934624439519,119.91893084319058,0,0,6.3329729809038575
5,38.68586479775315,ex,38.834936361105974,0,0,4.005134401368032,89.4930894928181,143.24307042916254,0,0,5.447009951720638
2,54.24610216338587,ex,30.371605744734566,0,0,4.910795232413053,82.76597544421287,139.89706333839786,0,0,5.866788375776847
5,29.060418908304555,current,26.35190165171503,0,0,5.8305615041027625,90.76924853078727,99.99038542281386,0,0,5.057396284540871
4,82.10101008571856,non,23.31065088755049,0,0,4.345868554556066,87.23265461400146,160.06727834736336,0,0,4.688370838830135
4,28.643161641811275,non,33.3875990423578,0,0,4.488680894640501,94.60569838380573,114.42118392307209,0,0,3.5967482002993574
5,77.09460180955908,non,33.21313238921483,0,0,3.658329603366846,72.28382601355896,147.04293354421847,0,0,5.860413196186167
4,26.401781708352495,non,20.942703161642605,0,0,5.742329595190683,91.71218976371222,96.52576058121626,0,0,5.491847540565226
5,62.94600539223376,ex,21.747356314652666,0,0,5.586835416422495,86.73334730115641,130.55845271092292,0,0,3.494522181892117
3,66.41473572606274,ex,29.89004689811264,1,0,6.645298717454779,80.02924522413967,139.38498883726166,0,0,6.283634893969813
5,30.377041251708555,non,28.81725767142829,0,0,4.004426614733427,97.20898267066431,116.71340600705142,0,0,4.665833525663893
4,30.396854543145377,non,16.0,0,0,3.8265895961998995,88.23465532567735,118.77177429052148,0,0,3.737614508730193
4,62.36896211307782,non,32.65465621537062,0,0,4.462766397657779,74.21416408898374,127.98485681946407,0,1,2.6049319873955907
5,27.966466550628624,non,27.430951577784413,0,0,4.97062754297344,93.1326864449443,105.39478023939107,0,0,6.069114720572405
4,34.59263956196638,non,30.24041610133288,0,0,3.8618071539589875,102.33228306793107,110.7677868274333,0,0,4.864957409826141
1,80.88900470638951,current,31.356701069316067,0,0,4.941979068910549,77.96144037331665,144.64390836240807,0,0,5.389590011728971
3,78.13904119771087,ex,27.23062058884768,0,0,5.491628644593925,75.7841761928845,131.47696044494595,1,1,4.366166875381409
2,80.18589548609414,non,28.328322486053217,1,0,5.911140811315375,79.55174690089336,160.63409822904228,0,1,0.3513279722606681
3,38.38875252088568,non,31.41357874544759,1,0,5.498098303878806,86.29198604317362,126.27963678086198,0,0,5.108564031323906
1,63.364874655976664,non,30.317047621087358,0,0,4.662035777785699,86.06249315055291,135.54515663419892,0,0,6.27758798246197
1,76.99658477972349,non,24.61672254457127,0,0,4.985849717913551,75.17094246032751,154.77590873471195,0,0,4.372294120439842
5,68.48988660345626,ex,30.071999197972005,0,0,4.253936478245327,86.59181279216939,138.07674172996582,0,0,5.614170676961351
2,75.60053540267435,current,24.87859121392964,0,1,4.817249847339756,74.57584610918167,128.09572819416945,0,0,4.201157567238723
4,48.79309054627543,non,35.89377304993417,0,0,4.11197824164188,82.7563366432103,137.90526291067465,0,0,4.467306947218228
1,61.109845088336165,non,28.130102016482198,0,0,5.831095043962446,71.71221229524522,138.3319225141588,0,1,4.116863285466631
5,84.1988724865751,non,28.9617628042768,0,0,5.921056042243382,84.75765248559297,136.6089098580754,1,0,3.4744841387697147
1,35.350501343614305,ex,27.7530379461326,1,0,6.555806719478539,89.12050630940745,135.360131677946,0,0,5.635853802821174
4,47.094455938809915,non,33.832974905735085,0,0,4.092837864456965,83.33457837999644,137.14175580152357,0,0,5.829546627983309
2,82.35642272899648,non,29.47793931014818,0,0,4.711503878606543,88.45103234832287,134.30035779372338,0,0,6.283106482534015
5,53.52923247314969,non,31.575305232641618,0,0,4.776291018189307,82.11368913013035,132.30177742984293,0,0,6.137841385837181
2,53.550790485479,non,26.072127377376365,0,0,4.916400975183175,93.44597449236936,129.40557817314195,0,0,5.152725157207454
2,80.71266756912166,current,22.910481915360098,0,0,4.799119196115528,71.32075487881536,128.65743074467872,0,0,3.5769863048258603
3,80.1708441063409,non,31.071157011071826,0,0,4.3692265055106265,81.27835019048298,130.41110806298622,0,0,5.265239087707883
1,64.73227262536673,non,24.906989528304656,0,0,4.454007320900575,83.7892444956097,128.49582848587917,0,1,0.4824389121073401
1,49.69823521746043,non,31.072595380208284,0,0,5.418027074813187,72.54587007841599,133.80478550768981,0,1,4.225807638898784
4,56.03366585554163,current,23.42727778977757,0,0,5.543333264202398,90.93896470519968,110.0926720548815,0,0,6.39654469644331
2,69.53541652639947,non,22.752409756894547,0,0,3.6680042871479515,82.87811508799238,104.20258238799883,0,0,3.9507225951065688
1,37.100369906381005,current,35.190606630535,0,0,3.258386563313498,99.01704137780331,119.86284698307233,0,0,4.265212437481385
3,52.64351807768236,ex,31.491571287384907,0,0,5.675505851763994,86.47088917479218,131.55341146012418,0,0,3.4238123800710003
2,60.07907197343535,non,27.265389217244298,0,0,5.214383403268074,91.46603631721229,118.5322163338018,0,0,4.727325238837656
2,33.12853840102964,non,33.812885079772606,0,0,4.06892121688082,94.99001389968969,123.1761262380236,0,0,5.0593622659947775
5,41.328444641345854,non,34.14442176027916,0,0,5.100717393177951,83.17178053288846,125.80675381281516,0,0,4.315196534578461
1,78.42993849443447,non,27.71464972516145,0,0,4.585392466422547,75.86400101064258,159.98745451676612,0,1,0.24441987895997933
1,50.70305647113479,ex,34.29565473155785,0,0,4.6152818773205695,88.0840852594975,142.12818475817193,0,0,5.511234300261506
3,58.39587293906995,non,27.584584553162273,0,0,3.662802736313856,79.19855154652892,123.47700097681933,0,0,5.409505163321198
5,78.62860097297735,non,37.48394900867791,0,0,3.7653608276904924,81.3533291310712,112.4575273687053,0,0,5.654693514650853
4,44.52307469593573,non,33.933519152738285,0,0,5.595260610831662,85.10249560344278,110.19000840108002,0,0,4.691531397458911
5,84.93183771355098,non,23.354593188793054,0,0,4.267244782645096,77.17227419415548,140.7923458337624,0,0,4.167870928293436
3,49.19140542322056,ex,26.000762998179948,0,0,4.755734480191572,73.48967925025056,124.44874682655697,0,0,5.905569520203203
4,40.58811343926898,non,30.590141349943064,0,0,4.613799723187415,84.5969045447776,118.42715710318798,0,0,4.034006408881531
4,47.925016873347005,non,27.78706270597768,0,0,5.637183793231365,88.99750515290009,120.381084984664,0,0,4.7940065037277995
3,68.2355555310275,non,30.947949987628103,0,0,4.17730847818459,82.36491221998052,105.21782630501482,0,0,4.370100317178957
5,75.86584769803622,ex,21.44677298563031,0,0,4.495344086968213,83.45691310492742,125.83804411658731,0,0,5.613768994212977
1,68.37071808304029,non,26.29201857528235,0,0,4.473197716005434,89.57068281491371,134.60746557313584,1,0,4.243450924147368
3,54.47176677279796,non,35.97002230282153,0,0,4.748140295717541,81.2644529403715,145.42852017866565,0,0,5.690679869098341
4,72.65798545279722,ex,24.688410555375466,0,0,4.933343928806458,80.37432787533665,120.94362467335532,0,1,2.9700738507646953
3,37.16637823629944,ex,34.77739725363562,1,1,6.564385495364937,75.07697128612658,142.55727711389295,0,0,4.861234433346029
4,27.14872699034864,current,30.126613079283203,0,0,4.09636988698236,90.42007634611875,110.72594305280938,0,0,5.007218514362486
5,82.5449750947686,ex,27.673913147498766,0,0,5.145831916311571,82.93619612197843,131.94620003357548,0,1,3.2648934158046514
1,29.145801182437904,non,30.64291039363104,0,0,3.831881668131401,82.70124924382624,115.42576382184716,0,0,4.571378608146645
2,27.715263604272824,non,30.24927722911908,0,0,4.647340794852596,85.98423209226608,128.00687373950294,0,0,5.981092183643964
3,49.778580450369816,non,33.54377851402388,0,0,5.1010107706733345,87.56636047868957,144.56588042876797,0,1,4.759260253291694
2,26.26894529034937,non,36.353599501511006,0,0,4.834164088134562,83.72020490210915,114.44369224096236,0,0,6.1344311460393435
4,63.174756299820295,non,36.31997305102507,0,0,4.338650281595459,89.17552502118467,131.298726875346,0,1,4.03699293233764
4,66.42470864092667,non,37.7987759913093,0,0,4.335896818467901,79.18262379248213,145.5992527429143,0,1,5.7460891951662205
4,48.08120227472567,non,32.14498082082782,0,0,5.201384765324234,87.3637968917806,123.06750530378874,0,0,4.004526407826952
4,54.4409767367933,non,28.91953740962601,0,0,4.7192593730809875,80.45127137055745,126.39293411209886,0,0,5.258517785666214
2,54.29459928920437,ex,36.76535090075298,0,0,4.700836245973479,88.79292162869254,126.54225352791197,0,0,6.284667406368104
1,84.79302408744859,non,23.52492615171991,0,0,4.822109003699371,76.26698160923766,117.7510890026864,1,0,3.4985690655854027
4,63.71551875848067,non,32.04588411551524,0,0,5.697203530612277,89.11596698162563,104.82746174487318,0,0,5.29198838468517
4,51.34342647635366,non,33.84245238270789,0,0,4.207727560183431,93.28379211836672,125.64342973915771,0,0,4.786089722884388
5,61.39197196211271,non,33.86293273484908,0,0,4.811015356771331,90.34921211837892,130.408480462069,0,0,4.431477261284108
3,73.15536137438517,non,31.98908525970567,0,0,5.063332595606542,80.85332243171409,129.5256769441548,0,1,0.23992052254517376
2,48.39446445582725,non,23.261017704202793,1,0,6.531837577070879,87.54185946806705,123.34495966421507,0,0,4.6699247476843055
2,27.761045534287337,non,28.90682503997856,0,0,4.530290539092998,84.21229475890023,104.33443340785355,0,0,5.24625288901968
4,33.13682241177153,non,26.77336328627609,0,0,4.528249115553474,89.10671407758741,86.68067409258119,0,1,1.9902405254765414
1,42.47207454642954,non,23.969917847276943,0,0,3.665057220848884,96.1728731731871,118.53061304438907,0,0,3.8002568362530167
3,36.85310833148206,ex,31.45733348415211,1,0,5.947711616227921,89.87839043079731,141.50059389371467,0,0,5.11321351364141
5,83.25377709576222,ex,28.04163411948403,0,0,5.7695174964560465,78.92700934355436,112.4713149371943,0,0,5.825990031483499
4,82.17850112987544,non,25.295137241988975,0,0,4.280595639408651,87.84122014268237,150.24352287045724,1,1,0.511563364314241
3,56.18950274760469,current,31.183946668259633,0,0,5.472740373787062,91.83445958297736,121.8153454875392,0,0,4.2591996233456495
5,53.08269163397863,non,25.967445760296336,0,0,3.6120127588559603,87.54107184138508,115.99945542169513,0,0,4.72194413890969
3,50.177646897957445,non,26.49617146630311,0,0,5.061831398461192,84.51715342688557,109.85098043101056,0,0,4.519586261565583
5,63.87215416340354,non,24.233115234492374,0,0,4.168813014542367,87.67516576543993,141.3239201444691,0,0,3.8845273688133606
2,26.5850917485205,non,30.546238030262465,0,0,5.55853556076008,102.70806191716655,134.31544923243163,0,0,4.7919772434217105
5,39.25153699948902,current,23.95035035437604,0,0,5.551473848398999,87.25354443093504,129.61500867358754,0,0,4.31130726194143
2,76.69261461493133,current,21.49024369979705,0,0,6.84809014128804,81.79618229871696,134.90746242241627,0,1,3.7042897734412628
2,55.25331732595974,non,41.20132434953521,0,0,5.033338723731165,80.34920674124797,150.3504810806979,0,0,3.7856294532588475
2,42.88185241739993,non,27.834254161574265,0,0,5.623534737040702,90.53216927342342,119.57890049919529,0,0,5.889382971367841
4,71.83039155248358,non,26.16064418092126,0,0,5.454697267744918,87.51988035551352,132.06161141536663,0,1,4.368088255378266
2,31.470976980552123,ex,24.63066016267095,0,0,4.6831519160623545,93.13961079725314,110.04706448174521,0,0,4.489974463636858
5,81.55168520058616,ex,24.5696983099787,0,0,4.514257798957294,89.91155664228887,148.72357982649908,0,0,4.187305208888284
1,73.21330510042955,non,26.49648937052451,0,0,4.677332329526881,87.78987846883713,127.10300463070128,0,0,5.715284348548911
5,49.51225685031298,non,26.886485247946084,0,0,4.673325455381911,79.0826386548267,120.02723010361399,0,0,4.9247430526231595
3,77.41534971249163,non,34.45084368858275,1,0,7.33598377648661,80.4086895520534,138.9285681377594,0,1,0.11239206288888982
5,35.630072758557326,ex,22.37139880833866,0,0,4.836916235028347,89.58547136105759,117.00655103656385,0,0,4.546144040717732
4,69.34499864776467,current,27.36266545733437,1,0,7.574954514024273,82.13977710442204,130.15508478340297,0,1,0.9653092221262913
1,62.064162617882424,non,19.63082313510808,1,0,6.258355241745253,83.98671233478764,113.80791091270348,0,0,4.263152830930132
5,81.68687436967198,non,31.871082826268186,0,0,5.415675254562895,81.3567477710868,113.83281879441195,0,0,3.9398859611736934
1,63.04059521805748,ex,29.589651067780228,0,0,4.783226605644979,88.75065859147476,127.05484265808693,0,0,4.412626635618414
2,66.82456374273457,ex,27.91892953784045,0,0,4.455469935634804,75.49942563504864,122.86958530522283,0,0,3.4984228123940047
5,31.782061680842418,non,31.27815667976608,0,0,4.875643794916129,90.93525519305788,100.60338019239884,0,0,3.9429639891137978
3,50.19591675663081,non,24.218676481336715,0,0,4.597628776253793,83.20249665664099,105.84839138443823,0,0,5.74168430247775
1,48.93732583922046,non,33.51599979103284,0,0,4.848672558949977,87.61067864964843,140.7739812974696,0,0,4.374016722062885
4,32.99577972860882,ex,26.26810425488293,0,0,3.947635960592784,83.45994749525674,97.55092737054431,0,0,3.637283928617051
4,34.694821360945596,current,29.108818827066635,0,0,4.778393446778552,91.50956363886277,116.34346156103013,0,0,4.952264608686274
2,28.590944922056856,non,33.98238347111169,0,0,4.534049260012869,93.79280631286656,135.3504049243227,0,0,4.372053846393963
4,80.43187905764094,ex,27.98611407994752,0,0,4.319383493232046,85.0015926292065,136.3266577749652,0,0,3.859366311678776
5,25.948884512706186,non,23.938358273465543,0,0,4.434029868540612,88.28234039696297,118.23481276546161,0,0,4.423990506545799
2,53.70902498613942,non,25.261502777646,0,0,4.1960506394500605,85.93992803406174,107.87196400497808,0,0,6.129375596385433
5,27.42527425986544,non,26.970534643210463,0,0,5.188333224697188,88.86110574052324,89.82287894641522,0,0,3.9484349800254943
1,38.89160962348468,ex,24.19653255809002,0,0,5.373452176298682,90.98230233999033,126.34917296394782,0,0,4.570509978117796
4,67.58188272229094,non,33.29241219215158,0,0,5.645822450619689,76.39132360281977,144.74419683435275,0,0,4.425970187107549
2,47.8343526446419,non,33.382937992526585,1,0,7.130002347668332,94.64903027386303,134.02006087582168,0,0,4.395147985863577
2,52.70258615871985,non,24.023560322664974,0,0,4.769319138265252,87.90692284758607,118.22370173372106,0,0,3.8546489246015816
2,43.292665113469795,non,25.35932598119883,0,0,4.825293111703821,88.23424742495942,138.01063019143743,0,0,4.137108550742883
5,84.96058940520473,non,25.619668447333517,0,0,5.133840321861695,79.49205741045797,129.01395849656114,0,1,3.6678189512502266
3,50.4764514346689,non,19.46533792501896,0,0,4.181236690701216,93.9967561091348,112.21178275775824,0,0,3.7416287087156888
5,68.69243098394213,ex,20.32414132328191,0,0,4.585694658977712,82.80775144462643,98.85278178228333,0,0,4.732108868821888
5,68.33900729445148,non,22.01238994324803,0,0,5.756105969558611,87.03682795771263,156.79423898439234,0,1,1.4305965192219112
1,41.14649465801524,non,33.90315702604834,0,0,4.565794414637299,86.05852819484645,125.85807246452421,0,1,2.9420173885253043
3,48.329103301664034,non,27.32262469907121,1,0,5.268238770016579,83.24661417457384,119.9331911878972,0,1,2.7561049294283233
5,56.46911276740728,non,23.034444558112813,0,0,4.726862462339273,91.2786192334535,128.55488564416052,0,0,5.159365566498897
4,73.53596870550942,ex,30.2658836094876,0,0,3.926496337627716,80.69392284878724,127.68502288871419,0,0,5.290155404505688
2,28.459021645730054,non,35.352211356637355,0,0,4.28578974984623,92.82170767779579,129.1237237745814,0,0,3.9151089336777294
5,39.75495336543382,non,32.61651542085993,0,0,5.217682714584344,86.45771929682894,134.22222031184947,0,0,3.7475466054276882
4,82.57353177964303,non,30.424885173040664,1,0,6.832375527422075,76.23217450351484,125.82262266947075,0,0,6.381293998127488
5,56.97627083447985,non,25.63285386782743,1,0,6.965362801324338,81.1893840521069,136.17613304887385,0,0,5.1212117546476845
4,60.05414081732758,non,30.49536100943054,0,0,4.682477987758481,87.88396177027167,128.29462571078747,0,1,2.244486468104217
2,57.373827027564374,ex,28.956045832811544,0,0,6.724618145228822,88.44396778179507,130.91933908711664,0,0,5.497313471481128
5,31.500540246772907,non,30.322854797964784,0,0,3.5459839425491486,86.99050791401768,114.4322496671497,0,0,5.425786660822666
3,73.7400723652822,current,29.80687915940221,0,0,4.319870433340723,81.08654888163403,128.5898004987393,0,1,1.3759822654877103
3,68.51499040131642,ex,31.850615882436628,0,0,4.688318661698057,87.14491303958845,116.36622214933813,0,0,3.969510924108242
3,41.08857791931895,non,31.88851135320101,0,0,4.710417080535115,83.03394660692292,133.5141326135011,0,0,5.485970137464094
1,28.69032966556904,non,24.12721995851285,0,0,3.099065929649015,83.71677189025499,125.92913188353678,0,0,5.833556324352718
4,53.416159622407136,ex,33.19430200052507,0,0,5.064979967628368,87.94850378289894,132.82332790970088,0,0,3.751925981146185
2,78.36814958782767,non,18.469016193484332,0,0,4.4568139694511855,80.62235147869048,123.50043633584806,0,0,4.856583297957274
5,66.39803800722716,non,22.048329339737403,0,0,4.413059500901936,87.25410864836412,121.34985081451009,0,0,3.4053655475657356
5,44.10950236052744,non,24.10412208054398,0,0,5.073274425563634,88.66976824256679,117.26164282476408,0,0,5.7993026088629565
1,57.80376995496031,non,30.51258884045189,0,0,5.342423872958573,90.5436946354313,135.0042415848016,0,1,3.199168292659258
4,72.25452129764454,non,42.11607777391704,1,0,8.110482994367537,78.5147243290891,160.60069208567026,1,1,1.7923734140956873
5,72.71879618738153,non,35.96829579165947,0,0,4.883555688124988,87.50207889312426,135.9558205037179,0,0,4.524936182512779
1,40.006733203094136,non,33.70173882038101,0,0,5.100806658737429,93.04773798381501,144.43502694634552,0,0,5.2152961746390725
1,55.76061729406577,non,24.629228639916487,0,0,4.081953677066833,92.15877143758287,111.92081566537018,0,0,3.5981572069989256
3,73.65703486242899,non,33.06479518045295,1,0,6.610078191988496,88.44841297586369,135.36777893937997,0,0,4.463570752912033
1,64.17684872196672,ex,29.121713122673107,0,0,3.3943271804711364,83.44080507065573,115.11923412745436,0,0,5.991565458220219
5,74.23572223905126,current,17.67703632091923,0,0,5.610004647732468,84.21627471510317,121.32476978118079,0,0,4.46296012602261
5,59.28546169789353,ex,26.36322716918784,0,0,5.2466102987758205,84.50688213851075,116.94416696585043,0,0,3.470847011182382
5,77.49456918650385,ex,19.507020110472194,0,0,4.600718456745186,84.36878436474976,122.23004952725013,0,1,0.7987404019668454
4,83.80368730404203,non,28.771489811982352,0,0,4.518991092339515,80.96462522154008,114.0784714697617,0,0,4.749255899620823
4,37.83928412781131,ex,27.293450810872997,0,0,4.0334633403777,84.3899869104853,119.93022156936101,0,0,3.780922982513825
5,36.034243266263175,non,25.53492022655096,0,0,4.395157360084561,91.57239713046879,110.64570959077645,0,1,5.538412959383094
4,81.20433776680116,current,38.6786796505389,1,0,6.315068632307735,80.90960579319473,163.56725740992565,0,0,5.169767464858235
1,71.59201089639765,non,37.05555864426725,1,0,5.307005272067587,78.03927451272914,154.22358707671123,1,1,0.8018285429530819
4,74.55663404741647,ex,30.59926841353915,0,0,4.889236722495689,75.97105633525628,128.04228373941825,1,1,4.389672001867432
1,27.027510572787058,ex,30.55356993925889,0,0,4.93628909044771,93.91890493092555,107.96564147179386,0,0,4.904677730246849
4,35.296889496077796,non,25.12157931056121,0,0,4.847624043432604,88.85766304112298,109.47312438326058,0,0,5.016892131683832
1,61.40648001274665,non,28.42069226968914,0,0,4.915093552457027,91.57863195350296,149.2099653034067,0,0,3.625373987024621
2,53.59063530387118,non,25.59830085769658,0,0,4.567110560095104,85.32161750897781,124.17483197831554,0,0,5.776605936203055
5,25.62761328537246,non,29.825065288754278,0,0,3.724985171561957,100.8436876328953,101.78737614404845,0,0,3.893526195010544
1,79.87426535395116,non,28.55369969787374,0,0,4.605346645179325,89.1804727761961,130.6292076258204,0,0,4.6446942482287925
5,53.682130634580375,non,31.009446722003204,0,0,4.544369008433165,80.98172190125153,132.44410871705395,0,0,5.009153022822402
5,71.54569394189753,non,29.92668855573435,0,0,4.766701602009315,93.49311498715856,138.2782223906132,0,0,6.2667588934506995
3,58.121805653151604,ex,33.550645393475136,0,0,4.463324145239796,90.64647530008287,138.38727911335928,0,0,4.028182537255763
5,71.23077747798544,non,16.0,0,0,5.688725007492136,77.97164683621928,136.85822639974975,0,0,3.673075979760577
4,38.0966429799858,ex,27.516396441430512,0,0,5.226268562523336,89.83906647825007,127.74332476277046,0,0,6.224616360155549
5,43.21525501180324,current,16.401566933036477,0,0,4.875796896931743,78.5036785210647,101.05912677047687,0,0,4.14413100245305
5,74.22335894334479,non,29.216425532642056,1,0,5.717008793727796,74.4004715319858,134.38773256426046,0,0,4.6592507921403
1,80.14096302752785,non,32.967433910419125,1,0,6.4810251551393385,82.85655621652124,131.32909863214834,0,1,1.0106309544747891
2,44.585035246640096,ex,33.14441567478154,0,0,3.812841425336679,94.61016091429173,117.2006721764119,0,0,4.746764568399858
4,72.09690725729101,ex,22.05813235218145,0,0,5.247778938147754,74.45350104601917,130.03837548646726,0,0,4.360693205690964
3,47.286262320439214,non,25.78655563447026,0,0,3.5868227766443344,90.60308035281932,115.38374537168767,0,0,6.104457967955372
3,48.733816315391294,non,31.43995472855581,0,1,5.286234661878932,79.73528618026808,121.28708910187507,0,0,6.031643311827255
2,72.09412643981102,ex,32.0762598344142,1,0,6.471260024505934,89.3378184739794,160.72886582387665,0,1,2.738095855473042
4,71.25750201731414,non,30.46058403089714,0,0,4.557211281876843,85.6947113071212,129.76415676123898,0,0,4.229754657923019
5,49.25877277450522,non,30.878156718289503,0,0,3.3500432566499247,89.5473186350087,119.96048446201051,0,0,5.134638418438149
5,37.2248553897258,current,29.440218422689302,0,0,4.165674082346467,96.26432331497399,118.39634128503754,0,0,3.870130254215669
3,62.631402425728965,current,23.921656190603187,0,0,5.217965959108958,88.58925561743001,132.9623190910686,0,0,6.324666884622173
4,74.52990685938224,ex,33.954531487842026,0,0,4.086625652167589,91.18829036366219,115.70502298509832,1,0,6.315295277998951
4,38.95456251693003,non,30.19511043017874,0,0,4.977783216634471,84.95930377105765,109.816724628611,0,0,5.062902600123012
4,47.82288798424183,current,28.61336311282611,0,0,4.593130664058532,83.24997276277644,116.83718820656107,0,0,4.530387195659921
1,63.38681161668519,non,25.53697910575301,0,0,5.108278659290812,82.83780937013418,128.30474150974823,0,1,2.0180989342272566
1,67.20452552250117,non,25.720413384734954,0,0,5.762036929965337,92.31719424459345,113.51392389387314,0,0,5.895889100447634
1,57.2837674433844,non,36.204114216722814,0,0,5.164755277981604,85.07789647604689,125.98788043433868,0,0,3.841334183688462
1,31.010803511575094,non,31.857334839388066,0,0,5.376487637049409,90.34016701311764,116.10856480970253,0,0,4.091461848345171
3,45.229040093254895,ex,32.24097799660505,0,1,4.848597402150772,66.2475299107236,105.14321851539779,0,0,3.8225460173002275
1,68.33112008780093,non,21.381189545864192,0,0,4.938969390037488,71.70649328386716,128.20828699444425,0,1,4.902984911702673
5,45.78471579844375,non,22.448725711321483,0,0,5.318580482889964,89.6673216902841,107.71976215583923,0,0,4.519077531883204
3,71.01061382031651,ex,35.583881520391536,0,0,4.13981689653775,80.71331600844753,138.4383608590156,0,0,5.362911989092981
3,66.95502574743381,non,32.46754592663859,0,0,4.666739500126858,77.4117953448518,153.17949237634738,0,0,4.033276530997867
4,82.07863207184721,non,35.424689046905605,0,0,5.449609464731714,84.21555564036834,148.6827447704438,0,1,0.9924481111896615
2,78.68551643618241,non,31.19919722479042,0,0,5.279453750286591,79.26190004787283,136.88981355650614,0,1,2.5226968531668312
3,39.631707591921426,non,31.334849900703663,0,0,3.901936645781286,96.77451354214462,109.47870408988479,0,0,5.364355592009314
3,78.63713813686016,ex,32.27915122574381,0,0,5.480533078660267,83.98741427905532,159.7618700714054,0,1,2.547116108270634
1,82.76220093646589,non,31.769259280518945,0,0,4.761447562234128,90.39314013458323,130.55135597686282,0,0,5.5474796898383
4,40.09643826702078,non,26.55337333490564,0,0,4.98774584518493,88.7215023163384,128.5726391849461,0,0,3.571767305974912
3,38.0262031404057,non,19.871865773637488,0,0,4.767335856040989,88.12406044940455,108.66580163679613,0,0,6.390084807213867
2,48.054950453310056,non,31.127960559724063,0,0,4.877616511146285,83.28425146014142,113.78047492856027,0,0,5.362088096151514
3,39.86234115666839,non,24.881373163439285,0,0,5.546811628539695,91.67200842150802,92.11695656345239,0,0,5.270018056767894
4,26.46374893881309,ex,27.25893123642239,0,0,4.222129362830591,88.2100158377412,144.7088719492366,0,0,4.3702365085468164
5,58.94386308407919,non,28.689762870499795,1,0,5.5150464195908775,85.33475170789436,124.95822591031632,0,0,4.8361364172269665
1,73.29792784562508,ex,22.897993579786046,0,0,3.995274756114966,82.65687867198965,135.6140060324592,0,1,1.688039237765608
5,42.213835691727326,non,29.844107367079314,0,0,4.13886429846654,79.24426243148392,133.53829301072696,0,0,4.020308096483342
2,58.955237328442806,ex,35.06276067768578,0,0,4.568658439713373,84.57985610812082,136.42257781221576,0,0,3.6722453949945666
5,40.142422107746214,non,31.24973605274002,0,0,5.237433610468221,91.91498320195747,108.8020824469611,1,0,5.889343048794968
4,39.15501879889722,non,28.395260812137554,1,0,6.713743932320093,90.63012388419523,129.87169517069074,0,0,5.402093683972031
4,60.41571177489457,ex,32.05125304482153,0,0,4.579475143920208,91.06578423212808,119.84503145841306,1,0,5.912535706642248
5,28.563167068077686,non,24.8943990735949,0,0,3.9173442326459287,90.78933180985669,116.97496915236607,0,0,3.5463953605205867
4,70.90845468355042,non,33.625248059744244,0,0,5.642283515369482,75.05064505180812,119.99118431178617,0,0,5.592875639891358
2,58.02353857316792,ex,26.530065925535734,0,1,5.695764635541829,60.9279118309815,100.1614761343474,0,0,5.6899586028275255
2,26.927677284738035,ex,25.22618735757314,0,0,5.1869026968242045,94.31928322079449,96.3108775276046,0,0,5.980728981725035
1,59.1247114104968,current,38.53220573169722,1,0,7.3947659061080575,88.15186080713278,155.67258802945275,0,0,5.8537058338462655
4,43.74396232209493,ex,30.841967507524952,0,0,4.219652742006555,87.02808065233863,132.44092431170895,0,0,5.528567014143066
4,36.595215627463716,current,24.5259359603778,0,1,4.647814965843175,72.55289576750413,94.00678551917326,0,1,0.7591757592246284
1,52.924450838575865,ex,26.31283209554361,0,0,4.470265330990212,83.70910731850641,110.9787720133882,0,0,4.327564864990037
4,59.92763855109574,non,25.671376463585307,0,0,3.567100128522771,82.09591748654489,120.63275834987563,0,0,3.6636886149691046
3,35.13429312069352,non,27.327389794230644,0,0,5.775420024450867,94.5197473254006,121.11113460570817,0,0,4.370594277542427
5,44.5937416504354,non,29.143054191223396,0,0,5.7397934986703145,88.88917598465889,115.33597997179201,0,0,4.520146338001532
3,41.47743534753415,ex,26.17891753216817,0,0,4.21280591508668,88.46685948415471,139.258179169537,0,0,5.861116093112114
2,31.651508080892263,non,29.68702398457104,0,1,4.950330866534314,69.22718572767715,99.12231029748975,0,0,3.678058571763434
2,69.27702629396282,current,27.048566136106338,0,0,4.861744577588411,80.45708912242809,126.71894600393298,1,1,0.7969390338814919
1,75.29265789308707,non,29.339870022218648,1,0,6.048963915495442,79.37589383986757,159.80541261935537,0,0,4.941496639265672
2,31.95129161265647,ex,27.342957730144295,0,0,4.4024025160962745,90.80580787100209,113.55381608051172,0,0,5.464883430166896
5,27.39749953751882,non,22.685806142504404,0,0,4.663903026077066,93.71779815213151,111.30740227573438,0,0,6.1194418390852405
4,66.59873081675782,non,19.72120203596489,0,0,4.7345045712681415,71.68178175283566,127.19246807238518,0,0,4.63995400266003
1,48.05458311159575,non,25.834917771271407,0,0,4.922861206999898,87.48217982478654,128.7658841251287,0,0,4.085351299532936
1,66.88560843111912,ex,37.51536551101851,0,0,5.046396407225681,87.40984828115353,134.6247809300173,0,0,4.90998113483425
2,48.134071083440475,non,26.31787498872197,0,0,5.195622149448232,81.70886009575227,98.9432979668579,0,0,3.5907666765251123
2,82.28027073558097,non,25.07102441390504,0,0,5.807833778398192,85.75906648904731,122.13219099626085,0,0,4.645474901861888
4,48.478481194788756,non,25.86117886970933,0,1,3.7570164956222767,64.99403455944534,123.17803731072682,0,1,2.849629412463542
3,44.92897500647279,non,32.108270078367745,0,0,5.236114202148928,82.7499226975453,133.96691056700408,0,0,5.285780536443314
1,45.99523849635133,non,27.3127742313721,0,0,4.654721837017057,91.69183246514386,115.5164504472141,0,0,6.060489526382767
1,42.89337106337904,non,32.445538813447996,0,0,4.867963604894184,86.59479357033187,108.27177225102886,0,0,4.814764272929536
3,38.8800848178181,non,24.008019511676125,0,0,4.059740842311155,84.12673272910197,109.75064250451182,0,0,4.674135053927646
1,26.77575744099559,non,27.635016688650826,0,0,5.561599968122643,93.34083843361005,117.05511533495535,0,0,6.194523632354843
4,43.428905026351046,ex,38.787090171557544,0,0,4.963733288912884,91.58180639786013,121.01663759562081,0,0,4.828775542835144
2,32.29556770079383,ex,29.396251435474266,0,0,4.7311933230877985,91.32983850155482,87.85870515039487,0,0,6.1453430930268595
1,51.85578914885474,ex,36.53669227170513,0,0,4.3883722461322385,83.15666935315147,138.8612361216147,0,0,4.270769606568427
3,49.692636964216824,non,33.23306499697235,0,0,4.198726771058542,81.36036248114382,149.25359486532219,0,0,4.346144693631632
5,63.099110795313344,ex,25.81304942689469,0,0,4.641599444478314,82.48455030442676,116.12488882689316,0,0,6.164307535871018
2,55.52147366662211,current,38.401376929108565,1,0,7.393268787656088,84.21101863007013,131.19144595940435,0,0,5.240095338294405
3,64.28126508919264,non,16.311175462273162,0,1,5.1697770165455745,54.52673478255562,97.60298457887018,0,0,5.189915602053379
5,28.788852767346008,ex,32.711221367365305,0,0,4.253432021544372,89.5714019088717,117.74443774622057,0,0,4.676236774501305
5,74.33537275877461,non,21.96034502900533,0,1,5.288695737249301,63.27037966962903,133.89153836371284,0,1,0.239217405235869
4,78.60003434206335,non,26.02774083917317,0,0,4.485608809867195,85.03383746612536,138.78309868064306,0,0,5.420138620570101
4,26.85136357426403,non,29.828815596975865,0,0,5.349153601152658,83.57691751556249,109.72122813171258,0,0,6.077731084542773
4,32.08520604616924,non,29.78062465918709,0,0,5.719064157706962,83.39761985446187,128.94204684395913,0,0,5.33317599551485
3,25.10742594194822,non,16.0,0,0,4.686306968750417,76.46057812416859,93.70791185732614,0,0,4.3608288185216155
2,49.92867943504825,non,29.032674560749562,0,0,4.4806096415274395,94.95591536860667,119.51534026815095,1,0,5.5921212482056974
4,77.45208977187394,non,21.01030563038343,0,0,4.937604888277064,79.54967238959273,108.18380089359334,0,0,5.0722236110731265
5,64.96357173706568,non,33.58830401861603,0,0,5.18640690868031,78.54080454269508,137.29004581018418,0,1,3.3807284006827643
5,70.94936832863749,non,30.71812750414017,1,0,7.232155960510385,82.62498672941565,144.0450656858961,0,1,1.490181716670726
4,84.19867641300215,current,28.119217862881364,0,0,2.7519794902262102,78.03053441240237,151.36907194261855,0,0,3.8343942298597096
3,81.34904249201259,non,39.993469688805014,1,0,6.276546280247106,86.40321270647661,151.2105720355997,1,0,4.306854175463829
5,35.27292920730953,current,28.49425007816425,0,0,3.451820803758449,91.93892616138943,136.70683394146806,0,0,5.5696346337098825
1,68.63662547286779,non,29.529571857167774,1,0,6.8210837989916175,79.80061779787388,143.18031213833012,0,1,1.3832409687505414
3,40.04425903018176,ex,24.58900658796501,0,0,5.44680314497691,90.39307976340123,131.11057864069937,0,0,4.032419854116165
3,44.3466068169958,ex,28.839480667506557,0,0,5.723414988721401,88.96854726686038,113.89641469031214,0,0,6.233527479143654
4,42.239955606869756,non,36.42230287277861,0,0,4.4479634888161295,81.83208744885928,120.83471334410311,0,0,5.4753932541893064
2,47.59822914911581,non,24.419348676030005,0,0,5.2092973886895555,89.0181862286093,136.67939871636173,0,0,5.655847330004036
3,59.14830378239245,non,27.39781492431955,0,0,4.559023061190093,84.01018671781304,122.9862453277723,0,0,5.88092983148052
1,39.20434460553885,non,24.10097688725594,0,0,5.301991256168306,91.6356437104194,107.81758960094324,0,0,3.649252444194551
1,31.86656655612441,non,32.478802707734964,0,0,4.914227282674529,89.93147235164973,113.48053686032873,0,0,5.885907446279967
1,44.5200587053136,non,33.91305814058366,0,0,5.600665341689739,93.7099560321724,132.1706618869615,0,0,4.804648435021191
4,46.18826325215066,current,27.232341167977506,0,0,4.774750849811766,79.79918395841305,141.42025110670085,0,0,5.127940643821129
5,65.74484703854543,non,21.917706123600745,1,0,6.514436891426741,88.29273874085473,113.28818576106475,1,0,3.8614209203408536
5,48.46660848447409,non,28.547863632274748,0,0,4.777385812160488,86.63963103106428,122.66665730456593,0,0,5.338336136955945
5,74.30495951831476,non,22.860227859038137,0,0,4.8982071123966815,89.13972463818159,134.9561916239181,0,0,4.33167745625212
2,77.25025781952544,non,29.52129542511919,1,0,5.469423556439389,77.8448112002392,174.22208070258057,0,0,3.7130096334658527
3,55.597861241752554,non,35.711366928446985,0,0,5.020103403265324,83.08982043440737,132.22913604257332,0,0,5.2896821512624435
2,77.25441153603677,ex,26.07600044107861,0,0,5.051062790238675,80.7205415445318,118.00442406827462,0,0,4.692900009761926
3,58.89952463454131,non,26.196089460326604,0,0,4.486941474789002,92.8876782314298,140.33044141687503,0,0,4.459029623418425
1,69.20408400482475,non,29.65560811436596,1,0,7.593689601366758,82.35565176522007,150.0864423843901,0,1,1.638612999646161
4,81.42565522478546,current,32.29566476351354,0,0,4.198036974376308,89.8114339602828,123.58361886533123,0,1,1.986451861416302
3,74.6046328977569,non,34.891619998527496,0,0,6.1886762602621666,86.945867910223,149.5137324816861,0,0,5.698496469220243
4,44.277012442249685,non,33.82067208817267,0,0,5.250589782210352,80.67802212312127,140.2811902135324,0,0,5.471042986777823
2,67.73985288272107,non,27.46264511847358,1,0,6.8253649281466355,79.39065859101855,154.5409379054387,0,0,3.6182029294474805
2,39.375448813826445,non,32.57155839012604,0,0,5.5669513974173,93.65871656637465,110.44912292579491,0,0,6.200228597628941
5,64.6784616178144,non,29.817448628497996,0,0,5.301958919442264,83.56521920298339,150.95707372893062,0,0,4.639677378197523
3,67.67323905696054,ex,28.562308305591664,1,0,6.305250859169132,85.03874921115154,140.09278577382935,0,0,5.570651749255187
2,79.82853010454774,non,32.082090166403255,0,0,3.962113503985365,83.7702674607307,152.71074194234453,0,0,3.4338785145100554
2,29.916789460895828,non,24.538754058601477,0,0,3.7239368379702187,94.7986314423053,103.14128788095802,0,0,4.175358848128712
2,73.23900010581427,ex,21.707251588389987,0,0,3.291607850114648,82.41767479216591,106.96270499630336,0,0,4.694738628262745
4,73.68533715746506,non,31.770674521991495,0,0,4.402014301837795,78.83190757093492,119.32186131984352,0,0,5.7029530594843605
4,68.83378211878427,non,22.293739345770398,0,0,3.6134889611088123,73.79716688334514,134.06740731512582,0,0,6.376433642831826
2,64.76074118854515,non,29.27885422268767,1,0,6.747278603602851,85.12705860193265,139.2622688223945,0,0,4.874189123237984
1,53.584786602322716,non,32.722515467386,0,0,4.979996912872473,77.94354560933171,126.40764015262778,0,0,3.8129323294264026
3,67.71957412580248,non,28.304444881404237,0,0,4.676137407764421,86.60670101312859,111.23758112496988,0,0,6.035391667804836
5,53.13471154496084,ex,26.370274118563334,0,1,4.3552612923543315,71.21484063942187,123.84058536958318,0,0,5.733743096428326
1,25.97181388542796,current,21.578675482533093,0,0,5.468269941225699,89.8774769086549,108.47133263563873,0,0,3.56077981658411
2,64.01871531346995,non,30.329513291817403,0,0,4.545033499814708,82.49905138223512,139.53908750104213,0,1,1.4612467705931236
1,73.33072825495825,non,27.114428095960328,0,0,3.787665170593419,79.47587085654513,142.2066569652512,0,0,4.230772702758195
1,71.75578551343071,non,31.429720894847126,0,0,4.782402870758489,84.29407624216518,131.4724206199596,0,1,3.104150344359207
2,48.396295538828646,non,26.94749705607975,0,0,5.33845679738639,82.56471333856338,126.60027936249875,0,0,5.238019678632789
5,29.881600701105047,ex,32.13455754085182,0,0,5.201304873573577,91.74004640176433,143.48839253423412,0,0,5.133637488072016
1,65.11804832929089,ex,36.34835559400673,0,0,4.291169376817185,80.00184997503516,158.20179177752127,0,1,0.5527438138944758
4,57.83270340789749,ex,25.438596460345366,0,0,4.933008083062105,91.27647843918062,118.5418635603336,0,0,6.010300367240056
2,36.829772574476536,non,36.84524834113751,0,0,4.055075000867934,92.51205989471339,134.80071155733276,0,0,5.7978127903439525
4,34.030640558074765,non,19.211149207575758,0,0,4.640470980435669,102.61781406296089,101.56557516641092,0,0,3.4777105249372533
2,39.91050245415404,current,30.790947148853608,0,0,4.563505586383696,84.77180595121817,98.26071743766249,0,0,5.727953181491159
4,57.55443900481978,non,25.86104607573436,0,0,4.005344976785928,84.0801510832254,121.35264365579685,0,0,5.897082188798154
3,57.12977150751151,non,23.470467895740292,0,0,3.791503462783092,91.11897846272156,121.23233000451883,0,0,4.977242740126898
2,64.84977774108307,non,20.798330977084518,0,0,4.9282065842867455,88.23835114544282,125.63436814640582,0,0,3.703656703436018
4,67.43768018002439,non,30.381336052278034,0,0,5.2534371113960034,89.31950158688433,116.04878037638375,0,0,5.797599232188627
5,76.33555781896533,ex,36.56344610693268,1,0,6.316931488571284,79.64739511419383,140.59738051644064,0,0,3.5170210418972925
1,76.36116026986016,non,25.30080290907419,0,0,4.707500798188434,82.44874079076858,107.80101849457523,0,0,6.249158132239307
3,70.61512796022993,ex,26.79150449452508,0,1,3.8558330904174323,64.77497097786092,126.30768303593769,0,0,6.261724803643885
2,39.66112053759294,non,25.378138086936442,0,0,4.754261767177353,94.32253808779488,111.47028930490063,0,0,4.688172287727603
5,46.96102065408198,non,32.39402244079817,1,0,6.0366444732938245,81.12132973213225,131.51826026143308,0,0,5.353943295871129
4,59.467555652867425,non,24.687074044233928,1,1,6.6870504480254915,64.31244024388795,139.1873192352131,0,0,4.230339902576239
3,72.37592973981728,non,30.705851817448178,0,0,5.155584321559476,81.83616145907048,145.04837409701184,0,0,3.752969035946174
3,70.41813243560401,non,28.620901464158077,0,0,5.44567314398735,82.16048317235844,105.79470792943332,0,0,6.163639840906989
4,82.5972654926791,non,24.759400190882015,0,0,4.523296146293853,80.68400071036642,136.36994561368985,0,1,1.2297844168095098
1,49.30103468137173,non,35.293778775401485,0,0,4.9222870443287166,83.07420401024959,125.50738083107063,0,0,5.193925368631323
4,50.25917439809715,non,28.489817019047816,1,0,6.658644259364995,86.60747483981852,132.27164048732928,0,0,5.478194389203615
4,57.485212315811545,non,25.626847260829592,0,0,5.399612789869745,84.49890161893116,109.10944360884105,0,0,4.732043743681994
1,36.818118191959016,non,28.858896938610094,0,0,5.195688229439957,93.5378196830421,117.48769054866001,0,0,4.139585708442414
1,31.430002613706215,non,35.27626143811044,0,0,5.979560354857652,85.10620263169912,138.0694505101224,0,0,4.622807823276707
1,67.2343465516165,ex,28.445101165944024,1,0,6.246193870460746,82.25952452105895,136.28926126726566,0,0,5.815292845178355
2,71.58305567485387,non,27.778915663520817,0,1,5.222058888494528,71.14307322313772,127.26967508378272,0,0,4.843679896649949
2,80.63461495846587,non,26.63313152538912,0,0,4.184704990348223,85.08227988838472,134.14275492583198,0,1,0.8486127319107138
2,73.51746317231292,current,28.40483825511797,0,0,4.692779454746558,95.2299388387566,132.32958173307725,0,0,3.742121105258772
2,70.54225557473315,non,30.266880902864322,0,0,4.718532991454976,83.32228971200573,129.94819097081034,0,1,1.0086725438207427
5,73.58054463126535,non,32.46442794820887,0,0,4.3442150705050055,84.19370211275518,151.62721394002125,0,0,4.792858291697794
3,35.21592577012773,non,35.415820303195616,1,0,6.81470760459034,98.23012652463458,156.79087526855182,0,1,1.7677100031517667
5,37.80186159984813,ex,33.23613178567506,0,0,4.6665649785206,87.193510846199,124.56418390265053,0,0,3.99128393014748
1,72.40365571857309,non,31.6587853008843,0,0,4.336837742841923,92.83356014251848,139.80086859988228,0,0,3.9063420602746763
1,28.35230700486995,non,26.989986406356326,0,0,5.223023778545099,95.33127229385438,112.86387488055837,0,0,4.905931113510663
4,54.29431421303903,ex,30.132831950718533,0,0,5.89001985062541,89.2622331446693,152.00744478533048,0,0,5.423801841448906
5,27.756238886425923,non,30.871268613896813,0,0,4.309003371868504,96.08403439628596,116.61452440622185,0,0,3.4913473583145556
2,81.41935424422742,current,35.998813816394076,0,0,4.068557656331908,80.98574967298445,149.69016240656373,0,1,1.5444908659240395
4,52.79347424639165,ex,22.077940979562467,0,0,4.729987112292928,94.35743239111515,120.57246982988325,0,0,4.480174285941103
5,27.560329797447384,non,29.45226250056591,0,0,4.630568352034591,91.9882647490932,104.20339762482993,0,0,4.318349585735231
4,35.66673755626947,ex,37.225449082072906,0,0,5.4984624293725535,93.28588850156085,114.53694759656395,0,0,3.6756527669032804
4,53.69519083337788,ex,28.292911223016844,0,0,5.195066818804019,86.05699129477358,149.50393329937498,0,0,6.223827579314125
4,49.323808325348864,non,18.37748871513183,0,0,4.6771368340436394,89.28324786897691,108.97376509079197,0,1,2.0006283679836945
1,46.37759056780589,current,27.96646313819684,0,0,5.193884081495655,85.54757528297888,119.12072034415219,0,0,5.6485835167124865
5,52.08442650011668,non,24.71818861639425,0,0,5.458260447342618,90.96927704133469,109.67127187273024,0,0,6.39335171813943
1,82.52041160694252,ex,31.04519064560975,1,0,6.883030147408054,83.7087197419753,150.7643560337182,0,0,4.27919599089034
5,27.937716496640835,non,20.799593340741435,0,0,4.4367825538164665,94.56551662367771,103.85109333459381,0,0,4.842207770659031
2,75.52622011946278,non,18.314532182083305,1,0,6.1488537508076,86.01196958946376,128.43732555097668,0,1,3.7837400437919952
2,72.66621644979921,non,28.665351347998786,1,1,6.826817403708365,62.08817518943797,139.58529202570995,0,0,5.1292161737430595
3,49.53159550155817,ex,31.555882961357298,0,0,3.7335882414815957,87.0675280032899,109.12477554769325,0,0,3.5139419272139727
4,78.04245316543623,non,35.84012745276011,0,0,5.772085234646912,85.99589584494362,144.41963421052526,0,1,0.477806756281464
1,25.621694537796166,non,24.492921518687414,0,0,4.440688031508845,93.02442311042864,120.16361456948925,0,0,5.778655021740013
5,60.9397393475697,ex,22.001883244695108,1,0,6.533844091077983,69.42348691906952,130.13041776096043,0,0,5.401364410672311
3,29.019382383045603,non,21.002146927933676,0,0,3.554642494976144,95.5973751322084,110.81720087681515,0,0,5.768767244211784
5,37.654939509229564,ex,24.81143990728414,0,0,4.030677904282726,98.79385389816822,111.0554697073762,0,0,6.119277875095858
2,33.88580964201446,non,24.54957690300984,0,0,4.814473102985061,91.22607372698103,98.29375904978701,0,0,3.666622364377127
4,59.710032056219795,non,25.048199672584126,0,0,4.228567806181847,80.50118198404432,132.4531508500585,0,0,3.8849021732819895
3,46.886721806286786,ex,23.410801970845206,1,0,6.679407678173587,88.13401309739113,124.41236112026169,0,0,4.428811392875702
5,31.1569678002022,non,24.11492182668462,0,0,4.566277503816304,86.63886269757472,106.7954232213762,0,0,4.11293585871902
3,73.61492068505044,ex,41.40383145796461,1,0,7.251192875059562,82.86342565569535,143.7465696121843,0,0,4.090835633468359
2,46.72389879360352,non,29.324213748229344,0,0,4.291311953255267,86.39207486280206,124.6889238406087,0,1,2.1478102993333694
3,84.64169811306252,ex,31.969605396437576,0,0,4.716693160187722,79.22557499362452,126.42679143890426,0,1,5.271168127251145
2,49.59449525866154,ex,25.5483476920172,0,0,5.422037292453107,86.6821627405875,125.34575887314425,0,0,5.47432272107999
1,73.37133243028906,non,26.01325187844577,0,0,5.40121727934268,87.57912459104543,151.84482733999693,0,0,6.1948761190851105
1,46.817518828996285,non,27.329536882274272,0,0,3.649372927634703,96.03560431418113,113.87635846237235,0,0,6.087331981001476
4,71.06993130745423,ex,30.71701393267294,0,0,4.967339245201954,83.52671051970988,116.05724617081447,0,0,6.2075558395098085
2,66.04288941002147,non,26.93796806466988,0,0,5.391929205411532,82.22378796930762,124.00502292872577,0,0,5.662232004708805
2,74.69657373414071,non,32.608364731006866,1,0,6.55142041405123,81.9950232950803,147.79055245496508,0,0,5.652183398161963
1,41.49564739808534,non,32.55754007321162,0,0,4.595442781280331,90.77330148419341,141.87885574834505,0,0,5.634399948190399
3,77.43552775835892,ex,35.41209103776809,1,0,5.874606955850282,83.45386036538082,146.9778107436066,0,1,1.3404068847674668
3,63.91997764319715,non,30.370716514452972,0,0,4.916995919394522,84.05482610059147,136.9554058365587,0,1,3.745088800122525
1,73.16008612330023,non,37.2940399223747,0,0,5.002778581131844,75.09920969447788,149.25118839969136,1,0,5.0053252428695405
3,79.28847667179434,non,31.283738980590332,1,0,5.6864654074836904,89.61590517816003,133.01322574405495,0,0,5.163896343234099
1,69.13565637831923,non,29.745502173923256,0,0,4.9994104870530505,86.67003780553726,128.71681745364512,0,0,4.570767250332009
1,76.15621674494815,ex,21.24064090129642,0,0,5.30750825062675,76.19154578593013,123.2327809217672,0,1,0.4218374874497423
3,54.099387545255254,non,21.74098611424988,0,0,4.975461942751232,85.19935691705871,127.9834341792939,0,1,0.6737446377188581
5,79.95852989308716,current,32.07481440494226,1,0,6.91183090215324,86.88309082230022,145.64259974452324,0,1,3.880767601534208
2,84.51999005204762,non,37.58083288617628,1,0,6.287780952044057,85.3007152974515,154.27345358594658,1,1,4.86523090677129
2,61.48052729765864,non,23.131124319704597,0,0,4.373518596708458,94.98073907776481,104.93541451146287,0,0,5.565265288122344
5,39.71100445441927,non,36.2818220071527,0,0,4.800459738685223,82.01108563276273,125.17769138123515,0,0,4.362016251054593
4,66.54901464479391,current,30.27131816017876,0,0,4.733117944687652,77.5271346544159,124.3376807018119,1,0,3.5771208882883623
5,46.299869405435096,non,25.275846752927187,0,0,5.477497491246501,91.21339289002536,106.84613236446735,0,0,5.89815565735921
5,80.8259516917062,ex,26.35992704117838,0,0,4.522067422106944,79.40957651357556,118.22162511586825,0,1,1.0775190007293283
3,31.855944822109368,ex,35.55958913186176,0,0,4.513157849880727,96.77283564200263,134.17293185111157,0,0,3.5701387480466082
4,27.672322562030406,non,26.685658085158767,0,0,4.214733315101992,83.49927662446126,118.94826667693819,0,0,5.121055065557211
5,79.60345527467692,non,26.86680101665999,0,0,4.687445265452379,79.97425400318883,137.93002782158786,1,1,2.294271783294718
2,39.22180007006472,ex,40.28556505046258,0,0,4.9609803973243025,88.34791835515006,110.50658775420884,0,0,6.183848627763574
5,60.344074763560755,ex,24.112970276328156,0,0,4.635842480160379,82.8090302368421,117.72276178218429,0,1,0.02440286217653266
2,48.23934695153654,non,31.596993981944337,0,0,4.655797025592829,85.90257201271741,120.97175633508952,0,0,5.90666052615258
1,73.53517469348047,non,32.829572762857346,1,1,7.073602278391879,62.159162108145736,135.36951045082517,0,1,0.7741867464790272
4,48.698310145588906,ex,33.15309097011582,0,0,3.900888980064469,83.08448531324349,122.21586021933668,0,0,6.213766998575433
1,61.281002534886866,non,26.151926372567967,0,1,4.189590602607231,67.77789786099729,132.55084100285595,0,0,5.812705013062002
4,70.39241636695266,non,27.811414879729508,1,1,7.952017161402022,70.53275438823657,138.55525216570456,0,0,3.7917088210393923
1,39.66696707746782,ex,34.02861025249202,0,0,4.5550019316579515,83.3494929455017,115.6434234766905,0,0,6.026194106368041
5,66.16813944911382,non,33.60883235990502,0,0,4.99145796802599,84.77057297859724,135.63662294183936,0,0,4.880154774038966
1,58.5709175399607,non,34.34965334387054,0,0,5.751712778348874,93.94307399192249,140.5134266463042,0,0,5.145438968550592
4,79.05020033322917,non,23.972331275919792,0,0,3.082536800773542,86.04528259869119,110.85182361397386,0,0,5.681217473431344
5,62.283999261565285,non,35.37033145151659,0,0,5.549513642926225,86.97776812019428,140.1663380476121,0,0,5.52727123883353
4,63.65531725312088,non,25.065974829819726,0,0,4.018632217263428,92.08475901240202,118.68616505927463,0,0,3.832016133397258
1,74.77859530918099,non,28.333384740863814,1,0,6.387190387605682,79.84395893578639,142.83094440217513,0,1,0.27075802423152884
3,56.33813509697212,current,29.729972109266008,0,0,4.252171371555566,82.394154281527,114.67619673217047,0,0,6.375800641327158
2,26.569088225096987,non,26.93598271980737,0,0,4.406922973792311,88.93318685129826,129.60990189930337,0,0,3.9579847994677326
1,80.05325425940411,non,29.29569635001925,1,0,6.938901562538511,87.12549856078309,144.0532073254139,0,1,0.17433757261630095
2,26.330663374970634,non,27.772420352208858,0,0,3.8116861371209256,90.03540085886698,113.28432376008962,0,0,4.5391939229560965
3,73.55761983685497,non,31.723781947340747,0,0,5.364401062828743,78.76515554893066,120.81548644252747,0,1,2.1583520600188897
2,34.7995431665088,non,32.85994769172201,0,0,4.9859362154795575,81.18340668516824,108.03169005015256,0,0,5.724076281990667
2,35.78658305709046,non,32.722412034340365,0,0,4.4685892857316,82.43445722151125,112.90579859012259,0,0,3.8331412789763535
5,39.16532861975823,non,33.363362920332925,0,0,5.103885320504381,79.95280196898324,122.58260474760849,0,0,4.281220202378206
3,49.210925088953914,ex,25.798335607606063,0,0,4.575239186628332,76.84506894788986,127.75455400155006,0,0,3.8384633278976152
2,39.47175902488214,non,31.207451381161313,0,0,4.733292104425042,92.13359887076187,129.58526899770106,0,0,5.921115563969144
2,72.55466517433288,ex,22.87548783839093,1,0,6.95644694035699,85.28947763905005,132.67081488834447,0,0,5.187063711576656
5,53.98277331853586,non,22.78566349541592,0,0,5.355329368268629,85.06046100559898,107.33703182651874,0,0,5.4154162141507385
4,48.141854321592305,current,26.440323294095492,0,0,3.9040060940326407,92.64524395425653,128.5555688667879,0,0,4.7432227473850155
2,39.48824829400305,non,30.416468468084894,0,0,5.388417941318793,91.92803610991115,125.28295353435642,0,0,6.202724761544106
1,41.57259142100591,non,23.525446569681957,0,0,5.247152452992662,78.45014103901777,128.967426433305,0,0,3.6666028411921343
5,72.39811350152364,non,25.970170917807028,0,0,4.389196320030896,83.15854594915625,133.1774056461568,0,0,3.543821808634224
3,60.798673062842695,current,24.91976814579277,0,0,3.9887847354075316,87.32837707824356,120.70982251641489,0,0,6.052753235409575
3,62.56811840663079,non,29.15325735759328,0,0,4.931601226988001,93.05198393178357,128.3612573354296,0,1,1.8511412444591528
5,64.82382220852293,non,32.96109401657921,0,0,4.394618282694228,90.162383505074,128.85185185939486,0,0,3.52969360953752
5,57.02200660791597,non,29.818111711985303,0,0,4.093373797261481,82.97673464875064,122.08463532128964,0,1,0.6505360101643478
2,34.25444201210307,non,29.16754783897658,0,0,3.8328043490423,89.02510333315864,100.36810791374108,0,0,5.634854360738894
5,34.26536407382507,ex,30.8291175396384,0,0,6.409985770579787,86.66741750825446,118.31605817238875,0,0,5.61776262899329
5,33.28966611096246,non,29.451141174064027,0,0,4.9446666374308235,86.06077919797826,106.72915429563605,0,0,4.25187067052612
2,66.09537349149494,non,26.63612806313462,0,0,6.3782592517283785,82.96653723337828,128.97807316775,0,1,1.1146060809884726
2,25.770227130672012,non,26.673528986594253,0,0,4.9175765938929565,93.5541935929312,140.79881541211597,0,0,5.977541985253933
2,45.5610754934455,non,34.18257633590686,0,0,4.946162425153384,82.4200268972425,105.20193912086711,0,0,6.300132009549094
2,57.6780613230247,current,38.55103460025935,0,0,4.787507394254529,86.51997081913149,140.96029104035222,0,0,3.9051722005819602
4,26.41585666993774,non,21.73887317587993,0,0,4.243770952233188,88.5377742481378,118.91435017668758,0,0,5.671961973299364
4,55.43959641909615,current,27.708133621721068,0,0,4.663117819262816,85.96870748024723,113.71052091591947,1,1,4.625145551683265
1,28.840188326392912,non,30.997102310778814,0,0,4.591372391270552,97.01023472994908,118.24211187003547,0,0,4.5420565004010705
4,42.35953689989656,non,26.000994821947398,0,0,4.8591976468807765,84.93568857771524,115.91577846788664,0,0,6.138462349173814
3,28.74265729677959,non,32.70684583886954,0,0,5.472128658650406,94.89219298517379,111.17899424117951,0,0,5.691963819741668
5,68.42805431830509,ex,25.9311691227637,0,0,4.425261778570298,82.1213582499305,144.23998987086372,0,0,3.8830065881982025
2,55.537429104911155,ex,33.96986109845619,0,0,5.978186699688537,91.0067013947068,164.1906028291748,0,0,5.402902343455953
1,63.45193131733169,non,26.39654116581655,0,0,4.690828430617097,75.26489145813906,121.9419886204546,0,0,4.437826748362911
1,65.03705527513551,non,36.17712150428611,1,0,6.996623737851348,90.50425716811782,148.85444378804127,0,1,2.926903431626572
4,66.74726706788155,current,23.36527594943807,0,0,4.3743566899627675,90.23644201545154,115.82962867430561,0,0,5.392787764070899
3,55.31352646713505,non,22.0569426024519,0,0,3.7530947361509774,86.91945678409074,127.9101612856302,0,0,3.724028600262466
5,79.19804781576025,non,29.80039684696399,0,0,2.3,75.06978474839647,150.92772077644284,0,0,5.39234668495556
2,47.737683251395,non,29.069337847846892,1,0,6.124787480056191,93.23104165794858,140.3196229315714,0,0,4.748421413649655
5,80.6030586603329,non,34.00964400578822,0,0,3.9032943773564495,78.87724730592724,133.67763323466687,1,1,1.7016882166518896
5,52.81565229920786,current,35.13913244818215,0,0,4.650210837102285,87.72845257071523,143.00661341321538,1,0,5.0516186107204355
1,59.04822036369427,non,31.653417364915512,0,0,4.768686949532943,88.76783636146355,131.28195090189152,0,1,3.725259960085021
1,58.95843373019771,current,33.04222782562621,0,0,3.8716426016956644,93.22888636573418,148.2293589496487,0,1,2.6437749232908314
3,35.13954705808996,non,31.445519954040773,0,0,4.2611164732259725,86.9136734502527,114.23771700878456,0,0,6.3187520630919325
3,84.68420314356761,non,28.671913716414615,1,0,7.890801205485687,95.80409584196825,136.5872839877392,0,1,3.5690213322477518
5,52.466977491617286,non,31.917156125020593,1,0,5.221480198233039,96.43142433957769,148.38013170025954,0,0,4.288253315101483
1,77.19296944990077,current,24.979994237475214,0,0,5.0972384557007535,77.01469559446791,147.03898941178846,1,0,4.280249562845001
3,41.29015425804545,ex,28.989209763062142,0,0,4.1320351806586295,82.60553979242847,123.94506811300668,0,0,5.433230808128268
1,64.04018700210067,ex,40.86122203119416,0,0,5.101486334253889,83.22959243154591,134.00385197416998,0,0,5.893390044845381
1,52.569542914729624,non,33.24507136582639,0,0,5.540767976911803,83.27929956628644,123.53430991910923,0,0,5.913193383138687
1,76.31813184157592,non,27.27706593525151,0,0,4.5552529354365365,79.14544735105206,124.41001448498965,0,0,5.707685623277114
3,65.66607325516739,non,32.24405057034751,0,0,5.223451958321794,83.2598303795412,144.44679299368534,0,1,2.5854991169732853
5,77.53001159769744,ex,31.09147388251815,0,0,3.9702288819588003,86.66213053975986,122.91114128898157,0,1,3.4373374793171054
3,41.43363858508546,non,37.24879819208791,0,0,3.6892775775331343,84.77583206725544,122.25081913559006,0,0,4.2103379215461825
2,47.431049083860465,non,27.936896312857296,0,0,5.348284891704062,80.47379657620782,130.05695568611532,0,0,4.493845005134346
3,49.62670496902866,ex,28.746123373489116,0,0,4.79833709211445,85.81712422405515,131.26967160495442,0,1,2.5254783360044706
2,71.01740293043238,non,19.95958708733357,0,0,4.70970989174674,89.18580829437803,140.93471288663184,0,0,4.548437294171462
2,55.21313482450734,non,26.683737342586635,0,0,6.213386878281718,80.48994622097058,142.069658777393,0,0,4.094628307715728
5,29.602906425376,non,16.0,0,0,4.306121615952584,95.89688367052968,105.82040739565,0,0,4.696100436901861
4,44.65700519920895,ex,27.58015930493013,0,0,6.120054247342425,90.12638050952644,131.3598272156926,0,0,4.429386277489084
4,25.340095175330838,non,25.99451029909879,0,0,5.195005367017174,84.97816134789491,110.19468797036666,0,0,5.802105261081298
3,43.52586633339378,non,31.85554916990888,0,0,5.324902621299938,84.01125951034317,123.60602072591377,0,0,5.492167306426889
4,32.63902617070963,ex,27.927480381651954,0,0,5.340032599374614,97.19348723299669,105.24139557221774,0,0,4.479980176015708
1,80.71375057664363,non,31.940355806659188,0,0,6.303706972734596,86.31665149776593,137.5568866023199,0,0,4.221125605833228
2,62.775750413327934,ex,30.409760978403582,0,0,5.032335037292676,72.43596427491032,158.4183267758182,0,1,2.169605628716313
5,53.140202906642145,non,23.6796882126586,0,0,4.898659263066095,87.00635755578807,128.17298824519992,1,0,6.334683453038698
1,45.858407530896514,non,34.75023039222671,0,0,5.073621265585549,88.41102840682854,97.97114555667186,0,0,5.540293081059028
3,57.00009015864223,non,21.586806946508084,1,0,6.150223976299389,79.1018478030516,156.32908882700158,0,0,4.902981011264855
3,81.29314628807818,ex,30.5967832592007,1,0,6.148788510229955,85.8303625784286,132.68879395984249,1,0,4.090134507404836
3,35.26476198917378,non,29.73456390595703,0,0,5.567360302682726,81.48174659174265,138.62018024159067,0,0,3.56516668916346
2,64.20824794965762,ex,21.683140632853377,0,0,5.235489024944226,93.212311878424,109.9855522464033,0,0,4.627352722413564
4,83.47607376375174,non,23.316226848055305,0,0,3.7487473134048455,68.8153261875795,122.44306649747145,0,0,5.459358075294604
2,51.04806757552548,ex,27.10067282774701,0,0,4.41231370307295,89.83391097196342,136.1017002708843,0,0,4.97965448505585
5,35.65483287615146,non,20.831979169238263,0,0,4.267125762050334,93.69509294271357,122.86852718520507,1,0,5.349366852674553
1,70.34786242996152,non,32.26089776880611,0,0,4.830562141460602,77.52731676723273,156.7958119428767,0,0,5.084988710590121
3,58.71614954002267,non,25.127195288836454,0,0,4.719193267444839,86.66987063652932,104.52949196141164,0,0,5.2371175062822015
3,84.6785339415666,current,33.992984104816166,0,0,4.670557697978048,88.4570550174497,146.21326822219422,0,0,5.148542334242587
2,66.81540563524902,non,30.564633726719947,0,0,4.262987674143803,84.5250925594036,126.00125907507042,0,0,5.618636316033955
1,26.910268531512504,non,24.442562134506726,0,1,4.889058117360965,70.13774067521746,127.62348291044472,0,0,4.240075802088914
1,82.50253542431844,non,32.756952787272226,0,0,3.491582282242687,73.1954416318942,151.91883570081072,0,0,5.584443879003032
3,64.27990041874106,non,33.72988276948628,0,0,5.069276618431842,95.34481109196273,124.47757798560134,0,1,5.990316542009535
1,37.133574496002865,ex,26.262374081321695,0,0,4.810830398339077,82.09886655589621,107.71040037437699,0,0,5.83427555344872
3,80.59535762561299,non,27.871359046533904,0,0,4.14136172623879,78.17036805313847,145.09693692758216,0,1,5.386190440332381
5,44.633731530328404,current,25.667236969967124,0,0,4.08577084755201,78.90491727953412,115.18161411576087,0,0,4.855519405149844
3,34.071058890845116,ex,34.0916138989582,0,0,4.591240783869533,83.48552042220783,104.63609348172122,0,0,5.0841688299618495
3,77.46604147799881,non,29.806777926874506,0,0,4.8041707018421445,84.14879351925852,117.79627087358782,0,0,4.5630214556525655
4,27.342591072249068,non,37.06294543790988,1,0,6.531770631666807,83.05890856293877,145.88432025481993,0,0,4.753551301455415
5,67.93656303927496,non,25.069719804243068,0,0,4.008514527698147,78.5665561584386,124.03223674923768,1,0,4.4757340083839265
2,57.34103600483311,non,27.685668607264496,1,0,7.229355131298368,90.76337174842368,140.58621971431197,0,0,5.881608313400976
3,66.262927436998,current,32.36547626995205,0,0,4.934357147478471,77.3729835446003,147.43206234484518,0,1,2.5212854714284676
4,83.5919175971419,current,34.722581948333136,0,0,4.8981740434426,77.33209954341032,143.36047486390046,0,1,0.5711782111902008
4,37.89018351338969,non,29.764674918158665,0,0,4.226100553116032,82.58835100631367,110.12331664129361,0,0,5.6670721849678305
3,43.02346985045345,non,40.71913497601349,0,0,4.661769746297615,88.28788194139197,136.9805782297693,0,1,2.5533581435076402
2,52.3754807446954,current,39.68296967469723,0,0,4.208525664175512,95.57784954292826,131.64697292321338,0,0,4.358597067475307
3,49.64980790333329,non,32.41076679141454,0,0,4.260537192243918,86.93890243110344,124.8695006410765,0,0,6.105135885913086
2,82.67556782121756,non,24.865166879397677,0,1,5.57417122274443,64.3795973825804,132.90217822321094,0,0,4.703566624853742
2,28.810489032611233,non,26.39337274558905,0,0,5.008340762789412,91.61083889147969,98.34149795662799,0,0,5.455050431027869
5,36.745661000009534,ex,35.55327614043741,0,0,4.511893063044481,93.96150512306032,147.13422946146218,0,0,5.463436591225123
4,84.74991724967316,non,31.40397358964523,1,0,6.271602388514307,77.75932912122924,147.38875677193604,1,1,3.4005688219509027
4,81.54080275783471,ex,35.64136028856655,1,0,6.636480112715462,85.06742650657392,157.61086633351607,0,1,4.038984456700351
3,51.856133225934855,ex,25.221218914725576,0,0,4.575615101261121,94.21812872036489,139.99995359759984,0,0,3.696448094456962
5,36.21948652888248,non,24.849337005576505,0,0,5.656615920586675,82.02241316789663,120.95989094037255,0,0,5.30477909279863
4,55.0190902432053,non,29.097990284975804,0,0,4.457740712831487,91.04047174804768,111.05067375741172,0,0,4.1064825163633945
1,56.28990541823907,ex,22.058011059816607,0,0,5.204887679814734,91.12592729748661,108.52129680606714,0,0,5.739415516713253
1,45.99383131942491,non,33.350717471832375,0,0,4.705070991389292,83.52356974131558,118.76651612803377,0,0,4.977210903205689
3,57.00052767415839,current,22.813617433883053,0,0,5.220355079844827,84.70693405862637,130.47822775018093,0,0,6.192299080463847
3,37.18446005049515,non,19.79866215316247,0,0,4.971064709999119,86.60431392443158,131.37392614481422,0,0,5.885861058427976
2,64.98525039363106,non,32.95489870649862,1,0,5.996671233574781,85.29288773117983,162.03956410519118,0,1,0.48517865646424785
1,64.665205451434,non,30.62168072998266,0,0,4.580850273430676,86.1922466008546,128.9701092956411,0,0,6.071947192492193
3,65.20971045366863,ex,31.158790967298327,0,0,5.258233154419356,91.63312164303505,133.38555915911442,0,0,5.242722701522936
3,78.69487576451625,non,30.830638571310597,0,0,5.625142978272555,77.62014884379015,137.81650238568176,0,1,1.7760498079079805
4,71.26520694632066,non,40.3682209586062,0,0,4.719043806045165,87.51382821511919,156.4217470562731,0,0,4.0972128533781325
5,61.772092615916456,non,28.337285290664724,1,0,6.341634181648907,84.74998164970769,128.19735754695583,0,0,3.985959089594068
2,45.92469019789589,non,23.54451534848586,0,0,5.01062825103091,85.5502517334386,105.38578779265205,0,0,3.9156112447440137
3,56.33989755949035,current,32.954406606590446,0,0,5.324740238962785,78.00795380160574,133.85342823688174,0,0,6.0180747939805475
2,70.8160175376654,non,22.75131383782598,1,0,7.187403397747335,83.85345607341254,123.81340468741514,0,0,3.9162476642862765
1,52.244566323279386,non,31.401516310617904,0,0,4.722931301341707,82.14745026178952,125.14001542364551,0,0,4.519570862089643
5,55.84772098648271,non,29.134143060456793,0,0,5.247037644923621,87.29029986306772,131.89358853024078,0,0,6.365370729276222
4,57.88841466984236,non,34.8361395950814,1,0,6.383827195764692,78.67015833004062,125.39612960013824,0,0,4.485115295024411
1,50.3192182961682,ex,27.21125369444349,0,0,4.900556715977897,93.00235496088041,108.1316219223611,1,0,4.872086289063903
4,62.353166437383194,non,23.435729948967026,0,0,4.410383255579989,82.06449473161699,127.68876024649245,0,1,2.272513050922055
4,37.00068341872591,non,37.29032924039284,1,0,6.88353104107862,102.18561301812848,130.80336344791027,0,0,5.133469720709192
3,40.18995924942642,ex,32.48548617283634,0,0,5.451881569399395,90.16781237131151,122.74200548014016,0,0,3.67864711881057
2,54.378555559718656,ex,31.897840070968613,0,0,4.23103878478431,90.80234085680348,137.79310788378402,0,0,4.217372228668557
4,32.037951324010535,non,27.114398978703864,0,0,4.210840116965601,92.78533409905033,94.27298304795619,0,0,5.879809419098997
2,32.740781843469094,non,33.612806465364784,0,0,5.101700814328033,97.68293596517466,121.6493783050168,0,0,5.471838789533553
2,73.99513564820208,ex,29.768795889659053,0,0,3.4629046289546546,83.89816757897296,119.18507824622355,0,1,4.137629874435559
1,49.51241597051637,non,35.849903301671795,0,1,5.780439560385807,74.244857446492,139.09553911399195,0,0,3.654632813438442
3,69.61954492266983,non,28.71507646049371,0,0,4.65620262403353,86.7162724314075,119.85079974677996,0,0,4.472289949227235
3,37.54885860503149,non,21.254976465334554,0,0,4.517074157745491,83.94885138827533,103.8384452372854,0,0,5.415662332449239
5,75.34480280227346,non,28.63885765401486,0,0,4.797432330491698,74.26950840018836,151.62716436242187,0,1,4.2657850951241025
1,67.68528419441728,non,21.67264193603708,0,0,5.3819485952696775,88.85613045291679,107.98764424799441,0,0,3.642840483892835
5,57.785914019392976,ex,27.9330903164428,0,0,4.26558470293739,87.67775892578435,127.88554080788265,0,0,4.256847447337256
2,55.067549822939014,ex,34.995397721858765,0,0,5.120019376325388,90.12580554032309,147.48925727439732,0,0,3.745949142807805
2,60.271820398024886,ex,34.162623406724656,0,0,4.8825919445411,85.1403108036884,122.99023536120721,0,1,1.3070555479202597
5,27.7757056753046,ex,28.902952012351097,0,0,4.413311751269347,85.94962397927021,118.31328858091265,0,0,6.122257514801153
5,55.71795569280647,current,22.499661743082857,0,0,4.460672421544897,94.08242460010669,119.42496038186052,0,0,6.265736994326041
3,37.72098925806897,ex,23.473816967757497,0,0,4.8844787609272835,84.30875413624007,112.10041974833935,0,0,5.5324727560842595
4,26.420875429133723,ex,32.28633797438157,0,0,6.551924573885886,89.33115282917437,121.04231362152704,0,0,4.7814905809141095
1,55.16100704165936,non,24.20755080224598,0,0,6.319504342167206,76.56513717310483,124.24903930710494,0,0,5.665497152083004
5,43.719563557147055,non,27.854855711946218,0,0,4.118615399466784,88.95743785672117,119.8625323664517,0,0,3.8705502585732856
3,83.72672469520299,non,26.52691689747891,1,0,6.9392183560810095,82.69074223567102,153.50575302758187,0,1,2.628835483186256
1,38.81407540257978,non,28.53103903221091,0,0,4.4003143521899855,88.29048319910643,111.54490871564687,0,0,4.8420386151933865
3,62.56242661524231,non,24.62273676901242,0,0,5.059312321457595,84.89072234809848,132.40602015653337,0,0,3.5820819185235138
4,44.85497696973759,non,27.057738398919806,0,0,4.742328608300628,101.55642516713641,119.03825237140839,0,0,4.2936907046264645
4,78.9083156973951,non,29.974886730121504,0,0,4.28133674863476,74.45894423802137,146.7425298807167,0,1,3.0420288155396493
4,54.6307080767711,ex,26.82715427232351,0,0,5.517908789564277,86.3393876045516,134.90697131337507,0,0,5.873026133078096
4,66.70368583957885,ex,29.650930005308133,1,0,7.990534746759273,92.2245171784966,141.1098631767812,0,0,5.6175362084469755
3,50.630317216939225,non,26.396146200557794,0,0,5.029675083003738,81.62071344379105,126.05159640011027,0,0,4.3485503801056105
2,34.123866979413606,non,26.090795225457327,0,0,5.839586986932678,90.53654439128448,114.40268387711272,0,0,3.6800763135265226
2,49.030007243253124,non,23.87518727157676,0,0,4.87998671657168,81.45982628397354,113.83281090612154,0,0,6.121704165942343
3,54.537956467523166,current,26.406031410662923,0,1,4.36131399810468,67.22353907259829,99.77355140778592,0,0,5.608748638253671
4,62.569177134974304,ex,21.779742165287324,0,0,6.099550862383051,88.17025384059721,121.6906363213848,0,0,6.160958605693105
5,27.505658917871983,ex,34.20106786845943,0,0,4.0984486468145995,89.83400940239493,125.25802801098739,0,0,4.732328877898244
4,54.73712109515276,non,32.359661274810215,0,0,5.248115869696953,82.17109447392272,141.97078606516465,0,0,5.5220508719529064
5,84.53116470865595,non,30.805068149769546,0,0,5.786908781258987,80.35414330577794,131.50524960723754,0,0,6.165985831682386
3,69.1416191944087,non,30.75645105380773,0,0,4.611758426987958,82.584961124454,117.04596692114522,0,0,4.337655283321899
2,44.76758076513339,ex,26.88870304671761,0,0,5.927536227175678,80.1812243128657,130.97403883093625,0,0,5.431732892651459
5,28.34244654130515,ex,23.31572559689086,0,0,4.287405017286298,88.58546871780489,97.76475765163457,0,1,0.707043771711497
3,32.5261206268138,ex,31.87210702967482,0,0,4.6008136482858335,91.45593184533818,101.3102776269651,0,0,3.789617885268662
4,50.408417208358955,non,18.272026120223607,0,0,4.804058901873526,86.80208958442466,112.15357612796464,0,0,4.600391751976914
2,63.95913354811219,ex,23.157444153140595,1,0,5.412823704410851,75.3177998385399,126.93191269265238,0,1,3.088735662192231
4,80.87058505672192,non,24.827233813952112,0,1,5.6024236340501306,58.204443390351464,128.68277327044777,0,0,3.9059295152218443
2,71.69402679592241,non,31.16347323080552,1,0,7.653289261670194,86.34766730312681,138.6318323817931,0,1,4.088537853387126
1,64.91929325808741,non,34.56162511994487,0,0,5.655351089082241,80.99948561511341,129.15323630486805,0,1,2.5969787742744566
5,26.266788499098862,non,19.883315500389877,0,0,5.302141864317246,89.00693719770847,122.20929903308355,0,0,3.5642146795335075
1,26.032336335287752,current,32.99075869205231,0,0,4.55156656697869,90.91251357470408,129.68029545094487,0,0,4.740734563780024
1,52.90689705324669,current,23.808404072304043,0,0,6.265185130955781,79.95877622959453,109.77878723870487,0,0,3.6701917544162366
5,83.58106059409774,current,25.1987495335341,0,0,4.997168437638464,77.3218050045881,119.76533260697109,0,0,6.1455353126538785
5,28.236210841412618,current,29.363853982752723,0,0,5.133980933723456,92.60009343573988,138.08177129935984,0,0,5.209867687611174
4,68.25281293375032,ex,27.355257619808253,0,0,4.926408117270295,82.00796715486888,112.71312705219566,0,1,2.255241982256968
3,78.90649685534899,ex,24.56081274828182,0,1,5.064813979310538,74.62294003094027,97.01083620602199,1,0,6.175900171301819
4,42.81995064913906,non,23.50639298894523,0,0,4.977906712183963,86.49548895185565,109.15293180143959,0,0,3.4604810434149975
5,32.19309369369179,non,26.710692097376857,0,0,5.612050452342585,86.59188631308011,112.37640065827023,0,0,3.4129527544902545
3,63.729448038919315,current,21.875705823022678,0,0,4.3185189810179905,80.27529831025753,128.7332253384551,0,1,1.1398002832503398
5,80.16742297934178,non,34.00437745107037,0,0,2.5010424087721983,90.96805492480769,132.84492465336473,0,0,4.42157994525529
2,76.21369615161935,ex,25.56500527827951,0,0,5.113612131508941,78.9645442096325,134.64567428264397,0,0,4.689727373259462
3,79.24014562468369,current,25.16328191419223,1,0,6.342310159744832,86.2383458906755,173.18128203083967,0,1,0.571500232459533
1,84.83955927980992,non,27.35590886672678,1,0,6.241110573638015,83.49005685879708,137.06912618340695,0,0,3.528149472718293
3,27.955332651007087,ex,29.31965324967331,0,1,3.8275046146483187,76.16126156271199,105.38970649432721,0,0,4.8833467424887935
3,66.06437268667437,non,26.41395095792712,0,0,5.389188702576286,88.34580958635921,137.03408866151815,0,0,5.535622567244312
3,32.323051969932294,non,25.835165099558427,0,1,4.667563040470507,65.30258954480388,112.88505721723928,0,1,2.786642633565386
4,75.84299025021046,non,26.427287937237317,0,0,4.449697369123927,82.3287693872159,132.59239282115433,0,0,4.2714053814293385
5,45.456522642204554,ex,32.87334667695643,0,0,4.0930065390398385,89.06758841912924,155.80572604779334,0,0,4.9652669994931316
3,31.86286993914561,ex,25.831824152602053,0,0,5.035130282577238,86.11567154903487,119.43103140180197,0,0,3.8739600095161584
2,31.38167277595423,non,39.561117651606054,0,0,4.2635375129605775,85.15786626145314,118.6564753286821,0,0,6.194034062653431
3,56.49207080592048,non,29.554218623046957,0,0,4.960960428306831,78.87918536336028,115.63461722456235,0,0,4.340751319408075
3,64.43152706991788,current,31.603773063413495,0,0,4.9660340524094995,79.0238412620874,131.14441105681624,0,0,3.6969100106015365
5,52.05455106141058,ex,24.24916414418292,0,0,4.907128353363048,79.41480628820509,115.35344206854245,0,0,5.467467025174448
2,46.29101331508515,non,19.563962222894297,0,0,4.401725910801284,92.52888021744094,95.01416024065617,0,0,5.695743527051176
5,57.50441547851031,non,28.360384756057485,0,0,4.26398366384459,91.19584094196563,153.20065419340756,0,0,6.359553066566344
2,74.83870012919795,ex,34.483881853331596,0,0,3.9200071232758487,76.59959922389709,143.39983705937064,1,0,5.919822592069622
1,68.8463385862722,non,40.654369411803046,1,0,7.048805504475794,89.84436136424021,168.21616001115274,0,1,1.967502744830538
2,68.05245030177264,non,34.79247965549072,1,0,6.6226502475548115,83.21071877169132,140.35934923216954,0,1,0.00453875658892927
3,74.02954607339171,non,23.821892792746162,0,0,3.821813508633756,77.1057996657263,110.45657522962492,0,0,4.639657054667681
1,52.83821839517404,non,31.583383813828394,0,0,3.9990939685955222,89.9793548205009,118.11890779709236,0,0,5.9756233565782875
5,27.27526197887911,current,28.00167141472608,0,0,5.403835469982761,90.07231917862335,112.0767980868382,0,0,5.4209039278927555
5,29.57542421138534,ex,24.49096322069569,0,0,4.108427443712881,94.97875560019793,118.85179862489832,0,0,4.372117219705833
3,71.12887090970415,non,25.106081997527088,0,0,4.689453819374095,88.7331526027679,124.65044040357874,0,0,4.715433991311754
1,71.68606964151834,ex,23.056290402102217,0,0,4.404686579868558,87.4182905874595,137.76410137271512,0,0,3.789390424798849
2,62.98056025140375,non,34.385406514149835,0,0,2.973558665475307,93.15923079493466,147.42476653474213,0,0,5.74925917705405
1,76.04754160769973,non,29.999390983707833,1,0,7.807739553916968,77.2283419705048,149.4569225744503,0,1,2.37288088380205
4,82.86426127083422,non,36.75167604290902,1,0,6.5551533100508825,70.36385025995035,164.2110430759443,0,1,1.635108009746201
1,78.74605427367965,non,24.046136298514263,0,0,3.688968696647443,76.84011241788689,129.71197578819124,0,1,0.5030474514183252
4,29.097507002032405,non,36.426861501933345,0,0,5.32770498141095,80.51360377818041,127.03567451519528,0,0,4.155274219966431
5,72.22471604374437,ex,26.445944705190485,0,0,4.572088864294746,90.09249524127819,112.07999432936306,0,0,5.300490369599398
3,43.38716942558718,non,28.67427075367724,0,0,6.244805161645958,93.64904502833284,134.1624497141218,0,0,6.147405615154856
1,45.97299020560973,non,33.29902362619263,0,0,4.050930394988171,85.8525930442406,98.94879309513212,0,0,6.04164041910867
3,29.82880191690115,ex,38.976717967425415,0,0,3.9116943622388565,96.90981342757789,110.26717749310214,0,0,3.590269585208429
1,26.276979098054603,non,27.2556311901838,0,0,5.496679238445884,78.95028932874663,96.84191596820092,0,0,4.7478545218798915
5,73.94446846789936,current,31.903610607320818,1,0,6.2984080921487,84.44878480026357,153.51178833933386,0,1,2.979490744023057
4,51.281897424209305,ex,31.37918471301008,0,0,4.273539194505778,83.15788469299777,129.31810612265033,0,0,5.579872448813188
1,50.640493937447744,non,23.63078958166509,0,0,5.743723342259225,92.21274177102786,120.20947761923503,0,0,3.934360876178085
1,50.857299188231266,current,28.701346665924678,0,0,3.3948938113321776,80.31204288520568,149.70257177229075,0,0,6.2880857901749145
2,67.4039155009578,non,20.791337595284695,0,0,4.308362981696084,81.37913509344696,118.27640749297115,0,1,3.980617077200338
2,51.85810985722343,non,25.956527195242572,0,0,4.7506509573808815,85.85210107217857,133.53870848336956,0,0,5.49989493876415
2,83.84283685141467,non,32.82621381324386,1,0,5.529322423008702,83.18354312254115,158.51752163947785,0,0,3.9953588649680083
4,75.70924132244915,current,28.560910026859077,0,0,5.87347700909157,87.1800656531736,111.17028651013052,0,0,3.769063175151076
4,61.132239675441895,non,31.531369454286978,1,0,7.390966178849133,85.98489398301396,133.01014729684525,0,0,4.893490017718113
5,42.3376158696167,non,30.329164886661378,0,0,4.15318141960193,90.16405047506336,118.03181215909129,0,0,5.318519375723147
5,25.41403728078155,non,35.66164944704817,0,0,6.4137280944442985,92.41096221849186,108.2800080083728,0,0,4.687181169493207
4,30.858571147769393,non,29.020896155504204,0,0,5.125782354353174,92.831636929809,99.08933530041496,0,0,4.530986622351201
5,56.90966177313825,non,30.368520687664304,0,0,5.362284024166468,93.58241445457523,112.12962682777814,0,0,5.483774392332055
5,73.4472461417258,non,37.41338079310847,1,0,7.238404630844603,81.35818393371665,127.58940245010635,0,0,4.001950879907722
2,49.62230979419225,non,25.193763190261464,0,0,3.818238016327808,88.66643868618841,135.95875014892,0,0,3.530986676184733
3,79.50052914748663,non,25.801954784044113,0,0,5.0441397502154155,73.36868453460072,131.4246305516308,0,1,0.5975606197004879
4,53.46820236487895,current,33.08072441024931,0,0,5.197300739570803,86.96272661134216,135.5259574583019,0,1,0.17861109927501828
5,49.03455371284062,non,26.400530108268043,0,0,4.441017546350656,99.38524520978535,113.30750374927104,0,0,5.450984068201105
1,75.90223128359388,non,32.53932431949249,1,0,6.352499939020178,81.6187299181632,142.66351109258002,0,1,2.4293375541127515
3,60.75338326655966,non,28.834140021318106,0,0,5.14280220059079,94.10580120981643,127.82597768688726,0,0,6.081683570645814
5,61.38911980656203,non,25.029803780688127,0,0,4.166848392847129,86.57331184358873,128.80578907553559,0,0,3.625138515697811
4,79.5559127491629,ex,25.390233144040053,1,0,7.005452648917099,84.19110343786437,146.86111353586574,0,0,6.021260656474381
1,28.735105594389953,non,27.100198337653488,0,0,4.506455581250614,90.58768816145071,123.89339819646533,0,0,4.0562378933657275
2,46.170041653615314,non,26.035955223512413,0,0,5.694912653181488,95.60560339738853,111.61873889748344,1,0,4.801435024595983
3,59.787791699715015,ex,34.957344257387795,1,0,6.8829177094443095,91.87378377560874,113.37855046505109,1,0,5.764385161839398
3,41.09238022588555,non,30.300695346437,0,0,3.4818403748376445,83.95210427302217,133.2074155826043,0,0,5.931782778328536
3,31.108728418759313,current,34.35665574448749,1,0,6.002203498054947,93.05086702303707,137.86927773299686,0,0,5.988907262070905
5,78.1237736295169,non,32.83210024384613,1,1,7.072460841906007,64.85339374335938,145.69669027424248,0,1,3.019974479207208
1,68.23980142750708,non,31.813091800483207,0,0,3.150210973673278,77.41088683621894,127.25969438100988,0,1,0.0998821912710281
1,39.42723121071951,non,37.74936396337321,0,0,4.7523904578477225,90.05558551942455,116.8217067602925,0,0,5.6729298033132345
2,74.91045816198286,non,27.933302933909545,0,0,4.8880051594589204,83.25913095988975,124.01487093812642,0,0,4.476400433872734
2,27.87137074896618,non,32.36384096309602,0,0,5.281425037689758,95.6621463259474,115.23646446681506,0,0,6.383411207300142
3,63.4548637907693,non,24.66819635467766,0,0,5.54144962148736,80.15121077902455,136.05323205646525,0,0,4.080893587500283
5,62.7864361758738,non,31.21434569149671,0,0,5.321209101287541,90.6135645615126,126.10275600034495,0,1,2.543185415020301
5,54.274199812945966,non,25.379725153474602,0,0,5.51475751547582,79.76329988832425,124.69948484838956,0,0,4.633973400945946
5,36.48959765727707,non,27.33515108610422,0,0,6.154361195828405,96.56266957379398,96.20494113299105,0,0,4.5876488993816045
2,49.81402506782565,non,21.234129594444354,0,0,3.7868415152030837,84.65697365967307,112.59510125300437,0,1,1.5199696237515412
4,38.70022921956358,ex,25.341755644649663,0,0,4.708287682827645,87.12318014979056,119.38083241610383,0,0,4.930552594042251
3,40.70036448295144,non,28.503606578771244,0,0,5.202824912608435,92.14570954982858,120.34351907981785,0,0,5.092923092982863
4,81.2010338040023,non,21.477348047522455,0,0,3.9598308177499613,80.90003599321251,133.39190363974748,0,0,6.3966925103277354
5,55.31717228667644,ex,18.41000583628563,0,0,3.7318947497971475,82.91116698468531,125.00144666365865,0,0,3.4597088555126794
2,57.1348040408748,non,28.55268668176569,0,0,4.296042060100482,81.68259983927379,150.70234249590817,0,0,5.036988703001779
5,52.45086782618571,non,24.281572565434804,0,0,4.299866805120894,82.52865051465983,112.81279870994763,0,0,6.183611042788991
1,61.970244738106814,current,30.907412106538604,0,0,3.5962129800115825,79.90005335776766,135.73869677197422,0,1,4.466416714853024
5,27.529913234383304,non,25.568227214192383,0,0,4.807512722168431,88.47189077716517,100.40430386976632,0,0,6.203043117886469
1,83.50156273997138,non,32.28536857757214,0,0,5.620820105150069,84.07597728793826,145.55984159913658,0,0,5.9497603743798795
5,62.224598144154854,non,24.502787692754943,0,0,5.07760396603779,79.56220385234451,115.36796683722139,0,0,3.961372378012025
2,42.87672284110421,ex,25.479330998861947,1,0,6.658934779495005,90.38816335845806,102.43793845246583,0,0,4.73773750021458
2,83.36689734515099,non,27.436628143904112,0,0,5.213470532678764,78.71643885906452,138.47072847483176,0,1,4.346199773867035
1,26.273484429805038,non,26.289453741956695,0,0,5.106407829245051,85.00955479986128,108.92603016682598,0,0,3.7499395789819188
1,75.27790004565003,non,33.484734650199194,0,0,3.973810236987677,86.74419252531287,133.30828949049845,0,0,6.106178799166232
3,68.08452311175829,non,25.065754000574437,0,0,4.9584284995681145,86.5473246138057,139.28080235852406,0,0,4.210112313762822
1,41.623225663609006,non,25.787743209115135,0,0,4.208826546641498,85.21117141782237,138.91613345921553,0,0,3.8687440859573035
5,38.496319959151904,non,32.248902164078025,0,0,5.284225875434597,92.05376626084306,127.23929122016978,0,0,6.068350651545769
5,67.0172319957021,ex,26.672082598861177,0,0,4.92353756214769,75.5575111217394,119.51445046021787,0,0,4.946387608103584
2,41.45297864788032,non,26.294841617930114,0,0,5.166268148942534,89.84675938785585,112.09775706959633,0,0,6.240246656339826
2,64.12294027330901,ex,29.836072051095577,0,0,6.012927572218435,84.91199458202611,129.28290337579975,0,0,4.220056086324044
5,80.0165929079567,non,23.58333215556382,0,0,5.289590633046284,80.24311337970616,118.61228066410781,0,0,4.439606281496442
1,69.56169253173121,non,28.930710586101643,0,0,4.339160863139468,78.67232301444545,123.54437082972474,0,0,5.412202051381919
3,64.22942607628569,non,31.5058090007916,0,0,5.216656708816289,80.52458551637699,145.83069497045818,0,0,4.021064362862099
5,28.435066841792377,ex,32.535674025627145,0,0,4.8668437295318165,90.45551828326562,132.83346789786668,0,0,3.993239250463255
4,80.48515649236417,non,22.836698017453337,0,0,4.298711474096987,80.08068013804555,126.15309943682523,0,0,4.819562440948701
5,30.206115387115368,ex,33.51882727513785,0,0,4.568988787785633,84.14769250760003,143.1564854523873,0,0,4.428169930021259
2,63.53819616668495,non,30.84327876994549,1,0,6.326764234112675,78.50916734491662,143.69506925100572,0,0,4.3664010430573725
1,49.267907985983626,ex,39.17386442208043,1,0,7.303467999594522,89.9640931989938,153.55265347415053,0,1,3.3471307155254624
3,41.09131371694289,current,25.3740015532183,0,0,4.302362932669023,84.93209201277163,123.57589214927368,0,0,5.963137373203413
5,59.37403893359404,non,24.349705366568468,0,0,3.732822733397814,91.67684026604914,88.83758353770438,0,0,4.542867152863359
1,69.6560342256856,current,24.100788783076926,0,0,5.46147342547334,85.77186218171433,122.34667538216148,0,1,0.7954349934875752
3,59.71061830312601,non,32.32959499912396,0,0,4.569152142767434,89.1867732919797,120.93913769365844,0,0,4.1913932395314575
3,40.42091689808281,ex,32.793771953704706,0,0,5.527255104241789,91.35324852644551,122.46707803908355,0,0,5.011385357662269
5,43.7955472948109,non,28.68578891488475,0,0,4.117519293726948,83.81103661680834,126.29963814427556,0,0,5.233247457585269
4,84.57942891041827,non,22.3164796372436,0,0,4.476938276886676,80.14522783199409,146.03335740555497,0,0,4.907803122098124
4,73.7465673345919,non,26.83429441669436,0,0,3.9631800557195316,84.03996045296772,135.15249379652772,0,0,3.5486131787894375
2,74.13598315782957,ex,37.146004560575406,0,0,5.001748980204697,74.29598502836123,135.36948899879926,0,0,4.986329466962675
3,61.7030053659633,non,22.30422776011426,0,0,4.443841173000317,81.46553277522781,125.6892441007397,0,0,5.153088202694967
5,34.968953145985,non,30.366592301314466,1,0,7.14782415574153,86.40793965671263,114.95755852989066,0,0,3.788015792158282
4,41.191585362216586,non,29.26514384854946,0,0,5.6775471470565595,89.21706732654668,122.37250664233,0,0,4.18364741159036
3,70.10786276885474,non,26.25621116180484,0,0,4.066886349875271,79.40470460290184,119.15486242479369,0,0,5.046626653265342
2,62.354023519651676,current,24.331320860584178,0,0,5.304428464253585,90.43030143165115,127.92801395286283,0,0,5.612384256693968
5,27.08225446298402,non,23.597593040952077,0,0,4.159191315798724,94.82669330164292,129.58921213113976,0,0,3.657484405977499
5,82.77498007182238,ex,23.571049774275313,0,0,4.2773185282022785,79.09370264990133,138.565688323274,0,1,0.4460687021519906
5,25.81052473611335,non,30.094078952857167,0,0,4.828162137584984,86.3044331901526,114.44785430135454,0,0,4.698036359402758
4,52.1600280296732,non,16.515978080078135,0,0,5.014302748826249,75.38748613283764,102.56471176569276,0,0,6.321297642849633
3,73.60526947541231,non,30.42937371970045,0,0,5.268563865443125,79.69682799218086,150.73467571937167,0,0,5.533172233300856
2,29.058717717035282,non,38.001169360109124,0,0,4.4584727301619305,84.53295291144674,130.90485451504,0,0,4.1364713226017304
1,56.9361950749438,non,30.403244382038817,0,0,4.89838274875139,91.03590595771217,138.13718142481198,0,0,5.668554140943964
5,25.45383230591871,non,31.319121956460553,0,0,4.659366287060234,93.49123021722646,136.31894836072053,0,0,4.531580842885214
5,30.581635883800388,non,32.88648142350476,0,0,4.076611703988629,89.8222894137712,107.98048153932994,0,0,5.868263631339671
5,65.30638749998482,non,33.365274234251984,0,0,4.452568592736992,72.24245071011632,153.60408958657166,0,0,3.6306693601965647
2,63.747662936607675,non,25.607722137197072,0,0,4.348498364288267,83.82199747620245,102.99000300163989,0,0,5.565525522052895
3,62.25420229777699,non,16.0,0,0,5.168475719875427,89.91619261485752,124.6536856791858,0,0,6.205940388843497
2,62.092976558082036,non,32.716540619488384,0,0,5.558220952550047,86.5219433572973,131.8207186389635,0,1,4.84890666955029
5,84.77972720009333,non,20.809061359404637,0,0,3.775478881576948,81.75401008956491,121.74247298944232,0,1,1.7339625495467705
2,83.08209738969653,non,26.812338513632575,0,0,4.86333749790192,77.6724862492807,110.97844668690422,0,0,3.6756461722060543
1,52.53102373750973,non,33.77856747408917,1,0,5.958032041760359,81.00921547921064,124.51280048245252,0,0,6.350692141374879
3,77.01281064695644,current,31.14849356030767,0,0,4.262309685286041,84.29259227819593,133.90652537336405,0,1,4.707253810099847
4,70.63931693058323,non,33.30505527402236,0,0,4.481661694586592,87.57559250535346,146.1407950480193,0,0,5.295260696288723
3,41.63474637810262,non,21.088336851837116,0,0,5.6901384132114785,85.87841248667523,134.09022110503514,0,0,4.094520354812067
1,41.59374698599888,ex,24.996063208873508,0,0,4.592129286317144,87.38994416097866,126.0519680378302,0,0,3.953420067846726
2,68.81452526818543,non,28.601363436188922,0,0,3.7406735757173313,85.19029189758092,124.33530838886072,0,0,6.318299890356634
5,31.396524957684058,non,21.146476949330772,0,0,5.391986331794392,98.42694178367705,92.05897932262796,0,0,4.452128533321966
1,40.0033631498799,non,32.571525209350746,0,0,3.9113350698138314,89.1958251061905,130.31020296601292,0,0,5.081169358431163
5,55.55997299860714,current,31.65087953070715,0,0,5.1967226188986535,90.02435552538962,107.03249275366079,0,0,4.5305579795791395
5,75.71692563822523,non,25.13226307557549,0,0,5.358259598131912,84.65264673125462,125.84135211370464,0,1,0.28954597080174466
1,61.76439060736036,non,31.275613616219953,0,0,5.094310275689029,81.44686245947683,94.34462845853432,0,0,4.664871282612414
2,46.871289713162476,non,32.7725030935945,1,0,6.614203129563936,87.45404340908432,130.04587746422322,0,0,3.5887431623762605
5,33.623684425635645,non,28.983702195245925,0,0,4.077830199799842,84.05705483199267,99.24209315765907,0,0,3.639497942490428
2,71.06556700861975,non,30.73569667769959,0,0,4.438269841761511,81.12676515962985,109.17887515715108,0,0,5.393224997370302
4,27.38923940174717,non,26.150063561810725,0,0,5.36503488849675,87.53459909585695,108.27434734924623,0,0,5.703385086662387
5,50.802897743929975,non,29.646098583574968,0,0,4.167597372396363,97.24177070462248,128.1000502158509,0,0,3.715660312618693
4,57.336812667676405,non,31.019417273200492,0,0,5.6020338102961444,83.30285229447566,128.38985675428177,0,1,1.6700056523197138
2,45.72890733106409,non,32.263108799447814,0,0,5.553854477142021,80.0037839420054,145.8171067721134,0,0,4.895055258324993
3,78.02188681352462,ex,29.29948603494616,0,1,4.5342218586507546,68.31480158144927,121.83106242019691,0,0,5.856929674614571
5,58.35260152457613,non,32.37784423884992,0,1,4.56434955292892,61.52556938610023,134.7863872739709,0,0,6.113063631816761
3,78.71804338483885,ex,27.75145483897081,1,0,6.453645070664057,84.50882044809632,134.58971368609974,0,0,5.4780584872799665
2,42.52189457825574,ex,32.48033649882276,0,0,5.380852198847036,96.1396974044173,126.89126319867079,0,0,5.0063608504607595
3,79.68141291709165,non,32.94116289162442,0,0,4.676449732295312,75.18876362131564,132.12291574557824,0,0,3.422867957936322
5,44.188007812242034,current,25.342632819044237,0,0,5.0185970658813375,90.57300749071855,124.04612077334838,0,0,3.845410291020056
3,28.958060137727447,ex,23.544833340977654,0,0,5.427025467297943,95.04566515190284,122.71970544651556,0,0,4.16992932678803
2,76.8608865153513,current,32.99232316407485,0,0,5.046426212004797,74.5946323316696,149.46446815390138,0,0,6.216900822679436
2,63.28616909677352,non,36.5867719492266,0,0,4.039405451955417,93.62162539164913,139.6782030213612,0,0,3.684138449934469
2,81.71330806707584,ex,28.148797466877,0,0,3.967880391679329,75.79149678074283,124.52516579677177,0,0,4.841781388365886
4,34.078327105263476,ex,24.874161156201975,0,0,5.572256435367701,85.66373839021786,118.81914526536934,0,0,3.4175256505068594
1,80.01955367251996,non,30.51662522550794,0,0,5.597835974808971,79.74519930077695,138.64791495022754,0,0,4.9177526391421695
1,29.133014377486273,non,31.420603565555577,0,0,5.237438445334294,93.167462415311,127.43506066165564,0,0,5.377254193970972
2,80.10342733305282,non,23.7184838823432,0,0,5.060931270626585,90.74137000116973,127.41330349283949,0,0,3.830356709890832
3,46.35928346593137,non,29.386514875915132,0,0,4.536716717486053,89.08823754545708,103.9917340381499,0,0,5.496389113189739
3,74.26210663882273,non,23.783897419144864,0,0,5.582710431023335,87.07154104143842,130.24711756247308,0,0,4.983472163575852
5,54.40596756732285,current,29.878079597163644,0,0,5.9181765929572405,86.0887094170904,129.88700426181114,1,0,5.765760739381971
5,42.62360929397375,ex,29.587435354860766,0,0,5.431716400446717,87.08895616026263,127.69733508089219,0,0,4.968389288970446
5,60.60458517504629,non,28.129937177041043,1,0,7.507831817423417,97.82965066070923,118.10675163081018,0,0,4.3483150425908015
3,29.630194997105797,non,32.15207266610159,0,0,5.098742740760207,84.33814312303556,127.5527239193664,0,0,3.9612916981167308
4,49.00216791895406,non,24.03657209852821,0,0,4.598965034898603,93.79039646208928,107.25388245719407,0,1,1.5112339979831697
5,59.63632325257389,ex,34.254256875573176,0,0,5.131556204038044,84.18533455596767,125.15877324495096,0,0,4.487170194686625
5,38.09802512912075,non,18.6937816446073,0,0,4.177816334809105,100.00847374124102,92.48119556849771,0,0,5.701530576569681
4,68.70070725913808,non,32.334558167288556,0,1,5.1411756365247285,53.69764808688956,141.01883092704605,0,1,1.5155164217609454
2,81.5591016710064,non,34.861164762910335,0,0,4.071135172473909,64.66046688576243,140.1296424126618,0,0,4.328954577009942
3,75.92606006404617,ex,27.6503490401982,0,0,5.468714517359675,80.25349894851307,134.75495906848306,0,0,5.421548499374688
4,29.07332293993757,non,21.783972559837043,0,0,5.335384479659269,99.73201787461561,123.78072050236963,0,0,4.826994818427214
5,74.99660865269784,non,31.81776701472841,0,1,4.418920212560177,67.50643552741926,140.32109476508188,0,1,4.542660550600731
2,55.39288461801938,non,27.18949011842922,0,0,5.256775222042801,81.6991474332732,130.62303867226998,0,0,4.534296661222696
2,36.3560537318105,non,30.852729225786742,0,0,6.0201134881176195,84.20646778605972,108.45344850035048,0,0,4.4713069649612445
5,33.154287871410034,non,22.090348091289382,0,0,4.819645737797422,95.92303397241402,107.19821783904142,0,0,4.140126389858819
3,44.661972940551834,non,39.45326877904715,1,0,5.8117971437384846,87.67409769299377,140.84009533757893,0,0,6.264950211220116
5,37.743699568866774,non,22.097781483013655,0,0,4.356082743064864,86.56511489649792,106.276507600998,0,0,5.924608062255006
3,41.954629920075654,non,28.484465050073542,0,0,4.678468457528327,89.83660381542538,133.02698734209605,0,0,5.499711382665533
4,52.90206936082551,non,22.594592785437868,0,0,3.871642688090104,73.12670067107852,133.81150770704977,0,1,0.780467611395074
3,56.3024738690642,non,27.64099083077168,0,0,3.9859692526028754,91.86743101711102,133.6052471929024,0,0,3.5158251005143817
4,79.10106150012635,non,26.92132326218029,0,0,4.8664011740633155,84.26235433309725,141.76804462744278,0,0,4.164580770081805
1,78.13778617234227,non,27.12849298377549,0,0,4.317460614496149,84.28439782568248,160.52072482924564,0,1,2.647403568660667
3,76.85891670010572,non,31.304056337719054,1,0,7.312917800687004,81.86826310941805,123.79351601818377,0,0,4.84207032967885
2,39.3098341840074,non,31.73346686423706,0,0,4.981114994930235,85.68542766643877,134.05016835625375,0,0,5.527242614156808
2,70.97547282969268,current,30.524988694466302,0,0,5.385121056349645,85.74101522070097,115.03167129883929,0,0,6.382511350373852
5,79.94540251361295,non,16.478967053416113,0,0,4.431257985428942,79.48853048179109,132.1126876668924,1,0,4.495871506183802
1,39.10132631248235,non,27.645162774743937,0,0,4.767667919274997,89.39114087505946,104.87659320922927,0,0,4.282629989312059
1,72.44351354469751,non,31.793687525159083,1,0,6.056731217285574,88.81150275030322,138.89892551632062,0,0,4.565244404803451
5,77.48190147829699,ex,31.095797587428763,1,0,6.07222805716387,79.64131086936811,144.19101619089315,0,1,0.01620300658010075
4,38.88740649234137,ex,27.23271920754641,0,1,4.206821232258863,73.23487114595615,123.12938805562345,0,0,5.3478136824722755
5,43.23084069155734,non,27.00272349122845,0,0,4.318238352778623,85.48073247096002,132.84230364703726,0,0,4.412220609438147
2,41.53736528624764,non,24.332939021560975,0,0,5.3399108110568445,84.54674590035579,125.48663182285182,0,0,3.963041316830544
1,60.834838099338626,non,32.25171213769609,0,0,3.766217131904196,91.2805437078169,117.42337823204316,0,0,6.002436258726194
3,31.79615896236683,ex,37.17102646076851,1,0,6.122101373816904,93.72129974471659,134.4026701677372,0,0,3.416717031803184
3,63.57870255403278,non,34.14207393287437,0,0,5.562739515480387,79.54196003005063,121.0575120521431,0,0,4.7564425915068025
3,39.4710933065654,ex,37.323360965062435,0,0,5.5827122207121604,91.33562482744931,115.72235191695387,0,0,5.673671611806301
3,34.116921846075385,non,31.70496310383364,0,0,5.5959864547631355,102.88589433715755,99.80102633606478,0,0,4.426416569456291
4,53.726896344651735,ex,25.869358388190292,0,0,5.529383771899453,91.99645545728184,101.18033215712958,0,0,5.401475424744618
2,84.25050015051363,non,22.24394483202543,1,0,7.607154275295343,81.27193799421495,151.52867304099698,0,1,4.039541233570119
4,28.51698603990095,non,19.742126977009242,0,0,4.699834739996281,79.02332639157024,116.69542216766834,0,0,4.496081031436574
5,59.17233157847271,non,21.14043986393988,0,0,5.024002359946723,85.62216164887525,116.3109062628171,0,0,4.313482933727785
1,32.77905602933988,non,33.60932349936048,0,0,4.220317945980594,88.36512761446559,90.67913963508438,0,0,5.773891840716066
5,71.65394410501005,ex,30.977908272727024,0,0,4.713145411865108,77.48690221632862,127.49929934475279,0,1,4.28278157033197
3,62.125444536952315,non,24.981098689360913,0,0,6.1296146269196505,94.42457780864052,127.07961066266745,0,0,3.8530438740215796
5,50.05575978855866,non,24.990303358974202,1,0,6.576742599785568,89.76045063999231,125.93039460076616,0,0,4.004998037439637
3,43.05979715712535,non,34.740419887179215,0,0,3.994842487136703,93.70805064515875,107.32588711941347,0,0,4.271680890752377
1,46.543867572317936,non,25.929999433763918,0,0,5.071182895037127,77.43796821227356,119.9121263447852,0,0,5.164939595681477
2,81.16609066649578,non,26.85788675694125,0,0,5.78633878419331,82.83248521074174,145.67871466400405,0,1,0.6532554639913644
5,49.12946786896693,non,22.256289868350777,0,0,5.299240776857767,88.42705545848743,117.1278985184348,0,0,5.725476731439221
2,68.81908488804687,non,27.383401903854413,0,0,4.861623132191167,88.71224217023773,122.75395315449758,0,0,3.6487545172694635
1,56.12122547959012,non,34.17384605673252,0,0,4.826503493646223,88.12819028236468,140.55293253474832,0,0,4.50162916161122
2,77.36238088912431,non,27.05520131058369,0,0,3.9938754799709772,82.53371167112593,119.24847593849007,0,0,3.786544268670556
4,84.93365396350492,current,26.52918021863073,1,0,6.491104638151782,88.68851152117493,152.96246753311104,0,1,2.141479674952991
4,42.90686415490292,ex,27.72420981295869,0,0,4.517918717895667,88.36548690404577,100.99994099418086,0,0,4.453091998576556
2,25.3918587376847,non,28.40398303940559,0,0,3.815751378751183,102.17578739160948,110.6368590816896,0,0,5.851298909013946
4,59.86271662476502,non,28.148166906498528,0,0,5.158853802635157,98.12417663583982,131.1738968302281,0,0,4.631885363997839
3,66.12090357921842,non,24.17581799540331,0,0,3.8630616485601967,81.52128592908252,110.72711300967575,0,0,4.6644272523220165
4,64.29426830925813,ex,41.484568136691415,1,0,5.768498935662572,72.67285964470152,140.57768414055232,0,1,2.8615039844636905
5,27.010006608700124,non,23.66979814298749,0,0,5.134714432624599,96.68862213758622,105.78521126792342,0,0,4.965387181115428
2,84.9152196997736,non,30.786839568687412,1,1,5.429294257117472,68.05721019777118,143.22070804785886,0,0,3.451025444240017
1,25.37844852745451,non,25.825828495055664,0,0,3.895014446577089,91.34815002813463,114.06378178673047,0,0,3.585107384109035
1,48.448538099500986,current,26.589586387985523,0,0,4.140938196037754,86.07785604996582,110.81103113043335,0,0,3.502716528241048
5,68.28910773966899,non,28.726538461374883,0,0,5.088535656593631,79.41465833159447,130.5600725852348,0,0,3.8206535654803266
4,47.79984967642157,non,27.308028362893488,0,0,4.410613578883859,86.05968958381712,128.6436926888585,0,0,6.352008580783609
5,26.79603231354217,ex,25.780258125806284,0,0,5.254234451078536,92.34374542283548,116.72843101064278,0,0,6.2516047152929435
3,38.30806522433466,non,32.31594025152979,1,0,6.51730173144783,93.45914477979593,148.03438629078698,0,0,5.027734941052627
2,63.89213574388993,ex,31.586999968498105,0,0,6.127903622289988,71.3872730061837,133.40661170145728,1,0,4.409678568837174
3,59.659124779601456,non,25.144857256836282,0,1,4.703806720650929,58.864203633939205,116.20487478977435,0,0,4.094780977786796
4,49.348308652462194,non,35.42715417781402,1,0,6.461144117991343,86.78840453581384,138.36466946512007,0,0,4.53540049204209
2,32.08377334969894,ex,20.8414739065641,0,0,4.807708232039828,101.24334697326458,104.79371921503807,0,0,3.4599896730092228
2,83.42004030291471,non,27.98985518700079,1,0,7.28532161842473,81.57736228962723,153.8974278365099,0,1,3.3066537041983657
3,41.24699066235645,non,29.446376089011814,0,0,5.0404379883831405,90.27519740845557,93.95296171045315,0,0,4.392458139101077
4,49.510130712376274,non,25.888630271532666,0,0,5.120714339576899,89.20430789545729,121.63117115310192,0,0,4.944200558384705
1,74.04025425870879,non,26.566572218368208,0,0,6.382349144391906,93.87018334056296,158.5691355027387,0,1,4.158202009378701
1,39.227057358167414,current,33.17689471282107,0,0,5.344154787588716,90.28082872602619,145.6635087971917,0,0,5.344541997157063
5,59.348412794295655,ex,24.168482429204115,0,0,4.851023087919437,79.40268402547743,103.6854010181715,0,0,5.094652229760396
4,58.63897608695555,non,31.551519408755393,0,0,4.397471178731422,81.748504127097,122.31826765639516,0,0,4.028605742166096
5,39.11639483466152,non,33.102997904610106,0,0,4.97143275793027,87.49143033013875,101.91748829898506,0,0,3.8883115507864723
1,56.48667312460193,ex,37.65280116552822,0,0,5.026077580977221,82.25087666480724,149.84629518048519,0,0,6.349989218468306
2,53.51284123365299,non,27.209844930059855,0,1,4.394935956731214,76.85295574570225,109.78869542162161,0,0,4.2575297249185535
5,73.39024440387254,non,27.652625035684693,0,0,4.229368487526587,89.7678603968694,134.00534242928285,0,0,5.185828290915191
4,84.09370756480988,non,28.59387651955318,0,0,4.976680044265181,86.08566345618652,129.63331060371863,0,0,4.677053463856891
3,25.422581102767367,non,32.54935655305855,0,0,5.016146693580902,88.71209228037927,123.9993071998272,0,0,4.34292338637373
1,44.17397004749895,non,33.623811296428194,0,1,6.3298753350654,68.6739415939482,123.82220956909721,0,0,4.841877624172171
1,76.81739205672866,non,33.233024393873386,0,0,4.549273955544367,85.95151938191789,140.50964927918955,0,0,4.257579433176265
3,28.061995070242094,non,16.0,0,0,5.007656641164372,86.64009233993609,103.98685286912492,0,0,3.9117180902743423
2,70.73072421267796,current,31.546503221910392,1,0,6.996953068345511,74.61064890037072,161.8319523809861,1,1,0.9434330491601371
2,67.83697429195762,current,30.54366223090383,0,0,5.441933262935011,88.5720030329098,152.39666465298004,0,0,3.512860179880267
1,67.541936230343,current,36.257936805769155,1,0,6.084727101639851,82.8478545943365,142.4517734733944,0,0,5.895857247135655
5,44.105605960144175,non,23.82651029844214,0,0,4.32675226995155,91.8966239553248,129.65301329989413,0,0,3.453906150882822
3,28.019794454736985,non,19.01587011113488,0,0,4.784733777505348,84.0468119413266,112.68895601381276,0,0,3.5375005740928516
5,42.098750416250724,non,28.7111154632511,0,0,4.577337155280424,90.0467697842,105.06757164137903,0,0,5.351186392892657
3,84.15446479331439,current,33.67073517752408,0,0,3.897820248984279,84.08108054512043,145.82955183273657,1,0,3.997885405834734
5,38.47223973399251,current,34.11851340445858,0,0,3.6459022130275693,94.9296920987488,120.79820441432257,0,0,6.122380720701679
3,69.41628790295235,non,31.242851430640652,0,0,4.362725912556071,90.3973905178396,139.37172289864915,0,1,4.740840901564852
4,56.38256824974126,non,34.33846989726877,0,0,4.600855598957492,89.57331205177307,137.60019970625055,0,0,4.425463922892543
5,51.06255425071894,non,34.96083749498491,0,0,4.003961228044009,84.23741268455315,148.60335646222435,0,0,3.616240285386817
1,40.744515300242725,current,38.59844593604272,0,0,3.7498821161251357,91.24750511934333,151.39340634917062,0,0,3.7923293620223233
1,60.646537841331586,non,29.053219587530823,0,0,5.588145505387108,87.33502240781382,118.57890801143874,0,0,3.408009929247024
3,51.64476143391824,non,35.26142127805423,1,0,6.321266029014704,93.54540121766013,141.92407963017558,0,0,6.387029193431431
2,63.64984959432998,non,21.222156234699426,0,0,4.287767213303364,90.08782515113849,116.00776084183025,0,0,6.258340587711777
1,51.95587008179045,ex,31.900981939518168,1,0,6.714469938270053,91.12784510336193,152.83530081528565,0,1,3.058267952614281
2,74.21170727970146,ex,31.163211017080336,0,0,5.2032917214024845,78.26847680754516,120.89052791702075,0,0,4.001680947232755
5,71.01852610741034,non,29.40462506991838,0,0,5.4129866882131425,72.90745521605096,135.07409486356218,0,1,2.900218518396961
2,84.8329130684385,ex,37.13194852729048,0,0,5.982855942349118,76.07035842144181,160.98348919523403,0,1,0.3011585819991286
3,32.69488699640645,non,29.99275722132281,0,0,4.69812080323746,92.77558574948755,84.53106900288589,0,0,6.361663202686335
5,67.02667361908655,ex,30.662354644930154,1,0,6.600691929352194,79.43691465217096,141.0514479553619,0,0,3.720719001515492
4,46.527359002022976,non,22.90721831174423,0,0,4.795933749347786,85.60375856170356,107.0716184166305,0,0,4.589428138788861
5,37.486116969381854,non,31.36850523986082,0,0,5.380954923422055,91.12776023684442,106.5230450691565,0,1,1.5611745104019856
2,37.890115083705695,non,37.628009439841485,1,0,5.815648949447494,96.18338823319071,139.3490400277659,0,1,3.546181687108195
5,34.783503922390786,non,30.575349933679078,0,0,4.80289070539856,83.66959772301347,126.40757909587124,0,0,5.225650279062926
3,68.86288264010736,non,26.151017653529138,0,0,5.7751653003048755,77.21744509766751,143.66355489411006,0,1,3.786222470144149
3,28.177891156029425,non,25.093579588891583,0,1,3.8119478235882944,75.84831280085086,113.25794764972557,0,0,6.153461322667317
5,41.68392425957846,current,27.79414651204042,0,0,3.7404852540225386,88.84715377280597,109.88762898570174,0,0,4.507089747052438
2,37.1134381442707,non,28.059390880834986,1,0,5.714890809290125,92.89430653807196,114.24807120830236,0,0,4.23639253422024
2,48.00929310502785,ex,34.91458228766337,1,0,5.68520216036508,87.96243740267151,150.17843715703515,0,1,1.3367331369963935
2,48.2044828050186,non,28.940775322096286,0,0,3.8349597887514912,83.44429930715431,95.6486356012525,0,0,3.517895152100259
2,78.35745454878699,non,25.30050196919511,0,0,4.926358418986926,82.51525856915391,121.25597300427437,0,1,1.8796167679504787
5,35.85394199162348,non,20.51146410961674,0,0,4.798482849319429,96.44619238235047,114.7621825007593,0,0,3.721311295420059
5,49.92905031349422,non,32.30885623142749,0,0,5.406916930664704,86.3696631566218,126.43286957034829,0,0,5.530058653683494
1,61.69172778927212,ex,30.331425047493923,0,0,5.630546127773591,83.34086829826168,130.3948530412098,1,0,5.014076599581577
5,61.659423603798366,ex,27.445767595417653,0,0,5.043334166961475,98.0881084689113,122.06796058844513,0,1,4.154166768940153
5,28.633790560538,non,29.692369137056904,0,0,4.422618207560591,87.82351020627304,119.24233811076824,0,0,3.9337391262911026
4,83.00793056493745,current,16.0,0,0,4.434266705510396,76.80003877043235,131.22081899094889,0,0,5.204789831170734
5,38.65635514168524,ex,24.85741904053321,0,0,3.9145019022098464,85.0096870595701,97.81113993890426,0,0,5.920074415859055
4,69.16512326226946,non,31.863371265408134,0,0,4.341318121764999,80.3157930425769,138.14148744182307,0,0,4.717558666954444
2,43.98695520650042,non,24.165363410361202,0,0,4.951672332133488,86.78167087429081,95.04539677083314,0,0,3.8575321271206846
4,42.65015937258895,non,22.809158318520574,0,0,5.09969726164236,86.25732634645695,104.87051050983631,0,0,5.665632509974495
3,56.46248104225353,non,28.630620583647925,1,0,7.306514934399733,95.85138096536119,146.4663934106329,0,1,1.5000165524745699
4,77.22343815925025,ex,25.327023735437546,0,0,5.477377752159181,85.81747866393079,130.27446177630154,0,0,3.605919397486709
3,49.101915214477856,non,29.06159968812996,0,0,5.298950182906991,93.71568861977963,143.0730479744831,0,0,4.636729206920821
2,66.26071151098425,non,34.72631672172154,0,0,4.219787847008898,77.19064960503393,133.03522646195674,0,0,6.143572606362709
3,26.34643633495201,non,27.608286351865154,0,0,5.4439011474124515,92.26867507314857,123.2913616336295,0,0,3.629558068792817
5,25.29100285207912,current,28.13065210859309,0,0,4.695582388308038,93.08710776890369,115.87182525542264,0,0,4.496722233951374
5,56.56762790262472,non,27.48597079211333,0,0,4.21747175260051,81.42983084250531,128.2339652319077,0,0,4.607170806497426
5,37.55576705723872,non,34.706895814606355,1,0,7.679844148935661,90.9683421915804,111.98293408076844,0,0,5.687206007469456
4,28.02128644986469,non,25.777275688269178,0,0,4.631649769423416,89.52078139087145,105.99948224687229,0,0,5.049455321168055
5,59.793772086843056,current,31.456315499253872,0,0,4.094323949716729,93.57833914868698,155.5671041658548,0,0,6.16896780364128
5,67.41923124792112,non,29.028362742154975,0,0,3.8669481676149786,81.5524320354443,129.93190739352448,0,0,4.6758115460696725
1,28.98546236701036,ex,37.07010016484749,1,0,6.605216611894837,90.74032867355068,116.48673146974997,0,0,3.607400298802814
4,78.34473245908103,ex,32.87384446445527,0,0,4.393948073696219,74.21083230384488,143.54798992052514,0,1,1.6587883917719863
3,69.09351737401607,non,23.535030398302904,0,0,4.4396374859824475,83.49302101615493,109.1580760061933,0,0,3.7535281745708335
2,56.333842212766825,non,27.157067438617528,0,0,4.352134737465813,74.22006516099589,102.07910075122044,0,0,4.994199131549783
1,61.371744708844446,non,29.482950232919414,0,0,4.125154048047936,84.56969464725331,132.211676099089,0,0,5.5591051182558155
5,58.65708602678719,non,28.798138885792937,0,0,4.916795736820782,79.09160381256132,149.71200454746216,0,0,4.893679474161375
1,63.332218697146914,non,35.25629884265979,0,0,4.700588834411434,80.0906871448273,135.11175994423388,0,0,6.093219066390876
2,28.78767900555737,current,24.96254319843102,0,0,5.028168136552934,91.48099604131652,129.23254397516885,0,0,3.61804519608673
4,46.42093350439673,ex,27.859705670688008,0,0,4.657752125377964,95.34713408694321,121.45463758315708,0,0,4.554709427906967
5,51.798803551972085,ex,28.37502977451944,1,0,6.32516647643309,85.85582298900998,136.2286827526478,0,0,4.630990163333397
3,43.72581839542665,non,30.579057199455217,0,0,4.0985067641253545,80.30672849559637,112.2280617302532,0,0,4.868797072629454
1,47.973924743123675,non,36.70625040564586,1,0,6.95237226862291,93.44301829464659,122.70507120454408,0,0,5.922658766169248
3,44.571868993366394,non,30.388939225784966,0,0,5.62092563787826,87.90744746874867,101.567003445052,0,1,0.2795484091518948
4,42.10123875470051,non,29.48220835689582,0,0,4.931006671795167,85.28332143193222,109.33549849088664,0,1,2.132734945501637
3,65.22845206057528,non,28.40673632672596,0,0,5.637042743594895,84.51581523074883,144.19184146136485,1,0,5.033647534769484
5,56.694128883920875,non,27.27016112867288,0,0,5.291807958215864,85.81272970431115,133.54188279088422,0,0,6.330059489360804
5,62.980314677007236,ex,30.850947099840152,0,0,5.258180991867798,88.87935712276452,136.08486294991195,0,0,4.9112706443793614
5,46.42332708289999,ex,24.723306706044816,0,0,4.715209635904316,84.7515165821559,129.23214602804325,0,0,5.096934820817902
5,67.40545257591032,non,30.036770992576987,0,0,4.419534979958416,90.25354105646204,144.38457887921408,0,1,0.16210663153291363
1,37.507591209189506,non,26.383432737593452,0,0,4.936236842869098,86.27359527884383,126.91552926075678,0,0,4.254560604104304
3,30.8473659236453,ex,32.46041099651605,0,0,3.4743053523679333,95.66689204374785,116.91161566570614,0,0,4.654762771798112
2,66.06771055351186,non,31.214457922497456,1,0,6.440253901482821,89.96801699530398,104.90951842334536,1,1,1.0185214518661494
4,51.274601694867656,ex,28.906879977700424,0,0,5.743729425339149,79.54173916009817,124.60778477481627,0,0,6.20283164175693
3,59.121892536129735,ex,33.68043032743806,0,0,5.138070315782576,83.90036939758545,124.1875474285618,0,0,5.859288788452738
2,73.7281346665608,non,26.920565779000324,0,0,5.342214696734776,86.97956163451373,144.6898484667825,0,0,6.064778655005172
1,82.80321270266364,ex,24.67605404882061,0,0,4.5749060085421345,83.14415429112981,109.49126551066868,0,0,5.995561039195003
2,31.174337436489964,non,19.67946959498412,0,0,4.735931315220642,97.3781513650901,93.16446186825503,0,0,3.614637165087229
2,59.63815040604848,non,34.88420089115971,0,0,5.320075670819343,82.49606902101989,107.70769346098255,0,0,3.6699207962208678
5,57.79274308695113,non,24.08626207557112,0,0,5.046478697163194,75.27921660846974,109.99613298371536,0,0,5.363803354053811
3,31.129771073960132,non,27.46350836016113,0,0,4.228336157761146,90.12279010872754,105.10865343064526,0,0,4.861627837880398
5,55.01027472473874,non,30.08970431830314,0,0,6.27006661004718,86.37514398988812,134.30645327196308,0,0,6.1853024226831685
1,52.71792659879952,non,31.08856576356307,0,0,5.520034013240912,86.97485418105335,123.84633847302742,0,0,4.873722993024149
2,38.728113835231014,non,28.768036071724808,0,0,4.547207071538428,86.64848867517954,115.0460458678164,0,0,5.382537128626151
1,26.994447351342032,non,27.897767518441807,0,0,6.372712454145943,90.95214739693903,129.67978526573972,0,0,3.5308337122318365
3,31.56840590635511,ex,32.75966486025162,0,0,5.44607493735246,98.84549658496077,120.96641140509969,0,0,3.6653436663276318
3,83.47816456094961,non,21.03356586765743,0,0,4.71341900679489,86.94622206440626,127.4285202598774,0,0,4.462682298547158
1,74.5190425846076,ex,32.63011875262348,0,0,5.526750488113309,83.76403741364336,127.25950254282226,0,0,6.078649280319853
5,81.81039674570795,non,27.50705952822521,1,0,5.336287058971417,75.42470959067357,151.81680050825526,0,1,2.7787107530504978
1,59.64112636678358,non,32.23172856099217,0,0,4.423703275027587,80.51067421229332,127.38902670663829,0,0,4.191660488802855
3,84.86951360000697,non,25.44744822056086,0,1,4.886205592046939,70.2890535012205,139.04437800206554,0,0,4.0543653886680335
5,59.54439269776495,non,30.33192051350082,0,0,3.887462789515019,75.89271176558137,112.38751165366803,0,0,5.503915386218232
5,72.79822828818902,non,29.603955353850097,0,0,5.244238049828579,91.47531188220307,143.8830454682639,0,0,3.6905978273465054
1,31.088008191892087,non,37.649170572855915,1,0,5.9927282336999115,85.79151763788863,154.00916594305426,0,0,5.160273709754564
4,74.288205101504,non,30.517075450230013,0,0,4.824671176740424,80.62378081465786,122.35189297165684,0,0,6.1822334313215315
4,71.0775235825173,ex,32.71755261422555,0,0,4.120183884850341,86.98275925461482,128.8702129936965,1,0,5.73443609119129
1,41.125436640101825,current,29.78733313406123,0,0,5.582585278741464,92.81340620598657,112.57860112265918,0,0,5.3523156631947035
1,29.9190259407966,current,21.677893731090457,0,0,5.3618109505012965,90.10549157322215,126.34110588357261,0,0,5.683679849186616
4,26.67732756446015,non,25.256900227886696,0,0,5.849745238903596,92.33200565573493,125.15574376170767,0,0,6.312351187737751
2,34.94535688731965,ex,36.89670459103968,0,0,4.301285479614594,90.73700686551611,122.69296004189135,0,0,5.159775801704331
5,39.99645589427346,non,37.40882076324934,0,0,3.7954030902722566,83.59159987498896,111.860638781125,0,0,5.024401213151707
4,58.70603990923861,non,30.363379920856005,0,0,4.6789492146989,84.51684576959828,131.78476912317012,0,0,5.01776238968494
1,73.34572933738778,non,28.673108558513693,0,0,5.15291720416674,77.18063680668067,129.25163342359753,0,0,5.869475923535591
3,51.43956317341638,current,29.882614567878687,0,0,4.7789357687791405,82.64522366382539,115.82275867897705,0,0,5.114115716885958
2,34.42873704656738,ex,25.273900928324224,0,0,6.377270862268488,91.69930099536322,99.95656364103878,0,0,4.353017156551545
5,38.99016457070714,ex,26.54411282928057,0,0,4.2626269703810955,87.68720213195057,129.3935136571407,0,0,5.331835665706474
1,37.22587239344595,non,27.810685259999357,0,0,5.521043016855709,91.19482565804346,87.56149144703856,0,0,4.51196197771134
1,36.38044184015658,ex,32.47057320708593,0,0,4.16219606452061,88.3226996199608,117.1908055317555,0,0,4.642469882735635
1,36.4880968680783,non,22.09029050308007,0,0,3.9953292281310864,92.46389039952948,107.60492917897392,0,0,5.196013348809265
1,67.85600462481212,current,26.555101847190947,1,0,5.792779978314633,84.62995166034763,123.79701171938537,0,0,4.456742055734868
2,70.0016395974604,non,31.092419847127996,0,0,5.809146727085676,90.78952686833564,122.6644341377078,0,0,6.214044071785507
1,45.71427774304972,non,32.74156707694083,0,0,5.387545095687022,91.49651338136017,114.89518963329087,0,0,3.733046965211338
1,47.55443530847921,non,37.22321928613213,0,0,4.292267340573417,85.06380476084581,121.53968203819858,0,0,3.6726031347503745
3,65.75777453977119,non,29.620648606472553,0,0,5.073594225031165,77.1951226555002,134.25152241254258,0,0,5.871986582383029
5,53.89897608633359,non,23.487468563163176,0,0,3.9914564343259062,86.97852054414163,117.42056045971167,0,0,6.254944271995294
2,58.448052547057166,non,22.47580079093379,0,0,4.461034722720125,81.59726294160156,125.85159752871927,0,0,5.175125001920842
1,47.57457904386057,non,27.256871789052976,0,0,5.2036230589745065,86.05118405832313,112.87206229605664,0,0,3.4578960866211164
5,54.58936000520517,non,26.514594917502205,0,0,4.908930389134871,88.36393880877765,123.23146817906859,0,0,4.9480074163208485
4,74.7661992144435,non,25.479706761640116,0,0,5.173919611423862,80.53847070172512,122.28847358302265,0,0,5.413376360640939
4,29.612323750553784,non,30.24339204580835,0,0,5.977900242986485,93.96916151122959,107.4541198427405,0,0,3.9649239157735483
2,41.77000667852669,current,22.995523263742726,0,0,4.941957616758102,94.6486782845461,113.93689678653392,0,0,4.264574929342239
4,30.129860978606597,non,26.721590179344858,0,0,5.276809033484521,96.82207726816105,128.302937488028,0,0,4.9465859077922065
1,74.35378232857795,non,39.21521819847803,1,0,6.710211236696602,77.51206605927995,167.1097116951455,0,1,1.8554674948053556
2,26.506652601330668,non,34.05489206372574,0,0,4.019257045555095,100.60110475514989,99.4324922606849,0,0,3.4853977676607726
3,25.689676554863137,non,24.487797741892884,0,0,4.81410367028968,88.35798970514509,101.32145062456689,0,0,5.565366825423565
5,28.518211091962367,non,28.698379016142898,0,0,4.524655619626024,96.69566742437688,113.24503281251525,0,0,3.5386681920264182
2,49.781863116721226,non,25.093569452496304,0,0,4.411122186185018,85.62806848539618,114.58004200215045,0,1,3.8999324661199815
2,51.500390064314395,non,35.80294248640634,0,0,4.318371866933708,75.2111059935068,149.05449194088644,0,0,4.328516318519945
5,32.99003338854141,non,34.914832092892176,1,0,7.179466745226522,95.96342344876169,145.79866687388042,0,0,3.5626309011932866
2,84.93885029901647,non,23.484197858432367,1,0,6.864119528609698,76.46078154982249,131.63177161561762,0,1,2.8219869130872492
5,71.76990592530188,non,31.54235536670449,0,0,2.9865288513567565,77.83866234277488,144.95660936136755,0,0,4.804680959911727
1,56.88489259817509,non,30.212694205204013,1,1,6.298788586428206,66.39720668863129,144.48218142031342,0,1,5.263471386132653
1,62.93100134884083,non,31.324064638637243,0,0,4.947323784513483,97.59024558222762,118.79899538803551,0,0,5.915671408723938
2,78.44607827372238,non,40.193745023893406,1,0,6.582159020007451,80.63023811709158,150.50067664042717,0,1,0.34697356651445405
1,51.40337832013008,non,34.14084329721603,0,0,4.53476440901765,85.26871609342057,129.084121710807,0,0,5.347710366843895
2,35.8417792984807,current,24.772790650320257,0,0,5.179191144536794,88.51402025853133,122.22880306880728,0,0,5.105206455960961
1,34.27084062326923,non,37.74937903620339,0,0,4.962350875679626,86.01299237651634,120.91217407641676,0,1,3.5987421927480043
3,44.81878482555897,non,25.370487454663596,0,0,4.855051475057375,81.77553177447213,113.40846836432857,0,0,5.912284801329061
2,70.65535491519071,non,33.36671799857865,0,0,4.804972718694142,93.02204628735544,152.62470798633586,0,0,4.31397910175626
3,33.916558998118205,non,26.893544308898058,0,0,5.024871816007463,81.71003815401917,107.1362460584948,0,0,4.808009771897337
1,84.82597886702894,non,33.8161260622833,0,0,3.6076697188432063,78.51800825396052,146.03920163706658,0,0,5.863179514011419
4,55.61511788635606,non,19.243552918905074,0,0,5.463893649840408,92.74206826526265,96.00541648395972,0,0,4.9215872315336595
1,67.46903898418263,non,30.239991825764616,0,0,3.9940516087931885,74.69896562608913,124.67418970336081,0,0,5.931790611446486
5,45.88319654517677,non,24.304767639992157,0,0,4.466311595613413,94.03915173158663,109.69310724954225,0,0,3.887982113284958
2,48.5929536382836,ex,31.252913543463468,0,0,4.626292395938248,90.44731757770977,125.97341294035299,0,0,4.500052273349642
2,60.792893382214,non,32.744108147879054,1,1,6.7170556309396305,68.41909626843075,145.30856320779208,0,0,3.6158755597898957
1,41.30121369915653,ex,16.0,0,0,4.207329821070604,82.27170607261839,103.47169534375394,0,0,4.184944474303314
2,52.14656739014749,current,29.255424515521465,1,0,6.654706028079229,90.19559888470751,122.43961422925997,0,0,5.71488333393714
3,77.79468361891588,ex,31.46882194280907,0,0,5.693474680607555,83.85271572326465,142.99524668303417,0,0,5.123133217930817
3,84.56335185814709,non,30.03644386585336,1,1,6.561019231597701,65.21354986213355,144.12892623314846,0,1,3.3234492143070007
1,66.4705519640559,non,28.120649429297693,0,0,5.344546517305457,82.97009075623427,121.95361854352687,1,1,2.575239541296797
1,67.65857953514016,non,33.081530382043674,0,0,4.149530390004102,82.2420136492115,122.89892852843266,0,0,5.096472802154751
1,68.12528148011074,current,34.726309045489266,0,0,5.148500517791049,81.16171154165468,135.80084970968304,0,0,5.503667156857485
5,54.860019842536424,non,26.340981131456292,0,0,4.324186979744569,82.71760454093007,97.97760793966512,0,0,3.6884327266844754
1,44.057836948170944,non,34.12202847147458,1,0,8.056271455094148,90.08949330943642,150.04695781250484,0,0,4.918759963577319
3,41.53661711026437,non,32.09724351742995,0,0,4.156777482768554,82.85258012544608,107.35908552809849,0,0,4.748132705525552
5,64.4455057044008,non,29.50541973227153,0,0,5.579347271752653,90.03145288116622,143.7790227156376,0,0,4.400245102779401
5,74.98969815344131,current,25.7229527263532,0,0,4.336670363781124,89.81483736590619,118.44326813474234,0,0,4.768577065000717
3,79.97331842583577,ex,33.162753902655545,0,1,4.8854625727018925,67.9956508854989,147.2325178121919,0,0,4.724112833090412
1,76.66194084229014,non,29.962182236122548,0,0,5.543935739522423,83.8623467073688,139.36137754310806,0,0,5.497935725530889
5,62.757456991845686,non,28.244561962639843,0,0,4.58446452187101,82.92656531899007,113.15277894766136,0,0,3.5043771481817423
1,53.762805128835794,ex,26.477416185708993,0,0,4.265625333800516,78.68804407956178,108.4913337683799,0,0,4.5725307051748505
1,69.29457614787577,non,28.368928548163865,0,0,3.8289651896575694,82.03572146862685,103.44683758187064,0,0,5.106124422494162
5,53.81672933240269,non,29.668565900271133,0,0,5.349327586482837,90.92066774568606,121.55101527152414,0,0,5.463123361173407
3,79.12683049898786,ex,30.585026175054843,0,0,4.577610439528872,86.29337592074663,135.7766822789681,0,1,3.9710986456984534
4,25.662082943286805,non,26.108304770316824,0,0,3.711328996949377,86.00600287788009,101.60068398755764,0,0,5.614185105818354
2,47.681415161795144,non,31.637621425226275,1,0,6.227834101837861,91.77497123697911,140.09392613121057,0,0,5.091188757225125
4,84.69653992851067,ex,28.11635199646557,0,0,3.5767903592416603,80.1225537318676,128.66400319469176,0,0,5.299946766602013
4,53.55097277175842,non,29.182840411024138,0,0,4.47822362336072,79.79699412969345,139.289533780073,0,0,3.455664837518561
2,70.36898606175983,non,26.898606473147947,0,0,4.031756003618214,85.34842104197679,125.78339476794692,0,0,6.038042048704389
1,35.03699150713372,non,28.631435517447983,0,0,4.7145563300133135,86.17660997121217,110.06619887242282,0,0,4.546873597477198
2,47.7622924111284,ex,32.12427481407448,0,0,3.9625919172617525,90.66451730352397,129.4021005437629,0,0,3.848827435982592
3,78.70814367421812,non,33.02692312250185,0,0,5.322191181459914,83.90276934473633,135.67782623115042,0,0,3.7641790007910645
1,73.91774652226752,non,28.497094227336532,0,0,4.516784123191928,81.4915411037138,125.94371325894431,0,0,5.98994244607842
4,69.12780951948062,current,19.001869391928093,0,0,4.327064540447589,85.7747832504366,117.9586765355436,0,1,3.351937973675503
2,58.26260866116627,non,37.39802697487937,0,0,5.247558785171096,90.4103264816517,131.88589555064988,0,0,5.261583643806869
3,29.51366339217593,ex,35.627382118630415,0,0,4.177111463762414,90.78974765078095,123.15496892841684,0,0,4.786876379066638
1,48.18072893121882,non,41.03024564691805,0,0,5.676915238854876,81.87360481769693,142.21691246679006,0,1,2.8591058214278244
4,37.27079312587138,non,19.73794715965998,0,1,5.212860878330072,70.19080506418491,132.4050281711638,0,1,0.2427539688844058
4,32.1645368984329,non,33.868015488411174,0,0,5.213113453461337,90.0685388294336,121.18495157463096,0,0,4.807804947564682
5,74.55428881043039,non,30.80951349012763,0,0,4.71934904937467,79.5021277722624,128.38525625794475,0,1,0.2452603421059489
2,54.19926088061321,non,31.44985678180659,0,0,4.5279507360517,89.89993552424434,111.5465344712916,0,0,3.7014522858606913
5,60.88728679931058,non,29.60446520476077,1,0,7.826981695315015,93.51793866187592,93.12433226203228,0,0,4.241982920851716
1,47.09276478652281,current,29.70421543563222,0,0,4.158457707911969,86.05429685854003,124.42024928585289,0,0,3.7959530828569776
1,55.1979345362962,non,32.91164156071938,0,0,4.578986406087474,89.26052171634102,132.53695643237862,0,0,6.197902594565827
3,62.20885663323035,non,37.96192422121037,0,0,4.8997235346111605,89.72513471896364,122.23755258222403,0,0,4.2554065258566265
3,69.98034101240293,non,38.72284592479807,0,1,4.056647044376269,68.25575107033357,131.1238976820543,0,0,5.745499176278632
5,50.17721125857096,current,32.733731329595294,0,0,5.04723923867196,93.08533925650285,119.13611742764043,0,1,3.4473556389370743
1,43.49765454275218,ex,21.74856352873129,0,0,5.309962653934428,81.0193447928673,116.02587851705857,0,0,4.255079158185536
3,30.494744672928075,non,26.75637212282327,0,0,5.037123992075287,92.30235956471822,113.24794561732197,0,0,5.421721636186418
4,30.820377230243327,ex,32.98625222253685,0,0,4.656892163007459,89.77470371217353,113.7839443047768,0,0,5.976874830108298
5,40.79341533430376,non,36.32983899908803,0,0,5.9583435047241196,85.8325171664363,138.9946651095265,0,0,5.218348021974126
3,28.826206812111867,non,26.4382874308984,0,0,4.323331066746399,90.29790686520359,132.79229085422406,0,0,3.697900599827946
2,84.13804668845282,non,30.87829602546428,1,0,6.976914946583385,78.69767364078683,150.15677170278704,0,0,6.28934122955782
4,83.54212193465918,non,24.249644457372888,0,0,5.536144321769213,83.21951974988056,115.21073485741508,0,0,6.33598132379359
5,82.43973796699902,non,27.70556439886693,0,0,5.474440212981386,78.30349995181727,142.34063366426832,0,0,4.638292195134512
5,40.561324413591066,non,22.960739914048556,0,0,4.340238063455205,96.52191507778134,127.0257378608677,0,0,4.881559563425117
3,48.544222701450536,non,23.610944095697015,0,0,3.7782844594500844,89.7248885205715,114.03726025080348,0,0,4.852183653390172
2,50.45836492366473,non,21.757714515160853,0,0,4.341177830578579,84.35949908210249,110.08335639611565,0,0,6.159214348564565
3,36.514947244856856,non,30.677430216482175,0,0,4.551279394793548,89.80057412013124,95.34657444580915,0,0,5.855048720506927
3,64.76200674619818,ex,22.70679612153378,0,0,3.854739630058389,81.2031121425549,109.36963814045909,0,0,6.121981177067827
1,35.191699323552804,ex,30.286085849369147,0,0,5.173692533738248,98.37884886306463,105.16554636416656,0,0,3.728115204080908
5,40.6739322448297,non,23.04574531613445,0,0,5.420790504068163,91.43887627150572,95.71677889661191,0,0,5.579345203953201
2,35.155737959548794,non,30.49292050996578,0,0,4.712890961292883,91.74600210501406,131.3552361694437,0,0,4.835563063339844
4,47.822432617753066,current,25.835775038127974,0,0,4.179173766440492,78.04118212349888,91.77368864252007,0,0,4.421377918680988
5,42.70684383064231,non,29.57974645773925,0,0,4.741018399508262,82.19282668623232,147.15755936678028,0,0,5.034565728051747
5,53.00966947121404,non,26.181162654094294,0,0,4.532162374337826,97.61616249122719,118.39030737970691,0,0,4.619860942036823
2,51.946469327376136,non,26.014546310792657,0,0,4.657553380304814,80.24589391009152,110.81239389205774,0,1,1.054348010871067
5,79.33436762631462,non,25.241334043933932,0,0,4.926599784487,81.62872540296706,125.11665541345701,0,0,3.6164974632154823
3,54.1819079570075,non,23.796392379784816,1,0,6.643508998163399,88.7349850465691,111.2649165932659,0,0,4.642206505173134
4,52.769774335481735,non,35.31386480814879,0,0,4.810186707177996,79.49332842100864,115.81673346046162,0,0,5.409180957057945
5,27.317028964622146,non,27.46382711202927,0,0,6.018802582366503,96.19033203551577,109.87056080889204,0,0,5.293982721305467
3,77.88808925303346,non,24.821287465440218,0,0,5.511301937186733,83.72659562008118,126.78625399376934,0,0,5.403428904636884
4,72.22754208824898,non,36.870040646435896,0,0,4.640591907170573,92.49835659008905,150.6515078934778,1,0,5.288478994518764
2,57.29254509019699,non,36.70029974994534,1,0,6.501380026048611,83.75258541318087,144.81070497471418,0,1,2.8491594622328935
1,62.09065458814441,current,34.84778765485987,0,0,4.096326732876039,91.28832182959167,145.63153236938626,0,0,5.253991712727713
1,40.79289061089423,non,32.68454346347103,0,0,5.357619486738404,86.90401349545635,103.85570212461653,0,0,3.437611470117284
5,25.721837703548715,non,30.375360631060886,0,0,5.120705407669737,98.77167139662933,131.27892691320233,0,0,6.3401525489980495
5,27.719009082418772,non,27.168523008042477,0,0,4.037464833858377,94.10640578079503,106.74163039527443,0,0,6.25151492018011
2,77.5172315291081,non,35.30266320552295,1,0,5.8373031824727155,82.36100977843093,169.46293359062432,0,1,1.9070965851587351
3,30.885870000986003,non,27.80867026936847,0,0,4.917792688513887,85.85735040519006,101.04191558105788,0,0,5.013187694448723
3,64.78172964347311,current,28.500928032142998,1,0,5.9017608978904335,81.24505100003704,155.10615501553426,0,1,3.429872266552045
5,68.06989026529943,current,28.21988520266705,0,0,4.89061651863909,83.09546946919308,129.6078493401375,0,1,0.27001244155433163
1,33.498041788258455,ex,31.20059442477148,0,0,4.652794289523371,78.90994353005955,115.70815297049329,0,0,4.379632700884676
3,54.25472431979623,ex,28.55621642427469,0,0,5.352351963502562,93.96985059255469,127.93914626210156,1,1,2.551295369268315
5,39.90408776518189,non,28.85640254546426,0,0,4.55927241006153,96.46299924426852,127.9873588539619,0,0,4.348099541533497
4,72.33327818083839,current,31.174224393027,0,0,3.4806468648285827,75.0779413260054,108.72446507992683,0,1,0.9043108809770986
2,45.46469840270605,non,28.9901992396437,0,0,4.712024482637459,89.83007267586851,105.55603392376996,0,0,5.169998848234787
4,45.81011981152821,non,26.393843015425375,0,0,4.490963258457341,85.46485696782614,137.35346963404893,0,0,5.901349517775383
2,65.80264654385644,non,39.81774342238117,0,0,4.834801882868565,85.62980985267494,118.8504120330359,0,0,5.166965219847124
4,29.83748212166362,non,28.13943944422008,0,0,5.217421506212026,85.92296160188985,120.24839749928863,0,1,2.3096236511164334
1,38.453831507922125,non,34.75293960410136,0,0,3.6352972552904452,88.36387983691425,127.40940829264527,1,0,5.879509397399602
5,54.70521826038485,non,28.19281466317986,0,0,4.760331260557739,83.42927227424408,139.1016087552738,0,0,6.3101739606727065
5,38.62977034984176,non,34.57498624894096,0,0,5.048581981100026,83.6156202784076,104.29148569384068,0,0,4.0782910315264616
3,65.54230155179002,non,32.830222357639244,0,1,4.5565797836374955,67.65073252387654,126.19316460063686,0,0,3.58190585033148
2,25.40150953658656,ex,31.880479877135663,0,0,3.4898869911845556,82.48448065344242,119.19648501169573,0,0,4.7191470376969535
3,77.1163265634045,non,31.179581865478262,1,0,7.017097987953574,93.14410262852874,151.5959814731147,0,0,3.669653396436221
4,72.89532915355409,non,25.388380685982174,0,0,3.831689772768093,84.69783874175172,127.27470500858112,0,0,5.316922554466833
4,47.734362118026795,non,36.68766413752597,0,0,4.709228536804164,93.49864634593482,119.39188688359457,0,0,4.417826195299907
2,84.36718472852502,current,20.81446104034416,0,0,5.278665653541493,80.26083922361386,123.11850158608638,0,0,4.470955354822394
2,46.12526083282255,non,22.682687993955533,0,0,4.965117619093,80.37453454135657,108.14872502953827,0,0,4.301703489393686
1,27.815778882327812,non,24.14128664148582,0,0,5.01851092277923,89.87320758698344,109.5513576906333,0,1,0.5198912464644027
4,50.242240651856285,non,30.990128323584972,0,0,5.917579056253725,84.92927102701331,110.3216276904034,0,1,2.6921340120999013
3,37.29227140365529,non,26.84595755658582,1,0,7.881532140075088,89.48255616709719,121.85630443098181,0,0,5.861375058050784
4,29.28647313332204,non,28.52121374344256,0,0,4.870169695517139,94.07134868284423,122.43134366781658,0,0,5.307122482740329
2,31.38168533231379,non,31.895682018428523,0,0,4.761642877503889,87.45946308737706,124.51169000982242,0,0,5.197956265387878
4,71.99902382699304,current,30.42137984484993,1,0,7.567777111805363,84.71887049898596,168.01592505513304,0,0,6.181737152899734
3,40.75974127882734,non,26.244033449007013,0,0,5.837146811516023,86.98312549012056,105.401354727376,0,0,4.515464605832543
5,69.03418581101577,non,46.20715337844153,0,0,5.190117592965876,81.76343481354417,144.75363908440312,0,0,4.577021472785185
3,60.42937030008231,ex,34.50415508758,0,0,4.852458674452195,74.09548064362232,136.0607268383228,0,0,4.470234489349171
4,53.380344260222444,non,31.50253375707901,0,0,3.8203111960400915,83.01461145673757,138.95802625743192,0,0,5.272368065323287
2,52.948623077866614,non,32.79840530884713,0,0,6.964565783386993,83.61908187103906,144.1927055096589,0,0,3.563601322214334
5,25.863727136204087,current,25.76918470389375,0,0,3.9919690022454257,86.76570112902756,89.60607636516019,0,0,6.39034112985572
2,33.35891438963736,non,19.615273311790027,0,0,4.436939253658651,92.7439551137718,105.54293705367816,0,0,4.76505086541446
5,30.974807917375706,non,30.41926794578188,0,0,4.659333594215484,90.36243146527549,125.78111245775838,0,0,4.247713793162996
4,41.85535631256475,current,35.33374417169668,0,0,4.45788598477927,88.63519030021543,121.63772285536083,0,0,3.6109042825431636
4,41.77179572903839,non,29.880788502064554,0,0,3.9515475702521443,83.15535710351146,108.62630993712641,0,0,5.980288066043236
1,60.729229297777586,ex,23.649686169974554,0,0,5.923230456836366,85.40610991412697,146.2134183684156,0,1,3.5153316308150617
4,37.445176399644126,non,40.19510236030878,0,0,4.582335515641812,100.82292150485455,142.64052758823578,0,0,4.471523485316271
3,39.27440894635417,non,30.629943411551086,0,0,4.709288870043199,77.01036179149877,113.9946745218003,0,0,3.46503247979491
5,33.720089606572905,ex,25.100513345294452,0,0,5.7261139700635875,99.0789695263584,120.42772320066048,0,0,6.304574659982199
2,79.79639488103078,non,31.88544828357094,0,0,5.212606215202125,88.32942585962026,155.2033222945823,0,0,6.056823077275824
2,82.5804707145738,ex,32.060690251075144,1,0,6.613416305440666,80.79943250354198,121.54217413662248,0,0,6.243121575306245
5,75.90586840914932,non,29.470240595857867,0,0,4.611837729854979,81.66208793489551,133.8100089068472,0,0,5.246778522865205
5,40.244189106227175,ex,30.93417671676137,0,0,5.214394970490079,84.31567138575868,121.03588246403584,0,0,6.299949308769872
4,25.774028546362874,ex,34.38268335192666,0,0,3.8346553161532317,93.45839462401392,112.48190053921857,0,0,5.537051840534853
2,77.45764082820506,non,21.68981412472658,0,0,5.37724659411951,81.56976289953076,125.96724985400319,0,0,3.6409659501590674
4,65.45619538938689,non,40.580380013395725,0,0,5.463437536389432,74.84144281175082,145.53693701743614,0,0,4.604580743790441
5,53.72944564166002,ex,27.658567862964716,0,1,5.111730561016409,73.98879563296603,102.3219968082994,0,0,5.999372759265844
1,63.54686119624993,non,37.00259237206955,0,0,4.86946176272725,90.07877116835434,150.0587826254982,0,0,4.563029396545991
2,62.03077549770042,non,22.653150378564995,0,0,4.481303128086202,74.7434952940408,120.13071679603344,0,0,5.317139717479503
4,61.114522991092656,non,32.460744308496544,0,0,6.2517194865388355,81.69446408530101,149.9854816702746,0,0,6.290335745390847
2,80.80596918629374,non,28.24574962636472,1,0,5.7832874638210585,82.9274163556955,121.21009600130105,0,0,5.942043570328663
3,59.33389190021125,non,27.247860755723575,0,1,4.097646824791086,75.79188053927625,125.98151060852548,0,0,6.36946701718302
3,41.48625128849105,non,30.316586122761247,0,0,4.912127000935611,85.07170635151628,132.76714396311957,0,1,1.373753199494832
2,34.826932388804636,ex,30.211050313024895,0,0,4.927730147549572,91.47957711657968,117.09203161523321,0,0,5.2236438894742765
4,72.22274992508248,non,24.18981655944462,0,0,4.639448069899306,78.7460672786942,141.6055735988591,0,0,4.693217288663378
4,52.41423008295915,ex,30.604707606584586,0,0,4.62070793640617,88.49834399323255,120.98757266748639,0,1,4.117431615786533
1,46.2103334545607,non,31.78726150461071,0,0,4.440856014189947,90.18856656140892,126.76865688872765,0,0,4.258986102094309
1,33.45705474691812,ex,25.86137917293401,0,0,5.231985666395947,89.49376286439463,115.27153587191391,0,0,4.08736738792413
4,58.735805222610246,non,26.519462997363547,0,0,5.6330173362302185,92.37595630280175,150.57534109456856,0,0,5.362028392526014
3,69.742082294996,ex,35.05826790483565,0,0,4.51051745594169,77.4139545043384,121.1982999880797,0,0,6.313917974343667
4,50.176475390676394,ex,31.284269057867434,0,0,5.527648512431997,99.35343212245928,113.77514342801496,0,0,6.194710182720779
3,42.96239908824733,ex,31.054953992221602,0,0,4.69402791721719,98.37658522034589,132.15797852242997,0,0,4.742870984189304
3,47.980915221201734,non,25.45503846373797,0,0,4.891875707303483,86.16088822572347,120.68334905668488,0,0,3.950977678061184
3,67.93775778602158,non,34.56597568779391,0,0,5.545621730870902,86.94533584141388,126.55092300632185,0,1,4.15608607600917
3,37.69379718963515,ex,26.863439454054348,0,0,4.789386210771662,91.51728491201004,115.27309631368595,1,0,4.421853581328406
4,40.95134241115049,non,27.097820031864444,0,0,4.873405828648367,81.54993192729225,102.9658726327377,0,0,4.233169643526622
2,84.8768449013447,non,21.356029144858837,0,0,3.870730491369062,77.08774671861326,128.41174042911626,0,0,5.991370492470182
1,46.68779401226923,non,26.821405616090374,1,0,7.268999778566808,89.1395724096534,130.2099051792911,1,0,5.7927797635274745
5,66.9465184887193,ex,29.4725673773954,0,0,4.051476309599716,81.4022670305065,114.878224070843,0,0,5.604867991116372
4,67.35836459591326,non,33.72587552179433,0,0,4.7095270002784995,81.92720506112052,140.71760093224827,0,0,6.166911767071737
3,25.17095558500013,non,34.89643815051095,0,0,5.248894358004133,93.5651070373337,133.94515601753554,0,0,4.337095919629872
2,58.55490152292976,non,28.77934444624275,0,0,5.377391036034456,95.21314299191317,110.30054205494008,0,0,3.805066927005967
5,62.373126037967495,non,22.999366675581562,0,0,3.476916714935985,88.41164175395943,104.99762614127414,0,1,1.1312620710571228
1,82.5660506493118,non,19.547527455425758,0,1,4.424173858864718,67.51122024572375,127.40734835472396,1,1,1.0281760971632357
2,41.2793815298899,ex,34.391479475203425,0,0,5.712033883110408,83.77959283441565,123.22531552296189,0,0,5.125348017099198
2,63.49537950425181,non,28.37088458462292,0,0,4.544141123353076,79.90129131538615,137.98211247643144,1,1,3.7986868674617784
2,28.593178800813487,ex,30.925302021860833,0,0,4.478224382438954,92.98398851056211,125.45309897250075,0,0,5.4148904059951875
4,25.63885474848678,non,30.65944521914191,0,0,5.515501508783826,87.03115130011392,133.95683761495678,0,0,5.074475572218505
3,35.51101828686966,non,28.794631310097998,0,0,5.004039624103776,94.2400677705485,144.666313964065,0,0,5.488995595774277
4,75.07877290280165,non,24.615215668640566,1,0,6.405350935353679,89.22409743877328,128.19948296627646,0,1,2.6841593236320334
1,47.05928320634041,non,35.75994762789523,0,0,5.198140215137761,82.32341322879147,105.1892455858576,0,0,3.463005087206923
1,56.375851055519675,non,29.924521064329557,0,0,3.6852070159036563,89.7591712366059,134.31558250194473,0,0,3.706899384853273
1,35.76700140871271,non,36.47690356771307,0,0,3.840553359821909,97.42738661911088,110.90489177528805,0,0,4.618746764744154
5,70.34296185427898,non,28.106961252209427,0,0,3.918892820304807,91.42300871451687,127.51998137555842,0,0,5.091915669837325
3,67.75204305065822,non,28.40278536809517,0,0,4.151931067019836,84.01553908813213,136.139541962038,0,0,4.684455000490147
1,38.046297306990326,non,28.17295222554986,0,0,4.616160779342059,82.92882109932259,122.59266181329772,0,0,5.3136723186125625
3,27.504897303929123,non,27.89327189637666,0,0,4.875310047753891,84.48072766044072,130.6915740599926,0,0,6.3797680044285485
5,30.47621397865126,non,22.86244668381295,0,0,6.413391537133629,89.56990071977835,114.14768261087279,0,0,3.548095528425007
3,72.81700958958838,non,27.73284765131464,1,0,7.287644074498592,76.42086400138804,131.96950555899303,0,0,4.516024729848482
1,54.72230452972333,non,32.49112252514957,0,0,4.683735796121743,89.48799422891818,124.52479537965053,0,0,6.167424918254623
1,42.15196772358007,non,30.905557557139183,0,0,5.427331679834492,87.15773422616864,114.7987844287128,0,1,1.4968901248478337
1,67.5766881739259,non,26.120449436822824,0,0,3.94360974634548,81.76363508989527,129.53855648582658,0,0,4.1338208603399265
4,38.41893555520625,non,27.83878626782817,0,0,4.8283986847616625,83.46788865390499,127.10404922324625,0,0,3.4768204089429
3,30.883384372829656,ex,29.268715874703915,0,0,4.207784285856776,89.29421070286347,116.01772858042533,0,0,6.261551272833797
5,79.99586404653895,non,27.76481196000951,0,1,4.462349615686253,69.2668946862656,133.08984263518263,0,0,4.336788914248204
1,73.64821359276405,non,29.405325301951752,0,0,4.043637570483654,84.43609044085389,104.52944284464418,0,0,5.5019938253744485
3,31.50044024560159,non,32.439209021751985,0,0,4.180601371047209,95.30509318822094,141.29920187586742,0,0,6.25558071197745
2,52.17285645687468,non,25.48132033800093,0,0,4.648303187145853,76.24831689835275,111.24596780379704,0,0,4.392873010877478
5,25.33896701547156,current,28.948904547326684,0,0,4.737234190487132,94.01445888732957,127.67855933792788,0,0,3.4670924328710417
3,63.68389932925197,non,27.039416913136176,0,0,4.597108843753357,92.1764235412129,139.6006157905441,0,0,5.741221766707836
2,56.89527619214731,non,26.35509467741094,0,0,5.600263913643149,87.22341252506656,132.63684549543072,0,0,5.597619720788346
2,43.34393751931131,non,27.345065477909937,0,0,5.104149336431766,91.19953081126341,124.6905051624129,0,0,5.923949354589235
4,43.93371513380461,non,28.031358667102808,0,0,5.097079347460863,81.97095548644779,114.84386287508777,0,0,3.7258088489572945
4,37.070981455004876,ex,26.226570496473354,0,0,4.8489160489793655,89.4773160614141,117.72586935831431,0,0,5.805573607587462
3,33.82614149818062,non,36.6300939258684,0,0,4.930834298515271,86.57889377486279,127.63494878273785,0,0,5.60750482669164
2,64.75740495740243,non,33.484092378770306,0,0,4.120605811146396,87.63631813048909,153.5762309157207,0,0,6.27779760679025
1,71.59155853541439,non,32.31015883191378,0,0,5.681073617100689,87.56300080377073,118.51100582773945,0,0,4.5235566049424225
3,74.6345284423463,non,39.685608159206204,1,0,6.695791413401209,78.11293765263217,150.97690340190175,0,0,5.10226028758215
3,79.84778952072668,non,30.22287046595404,0,0,4.707087513686241,90.96723060848204,133.6238335695006,0,1,2.633761660910259
2,49.85442755539894,non,34.478761222452704,0,0,4.135202740744074,94.16295795504516,125.04114779352244,0,0,4.014497282200062
3,34.79597384721073,current,28.457746865190195,0,0,4.710290769949429,98.25575182398048,115.17970557830077,0,0,5.907484033730692
2,52.91242290521306,current,30.75991885324389,0,0,5.205343253426392,88.89851893581204,123.6175994602528,0,0,5.003420999357245
5,68.72277986393595,current,28.241654386204978,0,0,4.135984276290808,89.37158666999292,127.30462085985667,0,0,4.071059845615712
3,71.98984801417586,non,28.09376266457623,0,0,4.126022896042829,86.47015088579761,117.13350606391165,0,0,5.609102531093934
3,52.68457634042392,ex,32.19472491964549,1,0,5.743473897825595,99.79194239965648,130.77740740399662,0,0,4.052004514661396
3,83.33794748778996,non,30.041198139296764,0,0,4.7423022676788085,84.12232883807965,127.90798741621026,0,1,3.8988947098873807
3,60.928905331634134,current,30.666312808892062,0,0,4.782769537826962,91.98702787574378,133.37598639012353,0,0,5.74662955218216
1,59.44303589879921,non,36.32446382083147,0,0,5.116426104474481,82.40434257080254,113.06918046532832,0,0,3.4527202957376226
2,75.55920983771983,non,24.76485815224935,1,0,5.449229848384697,84.8676363479762,140.95190584504658,0,0,5.459340546512054
3,51.46765040222943,non,33.67486458736852,0,0,5.478674156018418,88.955817603163,133.425269243361,0,0,5.534700073273065
2,47.79557988758843,non,39.37377376805732,0,0,4.705633054639123,86.4772239757425,129.55142110002924,0,0,3.535870692098248
5,32.39541003863417,non,21.429855220731433,0,0,3.5259182913372804,95.59042946328766,107.32881120984166,0,0,4.509487335955649
3,47.37168359163882,non,26.778648808444775,0,0,6.066128493092776,90.56186296448261,116.7830710415603,0,0,3.4230584040827683
3,82.24430166389591,non,23.18415058734991,0,0,3.83284656291249,83.30125835233345,124.53999881325446,0,1,5.6717076502438175
3,45.353671590666536,non,31.841242392466302,0,0,4.420245430037124,81.52661281759055,116.26467020229049,0,0,6.256480607971218
3,65.68653341599547,current,31.024393771146823,0,0,4.492139740425828,84.55606047736255,127.82359531085197,0,0,6.169979578299154
5,45.26085032349913,non,28.611849620499243,0,0,4.113968905866745,94.58182448524757,150.10460353305947,0,1,3.704586711407863
3,51.83287495423136,ex,35.60629447517817,1,0,6.618366300959241,93.74942824871204,130.64875611852273,0,1,1.3913489825906773
3,73.74571180473066,ex,25.025644182002214,0,0,4.590573716182599,80.4095126288375,106.29809908941917,0,0,5.12259361133001
4,69.88193271781563,non,28.260530004073598,0,0,4.603828902406861,77.79822094908431,138.92886110943797,0,0,4.831545201717168
5,26.429261999403128,non,29.826039914776782,0,0,4.710348313830947,87.35941667743779,120.36557877923016,0,0,4.638981926321666
5,54.978224654031074,current,23.38507081830464,0,0,5.479510986076377,83.34063399828098,103.60265760553038,0,0,4.705819519105265
5,48.440681242623185,non,23.52514154774777,1,0,7.214146269485134,86.0566793841199,109.42169492436854,0,1,3.243158871041659
2,77.32733562035715,non,33.34256753068531,0,0,5.2023429357531725,87.91336126339922,131.73786162934525,0,0,5.691913267459279
3,52.16395543361633,non,36.90437720580933,0,0,5.29555948072069,74.58904508850746,137.5746261166253,0,0,3.95594354627847
3,79.58495470999597,ex,34.52855733418521,0,0,3.7947289588003716,87.69155265003693,138.40641037163485,0,1,1.7002865235396771
4,30.032862418471794,non,29.744733891463603,0,0,4.4094581771466235,88.59101002287234,98.04869017612349,0,0,4.897978184777561
4,75.8106498058604,ex,23.92748273746264,1,1,6.948924283535211,66.69101249400808,148.98085463117243,0,1,0.12572436943510754
5,33.08654306455975,non,27.13738241580422,0,0,4.438773539657817,92.3455804415121,102.12192769056412,0,0,4.141134670020058
2,83.96322954253216,non,28.663662346311245,0,0,5.357285552897225,80.71987975653472,145.68884307577014,1,0,3.6889043874502914
2,63.80353071280537,non,30.38959323089347,0,0,4.7035799772751385,89.98134060472653,137.34959442124705,0,1,2.9310284891399943
1,47.57252620770163,non,23.859175282197004,0,0,4.897611206006025,91.83820754895044,112.95309493384256,0,0,5.6176376296866
3,40.73192366738497,ex,23.866511874365777,0,0,5.057724195756728,89.34107494511882,112.5515428843689,0,0,3.9360743271028538
5,56.80449045446136,non,33.51472548145016,0,0,5.569229408698861,88.43144156722022,136.63161189312805,0,0,5.921538978700491
2,74.67589248788667,ex,30.7089183172698,1,0,6.682379012212305,80.89623000982742,154.3293289190869,0,0,5.4247648091672875
2,72.89624739070968,ex,25.681249551702393,1,0,8.451279761177375,88.24443578449014,147.5299542239813,1,1,1.6734208328098346
1,44.869802143583144,non,25.279261692297116,0,0,4.698100714024586,90.18184266243334,104.80677206696107,0,0,5.1514830616971
4,32.89509844167306,non,33.79560113481841,0,0,4.567937161245819,92.58270776044232,121.7845783157888,0,0,5.071088544226203
2,47.55769160680076,non,27.79828556801933,0,0,4.38387628303989,82.26748840535477,102.25135177824549,0,0,5.501261121194577
2,29.566406059402944,non,31.328035316491995,0,0,5.37770674949943,87.94435867373123,119.64431555367648,0,0,3.8910517459766294
4,55.12610293533782,current,29.236104796643513,0,0,4.573477396578905,79.93907682591406,133.32399056469333,0,0,6.099658804329419
1,28.892773884914757,ex,29.508394119205175,0,0,5.765824812878702,87.2543712227989,120.41445204557516,0,0,3.891759930680918
5,31.80754794708686,current,25.35677888090697,0,0,4.6253089539989825,95.63397837996888,109.08897525400272,0,0,5.450924741249073
3,48.87673905903205,non,33.644367798342095,0,0,4.3698246838069545,95.07180638149438,132.00649170936276,0,0,4.384216955212216
2,46.207247637265795,non,31.9629985945686,0,0,5.218346208958546,80.50046179408395,118.73570538896627,0,0,3.6588833861254493
2,71.12347256476527,non,29.78398928958584,1,1,5.49839820159889,72.62750423788081,152.04492736693018,1,1,0.9317324489970398
5,43.36955479791948,non,30.52849278945988,0,0,4.781854849095093,82.97867740169038,137.95358834693076,0,0,4.154801941173261
4,44.74887665502615,non,26.190450567775645,0,0,4.962339335130334,89.52035623543063,119.02707275156173,0,0,5.8932151413099225
5,72.58931534525033,non,28.638315447972168,1,0,5.580602376310349,85.90883205727738,142.4277373519802,0,1,0.12079582481467693
4,69.08313564456917,non,26.970900415930565,0,0,6.286206544710628,77.11637656798356,130.78476884261275,0,0,4.81174277166101
5,59.63681710368474,non,29.78173748769651,0,0,4.636809614081962,84.15001048930196,123.65765909771154,0,0,5.069776061480572
3,57.96898422573146,non,29.230409857346082,1,0,6.911163512820505,85.24699478751745,142.19123271880989,0,0,5.918145237175928
1,32.39553543309547,ex,26.6360266429147,0,0,4.444304606073061,92.31212390156509,116.08262990869662,0,0,3.408523878252684
3,70.06422018636815,non,25.71321000626851,0,0,4.952162753119684,89.69528143512643,112.46677007762827,0,0,5.42998029627224
3,80.10056292254525,ex,33.34904751890238,1,0,6.485275629341988,75.85935103696627,149.7689166939867,0,0,5.698960254819706
2,52.54459188906841,ex,39.95186933299266,1,0,6.095965850679782,86.64378056811472,153.7577075188359,0,0,4.204954203111262
5,36.387566459807466,ex,16.58596460784056,0,0,3.5673815147751577,92.39043956723086,100.1786799188358,0,0,5.625609704227392
3,63.19206458795395,non,35.05307877810303,1,0,7.229331958025686,82.23175458585291,155.43077219062224,0,0,5.429270627680493
3,39.47707273635692,non,23.341966752747073,0,1,4.74408146159516,74.05006166110671,138.03581587870383,0,0,4.707567879934621
5,42.84208490233775,non,28.341596989318205,0,0,5.398615621411478,91.37105432543446,131.14070142141765,0,0,4.183100347653857
4,29.169280900497643,non,28.120703921386315,0,0,5.945204033301764,90.08802447573073,101.40093140888015,0,0,5.348540086297217
1,68.22173730069326,non,32.39266025401541,0,0,5.307427774745176,76.5231556307117,152.37589325222788,0,0,4.762543754922108
3,53.59122175803698,non,33.26545679609286,0,0,6.138750239961084,74.61456035864619,124.96098649318918,0,0,5.709118084727375
4,58.476312222180226,non,24.521230998877595,0,0,4.46610146005819,83.90760331849702,105.89030080016053,0,0,4.449089946495912
3,64.90897902911254,ex,28.566183514271717,0,0,3.9320794991831787,84.54732528098253,100.9390414729304,0,0,5.013688624798272
4,78.40497643689795,non,32.79575952079232,1,0,6.597649857004556,83.78882383571782,146.78563982412393,0,0,4.264040634538082
5,53.47046209152139,non,37.179871227565854,0,0,5.356573875494664,85.45299507378442,131.16164840523686,0,0,5.89956004213931
4,36.739147110875415,non,28.753497043688704,0,0,4.6140844418493705,93.0016984639264,119.6605615128633,0,0,5.358874221348778
5,42.2407233810874,ex,24.677498882992676,0,0,4.701388962365004,86.96870062073036,110.50546779917742,0,0,5.54084567858315
5,71.47492576336357,non,32.978567711801496,1,0,6.702021794507312,77.90276472195956,145.55074518066266,0,0,3.9763474504528182
3,40.88728900910783,ex,34.48699150935072,0,0,4.086493380263205,94.45989714374164,119.7887789160812,0,0,6.289406077799475
4,53.0966059185352,non,27.780698775485867,0,0,4.422908538634736,85.53782998748879,139.38564031753685,0,1,4.039335804204228
3,26.192541293153123,current,25.73270976366981,0,0,4.278757102703271,90.81707835046076,110.57644041061113,0,0,5.350534432603764
5,61.438607930825775,ex,33.3716716868876,0,0,4.788862022875993,88.03389449978955,138.3736979879533,0,0,4.337092057774299
4,76.85762227967885,non,25.199648896663366,0,0,4.5485615608366805,84.37929622105011,117.21458323789975,0,1,3.5516387813392183
3,73.40934115673357,non,35.911845028101155,1,0,5.853409854035339,78.7837074876116,132.38746812907138,0,0,5.412398992741547
5,67.52894014048186,non,36.46896048285272,0,0,5.179446762264299,84.35959036285419,140.66879596366314,0,1,1.5860890188453258
1,76.58658404937376,non,30.204463016196957,0,0,4.192420663570601,80.01724345956633,130.76964492363496,0,0,3.9976160326326804
1,52.768121676998064,current,28.262549154375527,0,1,4.476104164074734,75.11857055538545,117.4238145340677,0,0,5.005734466134125
1,43.72474341187822,non,29.559300454726277,1,0,6.365145160902887,86.17969611291119,127.66034820520804,0,0,4.996516713560715
3,63.69922738373753,non,28.541889652745688,0,0,4.267031597823685,84.29519808083352,132.6629778756866,0,0,4.04224882039611
1,30.84413091597746,non,33.65373472374939,0,0,4.347708237594493,85.31988129356282,109.45238959071924,0,0,4.501918231704694
3,74.35028575020402,non,25.90648221820787,0,0,4.884082484552965,77.34313751214125,122.33299830084431,0,0,3.4785790947999753
1,74.06687917544207,non,25.58063230696178,0,0,4.136919845142282,81.54263281885478,134.89723470469949,0,0,5.489918540817804
3,56.750313674813086,non,26.985628465924183,0,0,4.260611979510874,83.58226864950069,115.30657947909958,0,0,4.512744853741779
1,62.245364976257264,current,31.701044653853167,0,0,4.712928522921795,82.48997789727059,123.43545513353143,0,1,0.12041070237761341
2,81.25580404774466,current,24.360549744769784,0,0,4.2585219059990695,82.91937750113584,145.9389561199401,1,0,3.5652534340821855
1,79.87383358482698,non,32.38101895000052,1,0,6.254952255064072,82.15718833978615,149.6649507113967,0,1,3.4943979208228884
3,63.65629992375049,non,20.553868194711313,0,0,5.232607364115825,81.29803002371474,124.06272295378471,0,0,6.106082789908545
3,72.39561977978775,non,40.37390643097319,0,0,4.796809807211542,78.4577007289953,142.49020782853586,1,1,1.0250257718813847
5,64.35186223907758,current,32.74428367380666,1,0,6.747232820154366,83.6424553349695,137.44872953665447,0,0,5.827466772678495
2,40.67803291138232,non,26.464849646028394,0,0,4.1195198986872725,94.50995552072908,103.22159858274361,0,0,5.815153429038681
1,82.85129537298792,non,26.85835104945762,1,0,6.867700188399998,83.02973484408189,133.05450976608296,0,0,5.317952941791328
4,53.980111599831204,non,37.37619634935463,0,1,5.793756486677523,73.90449857264099,148.23688876586488,0,0,4.319823308627601
4,69.37495520794292,non,33.62735630406654,0,0,4.830298296805701,77.86469844053885,123.50342424920824,0,0,5.567373058164089
1,61.96469447334392,non,29.36829466702221,0,0,5.305919153185476,89.9917113270032,123.27684751270345,1,1,3.323315889785241
2,51.07710668716176,non,30.92718591039032,1,0,7.116490823279313,92.37556965804998,147.64189120705285,0,0,4.679747681488148
4,55.444268091782334,ex,27.08303152616927,0,0,4.124728075285033,86.95917096256082,123.39084178455289,0,0,5.437381569081626
2,40.61594668155972,ex,28.530993848976145,0,1,4.911174053906363,71.79581866274457,132.17680911765996,0,1,3.4765143276691903
4,81.85343429421596,non,27.480208197935994,0,0,4.335243920597437,78.27477063896525,139.6486689434873,0,0,5.19392055584927
1,74.64404144411424,non,32.19286870591999,0,0,3.7116894035919703,80.20915129498034,121.87988094170493,0,1,4.007279684318176
3,78.37374218487963,non,29.274423574665303,0,0,4.869519309419543,78.56021761747289,148.82968156055867,0,0,3.464043900460836
4,56.71839437196289,non,21.543502984038135,0,0,5.456141991505226,87.70172754383329,106.46869844962906,0,0,6.056557496099659
2,33.22705809513863,non,18.388632459893152,0,0,5.286526654019924,95.86972761933728,74.12915171602793,0,0,5.22419357408487
5,59.26311850510842,ex,25.353652271176497,1,0,7.633936827171452,83.95229633239526,139.83347756553115,0,0,3.5493375329352634
2,33.347110436451295,non,23.906515289833738,0,0,5.306123984094989,89.0438911489511,123.63401574913472,0,0,4.387028544983512
1,65.84681053993101,current,25.26671746143227,0,0,4.120399113885719,83.3673836151082,118.33143352352523,0,0,5.832931635960335
5,84.5010850308033,non,28.98691853640093,1,0,5.958389306230657,86.14684841346322,147.4010831992537,0,0,3.4023155969594026
1,41.62949148954334,ex,28.971196703341928,0,0,5.391246138099408,91.08015234952937,94.51480215001905,0,0,3.4123202292141355
3,71.03964768929788,non,24.57945291644257,0,0,4.722903129304406,80.82455407083688,119.16514302990318,0,0,3.4310895639825163
3,42.96961063511273,non,28.0343757354771,0,1,3.4995126913124346,69.34370208923505,120.16731191494088,0,0,5.590370977142943
3,35.06926391184603,ex,25.110674261919357,0,0,5.193006678543878,91.63609221652601,83.07398005027227,0,0,5.243585891920539
2,28.843912097106138,non,28.010034747456338,0,0,3.5305363227029964,94.85739208861852,112.66475967786089,0,0,3.921316059510584
1,74.75978678777625,non,30.327799977483824,0,0,4.665958803648661,80.40069971154358,136.60646925652426,0,0,4.543688533307663
3,61.14933533053088,non,25.775218369301182,0,0,4.202518191584897,89.45304255303435,138.06410800758934,0,0,5.133392046088058
4,80.97306338476898,current,28.037795443345853,0,0,5.152785101662487,84.48772138953025,149.83159808390516,0,1,1.3238830788868585
4,39.23101809707152,ex,32.244049588816644,0,0,4.000916191570826,91.07960507732959,119.47799900344788,0,1,2.7020797878175387
4,49.932723537093835,non,28.64129026838624,0,0,4.7897464246029084,88.8233719610637,139.47092600425813,0,1,4.686628636097404
1,73.13653375705526,non,31.13866208686363,0,0,3.739349009736145,81.25009758824471,129.3779977011067,0,1,2.815829167944244
4,40.65759785404733,non,36.507259387384295,0,0,3.500766846996169,94.09503222571502,133.04461958679144,0,1,2.149019776595085
2,45.92516310506846,non,16.0,0,0,5.131530495484639,88.89408628679375,131.66958568024236,0,0,5.996176980762392
5,26.685887943012705,ex,24.695730114120195,0,0,3.701205672104173,91.14383646850706,129.50972146273244,0,0,3.6865877046305817
4,58.60969905785902,non,24.638806457972827,0,0,5.140860909224007,87.12612619480963,107.0025955067246,0,0,4.124981355267243
1,28.226649952284475,ex,36.09446957013785,0,0,4.480862349003872,88.3894665637897,132.4439236630025,0,0,4.057401865172308
3,41.63105576688361,non,30.82006902312708,0,0,4.163471489024408,87.73279896461578,121.2275499105509,0,0,5.253177520345171
4,42.30363657786509,non,33.36274036673162,0,0,5.284976961839455,83.01176042810667,109.48662039728927,0,0,4.701842358450833
4,43.891168612476434,non,29.48708702606346,1,0,7.10980904933451,87.98151078659303,121.84162724600488,0,0,4.1048873570374775
4,46.614686558281605,non,21.929343849481256,0,0,5.5097059558459955,80.48267436204029,106.57305530842615,0,0,5.814129273682915
5,50.4109242162856,ex,18.204870014715432,0,0,4.041225229553974,89.02937400717896,118.4712669006965,0,0,3.4410230844900114
1,38.33915233843467,current,30.170174027361348,0,0,5.654111113509568,86.22230504088141,115.72795850311046,0,0,5.445077438673017
1,28.572914700241302,non,41.409676051928784,1,0,6.546213813863012,95.05550829546408,122.59034600284787,0,0,4.515687814704555
5,75.60543132768109,current,26.234530467910986,0,0,4.625923094178135,85.25452395538004,159.71214308976812,0,0,4.458857225181509
5,43.94613051731077,non,30.736704171649357,0,0,3.778200698798579,94.58569159022295,121.13871455231282,0,0,5.1725109850506055
5,77.44675172721833,non,28.63384778393356,0,0,5.221869451728033,88.9213450079864,130.57250945157827,0,0,3.422727716293649
5,37.84047523909805,non,26.570763540162027,0,0,5.486305638434763,86.83763311503269,121.72503583586465,0,0,3.721491256395698
1,57.69929731486746,ex,31.06400620273257,0,0,4.976921515524433,83.90315921913938,125.31608773752514,0,0,4.294459731614082
4,55.08901994952933,current,25.921846370949527,0,0,4.470585812498569,86.41242289815841,105.34559213033502,0,0,4.605662325518432
1,76.5911766439955,non,29.65996331659401,0,0,4.530695508601226,84.68803698758882,128.62853879645346,0,0,6.073871659009953
5,28.71169114416573,non,25.774578775221165,0,0,5.538098666369374,96.49963314896844,99.95502371274264,0,0,4.861446552918402
4,56.886949208330165,non,26.351160229440517,0,0,3.3057297956429963,80.35170092396574,109.25367452139588,0,0,5.118326469416951
2,37.34653367822827,ex,27.134328253075,0,0,3.990609493263543,91.74667779101433,134.23435170879839,0,0,3.421672920564344
1,28.9812491038606,current,26.073738746814335,0,0,3.971957677416948,88.6498438077288,110.69723937208136,0,0,4.110439607548276
3,64.5580104097087,ex,34.504997150984416,0,0,4.675565745465347,80.32412699106173,119.91456631094421,0,1,1.9048041810049028
2,41.923947127889974,non,29.69052771245611,1,0,6.262964899694521,93.79378520967381,132.31970289669937,0,0,6.326316158533217
2,35.330552870930106,ex,33.21137283052828,0,0,5.4771136823127895,87.36576275571868,100.87294587765564,0,0,5.258751437584772
2,72.393388499933,current,28.35945681200027,0,0,4.436532388551081,84.71242481874683,121.29607822972011,0,0,4.242865642042326
4,61.26255542791016,non,28.351272188336218,0,0,5.011508086391,91.53575405690907,110.20560420664816,0,0,5.57785704703327
3,83.16163518290932,non,28.85019465843769,1,0,7.050230014145978,70.51427988317894,159.11861700181004,0,1,0.659803549240043
4,43.94123839729449,non,32.19457097753536,0,0,4.760560491498981,91.2484118389318,124.30760255644543,0,0,4.346204381526274
5,82.12349779817268,ex,28.57887326293361,1,1,6.852849600181948,66.5788331461762,121.79441793812941,0,0,3.8123443141332514
5,44.10821955885893,non,28.573110655458947,0,0,4.241621023540912,88.41590047696182,136.6672585759377,0,0,3.7284348754201613
5,68.38647207599062,ex,22.88783436734567,0,0,4.67142583000122,89.02575171785591,136.4049716537015,0,1,0.5153524092117943
5,63.26342392121883,non,28.271518965571694,0,0,3.979240215389082,82.81866121535766,128.32661984399485,0,0,5.153696124233074
3,63.93707721145941,non,29.229958928153266,1,0,6.5233988773875575,77.38081475578781,135.10228046123083,0,0,5.144032977393925
2,39.83918455539257,non,21.92684766554568,0,0,5.172237192706614,98.16826243023637,83.34927382261154,0,0,4.431613426072137
5,54.09373926344167,non,26.34210429674529,0,0,4.435721586894708,86.06301847473716,128.15095584863042,0,0,6.124754797870815
5,36.17214799282027,non,26.42997931373605,0,0,4.532285815849893,95.1634506752823,119.61904592225072,0,0,5.961364009460698
5,35.61910969578342,non,23.84976327467186,0,0,3.7986588193982174,90.79069600529354,130.16392976337804,0,0,6.002466957665238
5,82.69983276883525,ex,23.997314450914892,1,0,7.7224004369884245,89.52098177313373,117.41027790184324,0,1,3.74602373636005
5,54.86767709521918,non,36.64509455198339,0,0,5.043122346844271,89.14478877961383,124.43850823283195,1,0,4.443764243085784
5,37.85074191422666,ex,22.575137755004036,0,0,5.415792587122149,81.77978050589567,113.44579115289305,0,0,4.886308413101763
1,48.752556030709954,non,27.772302851979628,0,0,4.523986093003473,78.81416247872441,115.34863878321545,0,0,4.391370959579832
2,57.275735706651524,non,29.124335998497184,0,0,4.947718646948018,85.48259297381985,141.326838516169,0,0,6.02667121538518
5,40.88679201015998,non,27.464164767227825,0,0,4.002367035143125,101.2762479452906,122.01519945121123,0,0,6.302609724355644
5,80.88732698324799,non,30.65401985116065,0,0,4.991313639254501,92.83611037156754,122.0969214936378,0,0,5.423009460027119
4,64.50901791534713,non,23.54036040641662,0,0,4.7425982067567904,76.78115099323065,129.74541276732342,0,0,3.601676238884062
4,54.18963549535435,non,32.70082848888203,1,0,7.175114269478521,90.85846964441836,165.68748301765015,0,1,0.30822933641936645
5,54.64252977153703,current,36.94048649944825,0,0,4.391702795901241,83.08999046956643,148.4929767287325,0,1,0.7119059772447522
4,58.09314811720165,non,32.66038822777128,0,0,5.7104927425715415,84.73236664424807,136.10798304028796,1,0,5.892731567224729
5,76.93527989472871,non,27.165613569841817,1,0,5.336209480661774,75.0124933731064,160.28241742608742,0,0,3.5191748668015252
4,50.20153299011312,non,29.115397705941533,0,0,5.039954078706422,88.56413588661435,118.78078837135584,0,0,3.8115763906280753
3,63.87069187762195,current,28.26290577099339,0,0,5.630022089156474,94.08667399873327,105.24170230147048,0,0,4.3892814362962485
1,52.363019208075045,ex,31.58637198197678,0,0,4.488914727399023,86.68587625518039,139.46689930975305,0,0,5.499114326416828
2,82.77053114807808,non,32.33386895858795,0,0,4.727112402568424,94.51991924768991,148.65046700576946,0,1,1.914541363181875
4,48.14238204861429,non,26.146259977397932,0,0,4.79240819138891,89.02220582775783,118.62128878164464,0,0,4.991860588122349
5,45.84823554116433,non,22.35931340515787,0,0,5.250900993797175,88.42808984765317,127.61539681227902,0,0,6.209587126387307
5,84.42253873938117,non,29.398663826590663,0,0,4.369065589341749,81.07992755509443,132.97071446383825,1,0,5.415790345751459
3,55.61837728142197,non,33.63008940295484,0,0,5.087604133455246,75.28084760542617,134.20613741736855,0,1,0.9985288011177522
2,83.47858706976082,non,31.540735265464143,0,0,5.618089851027284,75.51573592200045,155.9337383744647,0,0,3.8101366202548093
2,26.377671489343225,non,29.379807753378472,0,0,5.135756958816197,91.97914599542668,137.22085589294716,0,0,4.438488525516088
4,69.8908348029322,non,32.59317374256704,0,1,4.0471977911991255,67.13674410640037,135.69907665386748,1,1,2.961897742265123
2,74.14685431716266,non,33.26603822211199,0,0,4.953142101176558,94.50994317987602,146.95369176285357,0,0,5.368982771044572
1,43.415369448202384,non,36.19543769985677,0,0,4.944729058888903,87.97990913417067,111.59995339617718,0,0,3.482090552226181
4,46.49606493756335,non,30.92260826880271,0,0,4.321189514215879,97.10797979122657,116.10648234986948,0,0,4.250067654480697
5,75.29721741958642,current,33.67469684276556,0,0,5.4324041507182415,81.41843476526607,112.71071010259794,0,1,0.2582167844843483
2,67.52818138390651,non,29.11843608368358,0,0,4.228779684782943,82.65983595156712,123.34833159857486,0,0,3.8915264802672764
2,56.713282662619015,non,26.781513504385153,0,0,4.967566832491695,84.4378914000572,118.69817925718283,0,1,3.059458929924243
4,31.437443764889185,non,28.45942945842586,0,0,6.046836148435648,80.10622790879103,123.4223542656934,0,0,5.021264049420402
3,36.09749773986702,non,29.729903720440813,0,0,5.781694202630611,90.67289297355013,137.31091911173297,0,0,3.638212192186246
2,39.52294597992108,ex,29.3907342539361,0,0,6.176866082367903,85.90795246285654,120.84261602468085,0,1,2.006668778986224
4,41.97845267986389,non,21.947694706823576,0,0,5.692619602708344,86.2754821559299,125.88628396075873,0,0,3.5207303372478305
1,83.38455929312852,non,30.09999972916306,0,0,3.788177542434286,72.49759904093072,135.267471136036,0,0,5.462081789748181
2,31.234368260542674,non,29.430987285886733,0,0,4.878230309442336,92.76849915579423,125.36741532558023,0,1,4.709946329019707
4,57.38321771682522,non,32.78967394817078,0,0,4.038957854875153,95.94436293014522,142.28901847695317,0,0,4.962050082787804
5,72.17557673850516,non,27.38092105853015,0,0,4.170733172879757,82.72782592244515,128.4847411222326,0,0,4.964422070410038
3,83.46775037253694,non,27.559834748930967,0,0,5.3107433351568964,76.25847503261403,111.33556884449521,0,0,5.688147997439145
1,30.990295756175335,non,28.013011167375225,0,0,4.365081601656266,95.21201739850055,111.92960000198089,0,0,5.675275458511898
3,45.32035117453851,ex,38.266445273685235,1,0,6.39554927045513,96.05300352048474,110.78681291362919,0,0,4.924893852296435
3,79.45580394577348,non,24.265186197203516,1,0,6.362549976981988,76.37130235203675,125.63802125595929,1,1,0.7748883225462854
1,36.622534845447106,ex,25.268030681118717,0,0,4.449437721300549,89.55795666012875,104.41348777635476,0,0,4.831056960807595
5,30.178053415724506,non,39.52584004151915,0,0,4.320812429411218,84.08669636457842,118.01158549162729,0,0,3.898632097915249
1,66.23701278880309,non,32.59486389738375,0,0,5.395216359579524,89.30200249935051,136.54349168379755,0,0,6.345749554199717
2,36.79993023301718,non,34.46448199919206,0,0,4.753359000017042,91.61878964123882,125.13917034466927,0,0,5.48334070270595
5,56.55857673428183,non,30.120745126101895,0,0,4.939990199671027,90.13099143582266,121.18236136425418,0,0,4.463078184579199
4,83.59124749543895,non,27.85929788615789,0,0,5.087933368058104,79.24267695483553,132.13279343942747,0,0,4.709729266546303
1,70.92575892355606,ex,30.602501317147013,0,0,5.874953458768183,88.0127602199423,137.4940327625155,0,0,3.559881261847339
1,65.42558309994556,non,21.562018603775968,0,0,3.3978605307506697,93.88046314215661,115.04092382721562,0,0,4.360549865727435
2,60.97892076857004,non,34.933650355178834,0,0,4.1440936391999985,76.1810289046898,123.6384698639174,0,0,4.032423988214479
5,30.50635924653072,non,25.221782143193078,0,0,3.505231671018876,91.46823372910436,120.2395782075483,0,0,3.669317552388824
1,32.73205925307675,non,34.67769778092264,1,0,5.696605396267038,83.70268685151817,128.29797819587793,0,1,4.154898283191924
1,26.176337046974215,current,34.361024828498834,0,0,4.566136609299441,93.19003093245911,94.98364206370154,0,0,5.735053620830299
1,50.82885870122202,non,34.35961296106124,0,0,4.586551587539338,80.95094366911339,108.24208652095385,0,0,4.319080089870488
5,46.04269283271664,ex,37.79605466597878,0,0,5.131526944716245,85.84402464742094,140.42372008087665,0,1,0.25411026104452805
4,52.06150497230931,non,30.784700240431953,0,0,5.067617442047011,88.04621374343257,130.972229678738,0,0,6.267729922763107
2,70.58723044467442,non,36.17761362689779,0,0,5.1070923807322,86.51777843668322,119.20573958876051,0,1,0.030881782299512325
3,41.998604386787235,non,28.7043383736306,0,0,4.827652812623629,86.89826860478469,125.09695164288948,0,0,3.889853681940044
3,74.55566202845688,non,28.901425527442825,0,0,5.581971637399031,86.56280991411019,156.68782992394938,0,0,4.655749655189542
3,79.74214297366785,non,30.34020597952784,1,0,6.8919788597426805,83.27468924459397,147.22041163017485,0,0,3.614633014537112
1,79.48628815815601,non,28.363997735254422,1,1,7.47237578279495,60.4777696661747,133.63162551911853,0,1,3.390089233525345
3,66.63039553924126,non,28.875604015687436,1,0,6.5906939815865355,87.99961885936108,130.03418821538705,0,0,4.684376958075757
1,72.02989960143543,ex,33.52516702183549,0,0,5.768415327059663,85.95611105176783,124.55951171804583,0,0,5.004010604040102
4,79.00242720440838,ex,29.892574737176254,0,0,4.654710008538693,88.6918272870548,144.0584960777282,0,0,5.700412493945549
5,35.34452518655786,non,24.03642037555716,0,0,4.760574262505209,87.30876665942762,104.21573153261647,0,0,4.436603664549772
1,59.064976943732205,ex,23.398435850268484,0,0,4.819936589602488,86.3611815718459,107.751333362169,0,1,3.8821909595798756
3,54.067536052906114,non,28.79852386451608,1,0,7.439293410268666,85.76713124433066,148.4630956217713,0,0,3.8309677461351965
3,33.103905035833264,current,25.318177430719494,0,0,5.237453791511486,86.31836522525934,116.44865920130792,0,0,3.5193775003264105
1,34.94483872553793,current,39.11697416098002,0,0,4.658283784567749,93.07082782750018,132.9712800083215,0,0,5.140509908230887
2,72.53679473727391,current,23.139738034822056,1,0,5.7601215665794845,86.87335646202173,131.11695988107783,0,1,2.7678562192715153
4,77.89941067283914,non,23.760267922179764,0,1,5.760535099368722,66.76943460682587,121.00008184193783,0,0,3.7874886542516633
4,68.5487642777019,non,30.89333235989252,1,0,7.64938150534311,87.9236568931667,135.96272376715314,0,0,4.843380315413064
1,65.16869009279196,non,32.468161804223115,0,0,4.955127593766418,86.98664615056735,109.45303506643725,0,0,5.690241010708805
3,38.796937835830754,non,29.2679671896053,0,0,5.041514190545401,92.5473092850189,132.29593921894428,0,0,5.155065829688094
2,65.27918631634518,non,33.675300982797204,0,0,5.580188643855488,96.02411279527799,123.81462406479665,0,0,4.021022475171696
5,55.8525494645901,non,31.288448512079956,0,0,4.311939112025096,83.086711610216,133.24900368128104,0,0,6.137071695108091
1,52.86411172992263,non,29.340087844194652,0,0,5.804031473867489,85.17439067405927,100.01847355397825,0,0,4.334843183045871
5,40.400055876507544,non,29.51083462620788,0,0,4.703104727752147,84.15834976785126,139.71840632565872,0,0,5.104424932466649
1,79.64432629047579,current,29.07522538269922,0,0,3.8994106955663423,79.70425969756752,122.80347432176116,0,0,6.052292049466796
3,79.23309086609163,ex,30.0328644751824,1,0,6.151470235517592,83.8699524970495,159.6835467968727,0,1,0.9652927471154374
5,71.05590595215595,non,29.142811659253404,0,0,3.5225265547345246,86.93987781548397,104.46742446503379,0,0,6.213203914237679
3,42.51032953200769,non,24.90361547102554,1,0,5.98674685861297,86.81077441240616,124.74332585544852,0,0,3.835169005457093
5,74.57126563375138,non,28.508449857939784,0,0,4.4723480920482475,87.19927068573926,140.64933690386482,0,0,5.838260018941616
2,70.10743742623013,non,30.112906610712486,0,0,3.97821887627425,82.79397705963184,137.2893963287749,0,0,4.133942426666113
4,73.15177032458075,non,32.15950024740977,0,0,5.904500195792751,75.04706417795666,135.91399112316998,0,0,3.426621596589916
5,63.86347330325286,non,28.545513940647275,0,0,5.674770593708633,84.84157154888831,104.41098216713709,0,0,6.058530417766788
1,29.582288194975526,non,29.754824397321375,0,0,6.029967448010585,95.13113083257124,128.04234968019736,0,0,5.746175084684182
2,54.94860742890724,non,31.703993346709417,0,0,4.644081774245126,80.90682246395502,131.50512782906662,1,0,5.045009635806087
4,83.61354032878455,ex,25.78077276798351,0,1,4.32097835696323,68.05622181778921,140.4976438091905,0,0,5.05822547561937
2,41.162195276348214,current,27.37155935053238,0,0,4.547143620300093,88.84623775948938,130.94811968924625,0,1,2.944917841426151
1,58.22916915810018,non,28.610788284063524,0,0,4.94153915154263,91.60721441229333,133.06247049278656,0,0,5.988799254299324
5,83.9922410993102,non,24.661283376485787,1,0,6.856440323353323,84.99090714574476,112.74878775807359,0,0,3.6300660038688
1,84.8239344416873,ex,32.12943170973585,0,0,4.34489969127891,84.07032757593215,159.29325890797253,0,0,5.619760459377156
2,55.294593128105774,ex,23.461421837080138,0,0,5.225650625813978,92.13284144972464,112.58036102860758,0,0,5.514747652855154
5,82.1132150283923,ex,31.49645377480796,0,0,4.533729496418197,79.98298092358303,146.80245782637246,1,1,0.6918879501584623
3,66.2322304685954,non,28.824912248203848,0,1,5.677276820662973,60.93628092305948,130.88830682608756,0,0,5.362199151914244
3,76.6336967861264,non,31.922955315373358,0,0,4.89550915561897,86.52464691699653,127.20673438037028,0,0,4.587462275310437
4,54.41207003626882,current,26.21082241334401,0,0,4.216091033979509,84.76034803666369,128.03785794319919,0,0,4.674003246955609
4,70.88762700774252,ex,34.07387999545626,0,0,4.999399218791609,78.5317441213958,117.65317873220837,0,0,6.0128415684259435
3,26.212046889200977,non,32.91620214498031,0,0,4.0289831425896665,99.09071603345065,127.38052483865694,0,0,5.738550780782457
5,71.10258266423105,non,34.73489862839453,0,0,6.4324230935192075,77.11385615105955,112.0041707621085,0,0,3.5994298677561223
2,28.632094420375466,non,28.351892131859664,0,0,5.651717256494999,84.02044451685585,110.07994205471853,0,0,5.980407258274755
1,63.54570115654192,ex,32.25618673753893,0,0,4.845388390603404,82.5283635549397,139.18597131615675,0,0,4.430529437651921
1,25.191870140873533,non,25.907544572284444,0,0,5.988646367287632,91.26702056828091,121.48913058718112,0,0,6.165543769094036
2,61.89175911039884,non,24.626445628155956,0,0,5.4341918901019985,78.40704409872055,102.70436580700414,0,1,3.040121243371974
2,36.87088350355324,non,37.612791269029685,0,0,3.7622255543981673,92.31262725114208,110.370532047159,0,0,5.627374875312821
2,43.69995146907264,non,23.247714377682023,0,0,4.631234819552131,84.51429455338817,112.14585730233804,0,0,5.794574614638229
3,60.444217845755205,non,26.96429694999379,0,0,3.9134633297846477,87.53831169008295,112.540882305835,0,0,3.4057027693314756
1,79.20799416466402,non,42.635979073463815,1,0,6.640443374220693,88.98220089823627,162.04356372920464,0,0,5.585258041706616
1,25.805456758920098,non,26.682509817189636,0,0,3.799161115831284,89.31338329313154,119.91837554986584,0,0,6.2796108632905705
1,40.28928350953418,non,37.499989426506865,0,0,4.447568121393399,89.12917712432426,130.54434461850167,0,0,5.652366020235691
1,49.23716411972596,non,29.803442831967196,0,0,4.123040416316815,77.02064153808556,125.03637490791758,0,0,5.301341669127918
5,78.54659628293831,non,23.87067289899563,0,0,4.125726512851109,86.05854024255099,146.77814937786607,0,1,0.7713767463463369
1,51.01314435350003,non,31.86077877669553,0,0,4.3567002652330755,79.94974776043857,121.46916640530637,0,0,4.914220788971297
1,54.23642172917654,non,37.67092670550929,0,0,4.190858845908964,87.95593181844795,128.02825303776035,0,0,5.756127695997439
3,84.49985750335802,current,28.118312472397214,0,0,5.213901404922207,87.39989753956912,139.79045247349615,0,0,3.89317540909999
5,55.22382314601667,non,24.221794107519287,0,0,5.261067036048656,88.89706361903268,121.3025687458782,0,0,4.601624297861505
2,38.729533104980355,non,33.455227493489836,0,0,5.028267920611842,96.75008150470613,106.63837332685324,0,0,5.16717350695827
2,81.98278863009095,non,23.735113717294613,1,0,7.047863217428544,78.7923878110933,145.79721468648415,0,0,6.163697233361566
4,32.91504790946404,current,31.324839945030785,0,0,4.9263324432372775,89.9715618164012,102.87941807794427,0,0,5.40989815337388
1,39.93983571532255,non,28.454799473993603,0,0,4.686109160446568,91.39599710898726,122.73057727312789,0,0,3.8649731537566123
5,44.11699676278027,non,26.239504283943116,0,0,3.3515244942447167,96.9330236593776,127.63488884764482,0,0,3.54172938992476
4,50.90481288510221,non,20.333781013631913,0,0,5.400489741470351,81.58630491303884,119.27592668820623,0,1,2.4485566442067115
1,67.20189891921447,current,27.06385084395898,0,0,5.0452573327959165,79.6146402935239,138.3674966899761,0,0,4.1206243391871835
4,43.329532071840525,ex,24.75862479535533,1,0,5.796164054861007,82.22049581604585,130.83125836908843,0,1,1.121446983155121
4,67.14919017919142,non,28.700414831317396,0,0,4.680521023986237,78.26414421410496,126.88288250746169,0,0,5.106259583751847
5,69.44762084573063,non,18.80711601382778,0,0,3.751312912638089,98.70772139882779,121.30118574706755,0,0,4.8596227991340815
5,70.67613292766097,non,30.5786401023287,0,0,4.408866413320514,78.27588488524188,118.12191648237696,0,0,3.427681869197014
5,57.32250779684267,current,25.814805332774043,0,0,4.354612456204623,83.26747414785125,115.49824190152712,0,0,5.569852567206998
3,37.33896539445061,non,25.843074442401964,0,0,4.808107826795283,86.70868199910322,107.29277371686855,0,0,5.286576271714115
2,72.38815585487377,ex,29.45527792646867,1,0,7.325559342908012,87.43296898951047,148.07064413089165,0,0,6.049758711941143
2,70.11859114983113,non,31.026631600766997,1,0,6.461278181074456,80.90032624874542,136.9772640432158,0,0,4.367623354523866
2,61.26363301065722,non,31.097325518987596,0,0,5.130636057862286,79.80747483306708,121.57693538884807,0,0,4.284944833887597
3,28.05350318389211,non,25.16072416202433,0,0,5.077173202895004,89.45945983375749,88.13000468958072,0,0,4.7201563673878395
1,43.61756157829797,ex,38.86618148414924,0,0,4.137487365014223,82.12384293284373,135.0824995598553,0,0,5.6171961988741455
1,56.91234830175176,current,36.83634782285388,0,0,3.741108731383629,84.81995669183965,120.97014371027508,0,0,3.9559767870449325
3,37.75875118141373,ex,33.742002826376336,0,0,5.3901541756683615,90.20583534033794,111.75934946825207,0,0,5.448636083471954
3,43.964797040051906,non,21.104998696149835,0,0,4.92854007636655,89.13875878134678,115.21492432663561,0,0,5.749922799618918
4,29.1917720541254,ex,28.858422163077307,1,0,6.749549256875934,95.42016418829034,131.89660574845058,0,0,5.563282531520309
2,28.73871934735467,non,30.559595224918205,0,0,5.330719884873426,87.20629914662562,127.28792105578836,0,0,3.97551741011773
4,63.96831151678519,current,21.807899026409324,0,1,4.667166891028288,60.18125648056852,116.91452123380516,0,0,3.491686073288683
4,35.80515661521863,non,32.54426168616474,0,0,5.108314911779772,89.87091811304774,135.64310828336716,0,0,4.299367317862185
3,75.53251907599481,non,23.632966314412748,0,0,5.419707476417256,82.31935524269964,132.08762371661118,0,1,0.8683045199546493
5,25.51033463466173,current,32.94539185887524,0,0,6.0928125976204095,81.94430983032332,122.38513199695547,0,0,4.935827128482846
1,71.34510037269436,non,27.73232250892755,1,0,6.5107498103002115,85.68742293776693,138.86740013435502,1,1,5.401777118825243
2,29.969090046674083,non,23.793178935535458,0,0,5.577007618938396,90.35224141312497,110.43844509437491,0,0,5.141282529764167
4,72.32260412457525,non,29.34536735567148,0,0,5.003652591560606,70.05981382512545,138.51894781538334,0,0,3.8326918875724307
5,38.49760571141374,current,31.26959455636566,0,0,4.818122367144777,81.27697608020351,130.9908881885487,0,0,3.748897402380858
1,53.378826629369655,non,18.010115594061425,0,0,4.48616183943878,80.5342883719142,119.81603166400878,0,0,3.82277500507046
2,51.132286894651294,non,16.665071430961632,0,0,5.099339344079872,82.4252279873061,113.40513863076133,0,0,4.027306238339609
5,65.35471881620958,non,32.15814122574794,0,0,5.165480837096336,91.2797480527323,159.9912806474507,0,0,3.4981546947729054
5,30.025111254099265,non,35.04259420256122,0,0,4.7800997722543626,91.82964774569095,131.4146755917901,0,0,5.259633458326079
4,81.64019192765974,non,26.43882146723549,0,0,4.669001698514658,85.42279309290126,127.33869245826756,0,0,4.902852926348172
4,68.48338917047596,non,27.25483097616846,1,0,6.214211861021513,85.24896934066086,144.07027579507027,0,1,3.948743988432464
1,70.46740090470196,current,25.31174410590328,0,0,3.177516005534212,77.3472861427325,107.76759150259866,0,0,5.9562775365278995
1,68.66439215678145,ex,26.308219802018044,0,0,3.431865547469375,86.30797040383364,122.24716755740162,0,0,4.522859556631113
4,78.03199191273929,non,32.339313019199864,1,0,7.722384237460159,73.14878529304696,130.7907250925416,0,0,4.7924239873254235
4,56.66027884417363,non,38.34762414891637,0,0,5.459810055126268,91.49953004998481,157.0723513714517,0,0,4.548746851302919
3,36.49172787874895,non,26.345653636033838,0,0,4.674635427132365,84.66306089656332,128.9387761331408,0,0,5.616506072109941
1,49.70872266897521,non,30.381142406806017,0,0,4.790981354891309,89.85818957872979,146.98684819353286,0,0,3.740046078950792
5,61.109869659094144,non,34.84051911800943,0,0,4.834799808690965,87.09015545115341,140.88650578784384,0,0,3.685788703478819
2,61.06872369189354,non,28.882232108167983,0,0,3.598017783014795,82.08741914232209,114.76453894959543,0,0,4.038533854970581
4,37.349547892030046,ex,19.88639044809546,0,0,4.41575022639359,101.31923039599388,114.25096801528505,0,0,3.5669624955103365
2,55.748666031914595,non,30.230913874579862,0,0,4.123112742483271,80.80928775101401,120.53577464584882,0,0,4.801461734775952
1,48.36543600117456,non,34.7600402568898,1,0,6.485727602508133,87.18611586149426,131.05123963739206,0,0,4.420888729222522
1,37.24386095890634,non,33.177598030412696,0,0,3.698621251665672,84.13997066246259,129.6725171706931,0,0,4.434289960351938
3,50.39632788175727,non,22.40472840355904,0,0,3.8159479178044604,83.876691003933,120.42591177695147,0,0,4.986355528282408
2,58.92272849658395,ex,32.513752522310156,0,0,5.170092734068323,85.9610016461584,129.1079446182817,0,0,5.940691499091109
3,83.58586882293423,non,28.526117710666846,0,1,4.635441550563976,66.25302578124739,144.2070810394968,0,1,3.5815648877629274
2,56.37981183392588,non,34.81655339227012,0,0,5.750090599176232,91.69796937880243,117.30955558732606,0,0,4.142120144536642
1,72.00526593955126,non,28.681413290786615,0,0,5.168459048450454,73.74197578590571,139.54656832666714,0,0,3.703637367473873
2,32.66018863654259,non,32.79046682248835,0,0,4.223051428604849,87.40627518685503,111.04436948337131,0,0,3.97990319058208
4,60.141776579913746,non,26.922260002111273,0,0,5.656595086029446,90.74563175103589,119.09317318307735,0,0,5.418318705088261
2,63.58209282576878,non,36.96806156993345,0,0,5.213561063241881,84.20570658719186,128.914140284428,0,0,3.5123320599266585
3,28.57096389096814,ex,31.146604507334395,0,0,4.182893454099791,92.93696943565455,117.44118853292993,0,0,4.384483401878048
5,34.704452619903215,non,22.650305945253177,0,0,5.218242073254161,88.63901376277795,79.42249947503082,0,0,5.3225244307482455
4,69.69106973795172,ex,34.34204336858953,0,0,4.419974458902569,78.22447636983985,141.4539835910143,0,1,3.1526471627267165
4,76.82879577776993,non,19.529304014232075,0,0,4.211325991780615,82.64165129346881,107.09647658275473,0,0,3.88138278214762
3,57.68588631743485,non,29.542929204766654,0,0,5.078904763755082,90.88839915761551,123.46698300146565,0,0,4.341276569049731
2,81.67336924344082,current,31.95159415750162,0,0,5.449895620755179,77.19151801532351,150.1568865872075,0,0,3.735573054565782
3,26.644845107224047,non,31.20016125224798,0,0,4.516124910268756,92.74450257033469,110.34563258185062,0,0,5.1631376132020605
4,71.9760277173807,current,30.462532924419392,0,0,5.7018209234454265,81.37509914347953,128.73872928261034,0,0,3.967534070609182
3,39.618200272853514,non,21.605397606694414,0,0,4.144761036334977,95.6936865943671,99.44581505423086,0,0,5.099541298344264
4,76.82935630912189,non,28.323244781470397,0,0,4.673704429194799,80.4676659117267,135.42615482926234,0,0,5.887993126791985
2,74.57780314984473,non,23.446094681675724,0,0,4.439695266243493,81.31246222463443,134.67887180427766,0,0,4.846988807342099
4,55.21737025565955,ex,27.63819487068781,0,0,5.751197060456746,82.17614250122489,133.85186366964726,0,0,3.7362434180594257
1,74.3490922147454,non,19.316170647474674,0,0,4.739018850038319,88.54601389163908,137.34865506578893,0,0,4.710921492105724
3,29.12980314085391,non,29.47065193766351,0,0,5.490917115910985,90.35511648617107,86.5806023052652,0,0,4.1017480955617565
4,65.25393194573059,non,27.573636144369637,0,0,4.9814682401425205,91.01704406265145,127.83631429874019,0,0,3.8054591823099546
2,62.68432606234087,non,25.950656896501282,0,0,4.164077068533847,85.67794583077493,109.48399673927983,0,1,3.007589069256707
4,73.89337928364141,non,20.350079905810507,1,0,7.065225828771475,80.98945674304474,151.24228542146187,0,0,5.816913995137397
5,68.04332462830078,non,34.52351080114947,0,0,5.174851664929581,80.79425591719436,122.41148218407297,0,1,0.03504185934759729
2,41.500776324731746,non,33.192862195106834,0,0,4.684237263242461,95.6048229552257,117.6699122373312,0,0,4.241496246769652
3,50.99620823311523,ex,29.3166059316585,0,0,6.131415945300235,81.28707226350782,128.1491402870117,0,0,3.434030794694213
2,39.30461846975143,non,26.50885789035734,0,0,4.292139001732062,82.3215264175369,124.90526737165108,0,0,5.703240073678844
2,70.03963757597137,non,29.986054801322556,0,0,4.386172951777625,87.79388119245299,120.96617082913701,0,0,4.511123928115463
2,52.1677069642509,non,28.407846966255946,0,0,4.398711153052966,86.2970317017497,107.97837399591684,0,0,4.531893351956092
1,43.39840324802692,non,28.921270142672054,0,0,4.081470814599379,87.47619122447256,119.26944719584365,0,0,3.6439880930458326
2,75.95718951788236,non,26.01449072546579,1,0,6.0483075549090515,78.61259292075458,116.81747971293088,0,0,3.880003906274457
5,76.56740794032837,non,37.1062039427006,0,0,4.7866203595274515,77.9479173806183,156.3741117747326,0,0,5.150566415667519
1,27.72306702128902,non,31.567821617027626,0,0,4.982513421644887,88.14476681986946,116.65409037652907,0,0,5.941968724839482
4,82.31327200652282,non,26.965179983823713,1,0,5.80744752087489,81.56707850994329,135.35107306811665,0,1,0.9442796897362713
1,41.66900059526327,non,36.39387255387469,0,0,4.859774667037214,89.60724228653565,130.35082871551043,0,1,2.642021862882359
5,44.49582648784862,ex,31.540226623272357,0,0,5.6340887086466305,89.74733373538973,134.87827483489335,0,0,5.155461231576551
5,30.242770393322264,non,27.948247252706853,0,0,4.970600536364513,91.6089458310619,93.70975030262352,0,0,4.034494427661487
3,37.688816800000986,non,36.90611781044289,0,0,4.955002406714091,89.83772033418312,131.58882718267367,0,0,5.44066362927596
2,33.51233735026757,non,24.827472871634946,0,0,5.07818215750832,90.73652973123866,103.55880551665328,0,0,4.575706244338258
4,36.87588169195611,ex,35.9852029115071,0,0,5.305902838657245,86.91257826565817,122.8957668641042,0,0,4.443961210788242
5,38.082440352412874,non,26.621909019477982,0,0,4.082265308852292,88.31695196036726,125.77766021227677,0,0,4.1950374562266255
5,80.38589078718705,non,34.55545922967541,1,0,6.848461833734482,78.96803547050274,153.2962734471597,0,0,5.338881065241337
4,60.760565854947544,ex,24.85010083950609,0,0,4.124949136981949,83.81242587595904,113.36944092262516,0,1,5.5220121232873645
2,53.63560698726732,ex,30.450728053736608,0,0,4.690891605860036,91.45181464757017,137.28497913201699,0,0,3.5963396078667107
2,52.45939211635931,ex,21.756017883336238,0,0,5.371663595096687,91.92808286201934,110.99423728054319,0,0,5.952304460003802
2,82.90163971897908,ex,30.128887570150784,0,0,5.037097800886644,78.87859646860849,140.08427650965018,0,0,4.556044448103936
2,29.476097560381913,non,31.740987272624768,0,0,4.199675265530478,94.56423534098217,115.48291049450292,0,1,5.551723575910229
5,45.49960824648416,non,35.87818014702171,0,0,4.1818165751916805,80.25559673912555,136.71247251342433,0,0,4.462884471778589
5,50.68919816484504,current,30.023868757882994,0,0,5.261461972181852,82.69709876314214,133.49084901596913,0,0,4.800213440961018
3,40.83570171711723,non,37.14219623712833,1,1,6.997118530907284,70.62755438876836,118.0263977216107,0,1,1.3980503122560946
3,45.774862422347525,current,37.398181910195326,1,0,6.334488454682099,90.86048749140468,145.03917189793862,0,1,3.8021332733388262
1,62.96798385791906,non,24.15460154063375,0,0,5.950552143582308,84.3107629891946,121.71535650962414,0,0,3.6133296581449046
3,64.70960145637682,ex,31.09106301323392,0,0,4.715280603499249,88.50304957313791,127.98108877215097,0,0,5.6322167550268
2,55.303384516417346,ex,27.839262598524964,0,0,4.860858598912167,85.65806523595725,131.68566505359667,0,0,5.52512691560378
1,84.03154630077904,non,33.52594823691391,1,0,5.708939960050147,73.1593029155173,162.26310641125983,0,1,0.5394845081692485
3,67.1468018703265,ex,25.759537326905278,1,0,6.059168562000596,81.13072549816216,120.13964096434047,0,0,3.7494711544891612
4,82.63925173096973,non,27.7026865670182,0,0,5.819761369053387,82.67163499181216,127.60706090935065,0,0,3.610658294934341
1,38.922136370282814,non,31.69865603693959,0,0,5.742617669388888,93.72619016371955,113.11860450561863,0,0,3.86970840585157
5,78.77308593668906,non,29.50233482353901,0,0,3.3544708910418906,86.23109782973202,117.4435185161557,0,0,4.981261633964857
2,50.53163354586196,non,24.662412349812577,0,0,5.277552221319692,87.10901640842194,114.6179377539202,0,0,5.335213430362049
2,66.10416974234317,current,36.99862144371774,0,0,4.939433200198867,79.24444520182415,138.03786805834432,0,1,4.604812169036928
5,44.878080151148296,non,26.47069697788563,0,0,4.098091714624147,85.95841762062837,87.28436302180006,1,0,5.522434106250373
1,69.47648889836887,non,33.22255777158931,0,0,5.0390971934632045,84.58264422572888,137.48357989467772,0,0,5.788537043174227
4,81.07624093168349,non,34.22225398446867,0,0,5.482240092033817,69.71388294050706,158.82428475831915,0,0,3.752488469391883
4,35.51061877276986,non,39.88802889596512,1,0,5.978296496908376,88.6996671152755,145.8584328982911,0,0,3.7215392563485055
4,43.469832081754184,non,29.7463539766242,0,0,4.471164491265494,85.13730207149648,137.83582008553861,0,0,5.158562910509299
5,25.17117129453906,ex,20.781031093710137,0,0,5.643831628551487,89.3803000094805,132.8867114525573,0,0,4.152479382571778
3,77.71201181800157,current,35.027699906477295,1,0,7.292897125810683,76.2272228382469,136.0202620514145,0,1,2.9502141572065614
3,40.298402906542066,current,32.81134932922787,0,0,4.5886120920699645,78.14968427751931,131.9010552646249,0,0,3.424769808906955
5,58.087575863282176,current,19.94008585637153,0,0,5.780001430937108,87.71133999990901,105.86030118418783,0,0,5.288535130469825
1,61.6179814630862,non,23.5610529464831,0,0,5.305980742532528,78.06798040448828,145.0956952688327,0,0,3.636012929143683
3,62.40177967545797,current,38.973320837436276,0,0,4.876461818735586,89.40532106894297,141.46450202339415,0,0,3.468193495879286
3,45.880023134812504,non,31.871684608424726,0,0,4.441701610035291,88.53096408800734,143.08276656160012,0,1,0.9600045366601532
2,47.3394687154196,non,26.800523790550386,0,0,4.532720994141656,89.75903039502298,108.28587684947713,0,0,3.759035076656156
2,73.63161121405115,non,28.208071161750958,0,0,4.300792525464752,85.23675059521211,127.46144089888114,0,0,4.6465501108005745
3,26.402814994609184,ex,19.36327847123239,0,0,4.965577502933104,91.89076340790005,104.42573896099245,0,0,5.2816766167003335
3,58.54054347336001,non,28.589503823856816,0,0,5.916242225352068,79.36150268005836,132.543629388902,0,0,5.080429695825201
5,63.59071968692888,non,27.714639942461908,0,0,6.2211948313117755,80.24807285719034,137.90639593447204,0,0,3.79082686304753
3,58.78107972190685,non,27.12719148568557,0,0,4.950319018328199,85.61568441625508,138.9049882422916,0,0,3.573020702860156
5,34.80669624467707,non,28.61866317843535,0,0,4.669494819604951,90.99133377594565,118.03637616400884,0,0,5.089703189925077
3,80.82028690900144,non,22.43766457163038,0,0,4.276130633423492,72.55785762702712,124.47979173057128,0,1,4.217976219603805
4,77.93299068883809,ex,22.767108088244886,0,0,4.609383320001566,79.67149168288049,142.38334547856607,0,0,3.8619771892346173
4,78.0280337456123,non,34.92397859473856,0,1,5.339959438372778,62.355410429362,124.36464193044361,0,0,4.107562017587234
2,53.084771949223025,ex,26.53978830413948,0,0,4.591760415611491,84.24830541192252,102.0877074215388,0,0,4.677088868258684
5,76.14712194726434,non,28.078805421473547,0,0,5.576833923042274,77.84487280841631,133.59785156138315,0,0,4.518649638475943
1,49.65375995946009,non,29.375083391024074,0,0,6.0059749530810285,85.62550191794406,128.93239699994504,0,0,5.845281348194391
3,66.13054550777136,non,20.06838436894469,0,1,5.716021714955127,59.33925651888278,122.40739970860022,0,0,4.1397619199798195
4,32.28112366888569,non,28.317579042899602,0,0,5.206550230343363,91.73157111048151,130.0115369997344,0,0,3.728215106166471
5,38.909638810198125,non,22.74789010259626,0,0,3.9277923044758247,81.95351650631962,114.93136589119112,0,1,3.1650251797486497
2,74.0730244857623,ex,33.52504934156323,0,0,4.840208667922136,83.07987732200316,132.69588777843614,0,0,5.590900297975056
5,59.85827160044152,non,23.84547954175865,0,0,3.9418592413828635,84.53086309982146,113.43340461681774,0,0,4.876765019195332
2,71.24690400250432,non,21.268111147969456,0,0,4.628453452586112,85.19266711811372,108.30333897346907,0,0,5.746767812456369
4,34.45088428867137,non,23.30578247913051,0,0,4.560424274848069,91.02135620467406,116.86608736346315,0,0,5.791853021424215
2,43.03992572850148,current,31.490350701226554,0,0,5.507254021163856,93.5333509348666,144.3493106350696,0,0,3.913805103706932
4,62.06665629370379,current,31.164293315875,0,0,4.417128621251817,77.84687711193963,110.97091868112959,0,0,5.132452912557453
4,27.007079902279045,non,30.540884010701664,0,0,4.492845186310157,87.48953916521718,142.20559605485784,0,0,4.9965245166490755
1,66.79522157124612,non,34.16839741714165,0,0,5.338200675038975,86.43184673682654,140.68015509848811,0,0,3.975344912003397
5,27.05869993834158,current,37.01452034742752,0,0,4.346716519550272,96.24706182586088,130.26100721725226,0,0,4.1736280753107105
4,82.71527090780864,non,29.99147828727286,0,1,3.9426863289522043,57.298097143702236,134.06432689855149,0,0,6.241700042509747
3,82.95279536487362,ex,30.58754466527635,0,0,5.318337018964784,74.31039411358577,131.01154019571538,0,0,4.104479743980248
5,57.31028612929226,ex,31.86632132803169,0,0,4.658421867591439,82.68968714914882,130.70499875247202,0,0,3.881982615979457
1,63.929320827034466,non,28.01141690340661,0,0,5.362688740017735,81.61311227912691,142.0793023933508,1,1,2.9400338902433365
1,58.613766512256106,non,34.8115819423778,1,1,6.591568026445209,63.48280282988801,135.35730693931845,0,0,5.512005332960303
2,84.25261873916894,current,31.522515314376875,0,0,4.325333262430677,84.13770309781655,146.88660225729748,0,0,5.654072359420788
5,39.695998338415315,non,34.51975094241525,0,0,5.599205526544685,97.24479110448884,137.96641079402383,0,0,4.2713230888616796
3,58.72938712369197,non,35.13614837813331,1,0,5.818444473851215,91.54338775801332,140.41697597115842,0,0,4.590177284736001
3,79.92325254404454,current,30.411461206624516,0,0,4.136054275734851,80.09782093073204,139.07468073277627,0,0,5.692554803282027
3,45.74405138381533,non,25.247655306774316,0,0,5.10736673164661,95.82792774048404,130.3029238635556,0,0,3.8780177853098357
1,50.25975554544117,non,31.58190985635869,0,0,4.8649199416518805,85.98379260268923,137.1344752078341,0,0,4.167117170473602
5,71.8036649717702,non,37.492483049261324,1,0,6.81679419809754,79.42382614394674,150.85962490171536,0,0,3.4941078981274343
3,40.49169927854589,non,27.60255895636993,0,0,5.215318617092971,85.95897207964623,106.78798832937969,0,0,6.1750221896769455
1,53.900028156273976,non,26.036907887873674,0,0,3.971804216539805,82.26321117618936,124.1269620303869,0,0,4.379068672003782
3,56.99258874709217,ex,39.17871327584511,0,0,4.862414118882412,80.70371500099418,126.53935382610841,0,0,5.868530935827938
5,57.04681290571785,non,32.04832995075576,0,0,4.852439641610982,81.68458279679913,127.82291146704316,0,0,4.857487664659378
3,52.944183620131156,non,28.341775996238518,0,0,4.670942142246921,86.10501218617243,118.25440765207489,0,0,3.963411170178388
5,45.50352382224101,non,34.96107156584447,0,0,4.662726261367276,84.77057273212583,141.21646914033408,0,0,5.742821531661672
5,83.08457025221773,non,21.511323466087667,0,0,5.148490260097755,89.52972885801788,123.13778949618415,0,0,5.741185145078443
3,54.600635725881546,ex,26.003887020274846,0,0,3.911686489627538,86.89941504163504,97.39412812030402,0,0,4.181000684090713
4,37.754629564179616,non,18.384554446668318,0,0,5.10875998458787,88.48840476490399,97.44582588439856,0,0,6.318655524610593
5,48.37375722046051,non,29.390746344871236,0,0,4.3487251956187984,87.57073222310864,126.92181678482115,0,0,3.942032963651222
5,69.53179111886453,ex,18.813434856025673,0,0,4.496978747612431,83.799982046085,123.91195365587208,0,0,4.12386578971911
1,35.26827300310873,non,30.947097806402965,0,0,4.96035737696812,86.91254602470859,149.3220151468089,0,0,3.932993747853728
5,56.71819820646886,non,20.149398765388653,0,0,5.087734193079085,80.87676872728545,124.41349788919108,0,0,5.497116251538925
3,40.397885756595414,non,24.164686185205397,0,0,5.084707517306295,85.16213008023912,104.0060298392149,0,0,4.55067917581522
3,38.31658639731617,non,30.133522053196604,0,0,4.463787191987874,83.63271949338315,103.63921301565223,0,0,4.1844806303338755
5,57.883255548540035,ex,31.319873585044522,0,0,5.633209288900293,78.9221845595371,120.25665187457423,0,0,5.81856491207264
3,37.5239445736129,non,35.84720602721206,0,0,4.7971048916944286,86.86930126822442,100.52883898258432,1,0,4.2178685021534275
3,76.95656762540919,non,26.075935898265755,0,0,4.737835008470999,88.77454515950696,123.97535046037551,0,0,4.3337841011331815
1,42.43669810713543,current,27.636821903626814,0,0,4.94371286766626,98.86598696786687,113.44959720131844,0,0,5.282269989256734
1,55.32058161018702,non,27.992937590810918,0,0,3.713366841973044,88.4374087937951,121.33339284664574,0,0,4.387545148671906
2,39.25280924661028,non,29.755463511186957,0,0,4.978116000978866,90.60363324142332,105.09581501833932,0,0,6.0501837110183505
2,82.7579955111537,non,27.29327520734231,0,1,4.6324526489889815,69.75867942322765,122.15069922046402,0,1,3.6654617728127126
3,57.976435959546016,non,29.781641271663517,0,0,4.919819196900634,85.95809382053609,115.70209123693768,0,0,4.085676357377085
1,78.79195092547482,non,27.048075155777667,0,0,5.028686542280172,84.90372065590573,122.69766292946963,0,0,4.071899554363624
1,43.202374963938254,non,22.70821258765203,0,0,5.0637991766494,85.42045454264188,115.03653586385053,0,0,3.876872596923261
1,30.076762947731833,current,26.105143159181583,0,0,4.148450293033159,86.42246812406886,116.66879599598859,0,0,5.891709082571037
2,43.23320728346499,non,29.76873529035961,0,0,5.3123527912150745,88.86521615768517,130.95482090403772,0,0,5.031424457943233
4,36.49713787984352,current,24.065857730611793,1,0,6.83407540486931,90.26417087814096,116.89590774694169,0,0,5.503955482681717
2,62.27748813882775,ex,26.94438148935909,0,0,4.894928193410778,81.1440514235157,108.27521227729473,1,0,5.0027839415339885
5,83.11974550533188,non,23.486191871843076,0,0,5.094656907600701,87.44753814760503,104.59814736992365,1,0,5.009150436439113
4,46.01517295986876,non,32.55902152699028,0,0,4.550447098914336,76.38870908390759,101.91651217377117,0,0,5.012411987934058
5,57.97600672159446,non,23.85377781651692,0,0,5.264450040425704,83.13403803402122,128.62024904587383,0,0,3.98116336997502
5,72.82707422740685,non,23.385501059114343,1,0,7.064041123140042,86.69873454764438,124.18070756227623,0,0,3.490993456157281
5,77.76325560208477,ex,28.83124658051115,1,0,6.143584714816111,84.94258555163402,154.2316289818681,0,1,0.283988804856885
3,84.79509414934894,non,26.46055358019086,1,0,6.71930139779413,71.46955549782582,147.4469182952501,0,0,4.949834974284975
4,46.238938624221106,non,32.950328071779225,0,0,5.041338117683981,92.5343608546846,122.4257669328742,0,0,4.605062953273075
4,82.75495039993086,non,24.280326989901223,1,0,7.464133670692627,79.3661258782751,126.84017795010567,0,1,1.865460787699704
1,34.46284620049683,non,29.93731414280226,0,0,4.011333874220398,98.21836889348366,114.47703445745591,0,0,4.045089644392189
5,60.33539060958914,current,35.46983584395846,0,0,5.207307697980074,85.29818338719807,134.07435165482846,0,0,5.481162027753017
5,62.442071964295245,ex,34.907691170831924,0,0,3.6485561374316804,76.13752555631861,122.50015597062479,0,0,6.2455321815950295
3,76.09816842088489,non,27.92137432444226,0,1,4.828456351984086,66.65022330120411,157.81381842216763,0,0,5.567549362840196
4,63.74267855061156,non,28.152542454237935,0,0,4.716249726637325,84.99015477986421,120.40156354928804,0,0,5.994885627360616
4,56.68225982558816,non,33.04395502385316,0,1,4.7586632758163825,72.19179098987814,125.51708324229514,0,0,5.506725900741822
2,80.43537139754724,non,31.262079070476474,0,0,5.155006774291324,85.68630807904803,140.92731428355924,0,0,4.607959285626881
2,38.16432862979735,non,27.649359572203878,0,0,4.845107508193349,88.22978723299615,127.8556712595245,0,0,6.049480409600857
3,26.195609014052703,non,31.952333569940187,0,0,4.044395225042203,96.37105993245179,128.963347164343,0,0,3.921002860223137
3,76.50728595972805,ex,28.596920928385195,1,0,7.250802018091245,85.66514820017915,136.88384216304374,0,1,2.8022438050195264
2,78.63782115248404,non,27.118377109866728,0,0,5.748687917147169,78.20660099968761,131.47724811673174,0,1,1.5963591529195718
1,52.752766420913844,non,29.214280176850313,0,0,6.180395953319756,83.85686473281636,94.0793351013703,0,0,3.6266444754247367
1,32.7089861108292,non,26.22499419291522,0,0,4.354598803698952,95.7452017526596,106.52363045647347,0,0,4.358276726282815
1,40.23630066066592,non,24.457222218345017,0,0,3.416151378174449,91.11120686749577,122.27734938376128,0,0,4.813340743853459
1,50.83419893096577,non,28.6471233537474,0,1,6.237779783006411,76.76795456541802,110.62934261646345,0,0,5.449284231501201
5,50.01877209596377,non,34.1119331641797,0,0,5.382745139223842,87.56022527337504,133.72088012547442,0,0,5.443075245579136
1,67.90464932580798,ex,37.504088408278065,0,0,4.445946506465192,83.7765265530957,146.32469754525704,0,0,5.484927595580432
4,51.54076415355931,non,23.212551270190183,0,0,4.598575681634795,86.95274846618112,95.55253154667764,0,0,3.570045531230688
5,40.92004977769793,current,26.87046693193475,0,0,4.365709992743954,80.91325530593716,127.82430296555329,0,0,4.817826181939401
4,81.12558631604901,ex,29.476280874569966,0,0,4.675824022889031,80.09994983931887,149.1093194276958,0,0,5.265414532523343
3,49.75469778221212,ex,26.30739195827448,0,0,5.32062674945831,85.90939663853653,105.73504236009138,0,1,5.587775061809922
2,29.555612106866004,non,25.497049606454574,0,0,4.696822075093255,88.58137910040598,120.20012724758132,0,0,5.503647236939521
5,38.648043647986235,current,25.191877698182434,0,0,5.1453951461930405,91.51360112124901,132.71931643421732,0,0,4.070113468535533
3,67.95028522541672,non,29.219701019230794,0,0,4.323181152133638,82.000871189546,145.63960133903004,0,1,3.473460245642191
2,43.78871681677309,non,30.091146817443057,1,0,7.362185991333373,96.29477421178933,126.94990369208325,0,0,5.521338359572771
1,42.01192484494162,non,33.44926246360973,1,0,6.51479674519882,97.66590335688254,131.55655890740712,0,1,3.429299256117486
5,45.92846410780916,ex,27.557704793036525,0,0,4.854403776624816,87.85987882392133,112.9837442522278,0,0,3.730728825410433
3,54.424212452170664,non,23.62644757635769,0,0,4.510941467714834,74.69279988733118,110.71132427158511,0,0,4.059296410784097
4,64.32993149797042,non,31.189724376357397,1,0,6.463160214240925,84.6798690574818,144.0510836235348,0,0,4.353329374762497
2,43.815038532964664,non,31.96503225371227,1,0,6.074405705308213,88.40462222290225,120.37293474867207,0,0,6.278460230910814
4,43.08649998028384,non,31.670699526555257,0,0,5.115046479493398,94.38122865639585,123.18112606494861,0,0,3.757221205000226
5,83.93890384341307,current,35.61889326544451,0,0,5.5182444314858445,79.11780421260511,138.31383890891428,0,1,0.49918642993184686
1,49.8649760676539,non,27.24403584880854,0,0,5.348521103696058,93.72869962111356,114.5756705330211,0,1,2.905763240770585
1,40.05154195135101,non,33.14529355610998,0,0,5.81590337177111,83.16531450101604,126.5449101831087,0,0,6.0975394652301205
2,51.872412667081235,non,26.495254913075264,0,0,4.616678378785291,89.54315842403872,126.83218083385711,0,1,1.8126869153932985
1,82.19810097808966,ex,41.642634212222355,1,1,6.503363010239884,70.20765482554035,150.19966467889566,0,1,2.4247981866194923
4,84.82205779769646,non,32.827809278350706,1,0,6.254604777926756,85.17132590307236,158.36721987583965,0,1,0.0826745954280494
1,28.768883535809987,ex,31.553144961694095,0,0,4.726815869939233,95.39034899187408,107.4029054828604,0,0,3.8771778142461164
5,74.61138817389298,non,26.77062471518995,0,0,4.216866615307103,87.37778117609697,118.66062400282671,0,0,5.738079256822607
5,70.8604737546107,non,21.61991088439897,0,0,4.806666744786888,79.99662484310909,124.00177687688276,0,0,5.123497663464138
5,43.52366288220345,non,25.432798591047263,0,0,4.762917818896768,86.43756727064309,101.67786531711985,0,0,4.804312386668512
1,44.97155773343555,non,25.56919520134813,1,0,6.426292493546362,84.47602225837316,117.68578004626917,0,0,4.739978275012602
3,82.74462176452835,ex,32.226084022428225,0,1,5.769771990674945,68.9363271237673,144.34905660340922,0,0,4.867204625357207
2,41.52819080724765,non,31.717975700181718,0,0,3.7748798660017893,92.17801635792253,135.66623713736408,0,0,3.494532772569487
5,56.70986870166821,current,26.906811890936204,0,0,4.682102582237219,79.51304356353361,124.43420255923844,0,0,3.9302775910765666
3,44.41295394372098,non,25.94819791595925,0,0,4.0259706162908575,79.13698339129672,101.91924228065345,0,0,6.25686761199664
2,77.88791665582576,non,24.834443816232206,0,0,5.028044790574044,91.66805986845038,132.49995127032292,0,0,4.831970093000475
3,62.457834026752685,non,38.38283822771676,0,0,5.153639486388914,85.39154033419952,130.12143513360584,0,0,5.5807221193197565
5,44.30164732190295,current,28.200274786346355,0,0,4.4768377919206435,87.95017226036103,118.76375228304018,0,0,4.670711701583294
3,57.93447371871339,non,24.137599370983256,1,0,5.908723477686114,84.3551026336125,159.00020412159208,0,0,5.987231501487709
4,33.01836657098651,non,25.854842723812617,0,0,4.194785688174793,92.44193580504607,122.30744127290194,0,0,4.082742859608012
3,52.70985818780633,non,26.688240320748385,0,0,4.644342233382377,89.75357034980712,115.20338096657646,0,0,4.052057888226373
3,40.34032115042436,non,28.73806738370714,0,0,5.122112112059993,92.09299599641102,106.60833258413862,0,1,0.7948697246677928
4,33.10788884907401,non,23.26612202893085,0,0,4.946474968075614,83.9047873091846,119.75341357973795,0,0,5.461296088178047
1,36.30640920255775,non,28.426646964595122,0,0,5.098447664323492,91.60176300758881,122.05522741852798,0,0,4.383100021161868
1,43.72932207626567,non,38.76015595556167,0,0,3.7476598639157217,98.40206843664998,139.5148925728053,0,0,4.023382251962804
4,30.87362829670212,non,30.60508213376887,0,0,4.831376339614605,86.88599805318422,143.56008225662285,0,0,3.9434592286688535
2,74.0596838200176,current,31.60364385979466,0,0,5.844305116199777,85.88382186974182,126.27834595985716,0,0,6.308282005408893
1,60.324352041788096,non,26.416490681013038,0,0,5.6561823339405395,82.45208708827703,143.71823641538887,0,0,5.691870333711204
2,76.50974843353634,non,32.400948726011094,0,0,5.4363898670840705,87.46541216170995,154.76356344292475,0,0,4.595492371525417
1,25.912262215909337,non,32.93575283937026,0,0,5.770976622233481,87.78882649079371,126.08643048436274,0,0,4.313498054022435
4,32.51543201122456,non,40.43986803526156,0,0,4.925761293160027,82.17966417113468,124.18925626201212,0,0,5.318351384647563
2,63.08341630447932,non,26.320957425311033,0,0,5.100901224658027,86.94343855456889,125.59417617013655,0,0,4.037520683498151
4,68.2545750307772,non,22.544018174393592,0,0,4.606886197511557,84.10072673170963,111.90182308906742,0,0,6.075732756287862
5,25.700930290408415,non,36.05663803935829,0,0,4.67246966186895,86.73686115010574,128.27456106879163,0,0,4.242180481653256
5,69.91439922643673,non,32.421225800849314,1,0,6.465315163581264,81.2904124536644,133.42702474083384,1,0,4.95686787099641
5,40.44108155781665,non,32.67982110517746,0,0,5.915174122423581,91.89717764426375,144.0778513369532,0,0,3.827592324195523
4,40.964173406989836,current,20.480652689417784,0,0,5.826015713727779,94.6086383350612,108.58327600459282,0,0,3.4288460497529054
4,41.32793700015925,ex,29.90181263209648,0,0,5.481791857104418,92.93222660924738,117.6695311719285,0,0,5.217192204934315
4,73.84643328384331,non,28.767363324048095,0,0,4.896492151384593,82.61570612099203,140.82601644950023,0,0,3.5807655235083113
5,62.747268192363016,non,31.588933319281793,0,0,5.694518167425016,83.00347588969072,127.9773837429157,0,0,3.6385145119194218
1,47.11599242231978,non,29.5549980393537,0,0,5.112684170260632,90.99313340862007,131.86602055704253,0,0,6.2951446166738725
2,79.61765127177566,non,21.2153388656669,0,0,5.591786726814361,79.69973168631014,131.37582379437382,0,0,4.189732897942928
1,44.54325628880849,ex,29.36620269601453,0,0,4.414272810443813,90.23872645837744,108.95461808377719,0,0,5.380945301497884
2,36.618919833998106,ex,26.80829096593371,0,0,5.8104181473738254,87.60040999445155,123.13348217093338,0,0,3.9045378375051767
5,35.14559665664314,non,33.04585143128553,0,0,5.465010387452519,87.2838757451614,122.89802960301863,0,0,5.569531054716266
3,84.26076032343317,ex,35.56485330656359,1,0,8.11079774069848,78.56718520951401,163.600291173474,0,1,3.490133463001216
2,51.804433678861585,non,30.17489785088667,0,0,4.096100479627832,85.66991527172732,119.59654168624259,0,0,5.0619172789854225
5,84.70802654325422,non,32.542786122983046,0,0,4.558025117941055,77.87177788200344,143.87758177865757,1,0,4.575740498130727
3,50.73688393700621,current,37.71734259115914,0,0,5.584969587555503,90.95652705689253,129.66750398922875,0,0,6.1591953064854685
4,36.41117610819275,non,21.861100768317783,0,0,4.570928005079626,91.2399292072926,116.03054307820773,0,1,2.573377807285219
2,84.22257274175887,non,24.800216460351045,0,0,5.087388958529027,69.72470834955155,126.19651113316819,0,0,5.7192722761280645
1,31.12836934750374,non,34.70359384128642,0,0,4.682354531387187,85.66565403154713,112.61521667787632,0,0,4.4983180022192135
5,82.2138624344067,non,18.697407784726785,0,0,5.796678402724753,82.62420689336491,116.04989998799724,0,0,5.686059341361437
1,61.66984738519133,non,17.32458415390632,0,0,5.023712344567766,82.17405602197938,139.42404577631098,0,0,4.062432699742203
3,53.36903724066178,non,34.343821851897495,0,0,4.853993589450585,81.00903844648143,142.18593712196414,0,1,0.09176712390406838
4,71.67870072744782,ex,21.243787839144474,0,0,4.51121717904776,87.19618732754316,125.82103496092036,0,0,4.15057128372745
2,63.3949253051371,non,35.78862215276522,0,0,4.634683804954108,83.4779362257968,133.19144343240885,0,0,5.879789606182614
4,26.598402550840884,non,29.787329324388306,0,0,4.791982735423302,101.96115411536134,108.8235534803144,0,0,6.395771365898002
5,33.814242788960726,non,26.85447996658338,0,0,5.320458421852489,94.3103207366362,99.62595478848024,0,0,4.548890992977592
4,79.2101055581763,ex,25.6516214480042,0,0,4.132225026263009,88.12968296118301,126.22595411240738,0,0,5.999773375298618
3,43.59272506143031,current,32.2615132393172,0,0,3.5033744574692527,93.83339442119377,111.57636031997754,0,0,5.395230514008016
2,73.63810312624801,non,36.40756590614753,0,0,4.78219288500623,81.84805269019999,128.73729230606565,0,0,4.107472469702001
5,63.41855804548159,non,23.02426848981372,1,0,6.264821478311868,87.68379187223778,95.58607281567839,0,0,4.284889362390297
4,32.7753784509565,non,29.94113266861316,0,0,3.7976849664402987,88.07046849552005,129.79508838712098,0,0,5.190740333835217
5,58.25313783918741,non,27.44488968221799,0,0,4.410389498783257,83.46333268164682,127.72062210519269,0,0,4.827620607507518
1,60.82167714262096,ex,24.7284996840783,1,0,6.101188772515306,83.96050830094815,152.94097286230345,0,0,5.9479526059039385
2,65.00569768547629,non,33.23048132000074,0,0,5.220602987140188,81.58018765455785,153.2763051224067,0,0,4.396747924871014
3,81.72616013304003,non,35.929010348824356,0,0,4.483827411782625,85.12524858145439,152.01474443892985,0,0,5.5562851522075585
3,77.78466545861069,current,27.641875157672413,0,0,4.576494012113681,85.4143368719502,147.38682654633322,0,1,4.064409308664517
3,35.64441114798759,non,25.747747202384126,0,0,4.3072788161189255,86.91169393838254,124.18969565671259,0,0,3.713529641194054
5,60.61144753546791,non,31.634652739100645,0,0,5.265247576545562,90.84725507284337,127.64394329696749,0,0,4.545496446283012
3,43.676235664270635,ex,26.660320265663408,0,0,5.1530724521317035,94.4418007209385,116.32848530431191,0,0,4.269877714948639
4,43.01828111185162,non,27.001908361724716,0,0,5.331868604021953,93.54684543437307,130.6701782820062,1,0,5.08154682361971
3,71.00510595756411,ex,27.944919160788274,0,0,4.75584948459224,86.48773577088322,148.25065608907386,0,1,0.7054700115447675
1,36.363219790825546,non,26.94216673832194,0,0,6.020143187247987,93.2188881605473,114.47298038176032,0,0,4.79548524351703
2,28.00193319128016,non,40.08453932577961,0,0,3.5960079405758574,93.8853389321778,126.43703757425301,0,0,5.054765447779524
4,33.6644489246594,non,20.023188861901623,0,0,4.8809679672483846,97.24302913327901,102.83661909991197,0,0,3.513717327524832
1,60.36041525226087,non,30.097263318994496,1,0,6.759241110149882,79.74775588633926,119.08033538697245,0,0,5.775494675778962
4,56.69907777967827,non,33.94358118752357,0,0,4.983556884645957,78.81462787099147,135.59086922394144,0,0,4.0013161346872455
3,84.74478815772406,non,35.78315381754996,1,0,7.792414244921907,76.37445862244113,141.64903503047825,0,0,5.9529244524819855
2,78.29004505415736,ex,20.081236631190713,0,0,5.292234196688668,86.71193462197324,114.90112597289207,0,0,4.953552014823858
5,81.31637128510474,non,28.500941607174077,0,0,4.129592328784026,82.73029226504104,128.66461739798274,1,0,6.207868432181279
3,76.30201388021675,current,26.930502342645195,0,0,4.649820985651837,82.78842920639666,140.24833502144108,0,0,6.357099317443305
4,67.50539608378608,ex,34.14025894383556,0,0,5.858382024635233,82.94326354117713,144.53973476734166,0,1,1.9059237417922792
5,71.35548272182538,ex,39.13334410785241,0,0,2.928958753916833,78.91597576685405,145.50882226613575,0,0,5.1501625238923925
3,29.38105771757992,non,25.661536815181126,0,0,5.418070385589614,92.59266544492895,125.67250167570752,0,0,3.896643669030619
2,76.92022514560446,non,36.148654990482754,0,0,5.105927996098813,90.16938501307453,136.6878009778558,0,1,5.665790993728337
1,26.530575072328315,non,27.50999728051718,0,1,5.794053659197043,67.95575690723972,110.0452915443964,0,0,3.8356117359987274
2,32.96704114522407,non,20.59787000307123,0,0,4.275835270087102,86.71188152264584,97.65709896813831,0,0,3.982297014108386
1,71.87667768549659,non,31.675464009877512,1,0,7.866821922765228,80.36604482091343,133.30412620716078,0,1,3.6349899124294396
5,36.53977138370024,non,24.879291122064906,0,0,5.420930532399431,87.30670254836124,116.17925211653457,0,0,4.7126783959276946
1,53.568741878869815,ex,31.01089398286043,0,0,5.034774953527263,75.43187505869986,123.04136375916978,0,0,5.040923374414165
2,43.93102127424527,non,30.513073846424348,0,0,5.0208848313586465,94.51346723509943,128.5123715664401,0,0,5.2513889574747035
2,67.10654338005403,non,27.645555123370496,0,0,4.790874179259627,78.01133088993528,129.1916652519835,0,0,4.963720408629618
3,39.76927904212431,non,22.400943051119555,0,1,5.1706905327224675,66.78226781579075,97.239598790327,0,0,6.020681858773944
4,68.10848454045882,non,28.313678234021218,0,0,3.8820696252923534,84.1589194432267,124.32895148363346,0,0,3.436941984899821
1,53.62981523307382,non,35.04434337423937,1,0,6.539749549850622,89.86240804002342,163.88469241226414,0,0,3.9967404203647883
4,65.27679446814622,current,30.335196806065195,1,0,5.991690613104575,72.68554585861405,154.74068536954334,0,1,1.3603072867253942
3,35.53746649620852,ex,27.948417046016008,0,0,4.652098960775179,88.02982143955107,87.01355233302074,0,0,4.632093868461135
2,59.91639017902308,non,33.01339515324374,0,0,4.918795756000115,85.70137204254512,131.70605615298936,0,1,0.5285406589203213
1,45.91916883399184,ex,30.645249368932554,0,0,6.5116745042442465,88.82189499739656,114.73377220431047,0,0,5.630564160765268
1,64.11753558377767,non,31.696902794431125,0,0,4.402490820001176,90.20498238255135,126.30469575997743,0,0,6.121120885908326
4,28.51280395999862,ex,31.569315813707597,0,1,5.02051987395549,66.76643147898804,121.14951480391036,0,0,5.172795615808767
2,29.72228401893954,non,28.328491671950783,0,0,4.882447590355524,81.83977336591907,120.64918402478095,0,0,4.535654228440874
4,42.1755724777985,non,27.337274521395095,0,0,4.371555965654015,89.11963824104967,113.98305557180281,0,0,4.621757033390954
1,54.939100489025876,ex,28.554173870822602,0,0,5.54913950573423,87.31626361602353,97.78861974247994,1,0,4.547420851373815
3,78.01011275944737,current,34.03340330514793,0,0,3.4267582633403464,84.0143245693819,149.4840466581289,0,0,4.152608615107392
2,64.87351135456633,non,29.827248177338415,0,0,4.815832571579455,82.11783521106345,126.31374271123053,0,0,3.910646916216175
3,50.439210023320044,non,33.99668002976131,0,0,4.836518860027629,82.61520859231834,128.55161040404582,0,0,6.292211378591851
2,49.21207863400657,non,36.991771417089694,0,0,4.368102864113539,86.1377661080469,144.8717398893759,0,1,2.621527824211524
1,75.78834935388419,non,31.05904746056858,0,0,5.174051089207989,81.76174931940105,136.4035212921527,0,1,2.7232083651382313
1,46.18836189238483,non,31.060253980528756,0,0,4.283396810404341,84.1169530372633,94.24740247040447,0,0,5.933098719069681
5,49.0125165075063,non,22.347920461787744,0,0,5.035623940293121,83.53776863663393,112.81964359341757,0,0,4.89307040979165
1,29.196539501335277,non,32.489049672545534,0,0,6.321869198242633,94.77109054796169,119.52503963631135,0,0,4.518549001065566
5,27.397365375622986,current,31.39017244352679,0,0,5.394223788418766,86.24096874359384,133.46297030154503,0,0,6.251852623384174
5,79.23210539951988,non,24.45544682455689,1,0,5.51731098768569,84.6399299172498,147.33088850326848,0,0,4.234739088999495
5,62.97250544048714,non,28.16344548511394,0,0,4.047228634100692,83.1600742375351,123.37627138332874,0,1,2.363439660054719
1,64.0967292791648,non,25.684825262420585,0,0,5.022122680425613,81.34460384583898,121.49777185369356,0,0,4.759025138140713
4,29.9360236854494,current,30.106884319951345,0,0,4.241350421866333,83.203911474762,114.87706403657039,0,0,4.744001575322085
4,78.31669715905737,ex,30.90199437681369,0,0,5.868793887716942,86.83949413836456,129.13150951978662,0,0,5.491266023467106
4,44.341885950989045,non,25.0405018709695,0,0,5.392616519640882,93.20138114961566,118.25629017844496,0,0,3.639407944033595
4,53.79182196887371,non,28.62633021754141,1,0,7.467626207516334,80.17190344309795,153.29326286356792,0,1,0.22690049092944456
4,34.00681116413309,non,34.52860709826595,0,0,5.158996980449537,92.0580804730574,109.18670426612634,0,0,5.947536540483458
2,72.45640822397004,non,28.151004535195607,0,0,4.765038346895497,77.10922432049774,127.57081249045923,0,0,6.126939859975248
5,65.92135466542112,current,28.38912209705409,0,0,4.138755536388943,86.0969958731729,131.88854869767115,0,1,2.389172606466699
2,74.65492086887446,non,26.617442273285757,0,0,4.616995226885539,88.40263560497453,123.06960869281318,0,0,5.377093272227544
1,77.99676501302386,non,29.072115050838384,1,0,7.925678257213754,82.18571742096036,154.38764674447987,0,0,3.4541816987528997
2,56.282114402330606,ex,27.27209537780064,0,0,5.024466400063789,89.59035607000557,109.25900983825252,0,0,4.302183032146031
3,51.30748433199652,non,22.78583028629245,0,0,4.923509577926645,88.54007104601865,124.90414267311805,0,0,6.024199219016847
4,74.73348687468922,non,28.142873268393615,0,0,4.304457390306582,98.41392579657011,133.91259604490457,1,1,2.9223817258388776
3,35.61295148785069,non,25.816180769526458,0,0,5.091893465040759,97.4991714662114,104.25252401729422,0,0,5.414398285013126
2,67.8483977147157,ex,26.712125606019878,1,1,6.068200528210206,64.96695359586884,164.07071737634234,0,1,3.685484394506974
4,45.821777319008476,non,24.42820922508576,0,0,4.691434681646382,87.86624567179841,108.22785584573472,0,0,4.42531638950384
5,28.019376122087515,ex,26.14805881549429,0,0,4.609189579171137,79.82948852206596,114.33375145752602,0,0,3.996024492354598
2,76.8828845995836,non,35.86423148698114,0,0,4.967691621132919,77.58553743062167,146.5160834209299,0,0,3.697647817582722
2,25.14817785654879,non,29.565948222259298,0,0,5.1246691372205415,85.35790504291093,120.03789809863295,0,0,5.084595655893594
4,73.67089180308648,ex,24.583555102745052,1,0,6.74295906949528,83.10349135917592,143.13129252483847,0,1,1.446661694105882
5,67.36276803345028,ex,32.252291327046144,0,0,4.565442253578635,87.63318445926558,141.1560914945933,0,1,4.525181949625148
1,41.417003663402554,ex,23.158448400465083,0,0,4.042554465635721,95.12805568265951,101.24824172942712,0,1,2.381762759959664
3,38.09352624942498,current,28.09513081665418,0,0,4.19985147268088,89.34325679534129,115.02708855476826,0,0,3.8886652897030443
5,75.20301068446074,non,30.34483380890306,0,0,5.065610417431801,78.60282462094774,139.44503894594527,0,1,4.047201064642891
2,44.72026489232612,non,30.560061279905426,0,0,4.596418462089643,91.30357279701333,115.42732843452178,0,0,3.6631305454827623
1,52.512374716696016,non,26.398030914764366,0,0,5.691768203939232,92.46347453355284,131.45303843042066,0,0,4.905414309657823
4,60.52410214020312,ex,36.036386179901726,0,0,5.1638360154098475,82.37973656520374,127.23967258170212,0,0,4.3217182190921655
3,37.15478708061931,ex,34.98506818349819,0,0,4.861350118109223,83.41382204852145,137.43627624425793,0,0,3.661127778093363
2,32.797486816178186,ex,34.96374570984441,0,0,5.6913991305508,85.50675078392011,119.65872465099787,0,0,4.512337279896506
4,40.226426593250665,non,20.65131503669645,0,0,4.0552475307502,97.88192168708262,125.33773957791556,0,0,6.154591798118566
2,32.59450805695231,current,26.051766368268126,0,0,4.809074649952293,87.13508630913616,101.37225291872245,0,0,5.906161367273135
1,30.03645863783059,non,18.036425462267253,0,0,4.906581139581038,87.23050732171491,109.33618114880548,0,0,3.811955741992247
1,80.9677641202909,ex,35.37840006860756,0,0,4.23395903868167,88.44051559682208,151.39311716720022,0,0,5.104976919606816
1,83.37938456172834,ex,28.99750314331434,0,0,3.5651214315384467,85.7829177215818,125.37081246339807,0,0,5.099482001902186
4,44.80249112274926,non,32.60695144113445,0,0,4.262901761695874,84.75810071347686,125.35758619473488,0,0,4.120208055523559
2,44.74985887470853,non,32.8192186354267,1,0,6.111768796979505,93.61864899684652,128.95922566949676,0,0,5.38366392917494
4,25.81874737032068,ex,30.362047875135268,0,0,4.736385662842392,92.80031308773124,111.71358469289024,0,0,3.7881424962630788
5,69.24026014633,non,29.566140107598088,0,0,4.699973184485741,78.3134261446843,123.4667338478935,0,1,0.03109251609211176
2,70.93448764815655,non,27.907016965621516,1,1,7.220254593867571,76.66174793164566,116.08591920636263,0,0,4.208338744189706
5,26.91031837798168,current,26.435290397567165,0,0,4.829906479257823,89.69270757946876,128.38398075509122,0,0,4.883636761784084
5,41.59435052644915,non,27.247034445354807,0,0,5.306553392800668,87.70305956729422,124.74872595795358,0,0,5.571892090869165
2,69.97501476843158,current,21.62814170199166,0,0,4.455758512845756,84.93180496233452,115.31573414244718,1,0,6.356521646779848
4,26.571054306762733,non,28.66563698119445,0,0,5.288598602109485,94.27749704217034,130.12753256115667,0,0,5.983411998850061
2,66.03233767340757,current,34.545631385862855,0,0,5.328906493906208,76.68307843996898,153.9524571609577,0,1,2.3926939757924823
3,79.2168332428343,non,28.185708311992123,1,0,6.151827760699068,76.00785399067,138.95627995316642,1,1,0.635615296382014
2,70.22740221974661,non,22.203040033308195,0,0,5.211258014743965,83.0263890447172,150.12588778998705,0,0,5.0360919917290685
2,35.150949691385435,non,30.358074765010972,0,0,5.3349392614237265,93.96635225912841,136.1928783557624,0,0,5.610238859662861
5,57.129409184203155,non,27.37046643426058,1,0,6.5828437131947934,94.600191045277,135.17759730311818,0,1,3.3197050550527405
1,60.83261176510172,non,31.385810055536957,0,0,4.7783517278831384,94.31058867734359,132.92378422903187,0,0,4.2920991526861005
4,66.38281964752004,non,21.613407526512255,0,0,4.310417787543887,87.37490774904907,124.75019935776366,1,0,5.032504687627647
2,31.528661548235235,non,28.242323252575012,0,0,4.93164786215276,80.60318225981112,124.25432097922113,0,0,5.349580577814127
4,43.23012666230298,non,21.746431447375485,0,0,4.753507194953147,98.390499517149,118.16961059291839,0,0,3.764217613970427
4,69.91214290296477,ex,25.066686555119738,0,0,5.042676485725775,84.9994258604451,121.5935547426315,0,0,3.579572053612732
4,66.11260261245675,non,24.37136810116103,0,0,6.298451914082255,81.9939129227741,137.44548572218798,0,0,3.4525082056841745
5,44.86677128046415,non,28.89505367232913,0,0,4.527426902118097,81.82139208078247,102.88990774547267,0,0,3.7154326925674575
2,63.253266785479,non,18.65100390938289,0,0,3.0372549127489123,86.38354509010885,122.14756469452037,0,0,5.768475970415649
5,32.557695493222326,ex,23.595681227550052,0,1,4.289747806861556,73.1022245539262,112.31542712687958,0,0,5.472739001694862
2,62.065828149200186,non,26.7825865410282,0,0,3.652016783916694,87.27307294686703,130.3952895163562,0,0,6.102796882899947
5,49.90155688881575,current,23.780706935893377,1,0,7.0343340352984685,87.58380449770002,123.64199314824704,0,0,6.0243830568606365
3,63.963032010404085,non,26.63768305740163,0,0,4.521984257427801,87.80342426867725,121.42977851864651,0,0,4.999290469751207
5,74.04412385910334,current,27.86612744510969,0,0,5.865372387437472,82.57739024846111,150.95503519192266,0,0,3.5053413528230144
2,43.21430637278221,non,26.858489439354692,0,0,5.033637137521218,86.73803031937626,129.44747331989169,0,0,3.6383396807441497
2,73.01728516584834,non,29.709344436681107,0,0,5.655795063787721,84.79880078680915,127.29738727488419,0,0,3.4676940179397135
2,62.22376928981667,non,37.083260649121584,0,0,5.572021513948353,84.5913676827031,131.0090481199268,0,0,5.156607356737515
3,33.200862316083416,non,33.068472218332154,0,0,5.434897269624798,93.76782909021536,119.44447901329454,0,0,5.969654046723884
5,57.00996888738796,non,16.0,0,0,3.6731040844676537,78.4595239004289,124.83326561659128,0,0,6.260309230427364
5,29.22627376316689,non,28.78788022511984,0,0,5.622275608289095,90.91517451737681,86.16232458514648,0,0,6.157234602508584
4,73.50574509067224,ex,31.454622770261967,0,0,4.805156271054351,79.1452688918971,134.96209105943146,0,1,3.4974657039036146
3,43.13189854400233,non,22.52824571725419,0,0,5.6391782232861765,85.53174873891862,99.35842783230274,0,0,5.678272832069849
5,33.940390619684784,non,30.007163717797933,0,0,5.615220013832876,92.16579386546348,113.56942822901931,0,0,6.312135655356663
3,70.5565536439149,non,33.48805242901524,0,0,3.7892206189924176,79.62472715707588,137.36716239977613,1,0,4.586493849802208
4,44.78974896400709,non,32.1897428598633,0,0,4.6595280792757645,79.96015992239738,107.56773991951329,0,0,4.689668979356792
1,25.10279032090311,non,37.2278954093909,0,0,3.8773455380003994,84.83106337518129,112.11978417857145,0,0,6.022018240916301
1,78.44920734985487,ex,28.484639396383876,0,0,6.326377881626685,86.27873266598311,140.90519697839096,1,1,1.2007161483807374
3,81.77785766748484,non,28.539303780674583,0,0,4.157315319663814,82.56587903467846,116.41075221246652,0,1,3.530673158756881
3,47.18386281876796,non,31.52223718191371,0,0,5.313668845981431,83.80546534692198,109.824715181533,0,1,4.745763732324327
5,54.39101175133085,non,27.67616209066621,0,0,3.0965857083067254,88.67984221622886,118.41130931311129,0,0,3.9972087011055484
1,80.41462641751504,non,29.078728601205526,1,0,7.335745379058388,73.93155375287438,150.84365536229149,0,0,3.8865252876014456
3,66.57906445793355,non,27.19702255498912,0,0,5.186375462447024,87.71411962387288,149.45169038735358,0,0,4.538821690452473
4,29.04209267494609,ex,21.391266535783245,0,0,5.3802591525256345,95.12085199177487,108.06746843675975,0,0,4.706437940456167
5,83.10009666154996,current,31.09251253017515,0,0,4.73761437598008,79.37788274341331,150.9630956408974,0,1,5.732994015304633
2,39.84233605808172,non,30.21460331473096,0,0,3.6414656301167097,87.9660321939104,125.63382834050081,0,0,4.709060421369722
2,39.386121906873626,non,43.065583633956315,0,1,5.900233890690066,77.2202500480891,141.0101178505299,0,0,4.405137188794267
2,83.09851968493098,non,29.663761148339354,0,0,4.999642476874588,81.39511428475863,137.6805980643885,0,0,4.866083666216118
3,64.7814952687522,non,36.85993943007422,0,0,4.924660592548842,93.93192204539824,143.00485423104172,0,0,4.069322447879512
2,37.80173032213628,non,29.46537497114684,0,0,4.36754874658946,91.14400785732391,116.2328504756432,0,0,3.6694817747585815
2,64.1535593513221,non,21.68374417031901,0,0,4.811750515739643,78.65829208851797,120.29032486088775,1,0,3.4004610407823415
5,69.86373929121534,ex,30.593385118977853,0,0,4.451593003563424,85.28730251602475,126.03719570476349,0,0,3.6872043407932473
2,34.04433114584536,ex,26.8807228444094,0,0,4.776397325493624,87.68702102746009,108.97996047746886,0,0,4.237421121144051
4,32.773079785778776,non,34.39647671849018,0,0,4.875139802418544,95.69493878991045,117.25026901292092,0,0,5.328207707132558
1,57.66152116061198,non,30.500142977733237,0,0,4.592396788747495,85.40378220951807,114.27998778002619,0,0,5.868181049372659
4,78.83549722092776,non,25.34419652648405,0,0,4.49834311640616,84.15973352754925,131.4319640297737,0,0,4.944592339413037
1,55.46245466863971,ex,32.154407590746466,0,0,4.6533006487366855,76.6530228269821,128.92711186096443,0,1,4.038744348323089
4,43.49684000235209,current,29.608888037420908,0,0,5.909316383236601,86.27148846932272,137.7329354491012,0,0,5.5365394724992205
5,62.2923478008504,non,32.025554963774795,1,0,5.09676640466167,89.51646056459789,124.45422905108666,0,0,3.6589270276437214
3,42.77271417091367,current,24.27821231829421,0,0,5.312091714730011,100.55209247367631,130.409683830421,0,0,5.464673471820925
1,78.93732564053553,non,25.70372625168014,0,0,4.81515899886428,82.42327522960414,120.26185225215364,0,0,3.916918482948414
4,70.98092779466907,non,28.300822772060275,1,1,7.253929361717516,59.85631551321531,126.54851932634662,0,0,5.778464280273042
4,31.864733733595045,non,23.110383566227934,0,0,4.668716170716556,92.83929196367296,123.6766826526291,0,0,4.389755387830688
2,84.31920559015948,non,34.07626062919239,1,0,6.592252782471522,79.78164315514114,147.71217029803398,1,1,3.008398817050083
5,56.21516369048919,non,25.407555073841372,0,0,5.605514744606253,85.537819874121,121.82362886164799,0,0,5.787785334692932
3,56.85464636704138,ex,35.22761889771741,0,0,5.099301270221641,84.9261282034959,133.36452320371404,0,1,3.4081283017161197
4,37.521849312290215,non,27.60476308170306,0,0,5.546864060366965,82.43321139693208,135.0617839381687,0,0,3.5073801911320404
4,83.84323379922469,non,31.224347270188254,0,0,4.357310968796218,82.98567563551575,149.88901316670325,0,0,3.6077897944246615
1,39.02854812456896,non,28.06102771914926,0,0,5.331712828835883,98.95821232594979,106.6541108185001,0,0,4.114415167417483
3,77.01154381214795,non,23.370597443697143,0,0,2.8318527687384445,79.52910785798278,119.18321532213353,0,0,3.9465058032283493
5,69.10725314369377,non,29.67985004830229,0,0,5.278623343733436,84.83906815603537,129.1563421607375,1,0,5.712272191549879
5,64.4275147173115,ex,27.910692774186902,0,0,4.43408789765943,87.37199793415313,107.20048414967997,0,1,4.431904031240867
3,39.73506316621774,non,34.783220356308895,0,0,5.110119830115225,86.30260685873232,104.51692736600609,0,0,5.277767501019074
1,66.0639561461692,ex,23.331582181896522,0,0,5.424560453186856,88.34703090295977,117.30716274438895,0,0,4.908331643921202
2,57.303395748480945,non,32.35005646060005,0,0,4.8034483296376935,83.47201056098017,125.40141675111168,0,0,5.035456256663494
4,55.76760738086569,non,24.459049222451284,0,0,4.240015955505381,91.19644884576977,122.30758775926655,0,0,5.832063801864692
3,82.36032054250549,non,29.415757552286628,1,0,7.430954866327778,78.8826468226727,164.47992984434566,0,1,3.3368794018805223
4,64.2469313510496,non,26.297017201499568,0,0,4.702958678654739,78.35075214597003,130.81099238251943,0,0,5.821248050380468
3,74.26095889994215,non,26.227854553758647,0,0,4.268640453274834,78.16155349780048,108.30565286059758,0,0,4.488527780757876
3,35.20120718692017,non,24.587038132529337,1,0,6.463307642955028,87.00493421952291,114.13726729065168,0,0,6.019876429140247
1,60.870538004787605,non,30.339463648832464,0,1,4.821973391284773,65.31259678285141,118.1354665586833,0,0,5.142511443461633
2,82.37510691039573,non,24.922188719117422,0,0,5.39861080269893,86.12850548432682,112.21142045245418,0,0,3.9128535452389124
3,33.75320124702235,non,25.252753870417198,0,0,6.070729738561888,83.6654385213899,123.10592139760871,0,0,4.111424037937574
3,80.92052221057901,non,25.494360504007506,1,0,6.016247406868445,85.79823885633628,138.98253497531934,0,0,5.518286283165777
2,78.69650430022818,ex,26.593779970681304,0,0,4.432220646955003,77.97092703320082,142.46468018190092,0,0,5.017876764078549
1,37.343980306259056,non,25.88717943542024,0,0,4.298309563152788,95.52931469197493,113.75050117619568,0,0,5.989369338351574
4,61.78250472026302,non,25.101170419965182,0,0,5.1661848741812895,83.0925172101892,104.69342880484777,0,0,4.62604484874897
5,74.58802552067914,non,34.66553479844532,1,0,5.695270349610035,83.5443015518721,136.99456114983974,0,0,5.51528736885749
3,60.438878067188575,non,24.944260299149832,1,0,5.518065825153546,78.46382792682351,156.2543390036667,0,0,4.715004008932137
4,77.74832866732828,ex,23.507123750993998,0,1,4.474439524924556,71.44794520210465,128.1391639754197,1,0,4.571846517248544
2,62.34335229211954,non,30.71463301645145,0,0,5.407257047778864,81.82014354916228,133.27284553632737,0,0,4.83849415655754
3,28.798640652947235,non,27.539173258067105,0,0,4.828586868263891,90.55768787945476,116.43509325013945,0,0,5.684018536819623
3,55.66640982082849,non,26.400778119472555,0,0,5.511950390914384,94.00766840966338,122.52341629882199,0,1,1.7170504662319448
4,29.40145174092663,non,22.13811266896704,0,0,5.466202404533579,93.47400269039926,137.65668003490094,0,0,5.160430826616578
4,70.90886948290517,ex,28.2622417441541,0,0,3.465425202169594,80.4069492834561,116.14942735733305,0,0,3.8525293420811644
3,63.41231119161027,non,30.681582358305604,0,0,4.057348259441057,84.68354708513242,145.61166565943256,0,0,5.855068038697963
3,77.36254681307236,non,34.88472705287891,0,0,4.629390221359264,80.56217764983313,125.58595965084267,1,1,4.546250924432322
5,38.80883825306039,non,26.843171223304815,1,0,7.245820572001782,90.66045384488376,123.55078715989663,0,0,3.984076199978038
1,50.292552755339834,non,35.405052963972736,1,0,6.9740527107919865,85.14640464390314,150.18954264750883,0,0,4.576832918784615
4,35.74686374166187,non,28.45818145265283,0,0,3.7804116002638786,85.74540527093838,130.14757088425748,0,0,6.1261220317170935
2,37.386290403102585,ex,34.26706136364509,0,0,4.321296635542245,87.16378460402944,117.16854543935712,0,0,4.047015775511964
1,57.65753415137608,ex,32.26032628233747,0,0,6.133061873142174,72.56599932443548,130.88856009646764,0,0,5.283386106554725
4,80.36791491175757,ex,34.45502809685574,0,0,6.189195349821979,84.33165149873051,138.40308221519362,0,0,5.0285832814475
2,41.90339720025531,non,24.169096937175972,0,0,5.145060364131508,89.25078572848717,107.56128396832497,0,0,3.549367639801284
4,46.65525250192913,non,38.14437607677623,0,0,4.607002786882801,89.40936391125697,134.80241650894757,0,0,6.3592801007762425
2,39.72361311909121,non,29.761724070007556,0,0,4.454721988601644,87.95461743958673,142.8182301775424,0,1,4.08292069349771
3,51.48529623328569,non,28.28189853785146,0,0,4.936683472988091,87.08262799084011,134.00599734520597,0,0,4.298882338430267
5,69.29684417187572,non,21.666112748901433,0,0,4.8472855622977,76.8977301047666,111.33490777395242,0,0,6.328715259730918
4,54.56033157473975,non,35.79301207124411,0,0,5.163984611464306,84.96973457259614,127.57586670190948,0,0,5.718209622779027
4,81.72127276918766,non,24.0498743744193,0,0,4.947505023896385,80.2642165544935,121.2313217672169,0,0,5.48817873842833
5,39.391374917949776,non,19.409393404197864,0,0,4.42883465337444,97.68701761629298,99.094819225166,0,0,4.537550074998867
5,84.38274975133326,ex,25.98915662178998,0,0,4.958704266757067,69.08654931961856,129.70336300792957,0,0,4.0969409319966275
2,71.46934910810677,non,30.70928442161754,0,0,4.203660930399508,90.02456127278431,128.16391763743502,0,1,1.8532193736703941
1,61.652128134775346,non,27.49487106863678,0,0,4.470859091282977,85.78009134361743,123.5045504537969,0,1,0.19793886005398972
3,69.54289097017144,ex,20.443474492427434,0,0,4.589709377198587,87.68209622600473,124.49530543073381,0,0,3.7958165394179715
4,48.82681027322596,non,27.446671376718413,0,0,5.354299602082203,88.52555439295669,122.93809643467497,0,0,4.437538746807326
3,68.32807979938048,non,26.957147943982452,1,0,6.51929293419633,83.8885806633466,152.05684411349017,0,0,4.666901287999443
1,81.10357140000335,non,33.968815604754255,0,0,3.826201210814075,87.97487877182792,164.8848435083296,0,0,4.898428657706242
1,42.340406259388544,non,33.76577876334337,0,0,3.3834857164750822,82.70071850840618,135.69863210375598,0,0,6.243453541031302
4,50.07010413302063,non,39.827625876231934,1,0,6.481336594243615,82.6426180317121,107.17924788203767,0,0,6.073099691370409
1,34.62633439383719,non,39.039691425707694,1,1,5.952975674098465,68.52102429614254,138.2891214234413,0,0,6.377764876590034
3,80.1965906701279,non,25.3643890055963,0,0,4.603130670272727,87.55706016556452,133.9835277736214,0,0,6.100467231273514
1,80.16790392051925,current,32.1673744487304,0,0,4.1220814867423865,83.36448899966847,157.45523804798182,0,1,0.25298759785326314
2,36.24549760127496,non,38.887216188496424,0,0,4.739274594992628,79.16127556537265,129.33104132354933,0,0,4.4667301440204765
4,28.80496762377305,current,26.354522739878064,0,0,6.178693270199917,89.74608741665267,127.63536426618636,0,0,4.910031541199161
3,40.131351754956206,non,29.10476381870071,0,0,4.383210646249493,85.76738389502752,127.25426579469622,0,0,6.195241285689441
3,52.20140091789169,non,25.785027057185147,0,0,5.34416368568773,85.943102185132,114.9809848734662,0,0,4.327784932223104
2,37.137649547798546,ex,33.39633519319242,0,0,4.670846449820508,89.53724265360131,115.67217122855826,0,0,6.258048510012347
4,47.43520628457913,non,32.338694434130105,0,1,3.0277408093972826,61.887322941742354,104.20612834551639,0,0,6.331684797004383
3,65.29883180277645,non,25.07893462852292,0,0,4.613117125076362,94.2903797640511,119.05717600129566,0,0,6.049481657841169
5,73.64585313253616,non,25.168713107616213,0,0,6.496820701768705,82.77620200947904,128.62780730535258,0,1,5.546911876203843
4,63.77241827495924,non,29.41875931999859,0,0,3.6845690896635412,87.06672746773485,122.88395614799799,0,0,3.914954656210047
5,42.22083648436513,non,29.245545673584417,0,0,4.713626375674657,86.70958152528351,107.80492897042976,0,1,2.0244086508296224
5,64.12883156246264,non,24.44476019721794,0,0,4.638755737863039,94.95619080714539,117.04188689933946,0,0,4.493981365724812
5,56.70492214510229,non,31.872890568448327,0,0,4.486237789215739,76.8018210186121,122.04137352725802,0,0,6.007535640293078
1,35.882284302213634,non,31.17884999090779,0,0,5.047323291767984,77.45830064757406,122.49973964636672,0,0,5.3409275624409425
4,34.58961343313372,non,36.944979508753484,0,0,5.4955376371781846,88.3036701330023,120.41605332688478,0,0,4.4644185039441915
5,43.93999091102455,non,26.341701738450027,0,0,4.472001016507904,83.00293620851397,121.11571888006911,0,0,5.845611743948664
5,31.672119654624346,ex,31.98436829975494,1,0,7.960372544861938,87.14231447709507,105.21334401486362,0,0,3.97999168542312
1,41.72022607674603,non,27.747481811123375,0,0,5.751101693180944,100.29853217272517,122.19691913880919,0,0,3.8875696388925975
2,76.8328678391594,ex,29.113484800343954,0,0,4.013286825899163,88.09774539598884,117.59628120261888,0,0,4.553030347734598
2,41.16128208008804,non,30.013870645055096,0,0,5.908474739807188,83.63821486080421,134.20551395957733,0,0,3.935754916545198
5,63.13842788325016,non,18.936950559752066,0,0,4.412621007611163,84.92107764921893,107.13102470803078,0,0,4.6700050198383085
1,77.92486217811171,non,31.171606034417582,0,0,4.874577126303112,76.48426286262767,149.67341427117177,0,0,6.059351299299315
2,81.06155194814207,non,33.8558911639983,0,0,4.76213100047924,87.75513587239823,148.88525687196312,0,0,6.298879712720057
1,33.46559555726154,non,29.10388409144077,0,0,4.4384298480074476,87.68862517103608,134.5917863931989,0,0,3.943645495371668
3,46.693544367269176,non,26.55622699480367,0,0,4.698672647402069,80.16975177108112,109.36932367286249,0,0,5.616632426532965
4,38.74140487094021,non,31.724505295244025,0,0,5.27631214803043,93.30902097668195,124.52422354450901,0,0,5.517909421323453
2,31.94026416796049,non,25.97857519622522,0,0,5.12855243823942,91.23895924498102,122.88152836061275,0,1,0.910863793784353
2,81.39071714583534,non,26.78965837964938,1,0,6.88796701970311,78.20012174219829,129.69072532128342,0,1,1.3385940569349994
2,51.62461015199699,non,26.567882895234305,0,0,6.229900245038489,85.22416459546258,123.3419253305225,0,0,5.282531103370743
3,44.55440275609131,non,29.156858767655038,0,0,3.174635826321489,86.77070023258105,114.21589337107325,0,0,5.686613173016416
3,69.34181017723648,non,31.325136761360582,0,0,4.853367702288398,78.31828571319363,128.37681160706165,0,0,5.968028992038931
3,38.01818127146412,current,33.6014057562633,0,0,3.9336637276288653,94.80403877769564,115.3763376655532,0,0,3.5075074911627078
3,68.12492397129776,non,36.046876282239644,1,0,6.323887340114979,93.09163968473248,140.041792415726,0,0,3.4345202546330524
1,63.329889362493375,non,37.66543642399348,0,0,4.774077694888341,89.4591211243307,133.16242808922937,0,0,5.930932642599134
3,59.906851343999826,ex,28.308393552324286,0,0,4.595380679793514,84.56938184823365,112.50404755529053,0,1,1.8822216470590518
5,81.38807055225728,non,30.80479494885666,0,0,5.312302414755649,80.54742493434559,147.2158152079719,0,0,5.12778182508154
3,71.5714398109321,ex,19.035263263001138,0,0,4.949878781360877,84.14907893213787,104.75807519919739,0,0,4.588976309378218
1,53.80974417552328,non,31.300940628064893,0,0,4.502822308488352,87.16427315668793,149.93948010129463,0,0,3.5731526437429846
2,53.599344612884444,non,33.376943354377445,0,0,3.3690268452089835,85.57222950535154,120.77511279300468,0,0,4.4108082840493275
3,43.2473076888918,non,42.8000824731177,0,0,5.270762237575884,85.04404191898237,132.1209224134781,1,0,4.153348685787685
4,52.01184941282147,non,28.367333418440595,0,0,4.176879348813871,77.84921444319794,121.65903578859655,0,0,5.391281750719562
5,28.19292787194436,ex,25.048374755520427,0,0,4.656713264490993,86.72460715137707,108.2652291469469,0,0,4.294703778601893
5,64.52465405371333,ex,24.038136279110525,0,0,5.371395492211614,92.07188990533038,130.83867982111897,0,0,4.429632961818741
3,75.1322232090842,non,23.799829152883337,0,0,4.291589620369546,84.75383803220264,129.50372905825228,0,0,5.802502116820204
1,37.19512303932697,non,38.194986390831026,0,0,5.174540163034237,94.17835379193275,125.88077166187355,0,0,6.164275196000647
1,31.410108486498597,non,27.955246646946133,0,0,5.343215167219757,94.97123225853365,126.58045069673227,0,0,3.9175283171767044
4,80.03499425276202,non,30.476992186701914,1,0,5.7545846912423535,74.26077541991904,112.9357143310277,0,1,0.6896664023773614
1,32.41354225373114,non,25.150972195081007,0,0,4.489956557629995,91.66852636365665,128.30258103468805,0,0,3.7620192207087153
3,31.964092805900172,ex,35.33102591129233,0,0,4.407085723464817,88.43919939930205,117.04947347708136,0,0,5.740675673734597
5,32.88767178796073,non,26.25930210264991,0,0,5.003947342760676,97.23212395664288,121.32695255141672,0,0,4.701834408266863
5,51.96007776329601,ex,27.517462285151964,1,0,5.3996989405794595,99.54782199587392,138.22137374601311,0,0,4.50495984351218
5,81.62116775443698,non,28.143642525925152,0,0,4.96554526845467,86.47083126029476,140.88972275782785,0,1,0.0309777878786007
1,70.45574049028491,non,28.359675510241086,0,0,4.563727429361863,82.96758139207597,120.27861360651787,0,0,4.692107530031055
1,59.970778723325274,non,25.93965997330264,0,0,4.004539103146164,82.38361472770366,126.07182688380992,0,0,4.595817853056618
3,70.90520900431048,current,20.08401647138344,0,0,4.8459673353063115,76.67217903666815,112.98000820050169,0,1,0.5678413079849658
5,59.56887856413322,non,36.07239017906863,0,1,4.629744390457698,68.41018594037503,130.58751865748863,0,0,4.257809039659174
2,28.41626024611239,non,36.270814572191256,0,1,4.637384426980022,71.0604515663664,102.19402927448141,0,0,4.989126094344822
3,51.02594746167702,non,28.301140547980072,0,1,4.3547922261825605,71.2852715265024,124.8976698418168,0,0,4.5602207387126015
3,48.14916556428065,non,29.450783147423184,0,0,4.636899138402973,89.75846262377692,137.00064914124047,0,0,5.490642094568122
5,73.61531220046524,current,24.286092886745518,0,0,4.993732208589048,84.54052817539713,131.212424508781,0,0,6.266605465193428
4,27.377408693759627,non,23.796226532254824,0,0,4.959066533953444,85.86943740821776,109.96271336741717,0,0,4.547240028097562
1,53.731597038593094,non,35.523275635778106,0,0,4.52118653454375,81.55263572404365,118.58811648466265,1,0,5.898218904896801
3,67.8731409755772,non,30.925907966973302,0,0,2.8871065035415686,73.84753909590546,149.0875921239052,0,0,3.477974228477627
1,44.67044157893157,non,30.103341639081098,0,0,5.620603691110821,77.83471879838872,103.0382557795788,0,1,5.749110800522574
2,61.804835740387546,non,28.91946943268617,0,0,4.6296795094213214,85.86752401900705,134.97218741071345,1,1,3.3527028630449305
3,59.337820858951154,non,30.223972471042742,1,0,6.614317746522376,87.74718863078728,126.33101014321377,0,0,4.904555657067929
3,76.85581570351636,non,22.469558596762745,0,0,4.8279497504389495,91.40212364287153,133.9246074923666,0,1,0.38926914983407745
3,29.098309571775104,current,29.125379736523783,0,0,6.178168848012369,93.47744641040978,113.05659870644043,0,0,5.963874536678249
5,42.17014217082202,ex,26.837795003087326,0,0,4.141401227752791,90.42161891897315,114.81643141811072,0,0,4.335315535654161
3,45.78511581269093,ex,23.659332511460253,0,0,5.13352434202449,85.83766494497279,110.17954382468528,0,0,3.535426958294295
3,42.63696884273391,non,27.4475614049216,0,0,5.313070473234104,86.62088058230219,127.26868986867359,0,0,4.0989656301021355
4,37.430417298033234,ex,22.268214348391517,0,0,4.601759123493779,92.35332694794658,87.47344729338303,0,0,4.62268577686716
2,40.78566858655214,ex,34.73943338161096,0,0,4.408153174226549,97.14532465486634,118.82256952677989,0,0,4.39658101056835
5,30.192492829554816,non,32.31532973704755,0,0,5.385340021158211,86.80199923806877,144.68589944529697,0,1,0.6908709984449621
3,62.47517241963212,non,34.89497235978103,0,0,4.853671210906799,84.23436726537672,139.50463015532176,0,1,1.9466501655554411
1,50.18048351775694,non,31.197053466082934,0,0,4.632553357452092,81.31799448615158,116.97081999930786,0,0,6.2145186165219695
4,42.315285285151745,non,25.391568574665417,0,0,4.789890006656682,94.93746096598994,131.72374682910387,0,1,2.7428104507429327
5,61.816284661274636,non,21.93405814372521,0,0,5.115302559165624,80.32322946700138,127.62854799925951,0,0,4.065018370655081
5,73.89058425455715,non,28.80461905430359,1,1,6.64579456184673,66.89653297168708,146.98133974491498,0,0,4.375508065353164
2,58.25742982841283,non,39.72185294826292,1,0,7.416575359405072,93.350610106962,142.51668576641052,0,0,3.7106088377305206
3,83.84548112177143,ex,30.56549172902019,0,0,3.5081765199809714,90.41555944058575,143.24189265655752,0,0,3.998798199413941
1,57.84468755464708,non,37.627766449520365,0,1,4.970829337896149,70.22579707723968,118.7427848098478,0,0,6.24684786008205
4,61.720446966455135,ex,34.62935211498124,0,0,5.151475675649835,87.5159729509481,128.40260486582517,0,0,3.414328114354202
1,37.06715951081645,non,32.10433402483275,0,0,4.706540961872985,86.16077433326868,130.18057093713617,0,0,4.642279379832467
5,76.8537796251425,ex,26.70765782280631,1,0,6.813305969233793,80.23365473046267,149.69747828513857,0,1,3.1738297215150175
1,59.07440877821182,non,38.245849986025334,1,0,5.900758404768712,84.38237216914492,172.71823403042885,0,0,4.001869741247833
4,66.92150723189286,ex,30.150912988115966,0,0,5.0384330095747885,81.0730273252056,138.31908628042828,0,0,4.639844593494417
3,35.462059325126035,non,30.40601412540653,0,0,4.437066868628606,94.35168300366165,102.19008791466243,0,0,4.195424658499032
2,28.307550402381693,non,27.78706698451723,0,1,4.535491004146264,78.50066838231055,134.08690965750452,0,0,5.130480559837603
4,62.678546205365464,non,31.199096054595227,0,0,4.647824840586653,82.61193734885627,125.31784364177402,0,1,5.5134963003154205
5,74.50416788201815,ex,26.14329785412385,0,0,4.102583585397459,80.17386252590406,122.99879173288286,0,0,5.452935235473525
1,65.16727854692732,non,20.07729230717083,0,0,5.113736186331596,78.89757259448861,107.18082575571464,1,0,5.429821688014957
2,59.383117017107516,ex,37.25666153903719,0,0,4.0036081474984675,83.06721403315073,148.50791824153268,0,1,3.46764898703154
2,49.90090850691361,non,31.02674112224179,1,0,6.41889293562365,87.86167783586079,136.47289747560245,0,1,5.4687744673760115
5,58.85891472381803,non,34.10728018420644,0,0,4.757645527861712,83.73135656212351,126.96067640830721,0,0,4.5309796263255295
3,74.53547063389065,non,25.836281638524113,0,0,3.00254421192189,77.8430811232175,131.6740635129739,0,0,6.111000212858417
5,28.014946749164206,non,26.324590871038872,0,0,4.948729672040273,93.82782938668862,105.05769502311577,0,0,3.7289128885576424
4,46.88811107334095,non,27.04664307550214,0,0,5.547875552557665,87.35772036668794,127.02796368725828,0,0,3.4758852633925272
5,27.979868701902465,non,27.147730591933318,0,0,4.323157938390476,97.12415777800126,105.06947693397336,0,0,4.459090846121514
5,63.75880592696618,non,29.722030996830284,0,0,4.878964891410639,80.22656439953602,130.81733762931236,0,0,6.089835370774516
4,69.00983634792402,ex,23.25583175703624,0,0,5.296965143230758,80.05963304893044,115.450449665074,0,0,5.750339645442606
2,58.01423869840144,ex,26.576314638459756,0,0,4.0300138731703665,87.67426499153167,141.50037211142165,0,0,5.193689591907846
2,80.55775731933569,non,26.809363657650735,0,0,4.622916497928728,81.37105973820456,116.69876111207807,0,0,5.437888633665409
1,53.39966551099216,current,31.357288969395466,0,0,6.196603891626076,81.17189586425624,117.0734096685109,0,1,2.754101146608929
3,81.89585330248615,current,27.31353613424947,0,0,4.762127788111574,83.58607091846002,154.44359687256485,0,0,4.306684544719717
2,36.238651062319825,ex,33.32424170930121,0,0,4.642965940864539,85.90972236262881,116.88231250789444,0,0,4.877571912417078
3,48.146275121839366,non,32.82335819733949,0,0,5.474472317352449,101.19677690571292,145.33683300924463,0,0,4.879920043782778
2,27.937142757404448,non,23.321247177247784,0,0,4.659936004659681,89.47529174039099,107.48678487196207,0,0,3.7149288118356107
4,82.27792215433453,non,31.523131864347373,1,0,6.08348891767123,77.74693913193867,141.84181084637342,0,0,4.405213507769644
4,25.42495044959772,ex,35.153203691548754,0,0,4.382284563911568,87.58000928578194,112.75127679135335,0,0,5.06919496787614
4,73.57803134077679,ex,36.37487160878426,1,0,5.899349999212578,77.4267123663687,135.17984750102255,0,0,4.609604001754953
2,34.454536891312806,non,27.67605200050273,0,0,3.854137589979416,78.44898306590102,109.29355110354545,0,0,4.27161910321413
3,31.33364131900697,ex,28.271457350028978,0,0,3.9670445406942223,89.61336427391703,122.08609714068824,0,0,4.9619318720736505
4,54.59239652042784,ex,31.4683804402976,0,0,5.548346438359452,79.55222969493968,139.67427930633693,0,0,5.488589092544702
2,52.26802125231845,non,24.607707433642915,0,0,4.065345361675399,86.60388087446147,129.56190609307973,0,0,3.5602790318723363
4,56.1626926827398,non,29.93509296855626,0,0,4.852507449163076,92.84193020657949,121.01289596782028,0,0,3.6843533970480213
4,69.72685993765768,current,21.311734756252058,0,0,4.615383820224319,86.10264826460144,123.12190567497234,0,1,3.8969583348010457
4,48.542472043233786,non,31.499517963864474,0,0,4.954372309136938,94.646782154869,129.688888581588,0,0,4.4086463047757025
2,64.65656341138595,non,26.532000317881337,0,0,5.747165002943623,84.28318262974457,136.7429950194178,0,0,4.151823280657628
3,74.69160197211448,non,23.395762525001064,0,0,5.624467372851405,81.14500447654135,121.54683435609883,0,0,5.095862083737642
2,30.179352404523996,ex,27.801570500840118,0,0,4.596903787121836,90.60775035529234,106.12310399060476,0,0,4.011089295647093
1,31.82784275813279,current,24.375600354243186,0,0,5.167215615840364,83.46617202785035,108.76465336542634,0,0,5.678473675807984
2,37.947143396520374,non,29.352106676198115,0,0,4.383618499041769,96.69359278578766,92.83127383325333,0,0,3.8683662811003026
4,38.44682220017567,non,29.727445460130966,0,0,3.8806048714540813,87.70101202539475,103.54304031153654,0,0,4.499501137747713
4,34.418796588867224,ex,27.603814468275097,0,0,4.6546929710066856,89.49338552012718,114.32043002156092,0,0,4.609361966141151
5,53.46881151459425,non,32.853698140221034,0,0,4.470057698366599,93.49724304615451,108.95202405136084,0,0,3.6077910689649078
3,56.31408723387485,current,33.15301759707562,0,0,4.127347904274743,87.64641326994838,128.28542892774806,0,0,4.226459626034249
1,84.15698388342621,non,33.043036040672085,0,0,4.287580947404841,79.16330447648481,135.18532119380853,0,0,4.457800615474165
2,31.031526038979443,non,26.789689939160194,0,0,4.838440660276877,87.58227258566964,109.07835124457233,0,0,5.2390677545177695
1,72.50532860800062,non,28.513063572233087,0,0,5.257629045621346,80.89075816780385,133.4940253113779,0,0,5.793053724505135
4,42.38578258143719,non,34.54408020602304,0,0,5.242593389902421,92.98764860699126,125.69251218227485,0,0,4.073541663332909
3,67.3002785415685,non,24.777378759319006,1,0,6.139839187412956,81.6118764900114,131.2073449634222,0,1,2.5809696611247115
2,61.27771757683718,non,28.40861199775749,0,0,5.334428924417659,81.66431713661161,126.18754442804511,0,0,4.802855970798373
5,63.30212137195762,ex,32.02566815157383,1,0,6.066001977837099,77.28020800109094,132.42671422429052,0,0,4.103831656074234
4,62.16604153516166,non,30.73598342324004,0,0,4.518871869092946,87.864578993338,141.4607368376383,0,1,3.204023327695679
4,50.56307860837975,current,33.07630770475473,0,0,4.478972690934701,89.72063445467873,119.54704902616969,0,0,3.639101553043102
2,49.08242296253458,non,26.314857959274196,0,0,4.548668083306351,94.62923865980959,134.3155181608057,0,0,4.585236481178802
3,37.880114171702026,ex,34.15437717451813,0,0,5.037018657599844,88.48899468125622,122.04605613163199,0,0,4.596799397345384
2,65.30690294948928,ex,23.9884060471003,0,0,4.581427539705856,78.48021003276364,139.376914097284,0,0,6.311689125503787
3,81.8556199973617,non,33.03217714100735,1,0,6.702269131886455,80.46312536282424,168.29044065507372,0,1,2.8726226586805663
1,62.36693452937956,non,31.791278667830266,1,0,6.9267793500943515,88.6174804996212,133.8182423006561,0,1,1.4844582253119898
5,25.730109134365712,non,34.50818726995166,0,0,5.272929353214379,92.81050813504861,114.81894427892058,0,0,5.6892796898420315
5,68.91305805032611,non,29.621235270056935,0,0,5.671913266526532,80.3503281228451,132.60748507046432,1,1,4.098102659465045
1,44.84101465268131,non,31.746680000247814,0,0,4.86519250013972,81.88491324930185,114.95855376945386,0,0,3.88581852855202
5,26.076357355154627,ex,25.663042424942027,0,0,3.2445030814015405,97.50867954741373,120.46433098881536,0,0,5.40007813388136
5,68.6495313577403,non,28.62142027459423,0,0,4.850531963556756,85.7659741547473,141.26478032324852,0,1,1.7789746519242726
1,50.65903634614365,non,31.063060793976085,0,0,4.053848238178859,90.76555939769253,120.03348417030341,0,0,5.982167503274583
4,30.51372069079285,current,24.88640024417961,0,0,4.903697535000556,91.94669897695623,105.02707201677299,0,0,6.2833807145712255
1,26.39452982852125,ex,29.968085380747024,0,0,5.270905872883341,95.02491711417416,113.45622123391209,1,0,6.206249244048481
4,40.31604651394229,non,31.370895824783418,0,0,5.552732339564799,88.4006362989273,99.591301802826,0,0,4.4087286186843215
4,35.02274724503502,non,33.155865439764426,1,0,6.447814224371457,85.10850307269973,125.72654338185568,0,0,3.6917876641544063
2,30.052125882301546,ex,36.09945916707987,0,0,4.813853244074967,92.06557005913912,119.04960730990872,0,0,5.554714945305879
4,84.21521582578492,current,24.973528078935033,1,0,5.592445526256495,83.21546145359753,128.62684292591845,1,1,2.62196596511921
4,62.333237615918854,non,32.526950360504976,0,0,4.359476080449706,79.19439884101665,112.96797352827238,0,0,3.641116665181443
4,48.604714857452265,current,23.7046313390073,0,0,3.8575163060622155,88.7896611822399,118.68523404313038,0,0,6.050352351115354
1,53.092038404195364,ex,30.903028280751986,0,0,3.2103127002673735,84.24502298570322,143.5665934549722,0,0,4.717305515148302
3,57.47280414456449,ex,25.74999890738695,0,0,3.5733388768844048,91.12023579008903,98.42990101936584,0,0,5.09992190491835
3,82.31470599488878,non,26.57841013330254,0,0,5.027675789368942,78.90523569266843,124.68228741038129,0,0,3.497647510742437
2,52.98661527394195,non,32.24672196407998,0,0,3.6215455353585946,94.44363643630619,119.77949830764827,0,0,5.476909955692868
3,54.294490065064736,current,27.06384528018724,0,0,6.4132294431616526,86.75252265562739,122.7340471437731,1,0,4.760150823916201
1,48.235957353593406,ex,37.6880072064739,0,0,4.835411558268023,87.60589253889754,128.6335056064214,0,0,3.8551127733656703
4,77.90252506871846,non,33.59435242131663,0,0,4.984214162161905,76.75886627008632,137.78627037639842,0,0,4.891750439173624
5,26.13455526210749,non,31.76458630043996,1,0,6.547837829372876,86.31673343914731,128.31503439270753,0,0,6.18854612276111
4,60.09583734021303,non,26.933499222204908,0,0,5.0302968557578245,93.90768769139262,137.30515432914203,0,0,5.605846278829931
4,68.26210893134699,non,30.88179610812855,0,0,4.563222348391776,81.12231485550011,146.33715830836994,0,0,5.478413996692222
2,48.90883759681803,ex,24.25212213139726,0,0,4.857633510075693,87.20899870818963,109.16148486199408,0,0,4.325855856647573
2,37.10793195033234,non,28.380742264321203,0,0,3.613829512146628,79.3630122741766,124.5949838260563,0,0,5.532353877465889
5,61.717469666861845,non,20.08013321323437,0,0,4.5647648429415355,88.59562879913616,107.61495971344135,0,0,4.306923855894382
2,70.22616013651101,ex,28.40474441232172,0,0,4.168487744422458,87.26956016284939,116.16753318057962,0,0,5.442592736372607
5,49.47447494456692,current,28.531337576622303,0,0,5.379459136500255,91.23685248597575,132.60874403768557,0,0,4.942870272691661
5,26.54773877198178,current,26.576034478061167,0,0,5.661833447394825,88.69568663840282,120.63657058135689,0,0,5.120500742244218
1,39.470584717776305,current,33.71826717757922,0,0,5.117397881712653,90.19531595421677,127.21746778890581,0,0,6.382170895733529
2,78.60669260209667,non,38.714301133593054,1,0,7.2111962548593445,79.40870274155635,176.26006641535136,0,1,2.230028335901293
3,37.59332355937921,non,31.563086504465527,0,0,5.101732221245011,89.52671076818622,109.461581887305,0,0,4.36259290845285
2,71.36802819159281,non,32.402968038318875,1,0,7.027873942572016,86.27464999721178,135.6185198869245,0,1,4.411619465888497
1,47.41288217027743,non,31.52475794800007,0,0,5.536616954761726,83.43213037532658,136.46086582082316,0,0,4.920835010702946
3,35.511239478134364,non,34.25576376510607,0,0,4.622569602862082,84.61026818822745,123.6613838305425,0,0,4.529924066110841
1,46.14850500360484,ex,31.766863717231516,0,0,4.934853693769108,82.48250088443926,127.82419548363039,0,0,5.8977625840719075
1,79.93192265689369,non,21.053101721707343,0,0,5.080082897880657,90.91211910026885,103.09935334526858,1,0,3.585986077788455
1,25.225620203218032,ex,27.208269421253217,1,0,5.067217492184469,89.30828290456871,139.5355758504721,0,0,5.07881978474812
2,33.29244694404895,non,27.200773109476142,0,0,5.365886431305031,91.0100825976792,126.15367297213626,0,0,6.315245952108496
1,60.25900280893223,non,30.905709554484936,0,0,5.5921148941753005,91.18148919712905,138.752162963866,0,0,6.398427153083036
5,48.11782566449108,non,26.48483347477545,0,0,4.846118439178056,91.16939257512064,123.62416278626101,1,0,5.386533066532735
2,28.143074094474322,non,31.80613122432603,1,0,6.696621897545617,94.69897482736243,132.28859252837412,0,0,6.33433955387141
5,73.10306231445682,ex,20.546129907516296,0,0,5.280601779000592,72.97660904359589,132.06318723189062,1,0,5.935504275281162
3,83.41205339971822,non,36.62843871606157,1,0,6.002238610586843,86.20196224382306,150.7449803476032,0,1,3.107782502941857
1,50.374449354146655,current,34.75479377984383,0,0,5.6183264887855255,90.5477888875311,131.15463120889746,0,0,5.005598426695359
4,63.9828976221439,non,33.02279725459545,0,0,5.032740945688921,81.22787828230616,150.01499147669654,0,0,6.075112774131263
2,42.61646444308618,ex,38.52539151336846,1,0,6.537144252370236,91.83905925335009,124.69399152095583,0,1,0.8437487860126578
3,57.7987281705292,ex,31.103158667021717,0,0,5.144351983958369,93.66091645965886,118.458940629716,0,0,5.752746454765591
1,70.97994221565563,non,32.74281393342783,0,0,5.586743491787729,85.38126254312759,137.35290980215635,0,0,6.3185031278168555
2,55.5492622206778,non,28.38850226703307,1,0,5.857371629732819,77.53848274478588,129.88003014510184,0,0,4.064611107136253
1,68.018374237687,ex,22.073657520190814,0,0,4.603326109608725,85.10720700203471,131.61426390899248,0,0,3.7497927955403014
3,79.12206067833142,ex,30.18289374200615,1,0,7.169711339513476,76.0380858730222,158.61448562623437,0,1,0.9740764876771281
3,48.36794219628153,non,29.211926858738963,0,0,4.335197418368942,94.25314064704615,109.8988749582384,0,0,5.817498751173986
5,69.62541899809608,ex,26.707017556259267,1,0,6.034384958122579,89.41192596758601,134.6217581732684,0,1,1.5518972232723158
5,61.82364636614237,non,29.472341837082784,1,0,7.217515350777992,85.8756300316203,142.74448453174634,0,0,3.7906736535105483
1,33.49170224427321,non,32.33614650290099,1,0,6.451874281245126,89.69433972544296,139.80873640700392,0,0,4.681185769422959
1,84.09564499178768,non,30.964958033704026,1,0,6.495410525396155,83.85541201331407,130.59459217963442,0,0,4.718207355117679
5,62.133650616861026,non,24.143906326780787,0,0,5.034176586605236,86.69712179000385,114.23833325315854,0,1,1.6150826578321613
4,83.77359233533367,non,30.379049785920834,0,0,4.797776939797649,82.40677766546597,140.6427744792354,0,1,5.2890716326299945
4,79.11094733215859,ex,32.44732475839255,1,0,6.402892513108428,73.93624794167269,136.3380763746737,0,1,0.39348493560295095
4,76.9642240273574,non,38.237358365463834,1,0,6.21803170054818,87.08093067446733,163.34357563629925,0,1,1.344831803669894
1,80.75269028658157,ex,24.893650195109178,0,0,5.127293627533506,76.70936158962323,129.9004014231293,0,0,6.039339368485292
5,26.01794968913201,non,27.24383641983009,0,0,4.355510578282999,86.56735261950121,108.6525754192491,0,0,4.774200482305774
2,82.18104508693523,non,27.09317992733009,0,0,5.0027830897404595,75.67389518541015,131.47261609887687,0,1,1.9522386477261513
1,38.69902336098139,non,25.972498778783795,0,0,3.899846778574986,90.97965289058108,122.6242857160053,0,0,3.9234718215139255
2,79.34254289750422,non,30.188058967336254,1,0,6.762697100511663,77.29347314535622,163.90298461331855,0,1,3.2554135583625
3,79.91409694904752,non,26.75568020735232,1,0,5.49319572587142,79.5877822376436,131.60992855619386,0,1,1.3671574883504185
2,39.29118150674236,non,30.663098276502314,0,0,3.9480954091016236,86.43934566832617,108.64050413690259,0,0,3.434145243064723
5,59.46004043902749,non,29.96675118815404,0,0,5.23846693544174,87.9391998850385,136.4111148676763,0,0,4.719798796550457
5,51.42155713750306,non,31.592799334028197,0,0,5.19808940368126,74.15959039884282,118.67059208215984,0,0,4.490937555638336
2,60.089481684047655,non,35.69403342070684,1,0,7.321302550186196,88.70175744613069,152.73735908655476,0,0,4.30916317311683
5,27.309935844086844,non,29.035727879082515,0,0,5.415209398399459,90.02682019935664,95.48052702424512,0,0,6.118418466599881
3,70.41692514542717,non,34.403500989119856,0,0,4.765815524257512,89.57925265986957,110.01787353983224,0,0,4.062376989943759
4,53.61118155114654,non,29.377772761902822,0,0,4.987732873123972,94.22958170399254,117.00056403346139,1,1,2.0999794873523587
5,45.20091023858385,non,29.116877764177204,0,0,5.626497259950275,83.80751997311324,124.16511719944663,0,0,4.50551450349746
2,69.37486907897838,non,26.67802833849316,1,0,6.96136816378034,84.82279017730286,126.70594896265607,0,0,5.86715215228382
2,30.825137682028323,ex,33.53601271174251,1,0,6.798823033737091,96.01425428329804,111.60002407239176,0,1,2.1091976266414663
3,53.62612573450589,non,28.721216569532345,0,0,3.8277954122134825,83.20626383954017,111.14557974098825,0,0,4.4141014396184035
3,40.50044795768923,non,27.17085264676521,0,0,4.011910318326847,84.24665855736333,110.66687026830093,0,0,4.92251301088607
3,25.742885738260874,non,35.13172957056071,0,0,4.773289053051711,87.05508075916285,133.11742482123208,0,0,4.593971848229497
1,34.92464890230275,non,29.879653162521773,1,0,7.458234609147335,86.53226087871026,135.09230755484757,0,0,5.094961688376385
1,81.67892378210408,non,31.01124520349871,1,0,6.864700495674372,76.5096610238239,132.33061379466164,1,1,2.1387473706406914
2,54.698738770010536,non,33.241819048891045,0,0,6.12892412206555,83.31570285030313,122.71432672333914,0,0,4.022869631150517
4,41.54337837325352,ex,33.83434253493548,0,0,4.826325146110851,87.69221226276953,116.42176909446198,0,0,3.9290796220954913
4,56.856821275007775,non,30.06452918409938,0,0,5.4838676063615575,86.65375555431004,123.8904961269129,0,0,5.046960423570721
4,84.15245010837592,ex,34.500212334315854,1,0,4.954823313027765,83.48579120660986,160.08041369755045,0,0,3.982749818150546
3,69.38802890020068,non,30.58644052654505,0,0,4.932770698210027,83.22154400795253,117.80818180919806,0,0,5.922503957742098
1,56.247274756600454,non,29.30070226357025,0,0,4.295289273199569,82.68564594858492,143.65884243662842,0,0,6.3966322346998155
4,47.411357739187864,non,30.114801582885978,0,0,4.896712417690829,92.2658352182346,130.86218619454723,0,0,5.328639227287775
4,49.59245822798728,current,39.805607606990925,0,0,4.784641574204184,86.10689307796714,148.61326209302732,0,0,5.005547579275142
3,64.53781243228914,non,29.666986010653847,1,1,5.4258020503382625,67.78504048553758,142.0857401683563,0,0,4.076446488842118
4,60.55629565011207,current,30.68158140831397,0,0,5.102324090010342,83.54160567961333,126.57559280877949,0,0,4.804379857367637
3,71.59187572183043,non,36.00702308310106,1,0,5.922567857350144,70.35145602431514,159.85672919849787,0,1,4.147735630320249
2,39.063663406317715,non,27.75431503615454,0,0,3.7906296209939745,94.65871052160884,121.00715814979351,0,0,6.011460673954805
4,82.30649365369936,non,25.8011087115962,0,0,5.27761861103455,86.06661927563852,126.82893582553606,0,0,6.2636589852329765
2,84.65748906840858,current,24.313363499085725,0,0,4.883910388572176,89.46637619966442,124.64494915654288,0,0,5.043300274583369
2,36.32303778337289,non,29.410081561734817,0,0,4.395859293230877,94.01053624596953,123.92709756387057,0,0,6.052924859446861
4,58.59367235176482,ex,21.6202349740429,0,0,5.041264394177606,86.79609824276625,117.13444891789925,0,0,6.1292671715398885
1,47.81477854894713,ex,34.93154485329904,0,0,4.865973027754185,96.16970730403102,119.74565246368556,0,0,6.102053824173773
1,71.4729948889892,non,31.161676268435784,0,0,4.429065200394219,81.1087051723707,124.98359239933559,0,0,5.533439521246852
3,41.64156543259705,non,32.77701764462009,0,0,5.205133369745315,81.61698427879011,136.39109310041397,0,0,3.747231775245883
1,51.88690265873804,non,25.663357699673902,0,0,5.2558743053721395,90.60641350400294,120.68236300122251,0,0,3.5362358219629177
1,60.21683954698376,non,33.257917680592286,0,0,4.872986150867896,91.04733743304877,137.00136688557313,0,1,1.832634533990352
2,68.72184187634491,ex,35.83662956550546,1,0,6.874083149027527,85.39534300607752,147.32475211950282,0,0,3.679825280466221
1,46.53549965333516,non,31.358061062342244,0,0,5.202922226152134,85.42170961202355,131.07644316337027,0,0,5.739518309629147
3,59.31502049317305,non,25.095322414358673,0,0,5.573074858723946,90.1849226124277,135.21542285925918,0,0,3.9243473616495086
4,75.11756113249169,ex,22.431304936681887,0,0,4.528975931467431,70.04394887682619,112.8512035156307,0,0,5.218645338511369
5,45.84000817233311,non,28.837520436536753,0,0,3.9839377573284267,92.52039373488691,126.79744856263615,0,0,3.4850175050720806
3,82.06928582974243,current,32.80885234456286,0,0,6.322226990056697,85.40722312490185,132.00218815213327,0,0,4.34517382176192
4,61.44795149520043,non,27.21511720338777,0,0,4.6717879422921635,92.60438670633567,123.9402695585197,0,0,3.806362183787016
5,84.15299081558595,non,33.00884448325033,0,0,4.801754082355312,92.61540894016895,122.49670299140391,0,0,5.708708494237805
2,33.513968242075585,ex,23.37311999735715,0,0,4.311565566927744,94.88690941542711,98.80578599248693,0,0,4.180963425171528
1,27.93168319894239,non,37.36262607314633,0,0,5.406557266531696,89.49575414660218,117.99919591422191,0,0,5.618888889520511
2,60.439235403003394,non,28.04092663075337,0,0,5.394731754594538,84.67723466995699,128.91180867814313,0,0,5.799492684011093
4,32.09490937389568,non,27.288209620367276,0,0,4.431677495449277,91.77115175405032,115.10417859776311,0,0,3.423088246814049
1,44.30849057176609,non,26.14498146537435,1,0,6.3883246784482886,82.8994388957909,133.64968981437175,0,0,5.466780939020777
4,82.01136004170614,non,27.575336198932128,0,0,4.117373505718555,82.88980774160241,132.6902840271325,0,1,1.4700433079146582
4,71.72827392408404,current,21.04992732886662,0,0,4.634726872704149,83.15378844262376,143.20370322216363,0,0,4.739087690413058
5,42.762718704512984,non,37.17718513173003,0,0,4.456710339480868,94.70374909792687,125.04394558702661,0,0,4.193982426009937
3,30.046018504732615,non,22.04367065959588,0,0,5.998363309535893,92.53274988245633,97.96502595732436,0,0,5.2061121352197235
2,82.9932565537513,non,34.08495738692472,1,0,6.953886779981392,86.98960088760089,159.178440883959,0,1,1.6376182021739942
2,82.63460336007721,non,24.013018937826317,0,0,4.505066736107643,90.07540213183582,115.2799118840253,0,0,6.302068446543506
1,54.44239886651197,ex,30.893983526318365,0,0,4.364317877358379,88.61227088544528,101.60788802315632,0,0,5.813499762313972
4,38.51559687802075,non,26.242895111382897,0,0,4.489425118143068,88.6159107032579,133.11157736896627,0,0,3.427392212637836
4,39.50278714621594,ex,19.60351602787514,0,0,3.61041434136857,88.83981950668647,102.21890075234568,0,0,4.188996161106234
5,66.66509542917386,current,27.394572230203956,1,0,5.674821100925866,90.28439279381843,159.51807758321706,0,1,1.6649311685449435
4,40.94571369297454,non,30.753795606422347,0,0,5.695773514985306,87.58829468834757,122.9726879314022,0,0,6.295698901360064
4,72.84794035325518,current,28.805305020190048,1,0,7.320225383835896,86.05539159472342,171.88240308773072,0,0,5.0497705802084605
2,38.97373271023582,non,32.37953332531047,0,0,5.027995411104625,97.80272468781659,120.34302015798457,0,0,5.33244257855436
3,47.202487519162716,non,33.905170061776495,0,0,5.143555607330723,87.58718249987719,125.65636735372762,0,0,5.104463695979834
4,82.31981913047898,non,25.855298060223298,0,0,5.550931611388309,86.63164047417919,127.16274699680385,0,0,3.5568815206370554
2,42.38557654406333,non,35.97677883627224,0,0,4.342095564910889,87.88661389085756,133.29176378386921,0,0,4.704907552123623
1,37.55741255502947,ex,34.996671084229874,0,0,3.714444357537384,88.4751369482916,116.70046605238136,0,0,5.165504127503711
5,67.70010780305427,non,29.623574873005513,0,0,5.579606884872321,76.00891166909274,129.07424171519324,0,0,5.781548956366822
1,31.56801237810692,ex,40.75692508297735,0,0,3.9983904222066315,84.92797918098223,100.78973495479907,0,0,5.737003573363468
4,42.55368293210603,non,31.55220478377535,0,1,4.944569110853987,78.00565089268795,123.78698424718452,0,0,4.74357636618375
3,78.1131143620779,current,23.66075118637968,0,0,5.480367997621113,81.25725146770547,137.33744426042531,0,0,5.435600124400578
4,31.646048423071573,non,34.7847239209992,0,0,4.88576860970015,88.99822195808107,135.47085416536032,0,0,4.237694903335096
2,30.882604058893044,non,27.496799023060063,0,0,3.537984425135705,86.99677068636188,100.47978601271058,0,0,3.441870988232525
3,67.52701465441449,non,28.26329148518427,0,0,4.9010722970691605,81.46797041969258,132.06984089180625,0,0,6.002619354440048
1,74.62714895112103,non,23.81826823658257,0,0,5.353757128278378,76.0191214521315,95.30017633063193,0,1,0.021244840682523043
2,82.25662375040358,non,30.598437560792718,0,0,4.540378173769932,73.62627094693767,129.4840895459074,0,0,5.31810913345611
5,51.83863963460868,non,17.678378282364218,0,0,6.96894704718479,89.09349095892897,111.9818461625205,0,0,5.807561217703395
4,82.92942990305347,non,21.31598075989623,0,0,5.043948862108754,90.27511118537188,130.6642814981524,0,0,4.453544633773107
3,47.80599317232156,non,33.858806822141084,1,0,6.911729855897653,81.1152122599378,122.06319514412527,0,1,1.9179488829060225
4,42.297202709195005,non,31.93825094104244,0,0,5.265869424513084,87.29938907101233,141.15982293070024,1,1,1.72335694197303
4,50.05238346634475,non,34.77129095892867,0,0,4.066140732936278,92.76137287914901,126.59762035344848,0,0,5.652501326225005
4,70.04282219456957,non,27.761762442863734,0,0,5.176894700004055,83.55489510873433,130.56368185903824,0,0,5.751319652608496
4,68.38067579190715,non,30.96417047313902,0,0,5.135613055674002,87.80731604719674,143.48283806973555,1,1,0.8287299434380826
3,32.72305128141841,ex,29.166216114355837,0,0,5.473772233064254,89.92126157430486,126.42147892751497,0,0,5.733683117962805
3,54.371941574104966,non,26.327633975640673,0,0,4.273211608521962,78.86241399979066,127.14308450401143,0,0,5.058811852510491
1,28.394888170617513,non,27.878995153217705,0,0,5.090342485472888,90.77871679207551,129.19629204854334,0,0,5.183469605031314
5,33.12750041890894,current,21.292862457014046,0,0,4.5627817855229935,91.88115357848389,95.80996483759503,0,0,4.075282681766361
1,71.39683285109426,current,30.418558185605796,0,0,5.446556949804935,77.49174724561126,124.62059112070438,0,0,4.392141933947095
2,58.68734631442891,non,31.58605771043085,0,0,4.490305552508713,82.68327475824886,164.1047210229557,0,0,4.987846137674106
1,75.22576441880668,non,26.538633175130844,0,0,5.083189882232995,85.78086668914419,122.79117112858758,0,1,3.0887240219169287
2,34.8160936380348,non,34.22109048435421,0,0,4.389278615004032,93.86914738396406,118.56624204710582,0,0,3.5715440271133514
1,44.37689992882332,non,36.61224371186026,0,0,5.647996584197641,89.38715058079404,120.18478540835083,0,0,4.536215725914449
1,77.1239163543118,non,33.910078979647224,0,0,4.4851755458410425,79.98900893397102,133.94183964204447,0,0,3.7941784518367103
5,60.748542028287225,non,24.71389743482555,0,0,3.358838370587276,83.62945471415559,123.53521327857017,0,0,4.8361240124236975
5,39.1435045826459,non,29.222846973437797,0,0,4.0092696667457295,87.95393982179039,124.57347675937199,0,0,5.168803144654596
5,66.58616146018198,ex,31.20841640016507,0,0,3.7602713391791003,90.56067033831431,119.85416011409549,0,1,4.4087139729189575
1,45.58294362524282,ex,29.61973733141406,0,0,3.996197348240115,91.23506854232248,117.65116668506346,0,0,6.206990067296112
3,26.265942305422307,non,27.513721160648597,0,0,4.890468201493755,92.62417552825514,109.60844110749964,0,1,4.5066660436246355
4,46.24787554931329,current,27.213502841921372,0,0,5.074125451749396,78.3392801818599,102.55352961593236,0,1,3.007734334482786
4,51.22503629543843,non,30.4098120883705,0,0,4.227552277348799,84.74287624754618,130.1253209250698,0,0,5.80973356031228
2,26.001716489245595,non,26.82461324720819,0,0,5.015410052929073,84.45947891833549,93.76850332288436,0,0,6.090464714016985
5,62.5709099408351,non,20.202706359166317,0,0,4.082224255664076,94.31718079922415,103.79219018309219,0,0,5.876189472582535
4,33.536547735769076,non,24.236097016030055,0,0,4.620189174751038,83.59326725555371,75.96990129317166,0,0,4.329294980318089
4,76.29607262476051,non,26.452579422919086,1,0,7.191628484719121,84.04006460300272,176.4769112562143,0,1,3.5385433522293646
1,50.31564495467405,non,22.855592962211933,0,0,3.588740687433003,84.22089026284388,122.97874883543751,0,0,4.485074127765229
5,67.0314680607941,current,26.430307932065205,0,0,4.09362480060557,86.36164613277083,107.58645311741684,0,0,5.0429894498222545
2,76.63202039592522,ex,34.302300055668354,0,0,3.835325070179131,81.46615382858018,138.62933007253304,0,1,0.985369923909039
1,67.38965154270882,non,25.456301882423226,1,0,7.643570410484436,79.97340488274835,119.88297123590155,0,0,4.472964438525883
3,50.53145667376313,non,32.26148013313589,0,0,4.89484340204737,83.24714068440845,138.17705411926755,0,0,3.8020307755351874
2,52.141587853965376,ex,30.23192423466983,0,0,4.15797648581769,81.12954698146392,125.75041307461883,0,0,4.166587921045542
5,57.82906714394179,non,27.68297838997971,0,0,4.518301682168125,80.54800646206354,117.3634267579155,0,0,3.8792889635324235
3,26.535392851723163,non,30.684547610077416,0,0,4.071923079542844,92.43549378055731,112.49500962657054,0,0,3.5445114821355697
1,70.040261811963,non,25.46693162048696,0,0,5.3478877873085375,83.06181556717698,127.46255642538515,0,0,4.51147657503841
4,75.03777782310122,non,23.760382683517804,0,0,4.722064847008904,84.30444706676076,135.5816731217665,0,0,3.464646306018785
3,58.333262078595794,non,28.44543214685034,0,0,5.377432537527538,92.97483782800889,111.99572247889941,0,0,6.198401503479338
1,80.76936024218381,ex,35.06113744502457,1,0,7.349110566671246,80.17398009744781,146.61777721003426,0,1,3.580326960209953
4,57.269607311898156,non,32.69147503624385,0,0,4.798764752261488,93.59655259486763,113.05865491949903,0,0,4.126117280734776
1,30.025468384261575,ex,32.081361535440905,0,0,4.203582644370574,88.49136582463727,146.7693797314591,0,0,3.939998962696961
4,48.89446078990913,ex,35.341608892590045,0,0,6.4619442495778525,83.14441895211475,157.7703122546275,0,0,5.424332926619566
2,30.540681607057692,non,22.610455436896064,0,0,4.233898240359423,80.41580331605081,103.20402556601962,0,0,4.182528971739828
2,66.98754095390268,ex,32.00931893380145,0,0,6.178156969509569,87.94910712302118,126.3850677633003,0,0,5.173843519061643
2,63.80694187679898,non,24.116996610895136,0,0,5.9775680463803464,80.73883263308171,136.83918670954537,0,0,5.695224110918261
3,30.033040108400247,ex,30.874542749281705,0,0,3.9528899542693794,91.00382579257557,119.3755205436354,0,0,4.185151137236486
4,71.4259136009412,non,30.655001166427144,0,0,3.8207111203949333,88.13799329928783,132.37017781285402,0,0,4.44097318124433
5,56.38619188566942,non,33.647834532178265,0,0,4.644960917762952,78.94939650299716,113.8845059066834,0,0,6.369442163135012
4,39.02683784650144,non,41.53372026663219,0,0,5.392832675205094,88.57172559048864,123.57810962883617,0,0,5.643790688471942
3,30.86453745329287,ex,31.474716536357146,0,0,4.982018106662437,87.8703241039206,118.32666998983964,0,0,4.989130665580619
2,30.670730195750586,ex,30.98712907230878,0,0,4.826390910839649,97.46821389570277,124.6920761001555,0,0,5.154353554311164
3,37.19877447042778,non,25.591393401054304,0,0,3.526732770832534,84.93154637461743,107.63834896018777,0,0,5.615851147030172
5,51.80126275318101,non,25.403854173670343,0,0,5.332489046351167,81.79682987170489,136.09657115670822,0,0,6.060963784947152
3,37.55272284988128,current,23.319133356159764,0,0,4.456937334857052,94.4960184334634,107.96938292668872,0,0,4.209112054890181
1,80.65266109951644,non,29.82453602355604,0,0,5.1359504970772845,83.8023020682895,154.58195516402503,0,1,1.6949063877101058
5,34.94188924990652,non,16.997013785629424,0,0,5.1735314000208525,89.4683217274912,99.16108923866786,0,0,3.504037606392982
5,44.04912673860102,ex,27.352178721059925,0,0,4.9395575489381,83.53055365049694,117.24108913117723,0,0,5.047856632846452
4,84.8889147982254,non,31.248153123451544,0,0,4.954218266104053,82.63711012340981,149.8340800936661,0,1,1.5607523797921035
5,49.21787361838404,non,26.30710925058711,1,0,6.816995075601675,80.72626360292257,124.24857193798701,0,0,5.260392458877358
2,46.09972831591386,non,21.605818621157475,0,0,5.422086173727661,92.47941683581939,97.25627555894081,0,1,1.2481019188214553
3,81.92624316586338,ex,29.929614534234364,0,0,4.463560186162943,79.72265389580687,113.67593768758263,1,0,4.0502811549200395
1,30.653671555624094,ex,17.814469430103436,0,0,4.530957820560853,85.08039335362686,121.66399339667333,0,0,6.280858533153413
1,80.91580717090957,non,38.052375769351784,1,0,6.589363922591181,81.23051888281121,147.9952052682483,0,1,3.478553231166821
1,54.602077759387306,current,24.870989137924774,0,0,4.6404513042594715,75.7953286905249,116.32582409252834,0,0,4.617574998621399
2,53.08881880750516,non,32.47064793750893,0,0,4.21563663828982,91.28761723289966,130.82748162893694,0,0,4.401454662666292
5,44.40315047935698,non,40.41874914475579,0,0,4.240620833689487,93.33289683704713,135.39904847176587,0,0,4.224684264546212
5,35.879746810980066,ex,23.431937995156048,0,0,2.909572571090024,92.42320189468188,109.04724831866439,0,1,0.8381110540855521
2,35.84529482399883,non,31.23237830024327,0,1,5.196524570905431,64.89287979197361,153.05146620108,0,0,6.095383954033673
2,64.0242334988954,non,28.39372942998948,0,0,4.391312165823033,79.37841368987779,117.96863178800892,0,0,3.5089744647699406
2,49.53190850026816,non,22.52615176154455,0,0,5.029748607344282,80.77855881788338,152.67725263454525,0,1,3.4367444600172568
4,45.40365679312335,ex,40.517674949396564,0,0,6.027341487223837,83.32916172188958,106.9380614274747,0,0,5.479763945091928
2,42.76168633506166,non,25.342588912260847,0,0,4.2834713746406825,91.3038033625971,133.3908579658541,0,0,5.901369278536476
4,34.818515983713915,current,30.517739661243453,0,0,5.317609914926949,93.21188605931103,129.00109012952834,0,0,6.398755931894483
1,83.51664722324642,ex,33.968604012690264,0,0,5.320925319187718,78.82682425105328,158.7241363467011,0,0,4.120368672492049
4,29.32600067110218,ex,28.346205776926233,0,0,4.969152919411931,85.27429598844357,104.7826370050424,0,0,5.148420665202442
3,53.478443619832376,non,30.039790766753093,0,0,4.988129987399514,79.20832176745662,128.6490763065358,0,0,6.314656591134579
3,35.37879734355448,non,23.881661213968297,0,0,5.326134433102649,88.53872865495059,140.22049577905182,0,0,5.983550163643271
5,60.80242320149672,ex,25.032051018185282,0,0,3.781526004274456,77.9961766474749,141.5102272523946,0,0,3.8535358698722533
2,65.09494936215553,non,21.842729234500663,0,0,4.132222058373631,79.82947115685367,123.5732454978837,0,0,6.134926652329746
4,68.1758223325516,non,26.72182999273205,0,0,4.804252841657484,82.4639316150721,139.08610235569967,0,0,5.964097794426044
1,29.267414347748755,non,28.762989168139097,0,0,4.379705135541592,84.5795422717617,108.43905511953815,0,0,4.783670396746212
1,51.304979532467556,ex,32.62123061654807,0,0,5.209097713056228,87.06271704494407,112.69281400297051,0,0,5.414388838928421
5,66.79007492655589,non,37.57659276302621,0,0,4.929850449129766,81.4099415725901,137.71502158258915,0,0,4.412883129112973
5,84.09204344448871,non,29.43530644596053,1,0,6.218575610561229,85.74453126974602,138.7986568639976,0,0,3.920621820356587
2,72.41327053639026,non,33.784587356870304,1,0,7.558940952557803,90.72798034917999,137.2446020110619,0,0,3.685798138074492
4,56.376895162593456,non,30.452897713887374,0,0,5.344765073265459,87.31036592674157,115.45295178885776,0,0,5.898770532253678
3,49.006438244468434,non,36.28033340991148,0,0,4.92842432095613,88.78691313214159,121.3608198885672,0,0,5.109274554632852
2,67.2268680931654,non,38.86347508183803,0,0,4.447172011872478,78.56512312543289,136.46823742875154,0,0,5.39425028490272
3,43.72663686673175,non,31.541489928750437,0,0,3.910905321600783,94.0497114510103,93.80093263389838,0,0,5.42863358493805
3,55.49848838589784,non,30.98041211403073,0,0,4.112741883334143,85.77829816934685,106.89036435632705,0,0,6.059575458643031
1,81.64558741472956,current,25.999487190211777,0,0,4.1616852930328925,73.94897841892099,136.97856285776325,0,1,0.7568915352823684
2,78.8613221428268,non,27.786897722286202,0,0,4.943911891191444,76.82484637016893,119.10761484824641,0,0,5.061960917155731
3,60.73643696180883,non,34.35053645607254,1,0,5.806332076971763,78.43530026563113,139.3766519375309,1,1,1.10529519758826
4,77.66841409413843,non,22.890704043021938,0,0,5.616518456972417,85.70016859457286,134.82487161954612,0,0,5.010577839870324
3,51.30184781582424,non,25.060584415455246,0,0,3.80807088577962,82.92354863822796,118.53915441794706,0,0,5.573419545089765
2,38.84607978922986,non,38.51155005731911,1,0,6.8278471172899415,89.56556772811157,146.30925244769523,0,0,3.5233461403399593
4,57.80348586481871,ex,24.705699672710185,0,0,4.144541859771838,92.47223628048974,114.13571685678087,0,0,3.9493239239381914
4,39.9467354125507,non,29.1219600873377,1,0,7.411986675606286,89.2256044505592,125.35467063579725,0,0,4.876391188541167
3,40.092416899030795,non,23.84131702632605,0,0,3.9600280473552685,97.83275944873378,129.49967863170667,0,0,5.108753173924683
1,30.557938342671463,current,27.92434992260765,0,0,4.139561738891404,94.13154734050009,115.43532982887648,0,0,6.067991759750662
4,26.82293214178363,non,34.869412289954475,0,0,5.315326899610414,94.17573571690798,136.76316725920876,0,0,3.6971683155559303
3,32.03719620620251,non,28.402698946637653,0,0,4.396450495783554,91.38602177566895,123.8678566419172,0,0,5.7382413971987365
1,56.17237060955229,non,26.41489701021779,0,0,4.61076763742303,88.65183636228686,113.8877998441901,0,0,4.145390403465696
3,45.11796260213241,non,24.522753189327815,0,0,5.160804654258237,88.62866557447691,120.25650273751332,0,1,2.0135247028655354
3,39.290972676862296,non,34.095897435251736,0,0,4.68265145405495,92.12513616076623,113.9933854226004,0,0,4.396361631233143
5,84.42073581026688,non,26.02716094843081,0,0,4.842262060972842,81.6396408334323,146.27050339010282,0,0,5.579180808751602
1,41.774291382888734,non,23.85636884401918,0,0,5.179162416833834,91.6438800953132,126.7283709318085,0,0,3.71364333769893
5,66.59545072006324,current,23.472215704066613,0,0,4.864636156711156,82.5426215683063,111.2868035302731,0,0,5.302822387174679
1,64.87705431591901,non,29.605097524418213,0,0,5.717557874120612,88.97165257340092,140.19754613904462,0,0,5.518180262666162
2,69.87877390862128,non,22.174948312833738,0,0,4.772369671574952,80.69709643558137,113.22265809294227,0,0,3.9429853359032454
2,35.556748428537595,non,28.943163495583,0,0,4.684214453165401,84.90098624679894,129.67697949341445,0,0,5.782742659897659
2,67.68475016327262,non,29.40610880571442,1,0,6.35172009204177,85.89692432221386,138.041769632026,0,0,4.580916914742975
4,34.17052021565128,non,19.260647391140374,0,0,6.146491086261865,89.02882406505114,94.96495641695493,0,0,5.390673957053922
1,70.13411839687029,non,27.641597349468398,0,0,3.7652826952374427,83.88435731141327,136.1880340307813,0,1,2.4739379463524838
3,81.72431977840667,non,30.834185721407994,0,1,4.695982243202331,62.18461236939267,154.28861044755362,0,1,2.7985304426095237
4,26.510869399491128,non,32.298567197618524,0,0,4.263905463344406,95.61637538409104,121.34934521164098,0,0,4.615394208355395
4,50.74932763111268,current,27.55552545896064,0,0,4.311170206292526,84.62902180187773,125.31969097109464,0,0,6.236118580428782
5,66.98408980728578,non,32.19606381535002,1,0,6.868045933612884,85.6910847554115,126.32793898844675,0,0,6.1217275775351645
2,62.76620603880943,non,29.765563528047654,0,0,3.8246750396723943,88.11758586350292,129.52929293623967,0,1,4.32477407424042
1,84.73478622031553,non,32.89992922042283,0,0,4.4710398072423425,81.98013100968808,152.52267370695066,0,0,6.08318653643206
4,57.87966208751794,ex,24.19592190882619,0,0,5.345302386891483,90.72106504638228,112.34885835476003,0,0,4.911116539767005
1,31.483216928211824,ex,37.32932546582031,0,0,5.119263760416419,92.46170584786226,146.76583872021507,0,0,4.52607824428507
2,76.70491577177037,non,42.195597206137506,1,0,6.296635042151095,80.43970207343126,159.26686383072337,0,0,3.9386624716365874
5,25.612492202124997,non,27.764727137870633,0,0,5.205010482897129,89.4847938342628,108.32038102866353,0,0,5.117110308996076
2,50.888894806199055,non,26.241265479566483,0,0,5.105525326060498,85.66502680911546,131.6295374536297,1,0,5.5589987698447025
2,67.69036051082499,non,28.318192922141677,0,0,4.926407190460646,87.02936181318117,147.99543062994115,0,0,3.706594973410995
2,29.875865943786025,non,20.890890803902394,1,0,4.668422558065436,90.02740500887776,141.07231896620868,0,0,3.791507923644566
1,61.87447457624725,current,34.33342956873309,1,0,6.228522629627467,85.26693294590255,181.60800070280834,0,0,4.397030997656521
3,30.428997651004423,non,28.55511557754669,0,0,5.499346815204457,89.68535014125159,138.55823597330664,0,1,3.221964164882911
3,54.36196408164526,non,31.646098587485067,0,0,5.483021105294494,79.75334370648659,138.59526986734087,0,0,4.764478570638292
3,57.66313774067784,non,25.349684215702307,0,0,4.162526154194301,90.56973178436984,107.44344650322029,0,0,5.655517505819264
4,83.8074374114259,non,28.269815344139815,0,0,5.645061462494752,84.64720877807713,135.29815377157394,0,0,6.191801823065443
2,57.88428967739734,non,26.756664814375778,0,0,4.446946748896027,89.20406438127695,130.10073870961713,0,0,4.603984804149448
2,29.098678328120634,non,25.561175977941602,0,0,3.9494974317174245,91.20697102673529,102.50778488146804,0,0,4.2921115591027466
4,80.26022358845438,current,30.070871190974557,1,0,7.471893771301191,68.5393244303138,129.17637646065327,0,0,5.590903490608626
4,39.82597187201033,non,27.02552912518198,0,0,4.6702802186416745,84.50623935464641,116.22414593078209,0,0,6.183834819586725
4,28.05807342301857,non,24.19186110952733,0,0,4.6344506247422075,88.58284726935916,119.2190064021907,0,0,4.580737953357121
2,69.11363038573862,non,37.04176041569745,1,0,6.460937154888791,81.99312626286327,143.22015686789925,0,1,4.756404511207156
1,56.93024398079551,ex,28.934534380677402,0,0,5.118585846146783,92.3674955211072,117.9757833515415,0,0,4.996197852941098
3,39.23489744603904,non,31.496863957601313,0,0,6.010714131393534,89.50037952165277,114.39229623139279,0,0,5.645715258497093
4,76.83276445240615,ex,27.482591776898882,0,0,4.904841372096357,87.25159406880873,134.19276616083783,0,0,4.337366163368708
4,52.67682527712738,non,32.08623878117842,0,0,4.215012981917975,80.96779937782276,115.61468182726702,0,0,5.823530357890416
4,29.464970567617804,non,29.798700231722805,0,0,5.593932302187263,95.42658520270824,125.37511209650015,0,0,4.093964630417207
2,71.79424432754485,non,30.15507123653688,0,0,4.701303425876643,73.53900863494013,143.18150336726927,0,1,0.44791050675266453
5,52.354798269718515,ex,25.781646877360767,0,0,5.124353865881624,96.18456673194949,129.95348221209855,0,1,3.3005538576232034
2,76.892040207263,non,36.8957760394826,0,0,3.5715437769459104,85.31329776470595,163.94765974871729,0,0,4.564914360787082
3,30.701185597148243,current,29.59124263426444,0,0,5.0428527674989985,90.1826417232825,98.81766619130812,0,0,3.790357555658348
4,39.34732699356624,non,21.86186267155926,0,0,4.439451611370683,87.51179266023657,92.07449878943598,0,0,5.401041518873265
3,65.46270121644989,non,26.53920716749467,0,0,4.778355785439303,79.02681718829699,123.17810061647364,0,0,4.681173285936065
1,64.93028076480935,ex,20.081351840914444,0,0,5.709370609889111,84.39755069691726,135.83218420382457,0,1,3.4252298038234636
5,43.03711585844974,current,28.177752338733217,0,0,4.276656823341826,86.67098204388753,125.76871878946702,0,0,4.399272008759621
3,74.31208905124564,ex,29.837903763382172,0,0,5.367588421505974,81.889699933384,118.51757633108357,0,0,5.9605025553324875
1,63.764641583439825,current,25.640394016379034,0,0,4.37283238744047,86.34672445790054,148.85851226481927,0,0,3.7430352162972067
5,58.81194060283553,non,33.9243302044578,0,0,4.75443765166155,75.87557721400317,127.94297454522007,0,0,4.321927595761952
3,31.989309542402687,non,30.615117574455887,0,0,4.887182344932674,81.11605039452634,114.71880452287121,0,0,5.71066555148421
5,64.38063661313238,non,21.30125438610241,0,0,4.47767844700487,84.07345804604388,139.82387502138096,0,0,5.509541692417998
4,46.17328545983336,non,27.028215082843865,0,0,3.7334440644282076,82.36299159272157,119.28621789565173,0,0,5.944397063604973
2,25.88166995051143,non,33.8799613844494,0,0,4.617824048072255,87.75507658918151,122.75473502287336,0,0,6.150188796345137
3,41.99606380166889,non,33.15034272786412,0,1,4.101002982887029,74.90133519340935,117.74564392862753,0,0,6.15723708522432
5,37.4233813509385,non,29.123358069177733,0,0,4.9778521662471045,94.90100067590387,118.00393835160105,0,1,3.610006753105482
3,29.307728901863264,non,27.89719990128533,0,0,6.566418418717687,88.50658857220887,124.39385593079966,0,0,3.5558804862835762
4,81.19252671176264,non,24.043843816634503,0,0,4.849309983277076,81.79828498753744,123.04019105543588,0,1,1.0069383105656837
3,63.21846436647137,non,35.95526904211975,0,0,4.3692294272032575,86.77947371613631,135.23026622172264,0,0,6.119493523080104
4,46.435953961565374,non,26.630747580682485,0,0,4.722676358439916,89.71130545891693,123.36279098124189,0,0,4.634424623718492
4,35.999261426500574,non,30.212337736302587,0,0,5.2212840960636,96.01887171857481,101.923532911978,0,1,3.380776843291825
4,70.8199650881021,non,30.47699640850328,0,0,5.050857959154466,75.70131024065134,120.28385148239956,0,0,6.190118121400732
2,61.34696220565108,ex,23.19480157301553,0,0,3.939995736629396,87.88999298751428,120.3150016705643,1,0,3.7884328891898487
3,60.49403283809325,non,23.5926289274024,0,0,4.875485267906629,85.863755313922,104.84541489049582,0,0,5.9162463901422875
3,30.623095201941652,non,29.957419639773665,0,0,4.759842282529818,95.32572550502704,102.89175038338864,0,0,5.173247721735726
2,60.997435851666744,ex,25.849933208198742,0,0,5.43308746050442,85.00681320172876,136.15513207038913,0,0,4.47648496865849
2,50.54760236087901,non,39.74113960596635,0,0,4.790508663230368,77.45431218165076,141.73317672183776,0,0,3.422171118937421
3,83.78380206862141,non,23.41996130688101,0,1,5.251208184960693,55.67042123136797,108.08604995165936,0,0,5.751526912349492
1,75.16527978908937,non,23.418230266122457,0,0,5.781246548083757,84.17214478121288,120.03444818521756,0,0,3.6817740408355197
4,82.54710903524801,current,21.89208771364162,0,0,5.322361183549647,77.51366091602506,114.2032346026309,0,1,1.661389994676951
4,63.55548836059436,non,30.28542075107177,0,0,4.5560155613392475,80.18838194333199,129.2530307247829,0,0,3.541568422862796
3,37.40731745251122,non,27.275792372431887,0,0,4.968199241853266,85.3561021096971,113.3444724873357,0,0,5.3217672290926625
5,39.316767251500565,non,16.0,0,0,4.383902372257916,84.1352386164352,120.99952948428431,0,0,5.983610981314908
4,29.60680896058302,non,28.222938813449083,0,0,5.530828975214884,85.43147086152119,118.20458473174612,0,0,4.584829841235862
3,48.82656412244297,non,29.706773131057595,0,0,5.592486458171779,81.45796243335053,107.78175542737235,0,0,3.959025342604576
1,33.46015195270701,non,39.976124349795974,0,0,5.770496021730072,90.52946220538207,120.7446420589177,0,0,5.265327652031256
5,41.419707696440746,non,26.261656935637124,0,0,4.631084338609093,89.22876597101026,131.76962601230943,0,0,4.923098633727407
4,33.301757795004384,non,27.058889810624866,0,1,4.914854921494712,65.51334168018565,105.55546197687198,1,0,5.253967261320556
1,28.8766054914578,ex,35.85381021213266,0,0,5.158113211083343,85.07375119779286,124.50513177846321,0,0,3.8715374632549517
2,68.95545940913743,ex,32.32684833171609,0,0,4.125837590506654,76.92270137226305,125.79631866279952,0,0,4.139574629715418
3,43.835438847920855,current,28.109206547600436,0,0,4.865656739468033,87.41933240480624,116.42014303546568,0,0,4.357584509937715
4,36.743731427712106,non,26.39300127869679,0,0,3.578761703569545,96.44216830439652,112.61540128922714,0,0,5.957578383043445
4,69.94819021115597,current,31.187786505634104,0,0,5.317789019345059,76.94233671940714,134.06187875150698,0,1,1.8928070050597745
3,33.49503222793473,non,32.10536647336896,0,0,4.477892228939722,85.77855904572512,100.58351156000802,0,0,4.708072736517033
4,43.95798949426129,non,20.369781876651018,0,0,4.9551881564762565,94.58122707661387,107.04191955247265,0,0,3.674493914139746
3,66.28584416144344,non,27.133587596255207,0,0,4.21484479209395,86.14927556424365,132.56175502640687,0,0,4.403857128342208
1,65.42399828380115,non,30.728782591697904,0,0,5.525182246158714,80.87989884201463,115.74468650148034,0,0,6.354474266395917
2,26.57743056717279,non,23.117992403167666,0,0,5.249543082930708,93.83972276833306,114.55246828040251,0,0,3.4525592616184553
1,49.342663316694924,non,26.74916875788954,0,0,5.043266800223295,90.76379940538635,116.46257984946614,0,0,4.1518161808159135
1,46.68559287849978,current,20.465782382178617,0,0,5.557772864002581,90.91674703897343,121.21726928178144,0,0,4.254667166611062
3,35.7447472412649,non,25.44653307707323,0,0,5.6974979504015835,88.29457185361005,113.5436014201758,0,0,4.309632955076397
5,39.55598307884906,non,26.034203750485915,0,0,5.2179294216067085,89.52096976719902,107.29934850636616,0,0,5.2843678408518535
4,64.9338116148565,non,33.73489754382586,1,0,7.343810514672378,84.58022668934332,131.9763759995148,0,1,0.4430927008540756
1,82.01413090862583,ex,30.34533312365539,0,0,5.5167495885268965,82.0769764591292,124.76374653623387,0,0,5.223816882186588
5,83.23778322859383,non,25.76675823209914,0,0,6.096593610680319,77.53528527506843,141.66590070168414,0,1,5.799413075638834
2,83.78705240233052,ex,35.379857756832,0,0,3.9738395947381546,80.50550479250039,144.9452287776245,0,1,0.5338008870592266
3,60.64152004927317,ex,29.213986949663337,0,0,4.609014768957309,82.88066045215959,121.92694483236086,0,0,3.5973872684646837
5,42.36474562974614,ex,26.41354966348493,0,0,4.161700429524043,93.21070230239432,117.20679119953724,0,0,4.413989345929698
5,65.46816231927737,non,29.3446362986869,0,0,3.25354505436536,88.51174518725718,128.21141274156827,0,0,6.372175399740266
3,50.39426175522688,non,27.82184331232322,0,0,4.541971027248917,76.99327215940865,117.16213531012872,0,0,3.4703877037393993
3,41.896467447382506,non,30.74170419293009,0,0,4.8126882074321875,92.20095467534937,121.15582494956247,0,0,4.691468332203731
2,38.961717621923384,non,39.44922758727512,0,0,4.504778504284585,92.22549173768688,115.7464985575231,0,0,4.560577074646723
5,26.909292860608073,non,29.837759819581713,0,0,5.529716770406477,90.28779588929906,102.363335945398,0,0,4.838978804281055
4,62.40257146114169,non,34.54836992414305,1,0,6.207384228755764,93.09465140410089,140.36363746328553,0,0,4.218438322977919
2,79.95259328193954,non,29.50435373228685,0,0,4.27823024468748,88.74813856371902,145.26353864540073,0,0,4.161318835333173
1,46.871680193843304,ex,31.93501196722395,0,0,4.961097142756666,88.91146799447058,135.08265772950585,0,0,5.097260315803596
4,35.094658836077045,non,30.139859171039387,0,0,5.2736710380259915,80.4752991072632,107.94497460455918,0,0,5.449048465193296
5,74.54215026563398,non,28.770125877423876,0,0,4.611645236651025,88.81325847799144,132.06540513069106,0,0,6.06025522955715
4,48.4451404886787,non,20.794967655950117,0,0,4.879829637332551,86.1802834124147,110.32152793694881,0,0,4.296489738153723
5,74.92375418855916,non,28.53217126907603,0,0,4.7155321650957,81.14188039550355,150.89953349202284,0,0,5.681082854938352
2,61.18035851659196,non,28.02508953996331,0,0,5.787659015764137,79.45441797344823,136.44976250255294,0,1,0.8688278412460293
5,47.12993311150577,ex,30.97273687926962,0,0,3.9903743814773374,84.15456606692302,125.49887995020661,0,0,4.631323448745115
5,44.408720112993365,non,23.069204128712983,0,0,5.466185991093933,83.45277493161174,89.93387177549604,0,0,4.790303759304907
2,58.31535487210744,non,26.52412133394774,0,0,4.73116518666924,80.35535276122711,137.08256742966347,0,1,4.728436374652864
5,52.112023173425165,current,31.10525880236702,0,0,4.698180888261921,92.26096633767656,119.15007298166664,0,0,5.058720464143229
1,54.54932344676912,non,22.267801141169556,0,0,5.473962940762291,80.10476470891703,130.9542528644624,0,0,3.975461186315906
4,38.66605178256301,non,27.503047606705493,1,0,7.016266842247564,86.52524305058485,126.82766479967376,0,1,2.944060536515763
2,37.54789966551029,non,31.535194261069535,0,0,5.002230821060849,86.11080768668398,123.00589113305723,0,0,4.930125770631935
3,65.0365345781856,current,26.84194592944332,0,0,5.44216989081658,82.192687189826,125.14431742583768,0,0,5.872844058706782
5,33.788286998181285,non,31.978672559595037,0,0,4.5885996746060425,90.2936170422697,109.44743632736751,0,0,4.316883153744495
1,36.479127525760006,non,18.622447504740908,0,0,5.152845979129472,88.69932385424755,110.90618410255416,0,0,3.5923540372981706
5,43.42440060309722,non,29.414474699443062,0,0,4.299124440688878,83.87270968568447,94.35336735580739,0,0,4.633007700956063
1,41.54270092693382,non,25.67114868150455,0,0,4.559299077305848,87.6233597866119,101.24556402779056,0,0,6.3370160492407654
5,76.17104199853873,non,30.176771819331055,0,0,5.213504968335092,84.20675977386904,149.82351712639968,0,1,2.2865073301532437
2,57.20892006744571,ex,19.689073391627797,0,0,4.1322373458958985,84.4287682826117,123.44374809408131,0,0,5.446450501536313
4,74.02637392685459,non,25.03379199271963,0,0,4.8684532471788495,83.59384150462661,155.9623915870962,0,0,5.95514107746914
3,69.11157392964373,non,26.61298377468621,0,0,4.870899420754563,83.91566364428424,132.86561621711604,0,0,6.2508019779465185
1,82.97829173616486,current,30.788786733919896,0,0,4.165490590253163,82.92969750458957,138.00524681853932,0,1,3.8842540717026006
1,66.90145725964348,non,34.42056952135926,0,0,4.633622004501449,84.15056831119705,131.72998408827888,0,0,5.434503174450136
2,37.2128969384541,current,24.76066779684788,0,0,4.696171768057891,86.46861183946764,119.21356116028207,0,0,4.1547576650449045
1,78.79360216697759,ex,30.255733956074575,0,0,4.354322491136434,84.13880913675106,135.83459554541986,1,0,5.565274460717674
4,40.114607403793826,ex,29.261633594662513,0,0,4.349321809904483,85.21796457389586,124.95330594522211,0,0,4.386389425963111
4,66.27445082237028,non,25.599866662576208,0,0,4.004512722668438,88.43203501932506,126.3666555215269,0,0,3.765548733419505
1,47.84342982575319,non,30.417755725516095,0,0,3.8839789879579323,89.75257029851974,134.65592459101543,0,0,4.418259231354621
1,40.30965811339281,non,38.2247319813908,0,0,4.731890159039341,93.90196679615062,138.56120229878164,0,0,4.003240935235706
5,49.42987323641812,non,19.933255009517573,0,0,4.844099274661322,94.7586732054466,127.03649872758048,0,0,4.868474796428243
5,62.739833553063846,non,34.667360387267365,0,1,4.041798359583709,62.85100557552544,125.91049570426078,0,0,3.834776855101244
1,64.54254064739442,non,19.19904511987248,0,0,3.5025946697795542,83.8618993020668,121.57156231758904,0,0,6.375885641145548
5,80.3536116846563,non,27.233370878083228,1,1,6.985550738673683,70.05328881961458,120.0250706424983,0,1,3.5994907416032813
3,26.215102795323368,non,25.531679609905225,0,0,5.285658404694353,92.26928932113356,115.86929458216225,0,0,4.363077166888351
2,47.91939662385479,non,25.71696191121326,0,0,4.680251509935703,88.31416187547322,101.06564763072629,0,0,5.948929873635149
1,42.12792172201229,non,26.02912388302882,0,0,5.611006033810612,89.0859908749218,114.26830169713125,0,0,3.5071416385952574
1,68.51056977452521,non,22.786651564741884,0,0,4.91724093442665,92.92872996802488,137.92214271954626,1,0,4.907267157763047
1,37.19573651708609,ex,29.948044241977378,0,0,4.922195961013231,85.90680350879273,90.49243623923248,0,0,4.555704248466798
2,61.18166244923205,non,26.61968702016903,0,0,4.763892644556921,86.7853301186986,129.0029444146317,0,0,4.2129125514127574
3,38.53247515829111,non,29.742614334025937,0,0,4.411719943289562,84.77735872857721,129.90833409704223,1,0,5.886213239702512
1,57.37322803129855,ex,23.361860570376116,0,0,5.173463348359539,70.00171324223183,109.98469769688822,0,1,0.025666973012340735
5,70.81782800515956,non,30.68673375436299,1,0,6.929211181070365,85.78712464223129,130.99714631006452,0,1,3.818004768020085
1,79.34166058350907,non,23.770289498124225,1,0,6.919634774675072,85.6977419802006,132.10625456319352,0,0,4.5216115249295
1,54.12851167252333,non,31.908800621740646,0,0,4.156982291997508,85.05725936458441,93.61537594394083,0,0,4.70651401872075
4,84.8235702035131,non,26.55796582774816,0,1,3.2349430242739095,66.22189244313762,123.12532156650174,0,0,6.118336488463095
4,49.64952549164429,non,33.87992025394364,0,0,5.302444907703148,83.95029245972141,108.8733079859179,0,0,3.484767001875569
1,59.10635462248673,non,34.981597165302375,0,0,3.82262452374229,86.11454510954704,141.2142694814305,0,0,5.643171387458134
1,65.11560871369458,non,31.71333344983558,0,0,5.469388610348925,81.40013483028196,129.4225361977268,0,0,5.759006318320631
3,81.2437358332846,non,38.33933916470485,0,0,4.934695319669978,85.26392841922392,141.2117849067734,0,0,5.501026691537672
3,68.28602834131206,non,28.350202052599354,1,0,6.478135752591309,89.23961926372078,136.84042064273254,0,1,2.112480810668907
2,62.99371742570594,non,29.049985692373024,0,0,4.443563153140369,91.31409969971531,143.42810911142587,0,0,3.9057070785127705
5,71.73861417564916,non,31.937582855016387,0,0,4.521820427271721,83.4337906764806,126.22369182515475,0,0,4.59399835382537
1,84.38732510368283,ex,24.308159233514438,0,0,4.8860835938048774,79.01534374962428,147.5547380036027,0,1,1.7917589216313154
1,83.88807073266514,ex,32.546752783192645,1,1,7.463204190164187,71.17954344830679,132.7075348783118,0,1,2.9764322582076583
3,76.60922347072629,non,35.02443785886143,1,0,5.961374287114267,87.6715580869323,135.02075146799348,0,0,4.392102272053299
1,31.301814937555378,non,23.32644294118498,0,0,4.967636058491277,85.1201738637709,99.75263503705888,0,0,3.5349054883172126
5,64.62317382903782,non,27.922123985337905,0,0,5.233831829717802,77.14339350355019,117.41413139387643,0,0,3.8975420097946345
5,59.413155038991015,non,21.872844896463917,0,0,3.793002998422594,83.47822823488971,122.76282003485268,0,0,5.197649485816803
1,32.12831657670187,non,27.094238482108338,0,0,4.187329651415892,80.7459972532746,107.37166924405602,0,0,4.77773755474341
3,53.80492057306621,ex,25.40720525695641,0,0,4.781192013410218,90.61808749474916,115.56257155280193,0,0,5.577374334573378
3,80.85376822370611,non,27.741736076643832,1,0,6.2144860595669,81.87188288918013,129.31100366754856,0,0,4.1090286877307785
3,84.41024672962718,non,27.477070074361283,0,0,4.461999289530128,82.39532124446465,126.9497207147538,0,0,3.900206558169253
5,38.25085002597082,non,23.012672811733548,0,0,5.287910196684739,94.44317672953186,127.29716416873569,0,0,4.219660846315011
4,74.99254341011164,non,30.783922948996356,0,0,4.680328434429491,68.94277006333871,133.96828202440355,0,0,4.6753896008426326
3,41.28884598070724,ex,26.348479775979,0,0,5.417865157509883,93.46276484618394,126.56659384581599,0,0,5.015844724559206
4,64.25459926055689,ex,35.90028425855875,0,0,4.730114199742576,91.66247959040692,143.78403444026318,1,0,5.296064199635864
5,45.841608579887364,ex,32.23755586741409,0,0,4.41430785995127,82.35744757510538,115.10171024740623,0,0,4.03829915133093
4,35.06868945855613,non,35.55562713211317,0,0,4.9059071023176015,87.0600779721376,103.67864039586787,0,0,5.14916424225615
4,62.58152405300827,current,30.73510857618186,0,0,6.136297646816786,86.26103096995014,136.25896608089022,0,0,3.7972413422142286
4,69.16132162348208,non,28.255035149100795,0,0,5.2236306298012405,84.4757881531903,96.76243399012515,0,0,4.9059856761945495
5,65.39875470215492,non,40.93346699122716,0,0,4.24256463039098,77.6534319796532,142.92691581791,0,0,3.9443459386319395
1,42.533382816833395,non,30.176326747073855,0,0,4.817686729665749,85.74935742428981,123.34626188900744,0,0,4.370833745857993
1,37.02176100760924,non,31.05975196019194,0,0,4.885572125367869,88.58050819867901,115.62180069228722,0,0,3.517821427552035
5,37.278900719489144,non,25.102353109583078,0,0,5.557738360561714,81.98437056372566,113.26437652092889,0,0,3.6265081827564436
1,70.57976795099,ex,31.255570967575295,1,0,7.048254956938845,83.44194051879255,147.2901569156128,0,1,5.187684702221176
1,73.84626341966984,non,30.274940288058286,0,0,6.532508996091014,69.56618928028522,118.70911382481992,0,0,5.9489325304739165
1,63.36863547287838,non,35.35538991360821,0,0,4.796657884912038,86.79372913903092,122.22085459448212,0,1,2.257843545477968
5,82.04441373666165,non,31.73786408926388,1,0,4.695430701517402,81.72865369854325,150.84421000431507,1,1,1.1249219176377345
4,49.3123593880172,current,32.40269332735814,1,0,6.7287237528113355,92.54908121700045,106.70906923750861,0,1,3.9202300897517377
2,68.90005554953237,non,24.90270915115324,0,0,4.834590282139426,86.30992557133234,107.0795248170646,1,0,5.949892874094083
5,47.47400497061954,non,21.058763690117267,0,0,4.9548788201169325,97.62249615459385,113.91844383609488,0,0,6.137656172275179
2,77.58855271790664,ex,30.85436979598488,0,0,3.6372685816584385,87.60642436650272,149.15029734473217,0,1,1.4696585492572212
4,26.525442239471843,non,25.321988033258894,0,0,4.14194527601682,91.50338419509349,115.20411265257471,0,0,6.390514287553037
1,62.44859202718707,non,30.874078587886796,0,0,4.329079896475926,81.00933801723737,134.770327190723,0,0,3.5960404832644293
5,27.5787132875417,non,25.41054924176036,0,0,5.0401350234646385,103.78779794845642,116.78186585447322,0,1,2.423446004946543
4,50.8843059711409,non,26.095506148424796,0,0,3.7759243321427403,86.83620710214127,112.86701706120586,0,0,5.109241405865477
2,74.57053482070863,current,29.422026981941134,0,0,4.95888339971224,85.20454133777565,129.43281258391906,0,0,5.751999980542423
4,31.123021922369034,non,27.423592117616867,0,0,5.292273003394812,91.03675060446402,106.47764039582461,0,0,3.9736386884021213
5,58.7671322381552,non,26.661966890409104,0,1,4.930630904179182,77.69723456900658,143.8172587452124,0,0,4.15303147318269
5,75.76445155243567,non,22.817247785835427,0,1,4.345702438576907,76.33034209302748,119.69173863571594,0,0,5.545893186756825
5,55.15688617930637,non,22.79654617031474,0,0,5.118108847087164,81.51455098433998,103.76855214558232,0,0,5.807794842475451
2,30.074460938732592,current,32.59714036208207,0,0,3.548937182390801,84.98759127615223,110.0818459737412,0,0,3.680756410012682
5,36.69105203284721,current,28.645449332731832,0,0,4.331093419610976,91.91894043171187,95.87086558311088,0,0,3.847174584556174
5,47.16491422136711,non,34.70508279624228,1,0,7.101457147073199,83.00946277999518,151.7117247921463,0,0,3.7640080046143143
2,77.49719857399134,non,31.754779894847662,0,0,6.014369077263857,72.07170294664249,122.82458835028869,0,0,4.952341561907265
5,61.42702572587051,current,25.424812605284433,0,0,3.5024028445077313,90.5998837077266,133.44505977218503,0,0,3.9867461252161105
3,36.48236784739784,non,19.51420660138225,0,0,4.3764369058077985,85.7169527490243,102.78237347532199,0,0,6.32618796966465
1,64.84122428105798,current,24.843464448112744,0,0,5.078636081398308,71.69682474952961,121.40572777768892,0,1,2.434088705077318
3,46.74839472046652,non,30.635980924415918,0,0,5.1171808666532295,81.70287006358463,110.09605251711355,0,0,3.5525887857501104
4,48.072580871565556,non,23.830689116484628,0,0,4.462659948102882,93.38239493946058,102.77781271637126,0,0,5.19940421811193
5,64.12149454839303,non,32.144947105877016,0,0,5.036697414324985,76.84135988401069,151.83682533569873,0,0,5.508943920424326
2,32.002253575546774,non,28.143721925116154,0,0,5.237353396272038,88.16999285521663,118.23091892141247,0,0,4.915531785993064
1,64.10277747059888,current,26.687373409186684,0,0,3.2934124840889183,81.81546953429336,124.75282207684396,0,0,6.153274016867856
5,77.65591199909383,ex,27.585329625378,0,0,5.800014575259929,79.40485019942592,115.45106435559282,0,0,3.693174253781278
1,81.51231938551463,non,33.99621352038115,0,0,4.34113814784779,85.02556803129767,140.7610764981487,0,0,4.22538838959589
4,75.41553637637892,non,37.1037566611885,1,0,7.05995605771577,85.60277385164952,148.91720497990818,0,0,4.051431868352031
1,76.01594890222647,current,31.396393082659202,0,0,5.717449142983967,82.34095265767203,109.8491442682353,0,0,4.35861501866201
3,84.48628133884137,non,31.16719183896658,0,0,4.851085370207751,78.19816661963998,133.5461270532695,0,0,5.727923586647693
2,28.411881961868854,current,23.99139496188259,0,0,4.163735415388043,90.219410815616,111.71452934343802,0,1,1.1436885309324314
3,78.12552712822435,non,33.793223911951124,0,0,5.446980578826295,90.2273236907053,135.3836261328988,0,1,4.554782242571572
2,55.315737000093506,non,36.88231139360741,0,0,5.108689554790572,85.56435230110064,128.33868756555322,0,0,4.576480238193406
5,82.63882059114823,non,32.91847803807302,0,0,4.769959237851519,66.8281034553219,130.6235080318647,0,0,4.986673675659515
2,35.82662117002264,non,28.65101854414612,0,1,3.8252550074235074,72.00392787604162,110.57142034843743,0,0,5.418564220053971
1,38.9677216304503,non,29.676229738292832,0,0,5.731099824278524,92.87195237210369,108.53457545976597,0,0,5.677867113812837
3,83.54942643523931,non,19.68402056500606,0,0,3.7663250825951993,78.66906731764422,143.04532518241822,0,0,3.9139204445902642
5,58.891770939372414,non,26.185089769070437,0,0,4.485590775769185,89.73385630320236,112.32751534109349,0,0,4.702807007958017
3,48.44404802031539,non,28.17962341772197,0,0,4.5811635932324,92.98424516306189,133.90668953930762,0,0,3.5243878529488843
5,70.33233565214098,non,29.120809713881204,0,0,4.66516231343886,92.41499468876403,102.18868141078966,0,0,4.094295171515184
4,72.36667291345509,non,40.134617872421714,0,0,3.955648013136139,74.9218316500508,152.11871376712796,0,0,3.887852732942698
5,49.94667206186985,ex,29.71713304393614,0,0,4.903711840086963,94.33185212729013,113.67150134885159,0,0,5.128606410783265
2,75.53992875569296,non,23.28983417873199,1,0,7.592834687934452,86.18685610761622,139.3017148057614,0,1,0.738405448757592
1,32.0846787854038,non,23.521264490387495,0,0,6.215564233181922,83.6063478484649,122.82192532153725,0,0,3.877976168243127
3,51.178495535164636,ex,33.548319077133534,0,0,4.253915183385143,76.63901006191355,123.28653980319478,0,0,5.973036279680558
3,47.991202622037626,current,22.693897699156153,0,0,5.038505569241241,78.42607155775698,124.02398087729607,0,0,4.844857994506348
5,31.83478613880322,non,30.426734171007148,0,0,5.9927835944542585,94.50222671269292,102.68993436625884,0,0,4.121113840231398
1,54.06672167928107,non,28.91245401084301,0,0,4.850013270895032,85.18930318050306,117.59609399344802,0,0,5.477648764219802
5,59.088362590107245,non,27.584892339600863,0,0,4.9424685875432495,87.98274818223565,132.15730415084926,0,0,4.900661948990486
2,25.455315070564215,non,33.84970718892498,0,0,6.290942581495539,88.0377074461432,126.06768076701988,0,0,4.5210714590350785
3,55.8170210941642,non,32.32010384242021,0,0,5.087021801928959,96.69505480160976,136.42242544398425,0,0,4.566764933469039
5,46.10483285127449,non,26.066201553483275,0,0,5.443831746104478,102.29593030403495,95.84863633217313,0,0,3.6091418022331574
2,41.78179215030833,ex,27.027098023539637,0,0,4.159266951502753,83.14822250825117,124.55870559058893,0,0,5.980650667360713
2,76.92525899904908,non,37.508982212479495,0,0,5.514530586087072,82.54980780369863,122.96635352129536,0,0,6.325150594323626
3,82.71897418474032,non,26.204776698090054,0,0,5.128890453561177,75.9271327256523,133.99623432405244,0,0,4.134328378772865
3,80.72379872313324,non,26.706271753086284,0,0,5.778304506263905,82.23035842310554,137.74406294387776,0,0,3.420213175189265
1,76.97834724073167,ex,28.186052439303808,0,0,5.667414726389762,79.45516586445855,141.85564559835456,0,0,5.670660020455625
5,81.91969580854791,non,33.45152533813945,0,0,4.4991849751204285,86.99020169175525,141.1198863693146,0,0,5.997105295228446
4,36.42450123440803,non,31.310952077447467,0,0,5.028609481479332,82.12658483070406,124.61094988699448,0,0,5.286098408305338
4,46.58237276644955,non,31.579478216735435,0,0,4.811451498386639,87.66968806154915,127.04127623665339,0,0,6.277331283114888
5,79.46418195663867,current,38.60750434820284,1,0,6.0220486695200925,86.94824438820535,166.9963259915999,0,1,2.3021506580516036
4,82.47997913287847,non,29.978069456025153,1,0,7.157048364565192,86.75841960225314,129.33733377572642,1,1,0.2735092296295975
5,31.89849524069809,ex,25.930699338854797,0,0,4.726421710751943,82.6645853698669,92.00711993815322,0,0,3.924029122998537
1,63.38831921254113,non,33.759407783783125,0,0,4.728099862314832,79.74677781794406,111.82860566037725,0,0,6.334113928904831
4,40.08364371811079,ex,24.43310287769812,0,0,5.265342606257123,83.69620212169185,97.10471423125719,0,0,4.987006765208673
3,41.173305273364576,non,22.57630147114586,1,0,6.5416852898167415,93.30698358099394,135.1430893391125,0,0,4.613517345113465
1,76.37990619955696,non,29.026970227833257,1,0,6.704079207344463,83.32126700873808,124.81567005139875,0,0,4.517080151507189
4,51.07423257999558,non,33.08549081361341,0,0,4.285033175144361,90.4249370922914,144.26846757129124,0,0,5.560471940644645
1,72.05784104210647,current,26.90849182531535,0,1,4.857948799445764,62.824941013116266,132.26755804225465,0,1,1.5939784042060268
2,54.36182394226489,ex,24.365769414789607,0,0,4.569395866803205,83.52109361949196,119.54013713621025,0,0,6.229743795416825
1,84.00585785478586,non,27.44999400835047,0,0,5.2301905142460265,82.79915626290187,126.28606816414501,0,0,6.084617695801087
2,36.3232885018151,ex,28.594053110414183,0,0,4.8539408819915035,89.59689277124457,122.23651757328551,0,0,5.972574961247826
5,28.992173267287843,current,22.283573488653122,0,0,3.9095658653413774,90.48382058009916,97.7643871355898,0,0,3.8824588463797762
2,55.82187921716853,non,21.481788293618703,0,1,3.598963728155104,73.07610351094283,101.51755572415506,0,0,4.223003818557331
5,31.42216823713924,non,34.70338799574608,1,0,6.842434754687952,95.1596688744418,138.07642127444242,0,0,5.3241960751875785
3,33.78573454881875,non,30.890632831143503,0,0,5.788322840206455,94.64725520599349,131.66210685363598,0,0,3.4636330914027034
5,78.51583521115599,non,20.969912125816904,0,0,3.991066984047214,87.21344101830172,121.20236910707536,0,0,3.5881525304848174
2,34.18760958638727,ex,20.848405348056886,0,0,5.0499202416878965,81.26134216195591,109.68911199971721,0,0,6.080897272987026
5,53.40885226757896,non,32.94740509794075,0,0,3.96632633462344,86.4219560400422,117.34518831100321,0,0,5.229043556015636
4,31.774278256603193,non,31.641477454290495,0,0,4.765127373289419,84.97083329475846,135.4742932025487,0,0,6.264816998756219
5,65.55241988514175,ex,34.52486309901802,0,0,4.6078664101312,81.65837095067994,113.73815041889968,1,0,4.866481945779524
1,80.8349158185593,non,29.64334196195224,0,0,3.8462419645109196,73.22902119187725,117.24880452509913,0,0,6.107469525516518
5,43.66355116622047,non,33.9203945148871,1,0,5.910253767170996,81.20223701633195,113.17706532346632,0,0,4.935500983666304
3,71.44009613738305,non,25.05142450823818,0,0,4.993689899479031,92.99050004522374,138.2754903519087,0,0,5.150407043457891
3,35.474756219659795,non,27.157486844986558,0,0,5.627676242777206,93.5233702856301,121.81595782020192,0,0,4.420991367193778
4,81.7072779690422,ex,22.224393682603335,0,0,4.482450996374526,78.9801729687248,113.26562282414136,0,0,3.806359762021456
5,83.36573843196645,non,36.19374841767235,0,0,4.700486726011864,84.66888607876159,136.64112881132704,0,0,5.927058906391791
3,29.833075792213013,non,29.662071379359364,0,0,2.8934810409378953,85.67606588708172,109.84596053376667,0,0,6.183231287319893
5,41.58361137589571,non,37.126413212257205,0,0,5.033698760295335,92.8955838251939,138.11746770879884,0,0,5.77168794056924
4,44.628525239567026,current,23.66085772901752,0,0,4.938711552420788,77.43712857102062,119.93997759732459,0,1,2.3149362682783625
3,56.82100491047897,non,30.3033727507157,1,0,6.719814305710926,87.62828255701828,106.70728771370035,1,1,2.9524835015010074
1,71.89799657263032,non,35.618948687461724,0,0,5.20447260807483,79.44067497383573,147.55498569573874,0,0,6.110207903106674
3,44.72861080293987,non,32.49544928794537,0,0,4.622471684055624,79.2948664054221,136.2394909967441,0,0,3.6063926840891884
1,80.31006979829303,non,22.22359627316041,0,0,4.550745547527315,75.12015590388452,116.80398653591851,1,1,0.9699583421896759
3,38.43019977145913,ex,32.339100925136194,0,0,3.9944868757515417,95.6472210015632,121.07057015960164,0,0,4.010338761766783
2,31.337020389125804,non,29.611311170060976,0,0,5.014799902996014,91.33013644028277,126.14367308410799,0,0,3.654028318053015
3,80.61712964127273,non,33.14565678267012,1,0,5.666779349394696,76.07280102330115,169.91110955429608,0,0,3.8522069246824633
5,36.59629319758396,non,27.823332380420933,0,0,4.607038185309696,87.23986540680454,108.43372369427799,0,0,6.083600639981891
2,71.51173072753295,current,32.575409311792285,0,0,4.409403686676593,89.15087149786082,130.77219835407817,0,0,6.040740213016621
1,55.72953073170873,ex,30.760228911211005,1,0,7.03306236830292,85.06715503106572,131.0597733281742,0,1,2.1965182957718903
4,26.018367381771032,ex,27.282767978286373,0,0,4.168107271054083,93.88097164805464,123.63412603943584,0,1,3.5524370332892103
3,67.38250612960661,non,30.01399298573513,0,0,3.9686525113648283,100.06076626342886,148.49493840468648,0,1,0.1822154754861827
1,34.654702814652865,current,43.532770180642736,1,0,6.500812643872163,85.69308070499964,141.0490944714152,0,0,5.354291769997485
3,55.22890330321724,current,22.945966769781904,0,0,4.785767110387077,91.40105470614789,124.93914048744921,0,0,5.259949251133694
2,56.63747498436306,non,29.02916749175609,0,0,4.064901145926489,84.62194827771788,127.09046707281577,0,0,3.574873195357867
4,74.08068509451476,non,31.84471208158796,1,0,6.154050275395185,80.65256116762336,121.14527919840403,1,0,4.846792879313433
3,78.60898947253867,non,28.759613947474936,1,0,6.513263230828521,87.25509998683947,143.68089905951902,0,1,1.2025814552877254
3,42.666442466115214,non,28.760469203615774,0,0,4.8276126909931865,86.41591609122264,128.08707929126106,0,0,5.162476840702163
2,59.47998401416229,non,42.065027365588,0,0,4.184869617028665,95.21443232201187,166.65153308159478,0,1,3.0015765430236527
5,30.914223783851252,ex,37.73019537360239,0,1,4.0231455755768595,78.39824930738658,117.7531389023704,0,0,4.425377711671603
1,74.05141493333706,current,30.48901567351749,0,0,4.314025213396847,82.15551389672972,113.76380046641944,0,0,3.9954236136643138
4,68.97176998513734,non,30.637257566367495,0,0,4.628187407379157,81.78849953584779,129.69742193627462,1,0,5.244595065412717
2,80.88479079281807,ex,34.94866241060946,1,0,7.060857328562865,72.13016817322426,140.73361967096898,0,0,4.996584436857972
4,32.71782417901097,non,35.24102564577052,0,0,4.868743424067361,93.71987061312086,106.11731235153825,0,0,3.7690207286681185
1,48.39609294922026,non,28.03125622441682,0,0,3.809890885876714,87.92800146759662,121.1531323597786,0,0,3.421424481217974
3,62.39381562414165,current,27.972549726348664,0,0,4.392977901360339,78.64198642069321,124.26111821974747,0,0,4.706055727521845
5,40.26116019676901,non,16.829055692015434,0,0,4.452751321419956,88.73567336641253,86.86247523881121,0,0,4.525956335495131
1,39.80940113677559,non,29.616099882168,0,0,4.001625355585987,90.8203255616926,120.06666944663677,0,0,6.010451955996615
5,51.793832131217755,non,28.933903217731118,0,0,4.327039214472177,79.12888327698603,106.39920895629888,1,0,4.4171212189656295
2,66.82021031413228,non,24.46011151201565,0,0,5.662396725451584,87.14684884466584,138.67786417569977,0,0,5.543146631040297
3,37.3248452995338,non,28.898512399887203,0,0,4.391153022956019,92.29902607818407,119.3079006541879,0,0,3.401649959022449
1,70.83854097769145,non,25.150659098014437,0,0,5.643597959874972,87.82163349775348,108.32144895127644,0,0,3.967310735971023
3,25.979625161961618,non,27.630621746393544,0,0,5.273352051726437,93.12120413448689,98.35526095530292,0,0,4.673591510827386
4,73.81923652580008,non,26.66298104665369,0,0,4.807098065486811,78.3937050949807,131.60542152565665,0,1,2.7241901944194424
3,53.538472655915115,ex,24.131508565581857,1,0,7.92992624414309,81.36242198966151,146.82325978031662,0,0,4.117411126814115
3,44.09530520561507,non,24.010639392609917,0,0,4.414890945880474,87.7737241873104,97.72837785486344,0,0,4.460818907704655
3,30.04031434791814,non,26.01814883072996,0,0,4.5935292865323865,95.10356099893507,113.86436126586587,0,0,5.621433721896638
2,33.13003178156631,non,33.34075019004321,0,0,5.546829276121532,85.9710513371477,127.9143649497362,0,0,5.77769144753549
1,48.44069875895636,ex,39.08534886901959,0,0,5.164098046833164,95.56680024877609,140.3528903336032,0,0,4.635527657983387
5,32.34338854144549,non,32.42155075954173,0,0,4.638116733262586,88.85646110540598,111.21527216327658,0,0,4.368790397100506
3,46.389053498735024,non,34.60997051251124,0,0,4.223532241842279,85.9200482316141,129.91995157234305,0,0,4.1779277265303
2,67.29555952896811,non,28.43049588819925,0,0,5.2802461523668605,85.60782572962519,124.94021383350137,0,0,5.550601319202082
1,74.1248688476041,non,36.658387944438196,1,0,5.903674286127817,91.88464760776603,129.49454019468843,0,0,3.9663289963679498
2,58.06740523803356,non,24.96921112264222,0,0,4.976086822694929,86.95772369823194,121.39919993314076,0,0,3.8659157981836634
1,59.162675438494844,non,23.741951804275836,0,0,6.264700668308134,91.49417638891701,160.36603891678612,0,0,3.875391454398441
5,31.818749078595346,non,32.14501708759462,0,0,4.957592733013833,81.6478768764872,132.6706529775341,0,0,4.320447311976506
4,60.662072098001616,current,22.686644290961034,0,0,5.047451606213018,77.03914007772916,134.3553502558029,0,0,5.925828547434528
4,69.77341433287717,non,29.58955494510902,0,0,4.352485421102889,81.80245414930927,120.24831368795955,0,0,5.957271787946256
1,76.19078376038235,non,25.667640609415347,0,0,5.469476683536164,87.84577833932707,136.44727951007877,0,0,6.092313600830908
2,79.75384593861008,non,29.337007038928,0,0,3.738443860026319,81.67502351479486,127.53719908864227,0,0,3.9474791060623886
3,74.72283544877808,ex,34.03226983322827,1,1,7.121475403661464,61.75054996667062,140.24455721163716,0,0,5.354073849439095
5,35.18897955908788,non,22.842875399024283,0,0,4.407258899976069,94.61221809627246,104.68466702732046,0,0,6.255971064430824
2,29.52444578494466,non,30.90277436237809,0,0,4.1898012804920555,94.87778045342594,116.51811468696027,0,0,6.035237394576123
4,35.015239758458144,ex,34.36822595071545,0,0,4.146958833377731,89.01425707257566,132.3060322471549,0,0,4.728799297577794
1,47.58925866847852,non,31.875860337325392,0,0,4.848176621692754,97.06377272747018,103.88450923113461,0,0,5.517364155166586
1,82.79699624427013,non,34.794127472458875,0,0,5.225118669163085,85.8987798274297,125.67831860017776,1,1,4.504097121100329
4,33.285031113016935,non,24.8220903003727,0,0,4.99989506885779,93.6521599864562,127.01459190398796,0,0,4.358933425378046
4,44.541825368616585,ex,23.815541283404784,0,0,5.843948114147168,94.79601483019982,108.51685243353471,0,0,3.68882371702972
5,41.37174874617867,non,19.978923748724977,0,0,4.519560662837369,88.24657350634,120.4417628784536,0,1,4.343914572992471
1,56.88986377600922,non,25.988908424390573,0,0,4.806935682863174,85.42359406277889,142.680068266537,0,0,3.8801150374360764
5,55.61689017668734,non,35.23345483959466,0,0,4.126823144805435,86.1201922178536,144.36406220695133,0,0,3.4185805073735636
1,36.649724327579996,non,35.65947512247634,0,0,4.307393019777993,87.72592108852413,92.72858790746777,0,0,5.008386245718834
2,48.23371942029577,ex,30.442671588522636,0,0,4.460376279136874,84.81861817075941,141.7764299188937,0,0,5.083640730014544
1,29.705160257359577,non,30.62303104047218,0,0,5.012013558048424,86.88842969406213,119.00525097883478,0,1,1.4200188124563489
4,57.72371461566036,non,34.3616079866931,0,0,4.260951558124339,86.32398453375696,168.4334566354615,0,1,1.311429959754784
3,41.84472250950765,non,19.654183180787875,0,0,5.565165041584379,88.20520272146193,109.69251247735909,0,0,3.5034500538582307
1,42.565607911080626,non,33.26987085329284,0,0,4.4085169720191955,83.25846971260879,112.67751468659704,0,0,5.384959292853539
3,52.392841139735395,current,30.544846539991322,0,0,5.8133968713873765,95.78165446193779,129.89779883945118,0,1,0.3233068628762934
3,41.71713149328346,non,29.832498148011208,0,0,3.986979060715475,91.06983678983242,127.29647657840746,0,0,4.992249975178421
2,69.86709024470379,ex,26.97388983092071,0,0,5.216134581747887,81.91306059809565,124.13942713777573,0,1,1.127238572219961
2,80.78731828576724,non,29.01255090079133,0,0,5.5567592324661685,79.17160534878816,127.17041577729603,0,0,5.494148225844668
4,38.06825685073147,non,29.976679497812327,0,0,5.5048485190407686,94.11210943890576,120.59703095421624,0,0,3.7989868992816564
3,32.73609190154816,ex,27.17018222522973,0,0,5.042216725435234,90.30351244047182,109.26958813492868,0,0,6.314278649518777
4,51.957369730246825,non,23.016495552086404,0,0,5.199467086415053,83.06737147455584,132.72160031874654,0,0,5.277837923476277
1,33.74821940254492,non,35.519965584734095,0,0,4.0741664444224,90.63844191790157,108.11966399391281,0,0,6.269442060576277
5,68.93157809390183,non,34.52491588744928,1,0,6.904696256765345,74.20430411536213,154.4799544813504,0,1,0.9833305547844503
2,39.6513786927616,non,33.41878688350229,0,0,4.668193741861125,92.07104730184541,114.92467632330656,0,0,4.142794416368795
3,68.37364844725568,non,28.73624757482286,0,0,5.22105681206535,86.65058792726376,117.01960761700188,1,0,3.9549591059462124
3,35.509712645012826,current,33.69053991229573,1,0,6.99222489598463,94.61574160949026,107.56360537325959,0,0,4.984958397368606
3,72.15917485971087,current,26.196647165839643,0,0,4.687417714202244,82.2339920922789,123.09662795916536,0,1,4.031799339296432
1,40.594957345375356,ex,26.792196716007645,0,0,4.668139359222756,93.295791791064,116.92352682026387,0,0,5.247272755059534
3,52.02477669956927,ex,27.432018100724765,0,0,3.5265272283415974,85.00789955642652,125.76658962999,0,0,3.5155241346086243
5,42.773003215288995,current,30.756062943083013,0,0,5.715613459537012,82.19118241533909,124.77646134417039,0,0,3.9200004101910277
3,65.89541503408297,non,26.877411106568097,0,0,4.791487044353221,82.70569196270672,136.87439284911628,0,0,3.9427062527209253
2,61.8768238821968,ex,25.999480373622195,0,0,5.0668452920081934,77.02742633109489,113.95359501900803,0,1,5.130917521837213
3,31.6565841410253,non,25.52231933914544,0,0,5.2526698778110426,89.02296852496086,105.29725593670229,0,0,3.925213600304316
3,69.6092502418992,non,36.48421775246567,1,0,6.106795863861103,86.21510163175519,114.74193724085741,0,1,1.168793731617328
3,27.01837013705954,non,30.05163068757867,1,0,5.660898640276206,90.41115895883615,132.72959329263247,0,0,4.050787951848956
3,84.50744640831175,non,24.98669824611909,0,0,4.838912200391498,74.7486675345188,129.82971930130154,0,1,2.889297239558304
3,80.49431087565328,non,23.53687626134012,0,1,5.100802210838591,64.16052924284453,125.30939173297438,0,0,4.757373860582417
2,34.19791061980648,non,37.45716496630253,0,0,4.593813903935947,97.35136165845121,133.58771774762306,0,0,4.02516354492886
2,27.236328177293515,non,30.584177673364582,0,0,3.926402246663706,86.74693951980754,108.66616973944457,0,0,6.316084213642611
5,60.33942680998037,ex,32.703536684109395,0,0,3.8987278630144013,93.09662055329815,116.50986329777469,0,1,0.5967729942211057
2,32.45480802379819,non,24.26570792391214,0,0,5.414582786849677,85.16373124052114,122.37907651619447,0,0,5.917874018643143
5,62.35318538815447,non,20.783886907252484,0,0,4.211722367222503,86.45264335940551,124.28310011116965,0,1,3.4903428827470138
3,36.7320405485675,non,25.709744982505292,0,0,5.537332367900194,87.67620516833517,120.71883188515255,1,0,4.961268862843168
1,60.91990109651677,non,37.536113969208216,1,0,6.737515270626742,85.53346743583397,146.3357974929098,0,0,5.730324593621979
2,71.92148822043015,non,32.04539967648528,1,0,6.680560653314323,81.37054541355064,127.96829808540828,0,1,2.9075780814854584
3,62.32832491224265,non,37.188851880071454,0,1,4.052728579380197,59.16608951552843,128.48972319845927,0,0,5.53248613454338
3,31.62060004878435,non,27.9615429015416,0,0,3.61902403257506,90.65911617914583,122.02399351108556,0,0,3.677779764377038
5,71.47733023811766,non,26.733453253780887,0,1,5.631283052072955,63.598664708861385,153.89461652461318,0,0,5.396378014040093
1,57.997100877864916,non,34.97045725677655,0,0,4.833861029973236,82.71319879439837,148.43212845343535,0,0,5.073285003596471
2,25.842253901925858,non,31.227026804549634,0,0,4.656204884852807,91.4674170376292,107.15745547072521,0,0,4.607830319717788
2,70.85454763437642,non,33.29205830579601,0,0,4.014503787606964,86.73987247060849,153.1900979486865,0,0,3.423430821491748
3,79.51865008554124,current,36.311601513708574,0,0,4.81895140923185,81.92793924827691,127.40192360753993,0,0,6.173736730453262
4,74.4743943726428,non,20.49932759951765,0,0,3.403343114888644,83.84422696546548,121.70822089499632,0,0,6.055226565839583
4,71.10926352238576,current,29.561157017813812,1,0,6.901511247719563,85.15665364625698,150.03679875087846,0,0,3.782286430760325
2,38.03649560573024,non,33.56394465135169,0,0,5.791937671322121,88.96633365094648,114.0894612477643,0,0,5.749567981595579
2,39.41146553209569,ex,31.08180705162884,1,0,6.76686235961081,89.06344109904204,145.4457608356808,0,1,2.4427090174385815
3,31.796501279272196,non,32.675826276856995,0,0,5.8361074578114795,90.41733489632853,127.01140884633115,0,0,6.188058637012052
2,30.875053801626986,non,29.872126467665872,0,0,4.856062954862164,97.75254844277767,116.74468066536416,0,0,3.444933048450009
2,82.57899928524525,non,35.145776400497596,1,0,5.812143215572709,81.30146016534896,152.1155191339958,0,1,1.1840193704583266
1,65.6033161472031,non,28.667750815929082,0,0,4.865484522144875,82.96353024455603,129.65218066417393,0,0,3.828346795512117
2,67.20185372893113,ex,30.861219529373386,1,0,6.535114031783242,87.42698164846705,135.62584771395694,1,0,4.585104728520345
2,74.92358439819041,non,26.40222979390277,0,0,4.716342650231086,80.77550734993993,140.67498239408988,0,0,3.42516270189454
4,37.837009676227765,non,30.87429385449859,0,0,5.493787551596128,88.96171226495917,120.47024102022212,0,0,3.9852718789341983
2,44.44522393942025,current,31.12696486037321,0,0,6.560598302162548,87.8273341158758,120.02668841958099,0,0,6.081255589466994
1,31.187157714685842,non,23.768903469703247,0,0,5.187125877161999,81.69150488257283,106.95003673441485,0,0,6.0870002665713265
3,31.016544317650602,non,36.74560036842505,1,0,6.443526083676474,94.2394099796798,127.24514977265005,0,0,3.920849273604426
4,31.11643455737933,non,23.87998912253916,0,0,4.473989511257183,94.91638367110178,99.82183373079815,0,0,4.323230350042388
3,48.892914763522995,ex,32.645334895580824,1,1,6.345243647547132,68.70950233287141,159.5806049071752,0,0,5.80253934282587
4,84.98344058486393,non,30.791177294902454,0,0,5.8728635952385995,83.43700230016111,134.57849441153326,0,0,5.199956493302418
3,66.15486332981777,ex,24.18301298904591,0,0,4.8220703286948154,90.4553746903421,127.18615598854811,1,0,6.0518799345791505
1,55.485964154104465,non,26.540003616734783,0,0,4.812638335905922,83.18563438242795,112.74127565422158,0,0,5.425767116995405
3,32.4791022295666,current,27.866549922338262,0,0,4.4132695382485325,96.45261588754174,123.57602924812483,0,0,3.882769007957244
4,63.91578742651786,non,35.00523636720605,0,0,5.261086809494892,91.52076835029439,141.813748114061,0,1,2.8114913767620924
3,76.95627684407887,ex,22.901849565573826,0,0,5.8024318523548635,70.9043125505433,147.61526321689666,0,0,4.998323285388388
4,62.22838683001606,non,23.973533293733002,0,0,4.988877014886887,87.27582307580494,107.52165841251247,0,0,4.591816695972534
4,81.03046355233579,non,30.925029153372463,0,0,4.615619849605101,79.67603891014183,148.02150876229692,0,0,3.4696498049402
1,25.023844663303304,non,24.852139932408274,0,0,5.72115056601031,93.66731747431615,96.8771709761377,0,0,5.390683434505
1,59.087799034861824,ex,33.457499716667606,0,0,5.155401125743795,79.9730526612201,129.8530461637263,0,0,4.566028248541638
5,37.90322864334891,non,31.804735965476265,0,1,5.0390874048960415,67.00117595754243,123.79670844386743,0,0,3.570481525319368
1,28.2355737954795,non,31.92910130195131,0,0,5.227499051035054,89.93121431656255,137.84788569200555,0,0,3.811695877115247
1,65.92730261148108,non,31.27167914716804,0,0,3.6414785619397785,76.22289846008006,125.05927767779019,0,0,6.064315383979098
5,70.2836829222803,non,27.902451388713562,0,1,4.478136009611443,70.26170532978004,146.93027371770611,0,0,5.826709370910654
4,66.18880756254305,non,29.594496862655507,0,0,5.201711303839352,79.6913854389824,123.13229598070261,0,0,5.77422486748125
5,29.053312742424033,current,21.890233497614474,0,0,5.065042374396133,84.48252110997302,101.70127909578278,0,0,6.045097760517642
2,65.86599999797681,ex,30.701978198384346,0,0,5.241790556394075,89.82699994823868,128.94919004577497,0,0,5.812316285706691
3,64.6849204000138,non,23.595493202686924,0,1,5.149704759944473,75.55140945507864,105.79329920995194,0,0,5.840936273901222
1,26.10327635249069,non,20.82149568640876,0,0,4.133118411609127,88.81499823313098,104.94816087290774,0,0,3.704533776024119
5,29.174867447836302,current,28.252655002028728,0,0,4.549851028497586,85.26925349497422,89.7706394875913,0,0,5.082641986011019
4,27.67886943252654,non,29.54559750049689,0,0,5.2133355183967724,89.4999041922158,119.27517310931236,0,0,6.29014724196251
1,63.810072626048466,non,32.039933809287035,1,0,7.487263994249275,86.43154072364416,139.6700704958769,0,0,3.91832050684555
1,54.56761989661499,non,22.81255936398409,0,0,4.954939421122664,90.57841912908256,134.10737233495348,0,0,4.695663344469407
2,36.85512956918697,current,30.210022547832597,0,0,4.838826120176481,89.41903221511168,107.71198900332598,0,0,3.4091579590056087
1,49.75993497390567,current,26.832989336929355,0,0,4.857357136182455,84.7745217560942,114.16789465373309,0,0,3.4307545990898953
5,37.150833538040715,ex,33.70751391857356,0,0,4.553624329286517,89.10624779711475,104.95331285668621,0,0,5.088390413392706
5,82.43700823448671,non,33.944902841931196,0,0,5.077649386667935,82.27110647151622,147.11255488696688,0,1,3.573925784951588
1,79.4446868556825,non,25.837405268225297,0,0,4.5897043690558395,85.21865782265358,142.77563620294762,0,1,5.147331292366961
4,54.65941057719607,non,33.07308776402522,0,0,5.31899850891251,74.28086170518228,97.38644334905915,0,1,3.9845548866092493
5,28.231566384366378,non,28.300430125817773,0,0,4.204086985616949,96.1275677300351,113.39946094935885,0,1,3.982767966998641
1,75.89857894526551,non,26.00610260559873,0,0,4.742478382865513,88.33645951081901,135.95310674826823,0,0,4.245279596571191
2,76.96805406728325,non,28.834952222584075,0,0,4.619137668237837,74.0562669618467,137.09343619984676,0,0,4.612475653096925
1,78.60318815676787,ex,37.02981503504999,1,1,6.711169264942751,62.48313576401989,154.0972570367272,0,1,1.105230601713156
1,59.421393601661855,ex,29.70407969167583,0,0,5.610848027411706,78.66644145133162,121.72676211740824,0,1,2.588278824803635
3,66.44244171153434,ex,31.106427377143163,0,0,5.239792681003352,87.9330897386412,120.40622246492376,0,0,4.173778465949152
1,39.69269026584683,non,22.923441566874892,0,0,5.364232268538281,93.05208070349502,87.54211919699608,0,0,3.7390574304348245
3,32.45847448194342,ex,25.481552613144476,0,0,4.917439205420265,87.45661533380778,91.19997404896804,0,0,4.5574646684434645
2,67.36718058823014,non,21.97701640117051,0,0,4.395828486876384,80.43227367962686,122.73247333847046,0,0,4.974780519514468
1,82.64464242468352,non,31.914111017638596,1,0,6.428522691811563,73.5813967302677,145.75852212405616,0,1,5.4743060102175125
3,73.01548728538586,non,33.12533514418821,0,0,5.227295725289178,87.0764659228529,145.2269242344969,0,0,4.573458494496543
1,60.37690811181181,non,31.06558901191447,0,0,5.18306815694353,86.63308928188961,131.78010643704548,0,0,5.081284733680362
5,54.43200405543381,non,25.21896465427911,0,0,5.071025949224154,94.54714630735339,114.75824079181152,0,0,4.351058572669109
4,25.03008246121248,non,23.297101319699614,0,0,5.184735247814279,91.36610815048572,102.62145781512187,0,0,4.569330220741963
4,34.59144632370855,non,39.29606811868906,0,0,4.759526459832491,101.61786364906452,132.40691309808912,0,0,3.5141247928922246
5,52.471075641912954,non,35.07985549726133,0,0,4.455858651600165,87.28013852134109,144.982574513357,0,0,5.170448401599963
5,27.059136306940555,ex,32.67783025609785,1,0,6.879805761377365,89.22129317175296,142.65106800481175,0,0,3.7890785132352653
4,72.72585874314395,non,22.199183526695123,0,0,4.9153680181286035,89.23683048036102,136.5665570170549,0,0,4.8087095600310645
1,67.7841551576592,current,31.922970187737977,0,0,4.939390818531141,87.08136313484223,140.5920866865949,0,0,4.331954946284382
2,60.41038180343246,ex,32.56291443719949,0,0,4.66575987202289,86.72520271800762,139.50824368249837,0,0,3.7819044645139206
4,69.19046992283802,non,36.132960228838144,1,0,6.4349787069750874,80.41197084506943,142.9230287769704,0,0,3.70835813315047
5,25.771645594798997,non,27.12110260852818,0,0,4.675553699121742,95.58178860317378,117.33586246876963,0,0,5.423239971645071
2,49.58901851160233,non,25.789835276313383,0,0,3.7348284603681026,86.4499885593351,119.54178136011765,0,0,5.425035678455373
3,49.67967857546027,non,21.62901332546031,0,0,4.484723773396009,93.17599336093194,123.28959755804993,0,0,3.9697758862654706
4,51.00310991192697,non,23.624658015446784,0,0,4.222536696390172,90.53288131079603,131.0640054492811,1,0,5.64651715794038
5,28.85703420244571,non,35.61060942503089,0,0,3.661764403229574,93.1766687389702,125.1941490634789,0,0,3.8360214025426695
4,67.87505540360303,non,32.18606912428439,0,0,4.753403267224759,84.00273863349871,122.430063746032,0,0,3.7756295579392978
5,58.92247931901463,current,22.41495664284995,0,0,4.178311615581465,85.66838296776481,125.09503051309571,0,0,3.691083101468798
1,48.34000256252365,non,29.225085536669855,0,0,5.0969911043337195,97.28685403824535,134.6096729908669,0,0,5.357382248891975
1,73.55679830494542,current,29.553813272347316,0,0,4.6071942499283685,92.39365060682786,133.0170270715005,1,0,5.855367810903406
4,84.57349767571247,non,18.67293702325897,0,0,4.9181893762674385,78.24551428246323,129.0821996337685,0,1,0.5179371021141433
1,46.55308042179139,current,35.94467772752129,0,0,5.86731794515231,93.59128717148883,133.9224983267619,0,1,4.9594707671824505
2,44.58496751800607,non,28.844318704883246,0,0,5.515459127554951,86.29454455543615,125.28872837098933,0,0,6.008169284629928
2,66.34345834089774,non,26.417347967252795,0,1,5.998396510207761,61.757021559410425,115.02576416858928,1,0,5.063283831364158
1,53.64803316190792,non,27.799958715908726,0,0,3.349761307550106,92.89561447303372,128.91201917083347,0,1,5.3139209573877
5,46.16470386633256,non,28.99295867304572,0,0,4.920459103634804,83.65038029250668,132.37775425759168,0,0,4.314417606444561
2,60.70429212570975,current,25.641545252559325,0,0,4.331936200736496,91.3222149045908,126.0387665244065,0,0,6.232721265497197
4,40.63624110436871,non,37.61877959526444,1,0,6.3696362373076445,79.56754437155051,151.67175878033382,0,0,5.433716489498422
3,67.03023459027213,non,32.42827942594763,1,0,8.088799969127258,83.52632395685075,155.5246028482582,0,0,3.721041186981651
4,74.41484375475983,current,22.925069965970543,0,0,5.2584336823941475,87.34779022217174,128.21532420948748,0,0,3.5781704098938083
3,68.69703601963627,non,28.999583172365256,1,0,7.269962168929729,98.74931654625787,132.8481672544596,0,0,4.0756164117088565
4,43.814688886227714,non,31.373166343115443,1,0,6.807767762254488,96.88956298513811,135.8922755958956,0,0,6.147973020132577
3,80.27030427755008,non,37.83989097859647,0,0,4.437642703995226,83.77463291646382,141.5574061491415,0,0,6.018421941177887
1,44.69549626660569,current,29.48799902646946,0,0,4.8824264065944,90.74833655975876,140.42749263682333,0,0,3.69906056621392
3,65.34533656550485,ex,32.82868841439268,1,0,6.424831004146349,84.92090485554868,121.86175008862689,0,1,3.8114700580968077
2,75.91588860088629,non,22.702007616753217,0,0,5.933802460811119,75.38287398091012,111.11857622226256,0,0,4.956355612243969
3,52.69993882455223,non,27.630018007454115,0,0,4.638221463756883,91.16655297575385,131.66966857276253,0,0,5.343574861282106
3,32.341665975259716,ex,30.915089339429485,0,1,4.990464001052579,76.95863716452205,123.15363569434307,0,1,2.5175075092659185
4,80.50372507145826,ex,25.826471120223342,0,0,5.148008705345058,76.7335930603034,139.43837101855144,0,0,5.9633798719363345
2,57.19080468186919,non,34.96099397682918,0,0,4.867622995055694,88.0385899239241,150.33554512367232,0,0,4.400049626108368
4,43.041633871391646,non,26.700770744383345,0,0,5.239268941703223,85.55060685909048,111.73794498442885,0,0,3.7589526608571484
3,77.2873514420629,ex,27.000600050196475,0,0,3.5090407480807935,87.68326967663923,125.91262702736503,0,0,5.08044802927954
5,64.5967627013357,non,28.770821497988525,0,0,4.4475828177520675,89.76449109931136,128.81990477333866,0,0,6.270729787013648
3,55.35769886356765,non,25.52618342563912,0,0,4.721463155042383,82.50255659262855,123.32209851964515,0,0,4.55564593703203
1,31.10594182046439,non,34.92663231756069,0,0,4.932159273778252,90.1603855778923,129.93621049571362,0,0,3.7668447977711064
4,53.91929345758329,non,36.28240435409407,0,0,5.669594882508955,85.07472581860472,127.60645683468083,0,0,5.2752777533602515
3,29.018501338904485,non,28.92103412055487,0,0,4.789856402583665,93.24626628943142,96.44851299380866,0,0,6.206438391908163
3,42.205784385321884,current,33.63313204661355,0,0,5.040961504881221,94.85885466484325,137.71689199701322,0,0,4.583656977203948
2,77.32718002159095,non,26.858431795486087,0,0,5.640724084406706,82.52074630246884,133.5155311316488,0,1,4.48061670993264
1,37.60135026545264,non,30.234802533348518,0,0,5.212476207632409,91.04064449137269,120.66575037873245,0,0,4.1303715010761195
2,54.288327747026145,non,28.748369004075276,0,0,4.332382293686417,91.7461143626761,122.34255332822568,0,0,5.495767516583015
4,46.2937183882168,current,27.59697453269211,0,0,4.176252356087418,87.14742272231804,119.91185696223152,0,1,3.4616333151367367
5,30.791465742976754,non,25.041914595070466,0,0,5.739726006841739,93.06175988507108,105.23182828222023,0,0,3.634745502677732
1,31.588981810569514,non,30.37277018698552,0,0,5.789422041403501,92.90965472034344,114.0954294593465,0,0,4.581458336974974
5,26.11269648159903,non,24.791652574596338,0,0,4.571226393536158,91.55684029787555,86.59869754287254,0,0,4.094217284119288
1,54.05518755168958,non,39.04770079705739,0,0,5.103027570209339,88.75868486593637,129.47696396542244,0,1,3.404425012525422
2,82.36175097097306,ex,30.433688010785588,0,1,4.772578420892474,65.40558554599409,126.72660772391552,0,0,5.78599647305211
2,36.35431283962613,ex,24.31301161563837,0,0,4.528552598133224,88.685178878609,102.57533272919663,0,0,3.8774858355084674
1,28.367511739426817,non,23.36266048317754,0,1,4.790563718373561,67.36866479136988,106.3106742736021,0,0,4.8604422148177635
4,48.847265066777666,non,29.48164624186061,0,0,3.9972064501345312,78.98219687626091,106.87247696960772,0,1,1.0108205824373715
3,82.51407715276332,non,24.88092207488873,0,0,4.364363672978915,84.80551550730763,125.72631727312042,0,0,5.679577752981022
1,69.91312520857409,non,31.325589520216504,0,0,4.5264763761317175,86.80896915965731,139.73765155426406,0,1,0.8168289586771029
2,56.667141711722266,non,24.076482570016033,0,0,5.20127428813504,80.61064681893652,119.66833308345264,0,0,5.19938692474256
3,49.67711895344901,non,32.82918802623158,0,0,5.552389572536471,94.8793903387608,117.0756688320199,0,0,5.876096148482606
3,77.8805284416213,non,35.460633152006366,0,1,5.756450349376684,64.75175068424917,127.61083217761654,0,0,5.355146450014781
2,25.874919834655795,ex,32.84622457390194,0,0,5.787188266916371,90.48014848479973,130.28034339437605,0,0,3.5506864908583617
2,71.2376238136729,non,23.56755519345747,0,0,5.546871428099577,87.97996926818925,118.83496819012636,0,0,6.1458833260483505
1,40.7556048769296,ex,21.224403393524568,0,0,4.259749806536295,91.04512820577804,102.76111344447777,0,0,4.0570714752903285
2,56.89897921020449,non,33.00641355546996,1,0,6.489729011918242,91.52073141772584,159.2832359353831,0,0,6.160571030825276
4,78.44573751696555,non,20.666904236537547,0,0,5.907993608850457,80.84259647048412,114.11752570752495,0,0,5.067212679582556
3,53.66697813130962,non,30.608699142785845,0,0,5.551546025661586,94.54875263311268,132.59184223567598,0,0,4.07438214756948
5,26.4928968014273,non,21.938716629894394,0,0,4.777189736133296,90.53741120755346,77.13327981480754,0,0,4.095770976399405
2,60.42205768787496,non,30.467947672197333,0,0,3.78571979400325,80.28403742321925,135.77147384089346,0,0,4.437661050758668
1,82.31481736165097,ex,24.02797124386988,0,0,4.720711949277112,80.17063876874816,119.76622536791056,1,1,0.7752883140884301
2,25.25879984364525,non,22.411125364848775,0,0,4.956296738602488,97.81418603638603,88.48094688499246,0,0,3.4950420231233448
1,55.53179557482949,ex,27.99902637444502,0,0,5.206649094447107,86.15208401468237,105.33372981253996,0,0,4.911283879458762
2,42.83455416171462,non,32.68762361347051,0,0,4.9275584477263275,88.10153849359457,142.6380357311236,0,0,4.969704985563533
1,40.20827151103592,non,34.61366378769361,0,0,5.15835369565078,85.10194208294565,119.72505198254417,0,0,3.7160013670107497
2,58.77282512697693,non,30.646927380707794,0,0,5.704975997683164,82.54898339595297,108.99751694108105,1,1,1.638037543923826
5,80.31120741883765,non,29.097108210944388,0,0,5.163949621367624,84.74408284488305,132.50934809111064,0,1,2.3035993179650203
1,64.52541465105068,non,29.397410473205678,0,0,5.144396545916025,86.93084696454548,123.23832513296932,0,0,4.68514091590103
2,25.429558999629446,ex,30.358941878173272,0,0,3.2167829801346803,89.4441417530694,133.4278275754554,0,0,3.477886625789412
4,64.32792492514739,non,39.516084306353605,0,0,4.854989589918214,91.36982445107586,128.17862467056005,0,0,5.820968065354066
3,40.513058862969956,non,27.459903113181287,0,0,4.852087172780308,97.52557301737957,115.00018700436041,0,0,4.254650155024087
3,75.37421324512832,non,31.509299618584755,0,0,5.083236751233312,80.82909448264684,118.25771009306101,0,0,5.555694019648948
2,76.19674119224163,non,27.04748602018812,0,1,5.7641270708134185,68.77459814246339,142.66954046860096,0,1,1.926649410464751
3,82.15340565663195,non,33.07647623700163,0,0,5.171316691612299,76.63553467132002,152.34875785847322,0,1,2.344350405912445
5,76.97388073250582,non,25.607345175834258,0,0,4.777985209301656,84.66811175990857,127.22189973283298,0,1,3.335576216763817
4,62.44194351879085,ex,26.241162247298032,0,0,5.051823697144233,91.89615689351264,144.68884390175316,0,0,4.85939824031525
5,45.3162109794188,non,27.67695266267781,0,0,4.640563783261043,82.25981841043809,110.13238807828505,0,0,4.6465526968987305
3,26.560280642490333,non,23.209070838881154,0,0,4.4210266551846455,83.5679144249571,98.20850126943205,0,0,6.263457396822206
2,81.38272720051913,ex,27.581395782837397,1,0,5.865554477067317,78.54266465030017,147.10803776506398,0,1,2.4917331898421105
3,33.45501720834059,non,35.08786644724984,0,0,5.136179607108739,86.96192505024248,130.7197651168783,0,0,5.750993000480806
4,63.36167859429561,ex,30.08025724561886,0,0,3.979272803145356,92.23353085585927,117.69653127543579,0,0,6.383864280229814
3,43.066647850307604,non,24.067397436504937,0,0,4.000321111031158,88.85731905316874,116.64139106608403,0,0,5.554892437128171
4,39.45784468699522,non,31.662356418427663,0,0,5.519329286941642,86.64326811772506,126.20159139682268,0,0,3.674854604812711
4,69.46561206596697,non,29.18505923289784,0,0,4.752406858416399,83.79192735801485,136.92355005322858,0,1,1.453090001290593
3,33.61171336587186,non,30.150370784231548,0,0,4.550027743103919,81.74418247217174,145.76124844163746,0,0,6.1279900386831905
5,27.471513180641402,non,22.904921958358923,0,0,4.521825202085918,90.72268593741563,122.2316836528287,0,0,6.291636497565432
4,61.68424299065285,non,28.789846413642724,0,0,4.36258179139058,81.10920525346248,129.84577819046407,0,1,1.6344683585882578
3,83.65043246503947,ex,38.54146231015814,0,1,5.2750666053435955,67.26639639076612,159.29984237576002,0,0,5.732473868472632
5,43.542908223671326,ex,30.976153034497383,0,0,5.6722316040938985,91.29718380769545,134.81660159822522,0,0,5.807270948090551
5,47.34271771824943,non,22.313998305342754,0,0,5.710057902462387,84.97477659196824,98.66397003649143,0,0,5.459063439084327
3,75.9483603378518,non,28.598043466150493,0,0,4.7392858842733485,87.94701537596366,140.01549515194694,0,0,4.382372768766045
2,59.77374550106568,non,34.89212008646603,0,0,4.577334100594207,77.63643032914857,160.284733319959,0,0,6.251414876483067
3,32.26841167875326,non,34.22718274520419,0,0,3.983784623211982,101.24363127540053,117.86061576273423,0,0,6.0614721815026
3,82.26852396106048,non,25.747135000460137,1,0,6.766901822274686,81.3886807581284,135.47984744004944,1,1,2.4391698217590516
4,60.079515215444964,non,27.007776018048418,0,0,4.929632000972953,87.46370874420616,119.06621314025936,0,0,3.61315968322743
1,25.188323036826954,non,31.953600106947782,0,0,5.418718418811673,89.00111300312776,108.8181456164666,0,0,4.3944318528677835
2,53.36241092695324,non,24.703330900357752,0,1,4.745241143759062,72.62613047041016,121.7126190161087,0,0,6.253192534593593
4,50.47972661082936,ex,27.582789696663248,0,0,5.566352210552358,86.87482930133987,125.36370003390202,0,1,1.320940444415735
1,51.415257485898245,non,28.65505563844162,0,0,4.507289686127882,76.83508756511974,114.86879502303464,0,0,3.867376492348722
3,68.43016376548664,non,36.18983243553852,0,0,4.812079678230275,86.5070678300201,131.90355357092358,0,1,0.9991246062806964
5,67.69616648868475,non,23.58986695740265,0,0,5.252814417423271,86.4468821633674,139.75396559475067,0,0,6.321935098266925
4,47.34727017550351,ex,24.607047213082144,0,0,3.7584452229320195,84.47405708097533,106.82361450207362,0,0,3.954858446032531
5,31.362580359207577,non,35.98695801640895,0,0,5.838864978703805,90.49497734021477,111.27457872707078,0,0,4.164008337808777
2,51.18235088362857,current,25.769657505629713,0,0,4.740801573238249,84.94266875913748,113.80288193788479,0,0,4.2473809913141
2,70.04302217169229,non,24.926652595060585,0,0,4.507443526127902,77.26982142346276,121.1141266706721,0,0,6.275109785428703
4,26.887327926670043,non,30.238623969925662,0,0,3.990369219165279,98.17092658247934,106.64360884391807,0,0,6.05888542509518
2,27.714076864159438,non,23.549965716152613,0,0,5.217511512496356,86.38618503366658,111.79129707326074,0,0,3.717907437640413
3,81.54503480675125,non,35.587971582785705,0,0,5.096081122607909,80.44854686425495,161.3564969107976,0,1,1.9991310107126932
3,61.574037630046924,non,24.609800443343914,0,0,4.689195577809408,82.87992027751845,135.1549307142646,0,0,5.854942861714669
5,51.59266387654877,ex,29.684292355695312,0,0,5.047507139843165,80.34999694049507,109.27217566795385,0,0,5.531043142866787
1,40.12544460543117,non,36.90436283846869,0,0,5.2656988990006335,83.83574560440948,118.93255960300337,0,0,5.229791916930447
5,77.22703568360058,non,24.33135371764606,0,0,4.345821266790178,72.33650397982427,131.50181136851216,0,0,4.684667083814776
1,43.344685452668,non,26.20269470019248,0,0,4.913909548382668,89.84435759676167,129.43513804900843,0,0,5.210388675957375
3,77.10265050278223,non,25.32070959840246,0,0,4.453347395599748,82.62300038132419,153.7513445238227,0,0,3.611872767081074
4,63.87843742752455,non,30.22686597091864,0,0,4.937155674272362,75.36574976244854,106.68000249049828,0,0,4.7523325050802505
5,27.613592383149314,non,25.184728587872755,0,0,4.597752430096831,83.1292915412512,129.72376756791184,0,0,5.557968195585758
2,65.28697788434314,non,30.746097648669803,0,0,4.612803753635096,83.05214688577801,129.5063642778852,0,0,5.488649626336608
1,33.30399019969501,non,31.99469910374693,0,0,5.059503483382847,93.71556137546007,119.09820124907101,0,0,5.623309588952988
3,67.56148790479855,non,20.39339927276967,1,0,6.596468551796615,86.39550734569758,131.58362375099816,0,0,4.801890156156727
3,48.25035795356631,ex,28.69091300450872,0,0,6.445882621912625,86.51579443923438,114.8296537689032,0,0,4.607389059952823
3,55.39791622058564,non,31.76112781171576,0,0,5.504859184684037,83.88594900106749,125.25476388927429,0,0,4.691735373468327
2,69.55180557359901,ex,36.99409624777006,0,0,3.8472580475380105,78.11501453542537,151.23865075330835,0,1,2.0628381683075143
4,63.5799557625826,non,20.205883811327453,0,0,5.830019519718149,80.06698044042328,125.3810248389728,0,0,3.6823911871416843
1,64.69020904710432,current,34.00699120546257,0,0,6.038687895169156,85.02861580614153,134.75589243187252,0,0,4.335692967608731
1,43.721708984162376,ex,30.852307663452052,0,0,4.921904205577071,91.92434983451669,109.39928288396882,0,1,4.963486212298492
1,78.22717671273521,non,32.583978165176916,1,0,6.651059449091117,85.5618512380729,157.54615454752144,0,1,0.6216517167790688
3,46.5083038527244,non,35.8267830309819,0,0,4.800789698991787,84.85122161546154,138.53797218660853,0,0,3.6257907729564787
1,74.16330376241847,non,22.998480696380973,1,0,7.075994410780528,96.20199127760036,113.86869130415747,0,0,5.82684910779404
5,25.856424159187597,current,36.80126538414286,0,0,4.907446762361478,92.41637444908501,119.42048308136035,0,0,3.403496694519814
4,74.82223131190213,non,25.941926100787967,0,0,5.07969566728467,87.98541049343973,134.3482012024372,0,0,3.9866972285833864
5,26.955692375986988,non,35.44566566994177,0,0,4.366614500335475,91.92063131107416,127.94909321326058,0,0,5.172758567936576
1,39.966239248750256,ex,25.557143950782898,0,0,4.399103053933885,92.99007504651195,109.48777652718442,0,0,5.668353726270178
4,39.66772209948403,ex,25.37424456224806,0,0,2.7834119831638566,94.59659581342449,102.87215842740126,0,0,4.629900409539432
4,40.47721842394476,non,34.00383513361534,0,0,5.964104014004712,92.01224393865914,135.4487127458592,0,0,4.6469620232109
2,71.91341649169034,non,25.772002470982727,0,0,3.769357628236164,80.96152529111583,128.5773821670756,0,0,4.12330863283932
2,75.12393984766955,non,33.3796679073805,1,0,6.8724531116914225,82.11635519365939,137.29904732573414,0,1,2.161493408640107
2,72.94091827213879,non,27.907291379794543,0,0,5.24617374715047,88.32888617387212,117.092732381217,0,0,5.574346230967404
3,44.356665036591984,non,22.213968333395826,0,0,6.151635708873005,97.24432815298124,117.69865692047057,0,0,4.368458810201707
4,31.206632449493306,non,22.479691782591548,0,0,5.452067836219089,85.5843148004478,116.36221788174007,0,0,5.538811188661693
5,66.10892397441154,non,23.076455217601463,0,0,4.465686997120879,91.80957922204968,99.89517131478235,0,0,5.820743169047463
4,71.82365746372739,ex,26.281233259480075,0,0,4.575233045274869,79.20331157341604,117.303036991466,0,1,1.182271731063903
3,79.35211940622796,non,26.920635722864407,0,0,3.6463206628540545,78.72087555122877,122.14950462465572,0,0,3.4560281353357234
3,78.89381121325928,ex,24.815553226544804,0,0,4.993404028885233,80.22040634807834,148.03034024524845,1,1,4.306882367075255
5,30.49136399720723,non,19.872566105894116,0,0,5.946148886704775,91.58502913070173,99.61013306857491,0,0,4.5061177339634115
4,29.063363267061312,non,19.017717232552314,0,0,5.649787210654379,87.59076987433774,82.64857283431141,0,0,4.968447976017192
3,79.02087311815092,ex,22.954194453888906,0,0,3.6633917657281927,83.16759494826627,114.36425399472215,0,0,3.865678573699022
2,65.46114032712528,non,27.411491681165003,0,0,3.9775788880441523,76.54949455799813,134.40917166972213,0,1,5.231763637001977
5,72.12949647515947,non,24.6127207004834,0,0,5.320386080954844,86.21570135590575,106.45276203166888,1,0,5.203944641614263
2,57.910814593675205,non,33.5214135449852,0,0,5.120962685226255,79.01489772794835,136.3816875068885,0,0,3.560993779729794
5,47.15147045451838,current,28.330481057670045,0,0,4.643061998938708,94.72827108047362,130.47158448529035,0,0,5.800878068369945
4,36.80409627155895,non,27.295157675716652,0,0,4.48286136517261,95.48971301217647,108.62913842031345,0,0,4.327574462848709
5,57.1806311670542,non,24.832547252136326,0,0,4.239681305791584,81.36186630721785,107.46024726928411,0,1,0.7395769791914574
3,66.64387084689061,non,33.093470400202634,0,0,5.039961784488203,91.07561061224756,123.2887083156458,0,0,4.048216968784213
1,34.61544002663881,non,16.924277159060146,0,0,4.340284663247646,77.14922719920801,110.6403048264645,0,0,5.536307819048602
1,60.65723806183301,ex,29.073967579450777,0,0,5.468956640629335,81.45915126856987,145.44342514377686,0,1,1.9797683042867096
5,40.24113798006776,non,25.029594719138096,0,0,4.058501727157445,80.83199105483023,112.17055470897434,0,0,5.241602256009332
2,83.3006880550746,non,28.144655915252628,0,0,4.591248198093139,79.37048901780973,113.71606483767557,0,1,1.1791306086383087
5,61.54124804688776,non,34.16138345954752,1,0,6.711695150215178,83.68795054971625,135.64345579210112,0,0,5.797852601849627
2,29.81969452394747,current,33.08542932620519,0,0,4.160699054198069,83.43935724857315,102.37950743553428,0,0,5.333112523074148
5,44.6393116415649,non,27.598505123191053,0,0,4.0785386077937105,87.87006953767022,120.86885842063624,0,0,3.7025534422767428
3,71.07091403594589,ex,19.146050735354976,0,0,5.878845798559887,83.37295545402381,115.90201414625145,0,0,5.605217814115434
3,67.46095006344892,non,33.561716789915025,0,0,4.835197837218489,94.53919764834093,113.07831567304821,0,0,4.705751692031252
3,83.86816905610456,ex,23.108037251586794,0,0,5.060450296632267,80.18457122885583,135.615141393731,0,0,5.384157382157126
5,53.98790949462433,non,21.38240713422888,0,0,5.258817344896511,87.4505061784782,107.24967361303132,0,0,4.297352345048658
2,73.87057739775106,ex,32.66414511906998,0,0,5.2797603583362225,81.17817089642432,131.3622203256455,0,0,5.683621170312975
1,46.519419557928195,current,28.57911382942246,0,0,4.970673980852817,85.74926162555798,139.9314270209556,0,0,6.304905451416934
5,40.1101872574162,ex,34.611993757734716,0,0,5.7914225385272236,83.656199101777,108.85930992166686,0,0,4.870174620209285
5,45.43452165843131,non,30.728327918703314,0,0,5.252276192530156,87.98272224052658,123.78771646877169,0,0,4.523924377840153
5,79.93124913534993,non,29.61763192807898,0,0,3.8497842813918144,78.87142964748372,127.92916308269119,0,0,4.595924087921544
4,25.23998452900335,current,27.519242164681856,0,0,5.8755325230829225,97.99874494519553,112.16041806484097,1,0,6.077945031204637
5,34.837700947411435,non,31.973375547294417,0,0,5.332311462794391,82.3755076230936,117.38103268751266,0,0,5.849960812377761
4,27.124144578029096,non,28.212932423882457,1,0,5.169103516293839,90.00086545810368,148.71300437345752,0,0,5.643933610567255
2,59.454729856341984,ex,26.385757640819524,0,0,4.345105960899207,82.87137328233918,126.31714407807279,0,0,4.617876169367457
4,71.34820114982011,non,32.09291743903471,0,0,3.9423862917734835,77.7721398566309,155.75447585562088,0,0,4.406942802383504
2,78.13057565550838,non,36.98147208205457,1,0,6.572948299338229,88.77307671317229,148.26612139520248,0,1,4.841125893971043
1,56.13900780528752,non,31.291922776303,0,0,4.607980145249608,78.15396821622117,127.10602417096518,0,0,6.148860773433614
4,55.13677631227987,ex,25.086653044113895,0,0,4.087691841292305,85.16650016818687,111.08813207641107,0,0,3.4873266168809463
1,30.58079495822687,non,24.1705771212862,0,0,4.8987925689898315,89.64385207038764,98.46985908062706,0,0,3.7524187622866334
2,60.47134769751253,non,30.834576718467492,0,0,4.613269288129149,86.77620289149895,108.3449467106576,0,0,5.514603437938653
1,69.713639658608,non,30.785796941240168,1,0,6.405187451412932,82.22610592888515,158.54752218612288,0,0,4.312956105072733
2,25.767744539638485,current,23.363696247101352,0,0,4.651031378468194,88.9413589025751,120.20131888078629,0,0,4.424109621075745
4,38.82640451606185,ex,29.166857579744782,0,0,5.059705674600852,80.44186473383569,138.4956280259779,0,0,5.168713946072889
2,62.85181093230867,ex,26.898890443197022,0,0,4.346289641013503,91.26675459875482,150.66619013482085,0,1,3.629768787669435
5,82.86388261756814,non,26.284693222736173,1,0,6.482499036375577,89.12833933331044,124.19371972313837,0,0,3.4031436552251852
5,55.027983443164395,current,24.681771203036877,0,0,4.733638852902049,85.38883171604677,132.48394167392865,0,0,4.335520563844932
1,41.67532894053763,non,22.23807224929388,0,0,5.8238805244643395,87.19014779755949,119.05277683292859,0,0,3.544596699230201
1,30.170464593527186,non,27.93632031732904,0,0,5.119807815996491,87.02211038496232,111.55053219735643,0,0,5.710099148405418
3,74.9628536199323,non,25.68966934750595,0,0,4.258345311538253,76.81759810362188,137.5462620578751,0,0,4.260133373135243
5,75.02878326352749,non,29.63670683122619,0,0,5.536957102424209,80.61523938793844,115.95266502448256,0,0,3.954274895381316
3,34.72910766618629,current,30.781718927917247,0,0,4.429371616176914,91.45741698298889,118.09599389222227,0,0,3.7836292442963133
3,25.291625135354497,ex,33.62221151322235,0,0,4.829795282732831,84.2008522025532,130.8235619912673,0,0,5.0772003396244685
1,69.63159012077239,ex,39.143803527275935,1,0,6.124497927401858,81.32404720119027,135.99601273295275,0,1,2.5797775781820387
2,55.675793537726605,non,32.22177804077076,0,0,7.0086796735284,94.408887789043,129.75713027358117,0,0,4.135381690734521
2,42.06060612882233,current,25.502061637567717,0,0,4.7571849625572495,91.23386278951595,99.31821074580981,0,0,4.8843585953276385
3,54.58060472274388,ex,32.94582337844224,1,0,5.994668646966439,79.46541522527707,142.52247743323227,0,0,4.185968780218837
2,34.49681749147468,non,29.123127216786514,0,0,5.1478062475669555,88.7411196785436,106.98747336310588,0,0,6.009733940173721
3,45.7467149211391,current,29.497843957663658,0,0,5.063236717181592,89.57383921774448,115.13451651933367,0,0,3.7373122902860785
2,34.94405871416369,non,31.795288990756163,0,0,5.179529581262745,93.8515578666374,130.59205030896877,0,0,5.495403195387169
5,37.956799679270574,non,28.92909596392392,0,0,4.8722571045328475,94.622167348611,91.44869051977784,0,0,5.369692102655285
4,65.81932237678325,non,25.049031590542295,1,1,6.308453687949069,70.83485628261337,134.29642536773036,0,0,5.854611227941097
3,84.10777897204879,non,30.954794699022727,0,0,4.809297351132937,88.75502000003945,145.17409821946546,0,1,0.3793014572774335
5,46.30914495663944,non,41.000757345448434,0,0,5.173794580266831,91.5706801640716,133.2728739624706,0,0,6.275231861320112
3,63.78423247077265,non,24.080882238062067,0,0,5.478099923773955,81.76056797617763,135.6416465107414,0,0,4.807988317381786
3,45.12114591159066,non,25.044865953475675,0,0,3.5763064740554307,88.73371914647096,124.49134566131254,0,0,5.788231731658606
4,78.62369372698066,non,20.364907834514362,0,0,4.407977863595189,77.12050579697744,114.00191859941776,0,0,3.5255325366168355
2,28.383812684831664,ex,23.222772607199573,0,0,5.712745936703381,79.52351572444692,93.01534952313614,0,0,6.231938182172349
4,56.65407910266005,ex,32.487833868980374,0,0,5.35837005050788,88.72067048821141,138.83835830911934,0,0,4.907444323309653
1,77.4385465926731,ex,27.587123902415982,1,0,6.85758914575009,86.38884426107421,128.02597728290456,0,0,4.4260039768119395
2,79.45294915597641,non,22.95492488092991,0,0,5.5639435082403725,71.69495452178256,117.85222332318668,0,0,3.713675064349422
2,52.88507792830232,non,35.634170864442936,0,0,5.037709507365751,92.85539025399758,131.01280544017303,0,0,5.896861371027643
2,45.11050942883011,non,27.347341380707917,0,0,6.023426677836601,80.82078784033283,104.1221379322985,0,0,4.339407794928938
5,70.00024369129625,non,35.206528802779964,0,1,4.837509231210168,69.07660194936375,134.2696514186848,0,0,4.068902788374854
1,28.05687516333419,ex,33.78189213374702,0,0,5.626392438366965,83.10986184853023,122.52023787852141,0,0,5.333479460342402
3,63.450293996933816,current,22.997047337296685,0,0,5.311028092627878,82.49608529659238,105.51791094701107,0,0,4.651896669241182
4,49.506127773284476,non,25.751615289747168,0,0,5.089808425302323,97.4364300691266,107.0267016331652,0,0,4.452204338596977
2,37.707158363673976,non,30.789101645270616,0,0,5.345849923720269,85.9483496052874,123.175455250023,0,1,3.625258202081747
3,34.91051805097182,non,29.805512434540628,0,0,4.320348500138839,87.31010337599457,125.84242953096903,0,0,4.114982818967059
1,82.08211835450653,non,22.965550236306285,0,0,5.614343757826752,78.629353328099,133.98874688590467,0,0,5.085117218454177
3,46.9454040613865,non,30.351815561162542,0,0,4.311595300664236,89.43985459110085,100.59133763294082,0,0,4.567704030957929
4,70.49386070384438,ex,23.654798669083924,0,0,4.203588007282767,79.06322315610335,130.41751743916348,0,1,1.1606072993110488
1,69.0425106732116,non,24.798796451501303,0,0,5.232699224790909,82.3205903871561,114.63674714670279,0,0,5.6184253010902
1,28.282552125004514,non,29.893443937373984,0,0,5.666545037507947,90.91689624711073,104.40017294290678,0,0,5.437504199082959
3,58.95288871643522,non,27.56398671154879,0,0,5.40676552956031,85.11278090087836,123.02449191855615,0,0,4.703371997541678
2,37.63834569363937,non,26.650467022024564,0,0,5.035387762437154,89.48648972149603,119.32027776118171,0,1,0.1989845239879052
1,35.24815444478455,ex,23.13057531634755,0,0,5.220959828340899,87.461908262406,103.13701129015574,0,0,4.190085021361988
5,69.76542917081983,ex,35.24486881318789,0,0,4.100728930921789,76.90392456014314,153.87801785615991,0,0,3.874982774134821
1,64.25384629829253,non,32.40555045030577,1,0,5.922363640591697,75.56678598819028,154.87953766125509,0,0,6.23689146606778
5,33.71138515368895,non,25.293760674244997,0,0,5.045362123436723,92.01889362416412,129.27440350116743,0,0,5.890621855926707
5,32.45762113547245,non,31.596808094026315,0,0,5.5649490727948585,89.99002643424744,112.99530427398004,0,0,5.231922464613708
2,51.80618542284964,non,34.06951897311562,1,0,5.3817023976945615,93.21026462007309,164.26303960524874,0,0,3.7314106060686787
4,31.349121749253978,non,30.814769767582455,0,0,5.248368680036319,90.49457889716817,132.3609324320045,0,0,3.862012875318769
4,56.343161172895115,ex,25.897430792634907,1,0,6.707930582629227,79.85588888601373,129.18372391718813,0,0,5.507453147051109
5,63.83446084962977,non,29.020521527662403,0,0,3.0550499079915414,81.49143866823026,134.55901220896072,0,0,5.8671422350940645
5,73.13312951938109,non,27.101564375547756,0,0,5.212633458223317,85.57604537406608,134.74196716924683,0,0,4.75138348877984
4,56.43330897809854,non,27.924857939498324,0,0,4.703389806269201,87.71974031938187,142.94712012822328,0,0,3.723092013084733
4,69.0388667318947,non,34.984400867917614,0,0,5.105947182465807,85.46544940973598,140.06402943941993,0,0,6.136769207041607
5,29.550000479863442,non,25.645986328434887,0,0,5.165543666672822,101.05934309982575,115.74888068332767,0,0,5.464648470035637
5,66.62031280927019,non,29.851248795695813,1,0,7.215114937970908,84.95519367580687,124.44280959119087,0,0,5.092383026172383
1,52.765923826276584,ex,26.693410761055475,0,0,3.8143486230579313,89.92975104891308,120.77682639681794,0,0,4.987179591720658
1,27.429502646163236,non,39.64983129098686,0,0,4.295973962668756,84.12014950955887,129.1002232322214,0,0,5.070292461603927
5,77.06612742681209,ex,26.922621985746236,1,0,7.647174538542657,85.87629454061704,152.889329975429,0,1,3.0954027027893205
5,66.8590055999639,non,25.644778086629326,0,0,3.9963475806323894,88.13970383246561,131.57407866746684,0,1,5.177711701371056
2,83.93879301927953,ex,29.735687373236882,1,0,6.473278251745139,81.25787312416216,121.37962386020206,0,0,6.043035774168977
5,38.793376389162646,non,21.57982872779197,0,0,3.6436642971426227,91.67731198234786,104.52987966444721,0,0,4.763501788089343
5,69.79449037260207,non,28.122606838465945,0,0,4.56468906243349,91.51876880430393,121.58904434199535,0,0,5.48591917402454
4,82.38780061127844,ex,30.393815696950824,0,0,4.886381362782577,80.04907605333716,115.46474633666669,0,0,3.790032098435056
5,77.15251431723354,non,24.15718515702772,0,0,4.35501390178348,88.58213975651609,135.30619826411964,0,0,5.998428297919903
4,43.14842516090186,current,35.05191007343156,0,0,5.491679747083082,100.59056294147969,117.07718313282936,0,0,5.406296280658221
3,40.0575911181752,current,29.153353241741268,0,0,4.401299848667926,86.91120627197589,104.611728987649,0,0,5.644298088914997
4,46.23960318252666,current,31.05966150786794,0,1,4.01315930234221,66.9435737527152,129.79756312374084,0,0,5.713756887037373
1,77.82438261373784,current,32.3407234000599,0,0,4.367650113742394,72.9729506215867,133.46424766374136,0,0,5.508483700586085
1,37.781953817881444,non,31.95477038403127,0,0,4.605889707926272,89.20971447388244,130.94297039016251,0,0,3.4283206316316868
4,55.393492154688886,ex,25.0838480296373,0,1,4.6891517713540125,67.70044502950151,115.79102452152384,0,0,6.171228144327883
5,72.72694798028624,ex,34.51183896976503,1,1,7.5900448954496635,66.30803529141406,143.61340118755462,0,1,3.389470669747898
5,74.62559414931991,non,27.459785866001027,1,0,6.798079491112364,89.28556504649534,136.08509614230093,0,1,3.333296531458164
2,35.5683491778086,non,25.76209069996597,0,0,5.583850093103798,92.82301777578888,129.6779598717134,0,0,4.514334120334071
4,63.26407355911003,ex,28.103845901100442,0,0,4.574446103314574,91.21999394512424,138.55695796455853,0,1,3.7737999636967094
3,70.90830595773342,non,34.53994075456229,0,0,3.7301415326597747,87.4395980548928,144.3517312601908,0,0,4.090420887840368
3,38.180262356401336,non,29.726294700059793,0,0,6.4875576561390425,87.03826760379059,129.60077023153022,0,0,5.801847967982965
4,83.8818946331937,non,26.9832734608031,0,0,4.658327814563898,77.61245296294294,120.35813868312785,0,0,4.615953567295147
3,70.06922133674988,ex,33.993476981739796,1,0,6.891736266800663,88.32833671008623,135.07385460382778,0,0,4.199786952433981
4,80.44873430831395,current,16.900712251267223,0,0,4.809791486890136,75.41370927682075,112.46114153363814,1,0,4.975361864025718
2,67.69402453952758,non,41.573044285926464,1,0,6.91177525471744,81.05598910099695,153.97567333973674,0,1,0.7909610300018376
1,83.12832137099744,non,28.535294840121107,1,0,7.105115829502618,72.58652176477732,157.41070215845897,0,0,6.193000624822107
2,55.77146011175103,non,32.194463720590356,0,0,4.235003205929717,83.87461630230968,118.1472109258376,0,0,5.551275051855297
4,48.600146423829656,non,27.766392330754226,0,0,5.093596275954801,81.80670016777285,130.98769311617954,0,0,4.559574446930517
4,46.88397855971884,ex,32.27292454884614,0,0,4.663103186601184,77.4602287250386,149.28747590537412,0,0,6.352823131495194
4,29.354419393332723,ex,23.967785575917812,0,0,4.46820838890853,91.7580995043308,127.98756704516376,0,0,4.532700783795237
4,47.53505172852516,ex,28.878766907705987,0,0,4.77287760036167,93.26871410676553,122.14962805948444,1,1,1.377422400893704
5,25.910052796192026,non,30.236968978496325,1,0,6.737467446156123,83.71615180989659,107.48692409500072,0,0,4.286318074148236
3,52.50061989374271,ex,34.008379256661726,0,1,4.279213040642427,68.70014378318062,118.01962422891587,0,0,4.702387907933114
5,66.24416224610967,non,26.19115922522842,0,0,5.025084991121913,78.55695279694386,134.05268747875508,0,1,2.9768629726688083
3,29.284281951007735,current,23.254361683318294,0,1,5.149689048225472,80.87822030484021,124.06144797836711,0,0,4.86237272360705
1,72.3868151995692,current,24.14193181999442,0,0,3.7781119728531576,85.85256820115269,137.98875572057395,0,0,6.2006141692391035
3,70.88347298374586,ex,16.6887189021825,0,0,5.367477054278592,79.75862452631046,125.68262297001864,0,0,3.749036619783857
3,57.62953800073015,ex,24.929786135384845,0,0,4.611487640626635,77.60427181792964,120.14614908465478,0,0,4.567794044460037
5,38.18960952076573,non,23.8484340652592,0,0,5.183714148002971,77.36663038845863,109.48643703557647,0,0,4.91453759422409
2,75.67056385561222,non,29.760395735203964,0,0,4.4917308995890295,74.96183785560463,144.33932002224904,0,0,5.922611880242358
1,26.800538649128036,non,27.93111880883486,0,0,4.719228582793022,85.41564970557693,119.99900496322944,0,0,3.4396621857547207
2,56.83400535723225,non,21.217602807907163,1,0,5.996990028280411,85.90703996918292,137.17171266377076,0,0,6.089263275937061
4,47.38674568799855,non,26.933405312796264,0,0,4.3831138602842366,91.98476928310612,111.60194867632873,0,0,6.097736680207079
5,34.34353688528805,non,35.53739056726288,0,0,4.591061921025725,95.83325328246501,131.7479084530179,0,0,4.6235187332187415
5,59.8000487407949,ex,17.83492363779123,0,0,4.904870841855656,87.14983279728082,106.09067055378458,0,0,4.568649896261963
2,50.564323960228236,non,30.297507484750305,0,0,4.6953805697401325,84.84590680547403,129.95530518394173,0,0,6.140615483427158
4,83.53281772814873,non,23.07949793773239,0,0,4.786924583624861,91.65572098138418,121.2647582294572,0,1,3.79636417463831
5,75.667519267258,ex,21.202874243006654,0,0,5.0470438468447805,88.82579420430484,115.32371262534718,0,0,3.893585712432805
1,56.74226641884641,non,25.509673091710194,0,0,4.942854300175081,85.29430333168114,137.20395346294418,0,0,5.151731554907745
5,28.36787664224721,ex,35.510931982579656,0,0,5.063146786561031,87.31183289352755,100.18795606988971,0,0,4.929321958509576
1,27.670881448904392,current,27.929892335656966,0,0,4.5712778078947744,82.34272199465569,123.6272915804786,0,0,4.553093516458794
4,80.77357839877757,non,26.700286363347246,0,0,4.404243783317283,81.35753203334113,137.34529101266065,0,0,4.042180546817573
2,41.42328206037182,non,29.096876715149936,0,0,5.125422267035568,88.24677457426358,112.29897894967215,0,0,5.907076293795333
3,66.9893999349928,non,29.247236683987744,0,0,5.030055013100133,85.88097312134518,119.85822338773579,0,1,3.3189815895123673
4,79.6780860048492,non,29.8137068703461,0,0,4.421272769232174,78.77738398689286,136.9439688382385,1,1,1.2994452108774326
4,79.48695646778219,current,25.888155974096026,0,0,5.518700464334007,82.91628228872631,116.40300752472606,0,1,2.2822187154005205
2,30.279830785631148,ex,29.829002139781323,0,0,4.261831763194175,88.85112419382895,109.03643756520442,0,0,4.954186141546536
4,78.44920449841905,non,28.903332201535864,0,0,4.362386361625254,77.20910994093911,130.60827042257708,0,1,0.4701938116201853
5,53.80274142059601,non,31.343889918151323,0,0,5.184968270271054,91.1510937260581,123.45073219975214,0,0,3.9720019826558985
4,27.510539055111426,non,18.517042736641116,0,0,3.773498884338022,90.29455029578733,109.72208315644842,0,0,4.251528130246985
4,72.68011992911104,non,32.01090849741948,0,0,4.889628868968793,73.68944019460534,121.50836573983821,0,0,5.017011769769364
3,32.06204681713625,non,30.729716933455112,0,0,4.870850394447572,98.09254312729341,141.04724531146462,0,1,4.7727271535241105
3,42.35571798020738,non,24.73759037689956,0,0,5.138381840673845,91.64413236603936,130.6419043813231,0,0,6.348152436023636
3,56.78826886769964,non,35.48201439598145,0,0,4.80733613097761,80.68943536125221,126.80681183212086,0,0,5.324220750632792
5,71.8517785453077,non,26.745491741145344,0,0,3.5166863342760974,76.6286408386381,140.19677420479874,0,0,4.497529242826564
3,50.07775017913414,current,21.42349580417072,0,0,4.163968302220694,90.30604646581564,111.7029608574483,0,0,4.472307077502852
1,35.045418943053605,non,25.185284127195047,0,0,3.8964033640003617,90.26566261057181,110.43488200826359,0,0,3.438047208955115
2,72.24365858567567,ex,29.584965090271574,0,0,5.046873403645406,84.84304515326464,115.16547606009611,0,0,5.593760445151197
2,25.52334871508032,ex,28.707871760591953,0,0,4.844980864160846,87.35135725575763,119.58352711546252,0,0,5.403843848457127
2,58.615196946071,non,30.396479194190402,0,0,5.199249616525091,87.37063224049871,145.6944364506979,0,0,5.3471700369582935
3,35.59364100683538,non,36.350540046383486,0,0,4.5811786865838044,86.21540733656516,136.61306459196615,0,1,1.7072468056581327
4,76.54666019591033,non,29.842980343657942,1,0,6.623768253022859,72.96392029768242,150.13553287885634,0,0,4.880436651493268
1,57.423150770401996,current,25.072585823573867,0,0,4.752023925995115,84.25490938732993,113.81056373670478,0,0,6.218477993500087
5,33.466588674599734,ex,22.5202272211382,0,0,3.336818034757396,94.6973361323274,107.11228011718737,0,0,5.634888930464114
5,48.252057858134364,non,31.388964049598663,1,0,7.029162755855017,99.42730435196962,141.8274688543258,0,0,3.558362689518746
2,35.793374686634266,non,33.188537295102364,0,0,5.2080360931803575,81.72598704232044,128.88653254223382,0,0,5.239675231002594
3,35.64500243183208,non,34.52485691427572,0,0,4.070717692592845,101.06382822536044,107.08024483508001,0,0,4.286588481262605
1,78.76248319444436,current,32.12981376696465,0,0,5.334573185280767,79.83767441367746,146.54855829071755,0,1,1.6658312632303818
4,28.968038621307795,non,23.785812984341327,0,0,4.971126391267649,91.40868122360497,109.56846294322561,0,1,0.7365663928947487
1,57.148286264457944,non,24.1539968921374,0,0,3.442773715743648,73.8607629433176,137.61730869750414,0,1,3.2149122773511256
1,25.576556989699153,non,28.460875131070818,0,0,4.406829890744632,84.82461511027921,134.24245869256558,0,0,5.856451176510342
3,57.24951741959331,non,25.109037855280075,0,0,3.650586341256977,81.46863153982979,135.14168146810533,0,0,5.080642364333783
1,46.50265872832313,non,28.744781546568753,0,0,5.099055903655574,88.87076071118699,107.28484214046071,0,0,4.436149295351753
3,52.95963358971447,non,24.53874101093665,0,0,5.084116293145389,84.38490590636847,106.54438267571692,0,0,4.9193951999335725
5,62.22395112040025,non,26.21436902675465,0,0,4.974904741431786,90.3865734131865,110.11315982123566,0,0,3.5798173200024066
4,63.86784431003426,non,35.64575377614584,0,0,4.481278419118834,92.16737730629538,154.32841762106617,0,0,4.493933953883175
1,71.13993574493364,non,30.231305192239603,0,0,4.859788049848822,82.24860424509482,144.22704388254766,0,1,1.3538641864304062
4,76.46388199392256,ex,20.048879151014845,0,0,3.8712173132715697,78.38518239027965,126.71571425999862,0,0,4.730606694746867
2,34.24794567884337,non,27.886863600768,0,0,5.903028102191725,88.47871067710722,122.60036982142236,0,0,5.72916468375009
2,35.38861806544201,non,28.505925097494526,0,0,4.066935148650629,89.6012718744202,119.53851830305808,0,0,4.287882982802325
5,63.24828000061189,non,32.015744474819044,0,0,4.672519646141177,88.39578352610424,132.40107288084056,0,0,5.0696508947651076
4,74.60964127576219,non,33.02590982397893,1,0,6.32867972796937,75.0826356756853,146.89558355604353,0,0,4.833330276084092
3,80.84747685069686,ex,22.60845222226412,0,0,4.346351361936656,80.8903325787955,148.11955419935967,0,0,6.327886518222357
3,38.25456487072454,non,29.45864407264929,0,0,4.869548670994094,83.71449940716057,130.10713280871627,0,0,3.4114667454974406
3,35.55648436995834,ex,22.719088434615994,0,0,5.40094813250989,87.06209736249485,105.02950131439827,0,0,6.159208190030531
5,33.36958794591723,non,32.31045049008349,0,0,4.270602192557788,87.98714394666064,101.17515787802148,0,0,5.96064972633495
3,55.106984330325496,non,25.378772702499724,0,0,5.539086717965507,88.37499360059286,124.67175365201938,0,0,6.3113610422137665
4,54.92594825160052,non,25.275612426960258,0,0,4.449927990718846,89.58668505542269,116.79401710144636,0,0,5.0578905108534595
3,77.8033633969015,non,21.123996303264448,0,0,4.193737372680958,85.93082821568689,115.59215374498797,0,0,4.592700125071202
5,51.42940153776958,non,33.38145818501119,0,0,4.639787839707508,91.6242863033468,123.92370366632927,0,0,6.171868959049627
3,52.80240873515973,non,35.96648279647721,0,0,4.02789112551081,88.3035338636331,141.71382491182874,0,0,3.9535230601468667
3,58.106080178771705,current,28.2567112306885,0,0,4.183210404011398,89.80159060481209,153.78516632302131,0,0,5.2300603919827555
3,80.5013974400163,non,28.573567074274195,0,0,5.210897190732367,78.644086798964,126.89226321375762,0,0,4.79402127779258
1,40.785576118248976,non,30.133966768336123,0,0,2.6224610293938095,91.296144981562,103.01561748633915,0,0,4.302469723863242
3,64.08942219051374,non,23.39442079127227,0,0,5.812931991182612,84.3806299506269,98.12542042613264,0,0,5.109506494175357
1,32.31325635185253,ex,33.09891317905105,1,0,6.714560994453045,94.25923381767652,133.3786409549605,0,0,6.281194977230665
1,57.347133020420415,non,23.21795273373455,0,0,4.818314730467793,96.07592327512158,122.88407362226452,0,1,4.042615770142174
3,43.139215692093266,ex,31.911918826550583,0,0,4.935028130275284,85.15123340853464,121.19901781534031,0,0,5.019723586350953
4,61.23693783979344,non,27.105075775909786,0,0,5.280158816181572,84.31880642783933,129.74123045091957,0,0,5.806657571190891
4,75.71885745904942,ex,32.74947195081556,1,0,7.342469637191612,81.63950506385908,160.6378185303065,0,1,1.2032475116254535
2,50.0254311840672,non,36.90343585390974,0,0,4.548399832910641,85.95233189831278,127.42271885994906,0,0,5.850877976222309
2,27.633587987137624,non,25.82710241677777,0,0,4.839030227032885,95.18524628551316,114.27220935861622,0,0,4.081574951142039
1,71.81137670546838,non,28.324182055488354,1,0,7.431164770712375,83.83705072160784,137.72285834360707,0,1,0.9406013455445652
2,69.81727587948441,current,28.719989653925772,0,0,4.340915447782197,84.36777416708132,137.5478250835305,0,0,5.530563911316607
1,36.206563774902975,non,29.956055481127223,0,0,4.210094508677125,87.1035234067568,132.68846238340058,0,0,3.5413537316030146
4,51.905937576089656,non,32.229663196464465,0,0,4.140624996706872,85.86910097787624,121.452707666205,0,0,3.738294157342437
4,43.993188902616744,non,30.08463829000989,0,0,5.227316436833824,83.80518583758459,124.16021183794886,1,0,4.692047193012122
1,73.79254745820597,non,31.229008047155922,0,0,5.12162807126809,81.30337112170746,123.33743532060814,0,0,5.852285225708538
1,69.69870535052709,non,26.517391479865687,0,0,3.456176459444598,91.19501974408745,121.26696567683172,0,1,1.7097687531310448
2,41.52982138681655,non,31.68816109100592,0,0,4.96839873418151,96.2857214548928,129.05687865446882,0,0,5.799726161741593
4,36.75488108690477,ex,33.84262217589361,0,0,5.38969285653251,86.48271659526539,114.02036586339077,0,0,4.251879420719851
3,49.74432057123069,ex,24.187529993294525,0,0,5.544650935631297,98.37823972874884,123.06504891715828,0,0,6.113692389566474
3,62.55315331512415,current,24.872508916568624,0,0,4.423803438604127,76.43530949526122,142.11299921781375,0,0,3.8199063574581817
3,80.08934854594992,non,24.780575174119697,0,0,6.047562240621744,76.08078468274903,124.43750861148236,0,1,1.8756239848061522
1,60.32356321705126,non,22.529809612485913,0,0,4.283589327951275,87.29932359261969,138.14649712094263,0,1,2.075913986050263
5,73.81041954218992,ex,34.42064570291769,0,0,5.498256451804968,89.13788399814781,150.15930293890935,0,0,5.798644974074245
2,59.17452485239479,current,30.944837889219457,0,0,4.688060656306705,94.23498696843637,151.04734983561698,0,1,4.123126106944447
1,39.72153348538026,non,26.474462093088732,1,0,4.578516721256735,79.00154009623347,143.72052359570486,0,0,5.555438261603327
3,27.674487513149742,non,31.688891634754814,0,0,4.453202615471775,89.6454084683025,111.08091505156936,0,0,4.983813508119603
5,78.88677138132697,non,25.517830841532096,0,0,5.246108250403411,76.9578902814305,125.29142760305795,0,1,1.8648124683443528
2,50.49857146386216,non,35.08990619949874,0,0,5.019407847149628,82.29016994263822,107.23846702446691,0,0,4.539885347939309
4,75.0075209634964,non,28.295670063552997,0,0,5.050796138478682,80.08177038994955,147.5053814893696,0,0,3.6053022364831895
2,39.338106208026794,non,36.05318442747935,0,0,4.529317326572665,88.61659481371348,108.71770632940897,0,0,5.526544462637557
4,72.58811411911262,current,30.02335864183615,0,0,4.7677970659259605,76.28247152212901,150.27626669767864,0,0,4.040039133135505
3,64.52169843820965,non,21.55196425517284,1,0,6.1524713080184155,81.91174965480847,133.39765177054133,0,0,3.6121887837927833
1,29.825857209752975,non,30.451664486224505,0,0,5.504901917582064,97.65663254619845,102.06176516943091,0,0,5.087739122538781
2,48.18314806410408,non,35.45739844118694,0,0,5.094817869463551,92.30271483519311,123.70553504879408,0,0,4.251318828475665
4,66.16813531113445,ex,30.53916592437415,0,0,4.238396313284996,76.86107130378942,152.28169227439773,0,1,3.727388082659432
4,41.25444535604437,non,26.601739301944846,0,0,3.8421772778948577,75.06157164171867,114.12407242374151,0,0,3.6319850883594476
4,57.92821435178392,non,28.31699723056235,0,0,5.005111171799901,76.74331564665911,104.74359117531245,0,0,4.151629474140976
1,49.828297500271844,non,27.47674540823481,0,0,5.213408602840875,86.87004162125918,113.01515406006747,0,0,4.676391281129952
1,58.826279592629824,non,26.19841755561815,0,0,4.797651547503951,83.6614775612554,116.97208908967046,0,0,4.408880414235334
2,35.37303153843334,non,27.030958944583404,0,0,4.862173396958633,87.63102057547985,115.92978230412129,0,0,3.6776720118272737
4,61.997403631045856,non,31.0274093869671,0,0,5.036901367054025,88.19503881268463,153.1718526898473,0,0,5.337944144030993
2,84.27414899739037,non,26.173495646779095,1,1,6.693741685130481,60.8380177817723,150.12653894749627,0,0,3.5817257487288847
3,46.405277073281255,non,29.668231952975525,0,0,4.7142038803231925,85.47348059510395,144.56687705175034,0,0,5.278599229591143
4,37.88917470431106,non,25.8926663996617,0,0,5.536003208271852,91.29108176684416,129.26475392050364,0,0,4.325017498765101
1,59.8426959034623,ex,30.995723368845198,0,0,3.9099118132078203,87.67622759715813,113.55165322260581,1,0,4.518790415610909
2,36.79323899100371,non,27.9551624862654,0,0,6.302425714898088,82.21125559397693,88.08265689703487,0,0,3.713608536043743
4,61.26696060285919,current,34.99039450485182,0,0,3.997936661129442,86.27398022577457,130.875325884884,0,1,5.6129742839740695
2,78.63821518742125,non,30.759337855804446,0,1,3.9881551607835855,66.04695416755631,145.56778071226088,0,0,4.244779088414131
2,44.01741951827843,ex,35.95749804347898,1,0,5.99214791310047,85.97780352471997,127.0679397321656,0,0,3.575809915799705
1,51.382327525457384,non,29.585970100270504,0,0,4.368955167074967,87.9848756406614,134.4258219902159,0,0,3.868122953766131
2,34.70645514889836,ex,32.80205038040312,0,0,4.1605159090722035,97.59371172179462,123.47414627947234,0,1,4.026636402588192
5,55.01424797808977,ex,26.87269879645975,0,0,4.016905652442407,76.9609407970015,113.429687787346,0,0,4.589618959755142
4,30.10744729639017,non,23.87388249452716,0,0,5.312224611260962,91.01542552431319,107.54087767317189,0,0,5.103384427781981
4,37.82901961890044,ex,28.57416538134854,0,0,4.771531177410217,90.16054529908068,123.1920040316492,0,0,6.192653465268505
4,32.465873594837504,current,30.31524761315051,0,0,4.553657770055393,82.91631578182333,131.68357378240384,0,0,6.359484665962999
4,83.33068167001912,ex,28.526446691451465,0,0,5.340333075879889,76.98526891283669,139.3601654059733,0,0,4.4588659404709485
3,70.17018388504135,non,22.471482129110708,0,0,4.734951194440549,75.79677616108502,124.56419705333924,0,0,3.5328868613641116
2,83.54042757351857,non,31.542022742356444,0,1,4.322734369218295,59.505886353306686,129.9641747549208,0,1,1.465552679709924
5,32.22031248348489,non,34.52293124120086,0,0,3.410655739915819,88.65842826427797,129.0773419266722,0,0,4.367266029345635
2,84.38597634854588,ex,27.81380206333045,0,0,5.61950225707097,72.97901112154864,119.57642879197346,0,0,4.228702271711383
1,25.333374447820095,non,26.699075272536408,1,0,7.06066204078841,87.12545817452566,122.08434831903409,0,0,3.671019611372799
4,72.82807837495767,current,29.106594059160013,0,0,4.770603095976241,78.42808766621894,134.82695405650557,1,0,5.169665058846157
2,61.91164766653076,current,31.47626356275879,0,0,5.974785847855421,83.25940953718789,118.14647469135303,0,0,6.385444549152298
2,78.38246306064502,non,33.55006849217146,0,0,3.275149991806015,81.27850869728216,135.1955865975144,0,0,4.42512132248401
1,77.9262890783362,current,27.621199648342728,0,0,4.94162013459381,76.38938070805816,118.43084579914151,0,0,5.48862900846739
5,70.79139400929358,current,34.180758016450056,0,0,4.850119412648617,77.16843842676427,114.63673017150083,0,0,4.584605048138189
1,84.02930894640068,ex,27.366760849204464,0,1,4.025181267555109,66.49133961285943,145.67326207904063,1,1,3.9890684462520456
5,64.60373163636488,non,24.336347688856776,0,1,4.264942601633743,70.85738245184466,123.07329500621744,0,0,4.479846038379591
5,78.91608036194012,non,33.4288710068304,0,0,4.666506193271978,71.55252954078458,127.2417081212119,0,0,4.384283625943419
3,49.372454406493354,non,33.09171685467293,0,0,4.1119590545958795,87.67338283653523,149.38878931652584,0,0,5.127485885982163
3,54.932197239198054,non,31.967148048098014,0,0,4.806030161152783,88.583181852988,109.22063279660725,0,0,5.314585646095749
1,57.848685328115685,non,37.5035311254431,0,0,4.629562881186364,85.74462375573522,121.50971762636642,0,0,3.8186076308206207
3,55.58061005621282,non,24.18705568306588,0,0,3.859140634066181,93.8514871345058,118.79052799346418,0,0,3.7339549049455996
3,42.94322059581779,non,24.6906927149178,0,1,3.2883302351336017,74.7351384574605,103.86285821036151,0,0,5.6910114948862
4,72.89513486572342,non,26.332738179331272,0,0,4.927773357096969,87.85645455550545,139.0752502556348,1,0,6.148639345154518
5,70.30593207036353,non,29.437072459359886,0,0,5.379052746498953,83.18677621439261,128.72804379285915,0,0,3.920774823677374
3,38.07472369670335,non,26.771233118937047,0,0,5.974109700872629,88.96616127208029,120.25008250414672,0,0,4.994092077624659
1,35.56832409741824,current,21.377106915836322,0,0,3.892755719431149,84.48193426579029,109.90193897615657,0,0,5.771928208895396
2,26.898585530736522,non,30.822446212286184,0,0,4.503746691106631,90.178911001416,104.37549446068476,0,0,5.6093156271137765
3,53.01717211481072,ex,34.727372679030005,1,0,5.661433431233796,93.38965873335052,132.04059859842326,0,0,5.682037951207009
4,66.72986587255707,non,23.976252348826826,0,0,3.782907874042177,85.74659222439735,121.50046150248185,0,0,3.7900246254744605
5,64.68465695887647,non,22.908642536920432,0,0,4.844345915959233,86.71929614933141,100.332162025725,0,0,4.47285626481405
2,52.30262272607086,non,25.076688509464137,1,0,6.923093878216615,87.64093304431887,126.86429240667117,0,0,5.166647702099618
2,43.80289129828724,current,30.73862139354885,0,0,4.694664772508842,89.8842000357594,115.54546925858477,0,0,5.23564313226495
5,30.747485026583668,non,27.93858067012556,0,0,4.647210028554306,87.88994626085601,82.47002350966815,0,0,6.1514650632244
1,36.90461781355147,non,33.90059487561885,0,0,4.004293428186541,87.89006335224775,121.91550449615164,0,0,4.724257283336344
4,44.92063195197323,non,20.97813614447887,0,0,5.591253258309469,90.99968089373077,118.6351646138856,0,0,4.561221587561277
3,40.78666013277436,non,25.479504275692957,0,0,3.5631365081538524,96.48802100873313,127.68839282732566,0,0,3.853220475311052
3,49.681248274035454,non,36.82833251030782,0,0,4.422959665729486,92.47414346544544,139.43474104693547,0,0,6.160910894877379
2,30.33948785924825,non,37.68325637470885,0,0,5.239914743426175,94.29016740566972,126.79047031946051,0,0,4.492903998775757
2,26.70333260711312,non,25.743975364949563,0,0,4.441121946225635,89.22876600681886,110.96517615308821,0,0,4.906194858669689
2,55.74768825462757,non,33.500365876813525,1,1,5.695065079993316,68.31111804520731,129.2816341864692,0,0,5.3427810459583585
4,61.011215391122185,non,29.690594043351656,0,0,5.208721816026702,85.73321569429729,130.49935782789368,0,0,4.730671506760457
3,25.602006576130147,non,29.94334412632294,0,0,4.749343570916777,96.22500652665408,132.31059032184632,0,0,6.062270670099556
1,51.57818575219855,current,32.57469315003052,0,0,3.3206727385324113,94.76582459953539,121.13793299433283,0,0,4.864641529770927
2,79.63664488458312,non,32.227709757107796,0,0,5.289065369790065,89.5424999938879,130.8023817735551,0,0,4.856878219775186
5,52.47324318779954,current,30.017444312475668,0,0,4.780838024058203,80.34045888315426,141.16233446540758,0,0,4.7527890876072325
4,63.076964358074136,non,31.10592206244085,0,0,5.0010414739277005,79.35643403429587,119.62830625677317,0,0,5.484985096553859
2,76.46687267828617,non,29.38599411768813,0,0,5.197371813109655,79.38091252553491,139.28160023202352,0,0,3.7389232012209592
4,82.42644312370989,non,26.788915225040448,0,0,4.52230963766565,72.24376792191046,125.0371165500903,0,0,5.204230727707253
1,41.27656990222234,non,24.377012400307816,0,0,5.624353766319315,87.67004968287583,115.28019858405338,0,0,5.158550711984251
2,68.66773065661167,non,22.302381553629864,0,0,3.6129045873494605,81.35893328778403,132.53765277384562,0,0,4.782130417908892
3,61.01424872894365,ex,26.26972667083853,0,0,5.024991087509037,88.9955519570445,122.71635308522791,0,0,4.006633215631566
4,75.93041174611412,current,32.48377964039214,0,0,3.228660119723645,77.19725785617595,119.63754844484228,0,0,3.9286015456550665
5,81.06911664363354,ex,27.896274810822607,0,0,5.232161615235256,86.49567871926062,151.418521488255,0,0,4.269716670852702
5,60.82533099838266,ex,27.017841219183172,0,1,4.672870024656482,63.112751055946575,126.38221645941836,0,0,3.9978781956197804
5,81.0708943592582,non,28.63712304505784,0,0,4.875926227700235,82.23411059682839,142.38644652359795,0,0,5.571110172834231
5,51.057922133540934,non,16.489649994972844,0,0,5.7025986023086395,86.35853083479351,90.44303173164668,0,0,4.970631338830458
2,77.84760643359364,non,37.486918099382166,1,0,6.789282203417985,87.1947970405028,151.43407267350312,1,1,1.7398570900497905
1,32.45802283602003,non,32.62915472737053,0,0,4.093865605830617,94.78084430225579,114.81271974444367,0,0,3.6729864176315394
1,80.85153351932078,non,43.4838663537047,0,0,5.623547891252617,81.0510413096092,154.03309572384086,0,0,4.914456215938815
1,46.65199610136982,ex,32.58449396865028,0,0,5.189509070122949,89.71388610787517,117.85006625841834,0,1,4.956583291887425
2,80.13921007000332,non,35.46887782125772,0,0,3.82732897733013,78.27998195301448,134.058255910122,0,0,4.634165610529622
2,25.74576299352342,non,31.143346799178648,0,0,4.455358072343915,89.68932659825117,120.56862652830193,0,0,5.783389026137895
5,37.01732834716849,non,32.43670684553239,1,0,5.9305492685715215,79.43482532946844,130.0693945554671,0,0,4.372968860534017
4,76.27346581041081,non,27.122080187249793,0,0,5.110076745270017,93.2502665490776,115.03462776713046,0,0,6.320135963483066
3,62.14443736729158,current,27.473945247868162,0,0,3.584945205944443,81.39563098105204,125.18186167991561,0,0,4.231037023699474
3,42.21961763014002,non,24.495059570923964,0,0,6.492350936119176,90.08571486313522,107.70930992641486,0,0,4.8945396347703705
2,49.98628827942555,non,27.186607992007165,0,0,4.088655435739244,82.12650732716371,118.9221886539708,0,0,5.135595477380558
5,31.53929963428383,non,21.936977035669408,0,0,4.084679122445616,84.77664240293578,134.95527774784392,0,0,4.496539329979824
3,31.024168462373186,non,24.95894730197995,0,0,3.959473851683389,93.37456898555122,106.41944141862349,0,0,4.8971401122637115
1,83.07021024084686,ex,36.963444434117875,0,0,5.216096588446416,84.19492062029397,134.7992783125791,1,0,4.22958299955377
1,34.381406691857116,non,27.02797702887283,0,0,4.941853153130232,90.15039435420182,134.9327696838334,0,0,4.530856313302591
4,71.74655854359818,non,26.001219027619804,0,0,5.5973067504420015,91.11776855938018,139.59649017047926,0,0,5.210400653882447
1,69.59520901024467,non,25.458357257704126,0,0,5.1306142705148385,79.33017295933548,134.91083684606747,0,0,3.647658377767246
3,49.42121463649244,ex,29.182188801277537,0,0,3.780219567932274,81.46077667499293,137.0065667189028,0,0,4.2320397582851035
1,45.11167667147794,non,24.57443949361742,0,0,6.172418977381336,81.60552170712309,132.1645272680923,0,0,3.5122639286922324
5,63.67917809209821,current,32.203630980360366,0,0,4.592437504634722,84.1160458494246,127.09298980420898,0,0,3.971550275329186
2,42.96545290011865,ex,25.86125522929052,0,0,5.070280728734549,85.8494100764694,102.25468780532509,0,0,5.420256253648157
4,63.485847950054435,ex,27.212159696140038,0,0,4.040570775951409,92.1290281796968,116.1445613977967,0,1,3.4118864444624397
4,44.16482640531214,non,28.846286750773835,0,0,4.213691849177422,83.0423189079738,112.00125775962861,0,0,5.505458607820636
2,31.746629527045577,non,34.5849014492295,0,0,4.137451326591375,92.92235622806174,123.09054305949687,0,0,5.741700448071651
4,37.32017515125811,non,26.55870918505983,0,0,5.462595354666087,85.17594119731815,113.69293708638689,0,0,6.318306459802843
1,27.98586625612275,non,27.77588380431734,0,1,4.193849324876596,79.46114648947452,105.45099276332995,0,0,5.998155172690566
3,47.84143197195647,non,26.65286117144702,0,0,4.528798336099456,83.93394447164341,129.71405389030207,0,0,5.162484544488504
4,71.06487186049645,ex,21.171771724137976,0,0,5.42790959836273,81.94261892893856,124.68230464485198,0,0,4.516981721337808
2,80.65012565003893,ex,25.80775108823769,0,0,4.9191261579960415,83.26254446989607,123.99878377734385,0,0,4.2938172654828985
5,57.662550766900345,non,22.65992557470561,0,0,4.514557624186634,88.95946201067376,126.89343436096468,0,0,4.872608859709551
2,72.7163865241055,non,30.748638242087434,0,1,4.553988131089126,68.43978470315955,148.79685728116672,0,0,5.686360276193893
1,66.54649996204381,non,29.02967763543399,0,0,4.742250899569657,87.67411263182377,125.1400413426441,0,0,5.944156303730219
5,66.23171599347698,non,16.0,0,1,4.529063124818523,60.10979661441247,106.9752843083849,0,0,3.4065475231071076
2,37.59615894494409,non,30.931246948668925,0,0,5.432639704372022,81.16321485853912,111.27339569102348,0,0,3.7795936201218994
3,80.76189724684701,current,24.506716517688496,0,0,5.297947405506161,82.92754039489715,138.84205062832484,0,0,3.7319701841897763
1,79.08575628181285,non,30.821622078268934,1,0,7.354577552256423,89.37651263767685,146.44185812803067,0,0,5.85834126890032
1,56.92368906519141,non,32.50345883129934,0,0,4.275600631351821,81.11471084800395,139.641389710108,0,0,5.959691574796507
5,31.427724073603652,ex,28.267683685565213,0,0,4.171151303057082,83.69218224850522,112.91096506806741,0,0,4.700269353466802
5,59.04695113812164,non,28.093843977090312,0,0,4.792885126722546,87.71459406725347,127.54621676087496,0,0,3.5069758278867327
4,25.373905024725307,non,32.29422188789856,0,0,5.7381959191226874,92.2813269997836,120.22873131584122,0,0,5.421662917397552
5,70.56179928203034,non,27.885163496320008,1,0,5.58385433422484,88.41252731365046,131.01713790191047,0,0,6.116345596944088
3,39.207108476164535,ex,38.53779597277901,0,0,3.4999010523212895,80.56752576273159,115.07310720607236,1,1,3.7492502875846094
5,34.666396640398204,ex,28.39068483742318,0,0,4.219408443868048,87.753102133347,121.05155961797308,0,0,6.265972342256834
1,67.79303371821639,current,28.49209626976191,0,0,5.367774769398411,84.00854314850942,129.8621373814062,0,0,3.9038038916812665
3,28.210181829080124,non,26.019068357964468,1,0,6.275293018028606,94.66082733136508,124.49016075011275,0,0,6.059101211164115
3,64.96419777024563,non,28.799907561153827,1,0,6.87091654631481,92.51181419492997,133.490755250475,0,0,5.634296284531719
2,75.18634345284164,non,38.7375101077709,1,0,6.306810430043175,83.30638600449349,142.4844707641592,0,0,4.524075142614638
2,79.51834475886028,ex,33.199561020836214,1,0,6.843284700181535,86.49514223244,147.4848239607197,0,1,4.127325091657433
4,39.9739771508749,non,33.340907613113984,0,0,4.974954693207968,90.57353769740337,114.7833803401353,0,0,3.948207681336898
4,51.77772146472715,ex,33.16476645900525,0,0,4.166951575725361,81.21632576451438,126.32644150972546,0,0,6.104430007233368
3,50.665635815108494,ex,29.047376634892377,0,0,5.3204194847704285,77.22192042517621,117.58248077103252,0,0,3.5629071217720196
2,32.36652225874203,non,28.967042217855045,0,0,5.1180644819385614,98.19529345551045,131.13031022297147,0,0,6.334366547125408
1,47.645595040278536,non,21.78186708304863,0,0,5.7427704984147265,86.88052748745629,119.48599887658987,0,0,3.574018998804386
3,37.445229650339066,non,23.98881810341628,0,0,4.537352885847695,85.46948297063099,124.16433948617338,0,0,3.938943632156856
1,42.470962024096735,non,29.69526006286781,0,0,5.1663497251743,89.7952514213049,106.28703217076178,0,1,0.19224332968495444
5,66.19173269394034,non,26.20864025664099,0,0,4.998104675903262,81.4024683647141,120.79981582443772,0,0,3.730170838722873
1,72.3783971969487,non,27.346801091864684,0,0,6.226156292561072,76.42774385278068,106.13148707637754,0,0,6.023194669448287
1,61.630921159218815,non,28.672112723614504,0,0,4.45441248980179,75.78140809035362,136.4512521022008,0,0,4.908451337110983
4,31.104801727936767,non,33.19990119722797,0,0,3.949727471563995,90.08121839288981,120.38694591687882,0,0,4.18329536647741
4,63.97718172823621,current,29.807563358121396,0,0,3.7306110641383485,89.38930063917768,124.53293346512586,0,0,5.595402010007275
2,83.65924941760166,non,32.245294662651126,0,0,4.943637202347164,83.88946278515276,131.57998997066858,0,1,3.586494401951767
1,34.646538560046906,non,31.90617233577568,0,0,4.818875990515631,88.09898051965438,115.43454571005694,0,0,5.763122814057637
2,75.06706258126258,current,30.534916931739755,1,1,6.592048620629699,64.29473857415559,151.5536590595573,0,1,1.6753530349893169
1,82.57428773284633,non,31.434289234997156,1,0,6.795943956937756,87.6368964658066,150.7857757046495,0,0,4.736236048884143
2,63.891459840335145,non,26.824006574400382,0,0,4.468513506565746,90.38228027442335,100.18080774586817,0,0,4.569040867030877
4,31.935675510927396,current,26.722774502461363,0,0,5.839867343225089,95.0785870253365,119.01174200054658,0,0,4.041247347203477
4,43.997069226828145,non,29.132561276272256,0,0,4.7695617650437185,87.08045087253528,130.32860088890013,0,1,2.011031769663913
1,63.43432329311181,non,35.34396319515721,0,0,4.684291019348448,84.39520896714465,145.62941843077704,0,0,4.504358345134915
4,78.89067015408756,non,34.39434227785054,0,0,4.551367445436157,94.54541132309726,151.28491197525742,0,1,4.472476856091992
3,66.23340493858123,non,37.65872402145858,0,0,4.6851068038409265,85.78344594771109,177.4462834012088,0,0,4.81862894251025
2,44.54565966508954,current,34.84210961893055,1,0,6.602704490687986,96.37911027929283,113.36310989287836,0,0,5.78903796700329
1,37.29240539558073,non,27.365615729330948,0,0,4.575664798525878,93.57808510225759,122.82974216265615,0,0,3.8559078780112426
3,68.83275870403372,non,39.04959987266119,0,0,4.509793762401822,82.84469220913269,145.91093551507566,0,0,5.755874459563006
1,73.58792787232284,ex,21.028146548329772,0,0,4.829874486691575,82.72543682263137,100.76844004883839,0,0,4.752800561236985
1,53.26834016073583,ex,34.61229538752985,1,0,5.953058089901992,82.06329727045019,140.240876403441,1,0,5.03601805335298
3,66.05635377069439,non,25.861918412698518,0,0,5.369803862818357,85.62329142095966,130.0189266615298,0,0,4.053739622195055
5,57.56978401097279,non,22.578766479106307,0,0,5.046772542151552,83.87430837009336,116.29914776580614,0,1,3.8575604893048716
3,70.63888596319158,ex,32.35937846267439,0,0,4.519087752010195,80.09203618532212,123.38380107959333,0,0,4.0168484763573975
1,77.40715621289127,ex,31.42258800970412,1,0,7.379201206558016,86.20425093234795,144.5611057274499,0,1,1.1004968750868869
2,28.6549080661304,ex,28.775513678335695,0,0,5.724634371604984,88.31708194433321,126.08072386395409,0,0,5.043811329595194
2,40.28165197127459,current,34.554640335638624,0,0,5.9730678133689326,85.35718182620325,127.27986140289686,0,0,4.343702608565657
5,31.48347643091642,non,22.53320141662923,0,0,5.3412486051816215,98.89699323897122,111.59666349964799,0,0,6.097819440154856
3,55.07309598832968,non,26.811951095063044,0,0,4.157590057518812,84.9814327478365,144.6605732864317,0,0,4.48551446806491
4,54.14482090672773,non,21.701047232727376,0,0,4.808052628438588,80.76861443781733,136.78176953814113,0,0,5.254826388630272
1,70.78519004162378,ex,33.400215405398754,0,0,4.698216823647307,85.07356934968793,139.09076121925042,0,0,5.092261625584939
5,53.51011741979793,ex,23.75805920566103,0,0,4.738476121026371,87.76860256186609,109.1149101489862,0,0,4.425861445276237
2,63.83094378808325,non,23.841505218980142,0,0,4.2737015116092705,85.76532190518768,117.79468476328442,0,0,6.368871160652774
4,69.04397901761251,current,31.187240481641453,0,0,6.03873291751897,85.66910750519612,131.96462738589938,0,0,5.237059085489973
3,70.54309649559548,non,25.327692818271995,0,0,5.743147995905855,87.67142419095556,118.03195877322194,0,0,4.400054310505786
2,67.13219906342424,current,26.603690238287335,0,0,5.883542755047479,89.12805549370593,135.58297429191185,0,1,1.2067585679896495
2,58.89214913135022,current,32.85435139751175,0,0,4.537779770227767,82.16304669832031,124.94181970365706,0,0,3.6644628489118993
1,70.07529300640536,non,31.074408989578153,0,0,5.514106794075852,95.30062510373438,132.1821113705811,0,0,5.919439773375481
2,37.18973955860708,current,25.999009857327614,0,0,5.85065826261168,87.54742670083479,129.7973317745181,0,0,4.088490711722341
3,69.80082000977359,non,31.410032522376007,0,0,4.020385531950916,86.41873108760278,119.90807288158462,0,0,4.724280617161426
2,71.84887714565691,non,30.04423430429743,0,0,5.045664913671574,81.25857871454326,126.62425397473432,0,0,5.338507202158997
1,63.82321829082695,non,33.971380925484866,0,0,4.672723908654313,82.01435555055863,119.63095450026529,0,0,5.700283278959628
3,71.14328604888068,non,29.12646958913747,1,0,5.965007873816139,83.93400383488824,134.2778257552729,1,1,1.3197663970644882
4,74.44379649235319,current,30.30157664460212,0,0,5.041875996863483,76.938223333515,139.11279116654825,0,0,3.7488831392714204
5,67.9895269975993,non,26.382699380154175,1,0,6.940519308272005,80.41785496928524,139.962169711086,0,0,3.878919187650089
5,82.89765457591432,non,20.77193190440893,0,0,5.083014463523782,74.86349310612727,122.90219608174314,0,1,1.8248327012596666
3,34.160024660318776,non,27.918000094451727,0,0,5.410989050062828,88.17041528404935,114.70196264270284,0,0,4.043214040489917
4,55.54122051277254,non,28.93685133661415,0,0,4.0449682398441595,75.36456630278595,98.0175859347327,0,0,4.94057497017421
2,43.94982740644508,non,27.794618587724653,0,0,3.4920542478421397,94.33065077310513,121.72807055692311,0,0,5.705674639663695
1,60.26500067812881,non,38.823844523469305,1,0,7.071557784444301,79.85743651033525,166.93165391255445,0,1,3.508164530644979
3,41.1441509480872,ex,29.116185135576337,0,0,5.257285375465275,96.67461723686326,115.8026247738637,0,0,5.884757665948644
3,71.59051087912218,non,26.514042835398104,0,0,4.445369642622967,80.84196670379012,137.65927781578978,0,0,3.856022447315689
2,79.0756485770963,current,33.345539875177025,0,0,4.702288088674962,80.86020867877609,126.61821220132907,0,1,3.26739660316415
1,82.53723782927227,non,37.81859833364094,0,0,3.8108522014958797,89.02745746931211,129.56024476276446,0,1,4.419701368455112
4,52.35763900264915,non,25.346355479207567,0,0,4.92063064187194,78.25778320458592,111.06448717381382,0,0,3.9358615941402197
5,72.09005224201597,ex,28.49548884728908,0,0,5.161041988345763,84.88499351624115,132.01806549787028,0,0,5.206096427790542
2,62.47480821211681,non,30.707319953760503,0,0,5.17944596368945,90.5795662186695,132.4210845090433,0,0,5.104881382490749
2,43.50614688454725,current,28.512763177012413,0,0,5.1850217534029195,96.34327480762153,119.02379559407365,0,0,3.846960653369362
4,55.7443164483777,non,34.57819697702241,0,0,3.854645937984146,86.55543399140426,154.9914071182153,0,1,2.8065286473798556
5,66.55185368417038,non,39.63018066685049,0,1,5.010611480073088,65.66892215172427,127.80783634560831,0,0,5.244111789498274
3,62.29958616896449,ex,30.162364885852764,0,0,4.786847706924493,93.22574129793234,108.70096669568643,0,0,5.792828702384204
2,69.69022417325564,ex,34.3625696155173,1,0,6.7051658197229065,82.4045498961144,136.0202317807818,0,1,1.7242432689929568
3,44.668715606483545,ex,26.283564291341524,1,0,7.039748488920229,85.29328991055479,134.1272091925345,0,0,5.303123788326069
3,43.45759770582066,non,22.89319344454964,0,0,4.380719310180265,92.50585520797519,124.01389525313824,0,0,5.144034359761688
1,55.61573688954239,non,27.526296524597946,0,0,4.431083613417893,87.53210278743396,129.54644758258826,0,0,4.143556118992369
4,81.324054220316,ex,24.93115895721301,1,0,6.2132856488962975,83.06515170518897,146.49088240421682,0,0,3.9596146279265625
4,44.485903964920325,non,20.979236449355255,0,0,4.417714445684582,83.66754075887161,139.32682971130393,0,0,4.015483674701528
1,83.4732642910426,non,34.86108947087395,1,0,6.505792037664434,85.57504115513633,145.73286423142474,1,1,1.8405337512584048
2,82.04343554750102,ex,32.07011443626942,0,0,5.384945200113349,81.38022638685831,132.68742976071943,0,0,3.538320342083553
4,57.92356353734743,ex,29.24958761097539,0,0,5.954465722125044,90.80713247311672,139.37765103853266,0,1,4.266498712711141
3,29.584588108090557,ex,24.86050643418487,0,0,4.632545048591106,87.41982284118552,93.0832240546782,0,0,3.7611835687967736
4,27.96227389243408,non,30.827732067366167,0,0,3.9403693223717835,88.91070726572593,111.15957560328697,0,0,6.107038197546709
3,37.35943465105995,ex,31.927887277545498,0,0,4.249623485445123,93.914169779773,143.5200406457002,0,0,5.948374558357152
1,39.49684751698477,non,28.606769068554957,0,0,3.7912157822175354,93.21921633027323,113.41683422378128,0,0,4.181631297037494
4,30.212969481030846,current,35.44291605407155,0,0,4.49659836617276,82.07339129761252,111.52512133416953,0,0,6.2666999923952
4,61.78677096567323,non,26.748137873885334,0,0,4.061071837682595,91.01884365587243,104.96573740883359,0,0,4.258111415864371
4,65.33856764467438,non,28.402043470446017,0,0,4.151652049195725,78.58790126510891,124.6069697198143,0,0,4.349126598323741
4,66.43242093240954,non,21.14144017403809,0,0,4.297425429848952,89.37173692027005,117.8328849563556,0,0,6.264840786227877
2,79.35505265326881,ex,27.49939189885312,1,0,7.3337917819944956,89.29405811056164,153.86708248241982,0,0,4.318679186682847
5,70.44081349569808,non,20.95154329810552,0,0,4.300191764527833,79.09338839766191,160.2350733615151,0,0,3.618949836983031
3,31.47805295147336,non,23.04627404832175,0,0,4.968319598658871,90.30055304688693,96.81065938848167,0,0,5.9770969040323285
4,44.16970827340385,non,32.67817356923804,0,0,5.930095152265733,80.01680287707185,120.59509250833611,0,0,5.755227152486281
1,56.29296697059998,non,27.393749333959157,0,0,4.683392028524881,81.47934489080198,116.8790969388225,0,0,4.773323042104957
5,74.70887645661332,non,29.67190611923842,1,0,6.956174321805647,84.34248527542005,133.48227439509031,1,0,6.251800952739529
2,45.22318697691011,non,28.37896100435339,0,0,5.219737151773074,83.09111734652522,121.38163458268355,0,0,6.13837703744966
5,60.47642830603856,non,27.91260019768336,0,0,5.029266921026482,89.62219277609098,113.86209413655472,0,0,5.725487930631701
2,72.33328951875397,non,30.047897483080025,0,0,4.284848660101829,82.25394923495853,145.93065803409235,0,0,6.1480331640262005
5,33.45223726846335,non,29.915276321520075,0,0,5.289732826161814,92.89667892355862,101.23379143612698,0,0,4.940704205253338
1,68.1483241220416,non,24.65366475140685,0,0,4.654376987195623,86.19560217674923,113.36496681532198,0,0,5.068739651016749
4,80.43940448590351,non,37.82662796752305,0,0,5.5124044123053935,87.24095713357211,151.72096825247198,0,0,5.603262929303984
4,76.93826323106813,non,32.81233344011068,0,0,5.1855631267068905,75.14105255811154,133.0930274381223,0,1,0.3207742562157617
5,41.63302952467399,non,34.15059747394426,0,0,4.98911630123695,88.43700875685421,119.20263591781146,0,0,5.222246768114858
4,51.702742031946215,non,24.421704424805462,0,0,4.132451281472532,79.85557890358773,122.7284815490131,0,0,4.457187248661828
3,45.30137489182941,non,26.25786992222514,0,0,4.970713041052043,90.2928304035127,116.58760044226993,0,0,3.7134360135763913
4,47.47287957705832,non,27.02100957957817,1,0,6.569977813056765,91.79486751161328,137.15516569557417,0,0,5.668637555880624
1,36.43830226895143,non,31.84848735115029,0,0,3.1773060438249363,91.21064081937,121.3620558771691,0,0,6.082672733001561
1,55.171529616558345,ex,37.09428247665345,0,0,4.045015108306468,90.02758331006083,126.63171749666441,0,1,5.679951040815129
5,28.231888072190376,ex,26.117095891829855,0,0,4.39031529220102,88.85526702223542,102.01733537270609,0,0,5.937306864665821
1,27.77820168491687,non,29.098919523012995,0,0,4.250652107589559,85.14177214264079,127.70617910829624,0,0,5.8062002861299575
3,63.43347207497733,ex,35.3937698167798,0,0,4.86574808966098,91.27823807633402,132.34902770514861,0,0,4.967211128311018
4,71.23373754043382,non,26.3885190063433,0,1,5.160490387953871,61.056951160646854,139.24334188130618,0,0,6.1355540749741735
1,49.000050367364366,non,28.25326774685735,0,0,5.0408899243512115,87.55576790871102,101.23315001456174,0,0,4.260818209632099
5,33.50361162961537,non,26.460339314105774,0,0,4.476065169289554,89.81380507144955,114.1953544059499,0,0,6.3786439100769545
1,38.593162492968816,non,29.466832543465774,0,0,4.786182049189707,94.09686419732603,119.71230821867542,0,0,5.38315526020208
2,40.115065735625066,ex,27.74730028704348,0,0,4.580589319065825,92.54974747560514,101.38469409729261,0,0,4.476323436166972
1,40.766938838152,non,36.89969209665632,0,0,4.704595762873173,92.11905514650711,117.36995815491076,0,0,5.529440832346692
1,41.60852005327148,current,34.73059311790829,0,0,5.4924841971915646,84.52809636710433,112.3617486663166,0,0,6.0050761296598765
3,37.837104288127804,non,24.587475638663076,0,0,4.697323911107235,91.98712721061338,135.87434539875412,0,0,4.571451566385765
5,79.55307962596311,non,20.415685620873916,0,0,4.778981938769125,81.48587353019644,100.97441190893883,0,0,4.016154209991824
2,74.98407667331846,non,29.62521607624194,0,0,5.457208830625431,80.20485981923396,146.91965620319084,0,0,4.991280731000266
3,67.75230221811992,current,25.972185900953583,1,0,6.938770365541402,81.90067788827041,123.3189057822015,0,1,1.4010206178530777
1,58.34199338465918,non,24.836310334235797,0,0,3.744227366476088,88.87488337520175,111.521370132694,0,0,5.301432714876483
5,37.53147421289877,current,25.66470475454729,0,0,5.473552701099005,92.8660109577741,132.2666968225856,0,0,3.6233473040525266
2,39.341538387843535,non,33.55582818010829,0,0,3.9545036310977806,93.10787870783217,111.87829373312874,0,0,5.265765387282245
2,56.96564688473392,non,24.479623210311146,0,0,4.731464452795188,83.30190826779368,115.63380319560481,0,0,6.231412564710582
1,74.61996756362868,non,29.229445591998687,0,0,4.539527565184058,80.06131798045783,147.03257533572335,0,1,2.2818291507365305
1,83.50118760172415,ex,37.03300069947669,1,1,6.56008350333919,68.64783963090859,154.47029928989232,0,0,4.158975961053368
1,68.67328860539845,current,26.294210633053904,0,0,3.9724484595530334,78.24215656516743,130.12695572008099,0,0,4.417004085855151
2,63.61122948742205,non,31.264300927953478,0,0,3.8442771147922974,88.33375964725622,123.20743315886644,0,1,4.678473005911445
1,26.939969302471106,non,21.771619418277766,0,0,4.511929297150003,95.56273535306738,104.21064637620727,0,0,5.061709959269345
2,37.37613975732948,non,31.877777735792,0,0,5.305447100181312,89.01725535635873,122.23667409996139,0,0,4.623407030873336
2,65.26191744057849,non,29.713865874876344,0,0,4.024372025318754,86.3318474028065,114.96021480188602,0,1,2.0797370175138528
1,46.07572579929516,non,28.489299455070526,0,0,5.205191227159198,81.28482685905732,138.19561040217533,0,0,6.005929471578158
2,60.25290535360015,non,31.850741095391168,0,0,4.895905931508932,82.0045800841809,128.6206038040781,0,0,5.525635181925537
1,61.13585348871642,non,23.87632612591844,0,0,4.761962579330214,79.24621287967814,124.28687703028363,0,0,5.672069785927548
4,56.64507634598528,ex,29.196271105648208,0,0,5.635697801266177,81.16655712127749,145.28218938159014,0,1,4.242756348769874
3,74.48263206814765,non,25.09075557946036,0,0,4.443348091192355,86.02724450165617,143.83350978939802,0,0,6.225099393752752
5,57.197955390636295,non,29.46129029441181,0,0,5.630888100614094,90.9497917860199,128.67894372878678,0,0,6.180263087283976
4,36.76776204143149,ex,29.924817012350278,0,0,5.401675141966016,98.53993177295531,118.27753381790451,0,0,5.495676795244326
1,39.24828075183799,current,30.191480885737445,0,0,5.94454731508965,89.67223153897417,128.06187106789721,0,0,6.20137663694042
1,30.722469941392916,non,34.75881420309814,0,0,4.283407473184692,97.54505191079457,111.99236860859321,0,0,5.069856413362471
4,52.239171107747126,non,31.640990681133957,0,0,5.953082800780645,84.37353142667065,115.06217999365307,0,0,4.5945414295104605
4,42.326284010328344,non,28.35836565570699,0,0,5.763803325359398,100.66285727030288,123.92504404094448,0,0,4.641457289548544
1,66.04944088095976,current,35.19681246958141,0,0,3.40184853621437,88.00824120520215,135.34278003386444,0,0,6.368514161101812
4,50.24029200460042,ex,33.44758866851182,0,0,5.248583607169408,90.31245124469481,143.16523465491696,0,0,3.5388843306590814
1,28.465539693689497,non,29.943633277558234,0,0,5.196345020734831,94.6182355284959,127.3092367054411,0,0,5.7418594310199005
1,47.076552294880784,current,34.4956883738369,0,0,5.124311988605318,81.36189940819266,131.46487174884868,0,0,6.118618651765914
3,78.95212428060155,non,30.663657759551967,0,0,3.8940642479075893,78.93108899448887,135.74462873502202,1,0,4.965207471450066
1,37.39446798596265,ex,32.6508232584309,0,0,4.41057397895703,88.67747296512943,126.56876050722083,0,0,3.832556897704374
3,59.30605824962303,non,20.977217405385254,0,0,5.296770405742438,77.27637365680425,117.25966012221022,0,0,6.187004599115019
5,27.39693779387435,non,35.446254716899624,0,0,5.134457982520274,88.99565201392815,98.46679872849674,0,0,3.5336554183467292
5,70.72292494881049,non,21.32199601222738,0,0,4.721133646982799,87.5014288073198,130.93722606906098,0,0,4.042961930870489
4,30.834273132104425,non,28.276431936509944,0,0,5.72842275062804,89.73736226225773,118.60341127260287,0,0,6.308126709926302
3,82.9478293419244,non,23.745401110978634,0,0,4.088765437320267,73.53326275716901,157.32525973771448,0,0,3.7961875286402402
4,84.75413047080202,non,29.99696074590659,0,0,5.603331806445126,82.18529078017771,123.12277893721742,1,0,5.599541585504443
2,28.190527705577622,current,28.52041023828355,0,0,4.872008663783617,88.96518279747374,110.01628905395474,0,0,4.748342764516771
5,35.30429936660544,non,29.822310528560998,1,0,5.976405453987732,90.02268725495153,137.41641488176742,0,0,5.28960304580062
4,26.855519849986408,current,34.68803380748061,0,0,4.520348284705032,86.26392099051522,105.54140073769707,0,0,4.071411487565325
5,31.28527451976572,non,26.96207449030404,0,0,4.7494114245467856,81.78032978144077,105.31568541283804,0,0,4.50817252796891
3,46.512033191103384,non,24.11295294741485,0,0,4.620262768063042,84.45268585812877,126.37743016701127,0,0,5.159109798316111
4,71.35133996723718,non,33.904166581945695,0,0,4.824194931382663,82.8513880228714,148.58947213092745,0,1,5.633197518642204
4,35.91397192797844,non,20.058035554879467,0,0,6.165078878598306,87.33296142377016,106.98223840584514,1,0,3.7214324460890853
2,44.013547378213445,ex,25.298880140566077,0,0,5.705721545583077,89.10270984341726,111.8942462650371,0,1,0.4238566071843585
2,29.868954290536255,current,26.2198868855794,0,0,5.527560050379234,96.02110917172372,131.55984901182237,0,0,5.230314198413996
5,26.845937742864947,current,27.07879392126174,1,0,6.727997023907283,92.53937285670168,119.36792849678709,0,1,4.05435736527646
4,64.77547249292405,ex,25.998052027830944,1,0,5.517935707176555,85.77273527376983,103.41277638379057,0,1,1.3803606882784332
2,61.43760679605485,non,31.764781256526987,0,0,4.949305838505103,87.48569444685586,147.67113839496545,1,1,2.8379040654406564
5,26.14423967149447,ex,32.8276218762655,0,0,3.8358633524188726,90.84433859230384,95.88745916784568,0,0,3.989741859345491
3,37.25026775592276,non,30.967240388565685,0,0,4.266916870282433,88.84628861039101,105.81679684113433,0,0,3.84807226376617
4,34.145559340129985,non,34.99080905700373,0,0,4.8252348837499515,103.25307872137567,111.6862555437904,0,0,5.153920722064537
3,77.47016541420788,ex,37.68451685500612,0,0,4.908606443084768,82.8442764232222,151.0059558745157,0,0,5.315873257708796
3,54.040968773163534,non,25.532810436890916,1,0,5.789191043443681,91.9160782939302,137.16206280472593,0,1,1.1967397585625503
4,69.63066933710405,non,25.273621177858864,0,0,5.9259313340983075,79.59025831095555,115.59153590627768,0,0,3.862851495383531
3,36.28460944898837,non,29.393636643324896,0,0,4.667804198029663,86.95982186450625,119.02471967514514,0,0,4.5042440569153115
5,65.67435657507076,non,31.352757624249183,0,0,4.467306708893085,83.77312228167854,135.9436170347704,0,0,4.341854795736846
2,51.554448053968855,non,30.636908881137593,0,0,5.073351508523045,93.86124676596665,129.73400161335007,0,0,4.138852264682458
1,29.750186667838157,non,36.0131437205126,0,0,5.057719811205339,89.2991888336153,122.52114460254735,0,0,4.717720138306948
5,31.36753927510814,non,31.629730091649567,0,0,3.7340863810541105,95.33817799033862,111.14688680882996,0,1,4.027060132730517
5,68.41568699471568,non,19.257634518936424,0,0,5.338215809843041,78.12006309002777,131.15845298502524,0,0,5.493865781813236
1,78.36226743199978,non,35.54608042880364,1,0,5.940111203070545,83.60477750640158,148.16324325123966,0,1,3.222669432413806
1,79.44107175247174,non,27.24729753220718,0,0,5.239605319661404,79.46601393502273,134.45574603205097,1,1,0.14255090705283444
2,45.68481257402304,current,22.640418893871622,0,0,4.682542636921448,84.648061542093,107.80178231821664,0,0,5.617251946147631
5,80.018193332793,non,25.880475108440827,0,0,4.851717144270611,85.82538052738494,130.39938904949375,0,1,1.0171412505582553
2,78.66723382591087,non,31.942564569272495,1,0,5.518178514519706,80.07456314051446,152.16981024908281,0,0,5.643988672939461
5,69.09503239176111,non,29.71371271443945,0,0,4.577307596178363,78.08444274371769,142.59370836182018,0,0,4.9271579885351295
5,52.81813315657167,non,30.923857270094796,0,0,5.545045869491563,90.58338490438963,126.9980599002485,0,1,3.7145358381927616
1,72.01986104980358,non,27.48803908380733,0,0,5.99857878409262,89.62988045907069,151.0399224157,1,0,5.002941116249127
1,56.79752638845917,ex,28.55228905061746,0,0,5.753273283250989,87.05953219672814,124.98359719824823,0,1,1.5985902744377907
5,75.21715111522334,ex,20.806736777118626,0,0,5.412427806751685,94.55638955951903,127.08990620447511,1,0,4.226199020287635
5,55.558298555132524,ex,26.895656056592564,0,0,5.513222249705575,84.08135312259948,120.5021847620341,0,1,3.322964236241609
3,33.34836651694988,non,22.816244477065446,0,0,4.368990261320646,91.8172485726814,127.11279172401531,0,0,3.666219923343625
4,35.270884586254724,ex,26.427970390051893,0,0,5.207411371190652,75.60873021061377,95.54106009239777,0,0,6.237175374519582
3,72.5406905417399,non,29.836473409986965,1,1,6.562529262604719,69.06358750299914,143.54692444195095,0,1,2.2176937423362526
5,65.9613196187478,non,21.723137515224092,0,0,4.815026823361469,91.22873801702569,113.02236876256453,0,1,3.7725432444277307
1,31.029810467629595,non,30.10464549423408,0,0,4.878510551012657,92.19332342205225,151.5606999608566,0,0,3.7065051875795163
5,42.12666302442368,non,28.729605354198654,0,0,5.133049750929136,87.35473571753097,111.38627625842454,0,0,6.073061646694438
5,33.23999831692022,non,29.666724120225588,0,0,3.394130448844593,92.44923163860508,137.7288472486308,0,0,3.7187331150187486
5,43.08132488517885,non,23.248785635807067,0,0,4.665628795481715,91.37678266452397,132.35709317008283,0,0,4.970568581554675
1,26.319432188758697,non,31.91104265656079,0,0,4.739130439233734,92.14934244929493,88.91202367650052,0,0,6.250124512352613
5,40.83204378210543,non,30.689346238954148,0,0,5.001730782146947,80.9229336680849,134.35484683817435,0,0,3.7139182087394054
5,31.230279542508388,current,32.58432696748261,0,0,5.172844509353738,88.31872544519818,125.62232082653712,0,0,5.13604149331509
3,73.92066024412432,non,23.079291489656917,0,0,4.940500832354038,89.38524784695427,152.51017848377631,0,0,5.72991555888961
5,28.829049252777928,non,35.28182182315598,0,0,5.575927868045875,85.98879299476712,111.38651205074916,0,0,6.081870907939921
4,48.695788076308304,non,23.753542588280105,0,0,4.257873800880724,90.15402162540641,129.07002140282827,0,0,4.801007498842887
4,52.301863348749094,non,30.132108529178666,0,1,5.3815987394039135,69.10614452848677,139.3249155788026,0,0,5.628549189152626
1,77.0449939310206,non,36.31146765049346,0,0,4.640681916393576,83.78950567674849,139.21175688891626,0,0,5.888067018771023
4,67.84733780118243,current,30.713728219474028,0,0,5.438095761577392,82.30111460972279,128.1927092103563,0,0,5.610580302815233
3,42.55091522356371,current,17.719310523625282,0,0,5.214882352363624,82.38748815573322,119.5747839915609,0,0,3.7455297926259963
3,58.82120662414139,ex,29.21302315685118,0,0,4.222119219099798,84.7726017275521,135.78064203079805,0,0,4.208562846432141
5,38.35240404827783,current,25.623942179422905,0,0,4.277883731175005,87.97752195234041,132.67425411618945,0,0,4.940275733626552
2,60.33489433443804,non,27.25506159194444,0,0,4.854335807910408,91.83498954984582,138.99344119791817,0,0,4.5088763942064
3,60.95626631847094,non,29.737450419357305,0,1,4.643331098337675,72.43547576445654,137.96863696365656,0,0,3.711870193127752
3,67.58372501363077,current,33.73772048621364,0,0,4.771463864474481,83.05972241274979,144.94703993323412,0,1,3.2899175161109597
4,83.43988497402754,ex,24.865457210635096,1,0,6.12945148602882,76.45406231726555,164.26549486036672,0,1,0.5189967926764888
1,83.0154440743515,non,30.857054060905604,0,0,5.186331112516758,82.17559131610834,137.92474034228135,0,0,5.998854606359957
4,81.68834571628605,non,19.2218286757176,0,0,5.556485334636037,89.1340343401826,130.7949568332373,0,1,0.3557187628504702
3,63.951393085557086,non,27.62736969141613,1,0,6.246956756013896,82.12054364957484,89.92001963979116,0,0,5.638752719525726
3,39.436763572160324,non,31.566314858560965,0,0,4.606845695163764,89.91151978919918,100.50857902319215,0,1,0.4390417377752476
5,74.35449402653381,current,33.55091438933099,0,1,5.326352027403419,69.44807275395333,140.5301422785268,0,1,3.3624715809521195
1,82.59140981226773,non,29.25764319270733,1,0,5.830555156145711,80.87445187924914,124.8450310191096,0,1,0.6622303488360332
1,29.51199296018843,non,26.0216501739111,0,0,5.32784386316097,82.6444868990535,119.36723933975168,0,0,6.240831677814494
5,65.5832262896595,ex,29.091023574814535,0,0,5.190100897546848,85.13103105027376,134.23886823530816,0,0,5.885879732251469
4,67.67614694516334,non,26.86702851281383,0,0,4.946720473559089,80.61247632017673,114.56935058788044,0,0,4.764016490499008
1,83.3037472888404,non,36.15461308747675,0,0,4.455993893492133,74.96102134196173,157.3424172890657,0,0,6.173546884832065
4,77.29238161897115,non,28.360175927196103,0,0,6.227403006620853,83.30660359243146,127.96365526525344,0,1,4.086460419394125
2,63.25613034495755,non,30.150540567014538,1,0,6.610410992097624,82.20518968570651,160.00375220259258,0,1,0.7380233151763141
5,34.74441918188749,non,42.082585253416184,0,0,4.040694688179697,99.09875385882854,143.9510796814307,0,0,4.502107538108623
1,68.62578115956352,non,29.416576166115547,0,0,4.0954007764332605,74.52410138815978,122.88606427636502,0,0,6.222248004219603
5,48.091633071836526,non,25.8726738899919,0,0,5.480869272994352,81.31998983152778,128.8181215132176,0,0,5.887683109918147
5,83.93757156722876,non,28.133567783102603,0,0,5.036452405984698,84.59296700903992,150.69437062970707,0,1,2.3103594777728222
4,73.26985295994822,non,24.348895956289525,0,0,3.7155584136248763,86.79995577498504,115.13431889013289,0,1,3.818928747194472
1,67.29229437573818,current,32.420852567508916,0,0,5.076421717361889,79.17185983093682,127.2760958791703,0,0,4.7547094153423295
4,27.213555585927374,non,30.111611799756254,0,0,4.651617058831086,104.0966636879358,129.6405544882683,0,0,4.176519227131018
4,79.47116581234856,non,25.641572609810208,0,0,4.503511504567697,91.46355843794743,118.14912422786298,1,0,3.827702816149248
2,55.94397249957675,non,34.44929816678351,0,0,4.733664601307995,88.09138061035446,136.4465116738455,0,1,4.083502588489446
2,29.423670988368258,non,26.352536160850136,0,0,4.228650574127723,84.89348585545075,108.68409086545505,0,0,5.360579492714327
3,42.84496107618621,non,23.28849170910327,0,0,4.674435106913103,92.24205138885159,108.61117036625281,0,0,4.140216997540344
1,54.73626580069701,non,34.79236188549834,0,0,5.051124460974403,89.96018636576166,132.92730495498924,0,0,4.672331054494284
4,83.11186759966498,non,29.478818866337186,0,0,5.91987795577066,70.95518409796534,112.4403998198468,0,0,3.971911769517665
5,44.04016727504188,ex,34.37807163565415,0,0,4.573783531834218,89.4606441132467,137.97796818563032,0,0,4.12267925438999
3,51.80346257013976,non,28.990324626067196,0,0,4.763939352671513,83.70117282516615,124.51668593814405,0,0,4.968712237553056
1,28.284006030789314,non,34.615329964115716,0,0,5.227846902561055,91.60065090531813,103.0068122970758,0,0,5.44335932586714
1,34.91078123682313,non,33.974060797179874,0,0,4.697111357768682,96.23402656830011,112.15803121921313,0,0,5.200663447737324
5,65.80280624396804,non,37.8183074902449,1,0,7.103645803682565,79.86166730239427,136.9257978569623,0,1,1.2590107878762573
4,72.32294870325684,ex,30.855505292004366,0,0,5.985129218748703,82.23783100321015,107.82494159785372,0,0,4.060243234053992
3,55.65956984107787,non,20.335249829653538,0,0,4.555318717853275,82.10192726157086,125.36616763779581,0,0,4.866475607921078
2,49.94257677290281,current,34.08216668508325,0,0,4.719061991934548,87.05887514282344,124.16037100062522,0,0,4.824527686030181
