Patient_ID,Age_At_2024,SMOKING_STATUS,IRSD_Quintile,CVD_Event,CVD_Time
269,34.14,non,4,0,2022-12
272,82.23,non,5,0,2022-12
281,90.06,non,3,1,2017-09
296,46.93,ex,1,0,2022-12
317,58.61,non,5,0,2022-12
344,73.79,current,2,0,2022-12
377,76.34,non,1,0,2022-12
416,72.39,ex,1,0,2022-12
461,66.51,ex,3,1,2019-10
512,88.13,,1,0,2022-12
569,51.01,non,5,0,2022-12
632,39.25,non,2,0,2022-12
701,82.39,non,3,0,2022-12
776,82.47,non,5,0,2022-12
857,78.34,non,3,0,2022-12
944,65.73,non,5,0,2022-12
1037,73.1,non,1,0,2022-12
1136,50.07,non,2,0,2022-12
1241,75.65,non,5,0,2022-12
1352,77.29,non,3,0,2022-12
1469,39.28,non,4,0,2022-12
1592,54.3,non,3,0,2022-12
1721,39.73,non,1,0,2022-12
1856,43.06,non,2,0,2022-12
1997,52.43,non,1,0,2022-12
2144,50.2,non,3,0,2022-12
2297,84.4,non,1,1,2021-03
2456,56.8,current,1,0,2022-12
2621,60.05,non,2,0,2022-12
2792,52.19,,1,0,2022-12
2969,46.58,non,2,0,2022-12
3152,88.04,non,1,0,2022-12
3341,69.31,non,1,0,2022-12
3536,47.56,non,3,0,2022-12
3737,65.4,non,4,0,2022-12
3944,73.48,non,2,0,2022-12
4157,74.16,non,5,0,2022-12
4376,59.17,non,3,0,2022-12
4601,53.46,non,2,0,2022-12
4832,36.92,ex,1,0,2022-12
5069,33.75,non,3,0,2022-12
5312,50.51,current,5,0,2022-12
5561,57.86,ex,4,0,2022-12
5816,50.1,current,5,0,2022-12
6077,88.37,non,2,0,2022-12
6344,57.56,ex,2,0,2022-12
6617,85.92,non,5,0,2022-12
6896,59.28,non,1,0,2022-12
7181,48.57,ex,3,0,2022-12
7472,79.85,ex,4,1,2019-10
7769,65.47,non,5,0,2022-12
8072,37.31,non,4,1,2020-07
8381,76.76,non,3,1,2020-06
8696,32.24,non,5,0,2022-12
9017,73.31,current,3,0,2022-12
9344,53.7,non,2,0,2022-12
9677,76.71,current,2,0,2022-12
10016,85.41,ex,4,0,2022-12
10361,75.58,non,4,0,2022-12
10712,57.71,non,5,0,2022-12
11069,90.01,non,3,1,2017-05
11432,32.45,,5,0,2022-12
11801,82.22,ex,2,0,2022-12
12176,85.67,ex,4,1,2021-04
12557,83.74,ex,5,0,2022-12
12944,43.16,non,5,0,2022-12
13337,37.9,non,1,0,2022-12
13736,79.89,non,1,0,2022-12
14141,67.69,ex,1,1,2021-09
14552,43.84,non,2,0,2022-12
14969,64.34,,3,0,2022-12
15392,57.46,non,1,1,2019-11
15821,67.02,ex,2,1,2017-08
16256,40.11,ex,4,1,2020-12
16697,47.57,,3,0,2022-12
17144,51.02,,5,0,2022-12
17597,53.17,non,1,0,2022-12
18056,58.62,non,2,0,2022-12
18521,51.2,ex,4,0,2022-12
18992,56.46,current,5,0,2022-12
19469,46.55,non,4,0,2022-12
19952,55.76,ex,3,0,2022-12
20441,67.93,non,2,0,2022-12
20936,64.9,ex,4,0,2022-12
21437,75.1,current,2,0,2022-12
21944,36.68,ex,5,0,2022-12
22457,41.05,non,4,0,2022-12
22976,40.35,non,5,0,2022-12
23501,88.43,ex,4,1,2018-10
24032,64.39,,5,0,2022-12
24569,38.58,non,2,0,2022-12
25112,85.92,non,3,1,2017-05
25661,79.73,,1,1,2021-07
26216,75.7,non,3,0,2022-12
26777,90.97,non,1,1,2018-07
27344,34.02,non,1,0,2022-12
27917,78.75,current,2,0,2022-12
28496,91.31,current,2,0,2022-12
29081,82.81,current,2,0,2022-12
29672,33.33,non,1,0,2022-12
30269,53.12,non,4,0,2022-12
30872,54.4,non,4,1,2021-03
31481,67.23,ex,5,0,2022-12
32096,86.93,ex,1,0,2022-12
32717,71.8,non,1,0,2022-12
33344,79.28,non,5,0,2022-12
33977,63.07,non,3,0,2022-12
34616,80.15,non,4,0,2022-12
35261,50.0,non,3,0,2022-12
35912,36.5,non,5,0,2022-12
36569,56.22,non,2,0,2022-12
37232,58.8,,2,0,2022-12
37901,79.7,non,4,1,2017-05
38576,77.43,non,1,1,2017-08
39257,59.59,ex,3,0,2022-12
39944,75.66,non,2,0,2022-12
40637,79.9,ex,5,1,2019-08
41336,33.16,current,3,0,2022-12
42041,57.38,non,3,0,2022-12
42752,90.92,ex,2,0,2022-12
43469,76.23,current,4,0,2022-12
44192,57.82,ex,4,1,2018-05
44921,87.59,non,3,0,2022-12
45656,34.52,non,1,0,2022-12
46397,43.5,non,5,0,2022-12
47144,53.62,current,5,0,2022-12
47897,70.29,non,4,0,2022-12
48656,63.78,non,5,0,2022-12
49421,51.5,non,2,0,2022-12
50192,58.87,non,1,0,2022-12
50969,35.08,non,3,0,2022-12
51752,78.72,non,2,0,2022-12
52541,68.07,,2,0,2022-12
53336,85.09,non,3,1,2017-07
54137,65.17,non,3,0,2022-12
54944,34.9,ex,5,0,2022-12
55757,74.83,non,1,0,2022-12
56576,37.83,non,3,0,2022-12
57401,64.64,non,3,0,2022-12
58232,68.3,current,1,0,2022-12
59069,59.7,ex,1,0,2022-12
59912,85.93,non,1,0,2022-12
60761,56.42,ex,3,1,2021-12
61616,84.92,non,1,1,2017-06
62477,86.27,non,3,1,2018-10
63344,59.85,,3,0,2022-12
64217,62.42,non,4,0,2022-12
65096,70.78,non,4,0,2022-12
65981,43.61,non,4,0,2022-12
66872,91.42,non,5,0,2022-12
67769,47.34,non,5,1,2017-08
68672,54.46,non,4,0,2022-12
69581,88.34,non,2,0,2022-12
70496,73.03,non,5,0,2022-12
71417,88.77,current,4,1,2019-11
72344,79.23,,5,0,2022-12
73277,66.54,ex,3,1,2023-01
74216,88.65,ex,2,0,2022-12
75161,47.46,non,1,1,2022-02
76112,71.86,non,3,0,2022-12
77069,48.34,non,3,0,2022-12
78032,62.55,ex,2,0,2022-12
79001,38.49,non,4,0,2022-12
79976,83.66,,4,1,2019-03
80957,79.48,non,5,1,2019-03
81944,55.09,ex,1,0,2022-12
82937,55.6,current,3,0,2022-12
83936,44.01,current,2,0,2022-12
84941,86.18,current,2,0,2022-12
85952,53.14,non,5,0,2022-12
86969,88.54,,4,0,2022-12
87992,80.6,non,5,1,2018-06
89021,51.84,,5,0,2022-12
90056,91.51,current,2,0,2022-12
91097,79.93,current,4,0,2022-12
92144,81.97,non,3,0,2022-12
93197,80.51,current,3,1,2020-09
94256,50.17,non,1,0,2022-12
95321,87.74,non,5,1,2018-05
96392,75.96,,3,1,2019-11
97469,57.23,non,1,0,2022-12
98552,61.98,non,2,0,2022-12
99641,49.09,ex,3,0,2022-12
100736,50.18,,5,0,2022-12
101837,73.66,current,3,0,2022-12
102944,68.66,non,5,0,2022-12
104057,84.33,ex,2,0,2022-12
105176,82.39,current,2,1,2020-05
106301,68.74,non,5,1,2018-10
107432,33.26,non,1,0,2022-12
108569,78.35,ex,2,1,2018-09
109712,74.03,non,5,0,2022-12
110861,48.31,ex,1,0,2022-12
112016,43.08,non,2,0,2022-12
113177,80.21,,5,0,2022-12
114344,52.29,non,2,0,2022-12
115517,33.73,ex,5,0,2022-12
116696,76.83,non,3,0,2022-12
117881,63.08,ex,4,0,2022-12
119072,34.75,current,1,0,2022-12
120269,76.02,,3,1,2022-04
121472,32.76,non,2,0,2022-12
122681,67.49,non,4,0,2022-12
123896,44.89,non,5,0,2022-12
125117,33.54,current,1,0,2022-12
126344,74.07,non,4,0,2022-12
127577,72.92,non,5,1,2020-03
128816,46.27,ex,4,0,2022-12
130061,53.71,non,5,1,2020-02
131312,86.44,ex,4,0,2022-12
132569,88.67,non,5,0,2022-12
133832,71.69,current,5,1,2020-07
135101,83.79,non,2,0,2022-12
136376,33.71,non,1,0,2022-12
137657,76.18,ex,1,1,2019-01
138944,81.83,ex,5,0,2022-12
140237,91.35,current,5,1,2020-05
141536,85.05,ex,4,1,2021-08
142841,40.95,ex,3,0,2022-12
144152,65.2,non,5,0,2022-12
145469,40.11,non,4,0,2022-12
146792,49.47,non,5,0,2022-12
148121,37.88,ex,3,0,2022-12
149456,33.63,non,1,0,2022-12
150797,47.77,non,2,0,2022-12
152144,72.9,current,4,1,2018-06
153497,86.02,ex,5,0,2022-12
154856,86.57,non,3,0,2022-12
156221,84.48,non,3,1,2022-04
157592,65.87,non,1,0,2022-12
158969,66.47,non,3,0,2022-12
160352,36.95,,4,0,2022-12
161741,60.82,current,4,0,2022-12
163136,74.84,current,2,1,2017-11
164537,74.37,non,1,0,2022-12
165944,46.72,non,2,0,2022-12
167357,81.78,ex,5,0,2022-12
168776,89.1,non,5,1,2019-12
170201,56.18,current,5,1,2018-08
171632,57.03,,4,1,2021-01
173069,63.94,ex,1,0,2022-12
174512,35.23,current,4,0,2022-12
175961,45.02,non,2,0,2022-12
177416,87.61,non,5,1,2018-04
178877,55.21,ex,4,0,2022-12
180344,43.79,ex,4,0,2022-12
181817,79.36,non,2,0,2022-12
183296,70.78,non,2,0,2022-12
184781,48.96,non,4,0,2022-12
186272,40.89,,5,0,2022-12
187769,63.4,non,5,0,2022-12
189272,91.24,non,3,0,2022-12
190781,88.87,ex,2,0,2022-12
192296,58.41,non,2,0,2022-12
193817,74.77,non,3,0,2022-12
195344,65.35,non,4,0,2022-12
196877,39.9,non,4,0,2022-12
198416,38.53,non,5,0,2022-12
199961,78.51,non,4,0,2022-12
201512,75.01,,5,0,2022-12
203069,49.95,non,2,0,2022-12
204632,89.85,non,1,1,2018-11
206201,57.13,non,4,0,2022-12
207776,64.68,ex,5,0,2022-12
209357,66.64,,1,0,2022-12
210944,91.14,non,2,0,2022-12
212537,81.17,non,5,0,2022-12
214136,71.1,non,2,0,2022-12
215741,86.39,non,2,0,2022-12
217352,68.28,non,4,0,2022-12
218969,44.09,non,5,0,2022-12
220592,32.6,current,5,0,2022-12
222221,57.44,non,1,0,2022-12
223856,80.39,,2,1,2017-02
225497,76.2,,5,0,2022-12
227144,34.88,non,2,0,2022-12
228797,65.04,non,2,0,2022-12
230456,59.07,current,3,0,2022-12
232121,43.48,non,3,0,2022-12
233792,56.44,non,3,0,2022-12
235469,32.54,non,5,0,2022-12
237152,53.2,current,4,0,2022-12
238841,41.86,current,3,0,2022-12
240536,32.19,non,4,0,2022-12
242237,71.51,non,3,0,2022-12
243944,46.75,ex,5,0,2022-12
245657,81.95,,3,0,2022-12
247376,55.96,non,3,0,2022-12
249101,75.85,non,3,0,2022-12
250832,44.71,ex,2,1,2020-08
252569,35.71,ex,5,0,2022-12
254312,35.51,non,5,0,2022-12
256061,63.12,ex,5,0,2022-12
257816,44.23,current,2,0,2022-12
259577,35.49,non,1,0,2022-12
261344,46.29,non,2,0,2022-12
263117,39.51,,2,0,2022-12
264896,85.15,non,4,0,2022-12
266681,88.77,ex,1,0,2022-12
268472,54.77,ex,1,0,2022-12
270269,72.62,non,4,0,2022-12
272072,87.42,,1,1,2022-09
273881,70.49,non,4,0,2022-12
275696,45.54,non,1,1,2020-10
277517,55.22,current,3,0,2022-12
279344,52.27,non,5,0,2022-12
281177,36.27,ex,2,0,2022-12
283016,82.81,non,3,1,2021-03
284861,70.4,non,4,0,2022-12
286712,79.82,non,4,0,2022-12
288569,70.75,current,2,0,2022-12
290432,61.67,non,1,1,2020-08
292301,63.65,non,3,0,2022-12
294176,38.81,current,3,0,2022-12
296057,88.35,non,2,1,2018-03
297944,77.97,ex,5,0,2022-12
299837,85.17,ex,2,1,2017-08
301736,40.69,non,1,0,2022-12
303641,90.15,,2,1,2022-02
305552,64.81,,3,0,2022-12
307469,86.58,non,5,1,2020-03
309392,84.79,non,3,0,2022-12
311321,61.37,non,4,1,2018-09
313256,37.19,non,4,0,2022-12
315197,47.89,non,3,1,2021-03
317144,68.09,non,2,0,2022-12
319097,71.65,non,4,0,2022-12
321056,48.19,,1,0,2022-12
323021,44.4,non,4,0,2022-12
324992,40.9,non,4,0,2022-12
326969,33.06,ex,2,0,2022-12
328952,71.91,current,2,0,2022-12
330941,50.94,non,4,0,2022-12
332936,56.23,non,4,0,2022-12
334937,51.3,non,3,0,2022-12
336944,32.47,non,1,0,2022-12
338957,36.66,non,2,0,2022-12
340976,46.63,non,5,0,2022-12
343001,52.31,non,2,1,2019-05
345032,75.66,,1,1,2019-11
347069,67.26,ex,4,1,2018-02
349112,79.76,,4,0,2022-12
351161,65.47,non,3,0,2022-12
353216,57.77,non,2,0,2022-12
355277,62.73,non,5,0,2022-12
357344,47.74,non,1,0,2022-12
359417,76.39,non,1,0,2022-12
361496,71.63,non,4,0,2022-12
363581,65.26,non,5,0,2022-12
365672,40.31,ex,4,0,2022-12
367769,86.65,non,3,0,2022-12
369872,71.21,ex,4,0,2022-12
371981,46.38,non,5,0,2022-12
374096,62.87,non,3,0,2022-12
376217,49.83,ex,3,0,2022-12
378344,63.96,non,1,0,2022-12
380477,78.19,ex,2,0,2022-12
382616,75.81,non,3,0,2022-12
384761,64.8,non,2,1,2017-07
386912,61.58,non,1,0,2022-12
389069,43.01,current,4,0,2022-12
391232,34.83,non,3,0,2022-12
393401,91.04,non,2,0,2022-12
395576,85.37,non,2,1,2018-02
397757,61.89,,4,0,2022-12
399944,44.17,non,1,0,2022-12
402137,82.22,non,3,0,2022-12
404336,69.91,non,1,0,2022-12
406541,32.53,non,3,0,2022-12
408752,72.38,non,1,0,2022-12
410969,79.8,non,3,1,2020-07
413192,71.8,non,5,0,2022-12
415421,87.23,non,1,0,2022-12
417656,52.69,non,3,0,2022-12
419897,79.36,ex,1,0,2022-12
422144,53.22,non,2,0,2022-12
424397,65.2,non,2,0,2022-12
426656,82.99,non,4,0,2022-12
428921,65.63,ex,2,0,2022-12
431192,64.87,non,4,1,2020-05
433469,73.63,current,4,0,2022-12
435752,90.93,current,3,1,2019-03
438041,32.22,non,3,0,2022-12
440336,91.1,current,2,1,2021-09
442637,63.62,ex,2,0,2022-12
444944,76.01,ex,4,0,2022-12
447257,76.37,non,3,1,2020-02
449576,55.91,non,2,0,2022-12
451901,69.28,ex,3,0,2022-12
454232,42.98,ex,5,0,2022-12
456569,66.5,non,3,1,2018-02
458912,72.28,,4,0,2022-12
461261,44.06,non,2,0,2022-12
463616,76.71,ex,2,1,2020-05
465977,88.63,ex,1,1,2017-01
468344,44.65,non,4,0,2022-12
470717,68.27,non,4,0,2022-12
473096,44.74,current,4,0,2022-12
475481,88.47,ex,3,1,2018-02
477872,74.66,,5,0,2022-12
480269,79.12,non,5,1,2018-09
482672,37.69,non,4,0,2022-12
485081,89.11,current,4,1,2021-03
487496,70.31,non,4,0,2022-12
489917,55.46,,3,0,2022-12
492344,78.23,non,5,0,2022-12
494777,66.47,non,1,0,2022-12
497216,60.36,non,2,0,2022-12
499661,55.93,non,4,0,2022-12
502112,67.29,current,4,1,2021-07
504569,60.35,ex,1,0,2022-12
507032,63.24,non,2,0,2022-12
509501,58.7,,3,0,2022-12
511976,59.13,non,1,0,2022-12
514457,34.48,non,1,0,2022-12
516944,40.32,,5,0,2022-12
519437,57.57,non,3,0,2022-12
521936,80.79,non,1,0,2022-12
524441,53.89,current,1,1,2020-01
526952,40.69,ex,5,0,2022-12
529469,54.46,non,5,0,2022-12
531992,48.13,ex,4,0,2022-12
534521,91.5,non,3,0,2022-12
537056,85.12,non,5,1,2017-03
539597,37.02,ex,5,0,2022-12
542144,67.47,ex,5,0,2022-12
544697,73.83,non,2,1,2017-12
547256,67.38,,5,1,2017-05
549821,83.49,non,4,0,2022-12
552392,40.38,non,3,0,2022-12
554969,91.33,ex,2,0,2022-12
557552,56.71,non,1,0,2022-12
560141,52.4,non,4,0,2022-12
562736,78.28,ex,2,0,2022-12
565337,80.88,non,2,0,2022-12
567944,52.84,,1,0,2022-12
570557,77.91,non,1,0,2022-12
573176,69.62,current,1,0,2022-12
575801,52.2,current,1,0,2022-12
578432,50.83,non,4,0,2022-12
581069,56.95,current,4,0,2022-12
583712,43.59,non,2,0,2022-12
586361,33.52,non,4,0,2022-12
589016,70.55,non,2,1,2018-08
591677,45.64,non,1,0,2022-12
594344,55.21,,1,0,2022-12
597017,44.53,ex,2,0,2022-12
599696,81.38,ex,5,0,2022-12
602381,59.64,,2,0,2022-12
605072,44.39,,1,0,2022-12
607769,71.35,ex,3,1,2017-03
610472,42.2,non,3,1,2017-11
613181,88.42,non,4,1,2020-02
615896,72.26,non,4,0,2022-12
618617,60.28,non,1,0,2022-12
621344,88.23,,5,1,2018-07
624077,63.73,ex,5,0,2022-12
626816,34.17,ex,2,0,2022-12
629561,54.77,,5,0,2022-12
632312,77.17,non,3,1,2017-09
635069,50.29,ex,2,0,2022-12
637832,46.06,ex,5,1,2018-11
640601,80.72,non,2,0,2022-12
643376,32.76,non,4,0,2022-12
646157,52.39,,4,0,2022-12
648944,91.31,ex,2,1,2021-01
651737,90.93,non,1,0,2022-12
654536,45.44,non,4,0,2022-12
657341,79.24,non,3,1,2018-04
660152,87.29,,4,1,2019-05
662969,49.07,,5,0,2022-12
665792,51.76,non,5,0,2022-12
668621,85.94,non,1,0,2022-12
671456,77.8,non,5,0,2022-12
674297,33.64,non,5,0,2022-12
677144,68.32,,2,1,2018-03
679997,41.82,,1,0,2022-12
682856,51.9,non,2,1,2019-03
685721,53.29,ex,1,0,2022-12
688592,38.73,non,5,0,2022-12
691469,36.12,non,2,0,2022-12
694352,88.6,non,4,0,2022-12
697241,61.08,,2,0,2022-12
700136,46.21,non,2,0,2022-12
703037,69.59,current,1,0,2022-12
705944,55.44,non,3,1,2019-10
708857,88.18,,2,0,2022-12
711776,32.54,non,3,0,2022-12
714701,59.97,ex,3,1,2020-03
717632,35.12,ex,4,0,2022-12
720569,80.64,,4,0,2022-12
723512,35.5,non,4,0,2022-12
726461,69.28,non,5,0,2022-12
729416,72.93,ex,5,1,2018-07
732377,43.61,,4,0,2022-12
735344,77.76,ex,4,0,2022-12
738317,91.47,non,2,0,2022-12
741296,54.98,non,5,0,2022-12
744281,51.53,ex,3,0,2022-12
747272,67.95,non,5,0,2022-12
750269,64.98,non,2,0,2022-12
753272,39.91,non,5,0,2022-12
756281,87.23,non,1,1,2017-08
759296,59.99,non,2,0,2022-12
762317,73.83,non,4,0,2022-12
765344,69.77,non,4,0,2022-12
768377,52.8,,3,0,2022-12
771416,61.42,non,4,0,2022-12
774461,64.91,current,2,0,2022-12
777512,82.2,non,1,0,2022-12
780569,73.65,,5,0,2022-12
783632,85.8,non,4,0,2022-12
786701,78.87,non,1,0,2022-12
789776,40.86,ex,2,0,2022-12
792857,39.16,non,2,0,2022-12
795944,42.91,non,4,0,2022-12
799037,72.89,current,1,0,2022-12
802136,90.64,non,3,0,2022-12
805241,61.53,non,3,0,2022-12
808352,33.36,ex,2,0,2022-12
811469,82.28,non,4,0,2022-12
814592,75.98,ex,4,0,2022-12
817721,51.87,non,1,0,2022-12
820856,86.32,non,5,0,2022-12
823997,73.64,,5,1,2021-02
827144,72.36,non,5,1,2018-08
830297,55.57,,3,0,2022-12
833456,73.27,non,2,0,2022-12
836621,88.71,non,3,0,2022-12
839792,75.3,ex,3,0,2022-12
842969,91.7,ex,3,0,2022-12
846152,63.83,non,5,0,2022-12
849341,77.11,ex,2,0,2022-12
852536,84.55,non,3,0,2022-12
855737,59.56,,3,0,2022-12
858944,69.75,,4,0,2022-12
862157,82.5,non,3,0,2022-12
865376,42.1,non,3,0,2022-12
868601,81.54,current,3,1,2017-04
871832,53.76,ex,5,0,2022-12
875069,87.49,non,5,0,2022-12
878312,51.47,non,5,0,2022-12
881561,38.66,non,5,0,2022-12
884816,62.91,ex,1,0,2022-12
888077,66.61,,3,0,2022-12
891344,60.82,non,1,0,2022-12
894617,60.57,current,5,0,2022-12
897896,70.6,current,1,0,2022-12
901181,61.87,,2,1,2017-02
904472,76.52,non,1,0,2022-12
907769,71.23,ex,3,1,2018-10
911072,81.95,,2,1,2019-11
914381,43.44,,4,0,2022-12
917696,53.53,current,4,0,2022-12
921017,71.34,non,3,0,2022-12
924344,45.17,,2,0,2022-12
927677,36.38,non,5,0,2022-12
931016,50.0,,1,0,2022-12
934361,61.76,non,2,0,2022-12
937712,35.25,ex,3,0,2022-12
941069,86.7,ex,3,1,2021-01
944432,86.31,non,3,1,2020-12
947801,78.93,non,2,1,2021-06
951176,87.4,current,3,1,2020-07
954557,73.13,non,5,0,2022-12
957944,74.55,ex,2,0,2022-12
961337,41.54,non,3,0,2022-12
964736,82.14,ex,1,0,2022-12
968141,45.31,,4,0,2022-12
971552,37.88,non,5,0,2022-12
974969,71.52,ex,1,1,2018-07
978392,41.89,non,4,0,2022-12
981821,59.13,non,2,0,2022-12
985256,72.7,non,1,0,2022-12
988697,40.31,non,5,0,2022-12
992144,59.82,,3,0,2022-12
995597,77.59,non,5,0,2022-12
999056,52.45,non,2,0,2022-12
1002521,80.66,non,1,0,2022-12
1005992,63.83,non,2,0,2022-12
1009469,54.22,current,5,0,2022-12
1012952,74.35,non,1,0,2022-12
1016441,69.03,ex,3,1,2018-08
1019936,66.36,current,3,0,2022-12
1023437,61.34,non,5,0,2022-12
1026944,80.41,ex,3,0,2022-12
1030457,63.28,non,3,0,2022-12
1033976,53.33,non,3,0,2022-12
1037501,58.55,,4,0,2022-12
1041032,62.45,non,1,1,2018-03
1044569,46.21,ex,1,0,2022-12
1048112,32.3,non,3,0,2022-12
1051661,67.33,non,1,0,2022-12
1055216,89.22,non,1,0,2022-12
1058777,65.92,non,3,0,2022-12
1062344,83.58,non,2,1,2017-05
1065917,51.77,non,3,0,2022-12
1069496,84.08,non,1,1,2019-07
1073081,86.93,ex,3,1,2021-08
1076672,43.75,current,3,0,2022-12
1080269,83.95,,4,0,2022-12
1083872,32.19,current,2,0,2022-12
1087481,41.07,non,5,0,2022-12
1091096,60.85,ex,4,0,2022-12
1094717,66.92,current,4,0,2022-12
1098344,58.24,non,4,0,2022-12
1101977,33.44,current,2,0,2022-12
1105616,69.21,ex,2,1,2020-05
1109261,60.77,ex,1,0,2022-12
1112912,51.32,non,1,0,2022-12
1116569,70.95,non,1,0,2022-12
1120232,66.47,ex,2,1,2020-12
1123901,65.81,ex,4,1,2021-12
1127576,47.3,,5,0,2022-12
1131257,64.22,ex,2,0,2022-12
1134944,58.86,non,3,0,2022-12
1138637,47.94,current,2,0,2022-12
1142336,81.71,non,2,0,2022-12
1146041,52.09,ex,5,0,2022-12
1149752,84.48,,3,1,2021-01
1153469,41.04,non,2,0,2022-12
1157192,86.94,ex,4,0,2022-12
1160921,47.43,current,2,1,2018-12
1164656,80.95,current,1,1,2019-01
1168397,71.29,,2,1,2018-06
1172144,55.81,ex,3,0,2022-12
1175897,82.11,ex,2,1,2017-11
1179656,73.69,non,3,0,2022-12
1183421,46.86,ex,2,0,2022-12
1187192,63.48,ex,3,0,2022-12
1190969,87.48,ex,1,1,2020-04
1194752,76.6,ex,3,0,2022-12
1198541,51.3,,1,0,2022-12
1202336,34.9,ex,5,0,2022-12
1206137,74.84,non,5,1,2018-06
1209944,47.86,non,1,0,2022-12
1213757,36.35,non,1,0,2022-12
1217576,32.75,ex,2,0,2022-12
1221401,85.37,non,1,0,2022-12
1225232,78.97,non,1,0,2022-12
1229069,58.63,non,5,0,2022-12
1232912,85.11,non,4,0,2022-12
1236761,32.48,non,1,0,2022-12
1240616,69.47,non,4,0,2022-12
1244477,49.99,non,4,0,2022-12
1248344,72.41,ex,5,0,2022-12
1252217,72.73,non,3,0,2022-12
1256096,74.94,current,2,0,2022-12
1259981,77.82,current,1,0,2022-12
1263872,39.02,current,4,1,2022-04
1267769,84.89,non,1,1,2020-05
1271672,69.19,non,2,0,2022-12
1275581,64.06,non,5,0,2022-12
1279496,47.48,non,5,0,2022-12
1283417,74.1,non,3,0,2022-12
1287344,49.75,non,1,0,2022-12
1291277,78.32,ex,3,0,2022-12
1295216,82.44,ex,1,0,2022-12
1299161,48.02,,1,0,2022-12
1303112,55.97,current,4,1,2019-07
1307069,55.85,,5,0,2022-12
1311032,88.98,ex,4,0,2022-12
1315001,87.67,,5,0,2022-12
1318976,48.68,current,2,0,2022-12
1322957,37.04,non,4,0,2022-12
1326944,86.99,non,4,0,2022-12
1330937,41.82,non,5,0,2022-12
1334936,82.98,ex,2,1,2020-09
1338941,86.86,non,5,1,2020-01
1342952,34.32,non,4,0,2022-12
1346969,39.47,non,2,0,2022-12
1350992,36.66,,1,0,2022-12
1355021,61.99,,4,0,2022-12
1359056,51.22,,2,0,2022-12
1363097,71.79,ex,4,0,2022-12
1367144,72.76,current,1,0,2022-12
1371197,49.18,current,2,0,2022-12
1375256,51.93,non,1,1,2019-11
1379321,59.62,current,2,0,2022-12
1383392,89.82,ex,2,1,2018-11
1387469,86.31,non,2,0,2022-12
1391552,90.89,non,4,1,2022-01
1395641,65.09,,4,0,2022-12
1399736,44.2,non,3,0,2022-12
1403837,41.17,non,1,0,2022-12
1407944,54.15,,4,0,2022-12
1412057,52.79,non,1,0,2022-12
1416176,87.2,ex,3,0,2022-12
1420301,84.37,non,2,1,2017-08
1424432,91.83,ex,4,1,2018-02
1428569,89.27,non,5,0,2022-12
1432712,61.53,current,1,0,2022-12
1436861,84.72,non,5,0,2022-12
1441016,80.3,non,5,1,2017-05
1445177,35.25,ex,4,0,2022-12
1449344,49.24,non,5,0,2022-12
1453517,48.94,non,5,0,2022-12
1457696,42.5,non,3,0,2022-12
1461881,86.24,ex,2,1,2017-02
1466072,33.94,non,5,0,2022-12
1470269,67.86,non,3,1,2020-01
1474472,68.57,ex,1,0,2022-12
1478681,71.14,non,3,0,2022-12
1482896,54.69,current,4,1,2019-11
1487117,85.41,ex,1,0,2022-12
1491344,91.46,ex,4,0,2022-12
1495577,45.05,,4,0,2022-12
1499816,40.09,,2,0,2022-12
1504061,55.85,ex,3,0,2022-12
1508312,80.01,non,4,0,2022-12
1512569,34.31,current,5,0,2022-12
1516832,52.71,non,2,0,2022-12
1521101,53.89,ex,5,0,2022-12
1525376,89.86,non,3,1,2017-12
1529657,73.21,ex,5,0,2022-12
1533944,76.49,non,1,0,2022-12
1538237,85.64,,4,1,2017-03
1542536,78.54,non,1,0,2022-12
1546841,82.78,,4,0,2022-12
1551152,83.85,ex,3,0,2022-12
1555469,91.78,,1,0,2022-12
1559792,88.06,current,1,0,2022-12
1564121,60.07,non,4,1,2019-07
1568456,67.11,non,1,0,2022-12
1572797,60.22,non,1,0,2022-12
1577144,67.89,non,3,0,2022-12
1581497,67.46,non,4,0,2022-12
1585856,57.59,non,4,0,2022-12
1590221,88.49,ex,1,1,2017-07
1594592,44.26,,5,0,2022-12
1598969,39.92,current,3,0,2022-12
1603352,72.44,current,4,0,2022-12
1607741,67.02,current,4,0,2022-12
1612136,73.61,ex,2,0,2022-12
1616537,71.05,non,2,1,2019-04
1620944,38.94,,1,0,2022-12
1625357,83.18,non,3,0,2022-12
1629776,67.62,non,2,0,2022-12
1634201,88.5,,3,0,2022-12
1638632,47.41,non,3,0,2022-12
1643069,71.4,non,2,1,2022-10
1647512,62.43,current,3,1,2020-02
1651961,42.41,non,1,0,2022-12
1656416,85.95,ex,3,1,2021-09
1660877,47.68,non,5,0,2022-12
1665344,87.67,,1,0,2022-12
1669817,78.93,ex,1,0,2022-12
1674296,44.81,non,4,0,2022-12
1678781,85.67,non,3,1,2018-06
1683272,58.52,non,1,0,2022-12
1687769,73.06,non,5,0,2022-12
1692272,35.85,non,1,0,2022-12
1696781,87.85,non,3,1,2017-02
1701296,51.64,current,1,0,2022-12
1705817,44.82,ex,3,0,2022-12
1710344,67.85,non,3,1,2017-06
1714877,65.34,non,5,0,2022-12
1719416,41.99,non,1,0,2022-12
1723961,81.27,current,4,1,2017-03
1728512,60.05,ex,1,0,2022-12
1733069,52.72,ex,1,1,2019-11
1737632,71.34,non,5,0,2022-12
1742201,69.52,ex,4,0,2022-12
1746776,62.75,non,3,0,2022-12
1751357,39.26,non,4,0,2022-12
1755944,64.04,current,1,0,2022-12
1760537,63.54,ex,1,0,2022-12
1765136,35.9,current,2,0,2022-12
1769741,67.4,non,3,1,2020-01
1774352,87.96,non,4,0,2022-12
1778969,89.51,non,1,0,2022-12
1783592,75.78,non,4,0,2022-12
1788221,71.92,non,1,0,2022-12
1792856,60.86,non,2,1,2018-05
1797497,52.2,,4,0,2022-12
1802144,70.01,non,3,1,2018-04
1806797,73.43,non,4,0,2022-12
1811456,67.09,ex,4,0,2022-12
1816121,54.35,current,5,0,2022-12
1820792,35.34,non,3,0,2022-12
1825469,58.52,non,2,0,2022-12
1830152,85.05,non,1,0,2022-12
1834841,68.63,non,4,0,2022-12
1839536,76.91,ex,3,0,2022-12
1844237,82.11,non,4,0,2022-12
1848944,65.61,non,1,0,2022-12
1853657,45.98,ex,3,0,2022-12
1858376,59.1,non,5,0,2022-12
1863101,61.17,current,5,1,2020-02
1867832,51.14,non,3,1,2020-10
1872569,55.02,non,4,0,2022-12
1877312,79.51,ex,3,0,2022-12
1882061,85.76,ex,5,1,2017-05
1886816,63.55,ex,1,0,2022-12
1891577,89.97,non,2,1,2018-07
1896344,42.82,,2,0,2022-12
1901117,64.82,non,1,0,2022-12
1905896,89.76,ex,1,0,2022-12
1910681,57.8,non,1,0,2022-12
1915472,61.24,ex,1,0,2022-12
1920269,60.01,non,5,0,2022-12
1925072,78.76,current,5,1,2019-10
1929881,82.08,non,1,1,2017-02
1934696,81.29,non,2,0,2022-12
1939517,81.13,current,4,0,2022-12
1944344,46.41,current,4,0,2022-12
1949177,88.79,non,2,0,2022-12
1954016,91.89,non,3,0,2022-12
1958861,38.62,non,4,0,2022-12
1963712,71.34,non,4,0,2022-12
1968569,61.72,non,1,0,2022-12
1973432,41.7,ex,2,1,2022-10
1978301,47.01,non,1,0,2022-12
1983176,59.11,non,1,0,2022-12
1988057,32.19,current,1,0,2022-12
1992944,49.71,non,5,0,2022-12
1997837,60.17,non,2,0,2022-12
2002736,39.48,current,4,0,2022-12
2007641,71.63,current,2,0,2022-12
2012552,84.95,current,5,0,2022-12
2017469,42.9,non,4,0,2022-12
2022392,63.88,,2,0,2022-12
2027321,36.43,non,1,0,2022-12
2032256,44.04,non,5,1,2020-04
2037197,58.92,non,3,0,2022-12
2042144,87.96,non,5,1,2019-09
2047097,61.16,ex,1,0,2022-12
2052056,68.55,non,4,0,2022-12
2057021,50.06,current,2,0,2022-12
2061992,66.65,non,4,0,2022-12
2066969,76.31,ex,2,1,2018-10
2071952,57.28,ex,3,0,2022-12
2076941,85.79,non,5,0,2022-12
2081936,38.2,,4,0,2022-12
2086937,84.59,non,4,0,2022-12
2091944,75.93,non,1,0,2022-12
2096957,40.72,ex,1,0,2022-12
2101976,32.04,current,2,0,2022-12
2107001,49.35,non,5,0,2022-12
2112032,84.15,non,1,1,2018-09
2117069,43.7,non,5,0,2022-12
2122112,57.38,non,2,0,2022-12
2127161,59.58,ex,5,0,2022-12
2132216,35.89,,2,0,2022-12
2137277,39.86,non,5,0,2022-12
2142344,46.93,non,1,0,2022-12
2147417,86.92,non,5,0,2022-12
2152496,70.05,non,3,0,2022-12
2157581,49.74,non,4,0,2022-12
2162672,87.38,ex,1,1,2018-12
2167769,87.05,non,3,1,2019-03
2172872,67.19,,3,0,2022-12
2177981,82.95,,1,0,2022-12
2183096,77.51,non,3,0,2022-12
2188217,85.91,non,1,0,2022-12
2193344,77.81,,3,0,2022-12
2198477,44.73,ex,4,0,2022-12
2203616,33.26,,5,0,2022-12
2208761,35.67,,5,0,2022-12
2213912,55.47,non,4,0,2022-12
2219069,71.91,non,2,0,2022-12
2224232,61.47,ex,1,0,2022-12
2229401,84.53,,5,0,2022-12
2234576,72.82,non,4,0,2022-12
2239757,73.82,ex,2,0,2022-12
2244944,53.58,non,1,0,2022-12
2250137,57.66,non,1,0,2022-12
2255336,69.68,non,2,0,2022-12
2260541,50.26,,4,0,2022-12
2265752,57.81,current,3,0,2022-12
2270969,85.18,non,2,0,2022-12
2276192,58.05,non,2,1,2017-10
2281421,76.21,,1,0,2022-12
2286656,76.19,non,2,0,2022-12
2291897,42.07,non,3,0,2022-12
2297144,39.17,non,2,0,2022-12
2302397,79.96,non,1,0,2022-12
2307656,68.0,non,5,1,2022-08
2312921,45.18,non,5,0,2022-12
2318192,91.74,,4,0,2022-12
2323469,44.19,ex,5,1,2018-10
2328752,62.61,,4,0,2022-12
2334041,36.96,ex,2,0,2022-12
2339336,80.71,non,3,0,2022-12
2344637,72.7,non,1,1,2017-09
2349944,62.95,non,1,0,2022-12
2355257,38.72,,5,0,2022-12
2360576,45.5,non,4,0,2022-12
2365901,38.89,non,5,0,2022-12
2371232,43.57,non,1,0,2022-12
2376569,67.84,non,2,0,2022-12
2381912,34.72,non,4,0,2022-12
2387261,41.31,non,1,0,2022-12
2392616,70.04,non,5,0,2022-12
2397977,52.94,,5,0,2022-12
2403344,54.57,non,5,0,2022-12
2408717,90.08,non,5,0,2022-12
2414096,49.1,current,3,1,2017-03
2419481,58.43,non,1,0,2022-12
2424872,55.78,non,3,0,2022-12
2430269,64.23,ex,2,0,2022-12
2435672,71.44,ex,1,1,2017-08
2441081,55.48,non,2,0,2022-12
2446496,52.42,non,5,1,2018-12
2451917,60.54,ex,5,0,2022-12
2457344,72.91,non,3,0,2022-12
2462777,57.87,non,2,0,2022-12
2468216,79.73,non,1,0,2022-12
2473661,91.06,non,1,1,2017-07
2479112,53.14,non,1,0,2022-12
2484569,91.07,non,2,1,2019-12
2490032,53.42,non,3,0,2022-12
2495501,34.12,ex,3,0,2022-12
2500976,61.22,non,5,0,2022-12
2506457,38.96,non,4,0,2022-12
2511944,54.05,non,4,0,2022-12
2517437,59.92,ex,1,0,2022-12
2522936,90.86,non,1,1,2023-01
2528441,84.02,non,5,0,2022-12
2533952,46.73,non,4,0,2022-12
2539469,55.13,non,4,0,2022-12
2544992,33.87,,5,0,2022-12
2550521,46.93,non,5,0,2022-12
2556056,62.83,non,5,0,2022-12
2561597,61.35,non,5,0,2022-12
2567144,32.55,non,2,0,2022-12
2572697,72.89,ex,1,1,2020-09
2578256,47.78,,5,0,2022-12
2583821,85.82,current,4,1,2017-06
2589392,54.51,non,3,0,2022-12
2594969,85.96,non,3,0,2022-12
2600552,63.43,non,2,1,2019-04
2606141,73.52,non,1,0,2022-12
2611736,83.9,non,4,1,2018-03
2617337,64.07,current,5,0,2022-12
2622944,60.55,non,2,0,2022-12
2628557,32.43,non,1,0,2022-12
2634176,83.05,non,4,0,2022-12
2639801,85.11,,2,1,2020-05
2645432,76.39,non,2,0,2022-12
2651069,88.6,,4,0,2022-12
2656712,62.21,non,2,0,2022-12
2662361,42.77,ex,2,0,2022-12
2668016,54.72,non,1,0,2022-12
2673677,47.12,non,5,0,2022-12
2679344,45.4,current,1,0,2022-12
2685017,65.82,,1,0,2022-12
2690696,90.2,non,4,0,2022-12
2696381,56.83,non,1,0,2022-12
2702072,55.73,non,3,0,2022-12
2707769,74.23,non,3,0,2022-12
2713472,76.81,ex,2,1,2019-10
2719181,89.28,non,2,0,2022-12
2724896,43.49,non,5,0,2022-12
2730617,71.13,non,5,0,2022-12
2736344,40.09,non,3,0,2022-12
2742077,65.89,ex,4,0,2022-12
2747816,64.97,non,1,0,2022-12
2753561,32.01,ex,5,0,2022-12
2759312,80.88,ex,4,0,2022-12
2765069,78.68,ex,5,1,2021-05
2770832,62.64,,3,0,2022-12
2776601,49.3,current,4,1,2017-07
2782376,37.51,non,3,0,2022-12
2788157,43.34,,1,0,2022-12
2793944,81.58,non,2,1,2018-04
2799737,44.74,ex,5,0,2022-12
2805536,69.64,non,2,0,2022-12
2811341,33.45,non,2,0,2022-12
2817152,59.91,non,2,0,2022-12
2822969,76.01,current,5,0,2022-12
2828792,65.53,non,1,0,2022-12
2834621,69.4,ex,4,0,2022-12
2840456,38.91,non,1,0,2022-12
2846297,70.81,non,3,0,2022-12
2852144,38.65,non,2,0,2022-12
2857997,71.46,ex,3,0,2022-12
2863856,73.56,non,2,0,2022-12
2869721,70.86,ex,1,0,2022-12
2875592,83.67,non,1,1,2021-06
2881469,73.06,non,1,0,2022-12
2887352,70.16,current,2,0,2022-12
2893241,56.56,non,1,0,2022-12
2899136,35.52,ex,1,0,2022-12
2905037,68.02,current,3,0,2022-12
2910944,46.37,non,2,0,2022-12
2916857,61.05,current,4,0,2022-12
2922776,78.0,,2,0,2022-12
2928701,39.51,non,5,0,2022-12
2934632,76.59,non,2,0,2022-12
2940569,88.58,non,1,0,2022-12
2946512,45.38,non,1,0,2022-12
2952461,47.45,non,1,0,2022-12
2958416,86.79,non,5,1,2019-12
2964377,40.22,non,2,1,2022-06
2970344,57.52,non,4,1,2019-06
2976317,34.6,non,4,0,2022-12
2982296,85.37,,4,0,2022-12
2988281,58.09,ex,3,0,2022-12
2994272,81.95,non,2,0,2022-12
3000269,81.62,,2,1,2019-03
3006272,64.8,,4,0,2022-12
3012281,48.38,ex,1,0,2022-12
3018296,40.84,non,3,0,2022-12
3024317,40.31,current,3,0,2022-12
3030344,42.7,non,3,0,2022-12
3036377,78.01,non,5,0,2022-12
3042416,41.89,non,1,0,2022-12
3048461,59.82,ex,3,0,2022-12
3054512,91.81,ex,4,0,2022-12
3060569,67.83,non,5,0,2022-12
3066632,40.88,non,5,0,2022-12
3072701,61.9,non,5,0,2022-12
3078776,49.31,non,4,0,2022-12
3084857,74.65,ex,3,1,2019-07
3090944,64.53,current,2,1,2018-04
3097037,87.88,non,4,0,2022-12
3103136,41.61,non,5,0,2022-12
3109241,65.9,ex,1,0,2022-12
3115352,79.12,non,2,0,2022-12
3121469,33.9,non,5,0,2022-12
3127592,76.24,ex,1,0,2022-12
3133721,32.3,non,5,0,2022-12
3139856,48.28,non,5,0,2022-12
3145997,70.33,non,5,0,2022-12
3152144,78.64,non,2,1,2020-12
3158297,52.61,non,2,0,2022-12
3164456,91.69,non,3,0,2022-12
3170621,90.93,non,2,0,2022-12
3176792,56.36,current,3,0,2022-12
3182969,56.52,non,4,0,2022-12
3189152,72.91,non,2,0,2022-12
3195341,82.3,ex,2,0,2022-12
3201536,63.95,non,5,0,2022-12
3207737,77.7,non,4,0,2022-12
3213944,47.27,current,3,0,2022-12
3220157,47.08,,1,0,2022-12
3226376,54.06,non,5,0,2022-12
3232601,77.71,,2,0,2022-12
3238832,48.56,non,5,0,2022-12
3245069,62.9,non,5,0,2022-12
3251312,67.91,non,1,0,2022-12
3257561,49.76,ex,2,0,2022-12
3263816,76.17,non,3,0,2022-12
3270077,47.74,non,3,0,2022-12
3276344,45.86,,5,0,2022-12
3282617,76.22,non,1,1,2020-03
3288896,44.23,non,4,1,2020-02
3295181,86.52,non,2,0,2022-12
3301472,34.33,non,2,0,2022-12
3307769,55.0,non,1,0,2022-12
3314072,77.83,non,5,0,2022-12
3320381,67.67,ex,1,1,2022-06
3326696,61.45,ex,5,0,2022-12
3333017,55.78,non,5,0,2022-12
3339344,71.65,non,2,0,2022-12
3345677,51.05,,2,0,2022-12
3352016,61.28,non,3,0,2022-12
3358361,42.72,ex,4,0,2022-12
3364712,32.31,,3,0,2022-12
3371069,41.28,non,5,0,2022-12
3377432,74.95,non,4,0,2022-12
3383801,65.55,non,5,1,2019-03
3390176,45.95,non,3,0,2022-12
3396557,37.64,ex,1,0,2022-12
3402944,53.89,non,2,0,2022-12
3409337,50.3,non,3,0,2022-12
3415736,32.08,non,4,0,2022-12
3422141,63.84,ex,5,0,2022-12
3428552,87.63,ex,4,0,2022-12
3434969,84.86,non,5,0,2022-12
3441392,58.28,non,5,0,2022-12
3447821,39.0,current,5,0,2022-12
3454256,73.55,non,5,1,2017-11
3460697,85.59,non,2,0,2022-12
3467144,56.06,non,4,1,2018-06
3473597,47.42,non,3,0,2022-12
3480056,68.36,non,5,0,2022-12
3486521,39.39,non,5,0,2022-12
3492992,89.95,non,2,0,2022-12
3499469,35.22,ex,5,0,2022-12
3505952,83.65,non,3,1,2017-12
3512441,84.73,non,5,0,2022-12
3518936,82.63,,5,1,2019-05
3525437,72.51,current,5,0,2022-12
3531944,83.73,ex,1,1,2017-08
3538457,40.2,non,3,0,2022-12
3544976,56.18,non,2,0,2022-12
3551501,80.49,current,2,1,2019-02
3558032,58.26,non,1,1,2021-10
3564569,53.11,ex,5,0,2022-12
3571112,76.96,non,5,0,2022-12
3577661,80.22,non,1,0,2022-12
3584216,47.12,ex,1,0,2022-12
3590777,39.86,ex,5,0,2022-12
3597344,63.17,non,1,0,2022-12
3603917,72.91,,5,0,2022-12
3610496,82.32,current,3,1,2020-07
3617081,59.95,non,5,0,2022-12
3623672,33.81,ex,1,0,2022-12
3630269,78.82,ex,5,0,2022-12
3636872,70.2,non,5,1,2018-07
3643481,37.48,non,3,0,2022-12
3650096,63.41,ex,4,0,2022-12
3656717,59.01,non,5,0,2022-12
3663344,59.07,non,2,0,2022-12
3669977,37.37,non,5,0,2022-12
3676616,57.54,,2,0,2022-12
3683261,45.92,current,4,0,2022-12
3689912,63.56,non,3,1,2020-04
3696569,53.3,non,5,0,2022-12
3703232,55.42,non,3,0,2022-12
3709901,58.74,non,1,0,2022-12
3716576,87.65,current,4,1,2019-09
3723257,71.2,ex,4,1,2019-08
3729944,51.58,non,4,0,2022-12
3736637,59.51,ex,5,1,2017-04
3743336,56.07,non,2,0,2022-12
3750041,86.67,ex,3,0,2022-12
3756752,78.02,,4,0,2022-12
3763469,71.62,non,1,1,2017-12
3770192,39.87,ex,3,0,2022-12
3776921,88.33,non,4,0,2022-12
3783656,52.99,non,1,0,2022-12
3790397,51.72,non,1,0,2022-12
3797144,86.39,non,1,0,2022-12
3803897,32.74,ex,4,0,2022-12
3810656,72.79,non,2,0,2022-12
3817421,42.62,non,4,0,2022-12
3824192,56.19,non,2,1,2018-10
3830969,86.39,non,3,0,2022-12
3837752,77.3,non,5,0,2022-12
3844541,56.65,non,2,0,2022-12
3851336,90.0,non,5,0,2022-12
3858137,64.06,non,4,1,2019-01
3864944,67.25,,5,1,2020-10
3871757,61.54,ex,2,0,2022-12
3878576,89.19,non,1,0,2022-12
3885401,84.18,non,1,0,2022-12
3892232,72.02,non,1,0,2022-12
3899069,71.08,non,3,0,2022-12
3905912,73.99,current,4,0,2022-12
3912761,76.81,non,2,1,2017-05
3919616,69.7,ex,4,0,2022-12
3926477,45.92,non,1,0,2022-12
3933344,77.76,non,1,0,2022-12
3940217,90.5,,5,0,2022-12
3947096,68.75,,1,0,2022-12
3953981,58.72,non,5,0,2022-12
3960872,62.93,ex,1,1,2019-04
3967769,63.51,ex,1,0,2022-12
3974672,80.74,non,2,1,2017-03
3981581,78.42,,4,0,2022-12
3988496,35.75,ex,3,0,2022-12
3995417,78.21,current,1,0,2022-12
4002344,57.14,non,2,0,2022-12
4009277,38.9,current,4,0,2022-12
4016216,66.84,,2,0,2022-12
4023161,72.36,ex,4,0,2022-12
4030112,66.92,,4,0,2022-12
4037069,66.74,,4,1,2019-05
4044032,50.06,ex,2,0,2022-12
4051001,64.34,current,1,1,2019-01
4057976,77.94,ex,4,0,2022-12
4064957,88.48,,3,0,2022-12
4071944,71.13,non,4,0,2022-12
4078937,82.73,ex,1,0,2022-12
4085936,46.54,,5,0,2022-12
4092941,36.53,non,2,1,2020-11
4099952,40.61,ex,1,0,2022-12
4106969,41.41,non,1,0,2022-12
4113992,82.95,,3,1,2018-07
4121021,76.71,non,1,0,2022-12
4128056,42.34,ex,2,0,2022-12
4135097,43.48,non,1,0,2022-12
4142144,70.26,non,1,0,2022-12
4149197,66.44,non,1,0,2022-12
4156256,86.22,non,2,0,2022-12
4163321,41.45,ex,2,0,2022-12
4170392,40.15,ex,1,0,2022-12
4177469,78.19,,2,0,2022-12
4184552,55.9,non,2,0,2022-12
4191641,43.71,non,1,0,2022-12
4198736,51.76,non,1,0,2022-12
4205837,48.52,ex,2,0,2022-12
4212944,80.97,non,2,1,2017-07
4220057,55.36,,1,0,2022-12
4227176,47.29,,1,0,2022-12
4234301,35.94,current,4,0,2022-12
4241432,73.17,non,2,0,2022-12
4248569,90.33,non,1,1,2018-10
4255712,53.28,non,3,0,2022-12
4262861,59.98,non,1,0,2022-12
4270016,50.12,non,4,0,2022-12
4277177,54.03,non,2,0,2022-12
4284344,40.59,ex,2,0,2022-12
4291517,33.48,non,4,0,2022-12
4298696,47.86,non,5,0,2022-12
4305881,72.77,ex,5,0,2022-12
4313072,88.52,non,2,0,2022-12
4320269,83.23,non,3,0,2022-12
4327472,48.4,non,3,1,2017-07
4334681,53.35,ex,4,0,2022-12
4341896,35.18,ex,3,0,2022-12
4349117,86.42,non,4,0,2022-12
4356344,37.95,non,4,0,2022-12
4363577,39.56,,3,0,2022-12
4370816,51.79,ex,1,0,2022-12
4378061,82.87,non,2,0,2022-12
4385312,83.9,non,3,1,2017-08
4392569,56.93,non,2,1,2020-05
4399832,73.78,current,4,1,2018-09
4407101,88.08,non,4,0,2022-12
4414376,61.56,non,1,0,2022-12
4421657,76.73,non,2,0,2022-12
4428944,87.34,current,2,1,2020-06
4436237,83.03,non,1,1,2018-12
4443536,60.52,ex,3,0,2022-12
4450841,52.46,,3,0,2022-12
4458152,60.58,non,2,0,2022-12
4465469,52.14,non,5,0,2022-12
4472792,46.35,non,5,0,2022-12
4480121,50.07,current,2,0,2022-12
4487456,57.63,non,3,0,2022-12
4494797,46.02,non,5,0,2022-12
4502144,38.38,current,5,1,2020-07
4509497,37.37,non,2,0,2022-12
4516856,59.32,non,4,1,2017-05
4524221,36.3,non,1,0,2022-12
4531592,87.79,ex,5,0,2022-12
4538969,52.79,,4,0,2022-12
4546352,51.77,non,2,1,2017-03
4553741,53.49,,4,0,2022-12
4561136,81.23,non,5,0,2022-12
4568537,46.38,ex,4,0,2022-12
4575944,81.34,non,4,0,2022-12
4583357,50.35,non,1,0,2022-12
4590776,63.42,non,5,0,2022-12
4598201,42.1,non,1,0,2022-12
4605632,62.04,non,4,0,2022-12
4613069,89.48,non,3,1,2017-08
4620512,66.95,non,1,0,2022-12
4627961,38.2,,3,1,2021-11
4635416,56.81,,2,1,2021-09
4642877,87.1,non,1,0,2022-12
4650344,47.87,non,3,1,2018-05
4657817,56.41,non,3,0,2022-12
4665296,41.68,non,3,0,2022-12
4672781,68.77,non,2,1,2021-02
4680272,71.9,ex,2,1,2019-07
4687769,77.51,non,1,0,2022-12
4695272,64.14,,4,0,2022-12
4702781,61.2,non,5,0,2022-12
4710296,89.99,,5,0,2022-12
4717817,83.01,ex,4,0,2022-12
4725344,72.91,,1,0,2022-12
4732877,71.51,non,3,0,2022-12
4740416,90.09,non,5,1,2017-11
4747961,55.07,ex,3,0,2022-12
4755512,38.02,non,5,0,2022-12
4763069,83.87,,4,0,2022-12
4770632,44.59,current,4,0,2022-12
4778201,87.24,non,4,0,2022-12
4785776,91.78,ex,5,1,2019-04
4793357,47.5,ex,4,0,2022-12
4800944,60.44,non,5,0,2022-12
4808537,42.22,ex,4,0,2022-12
4816136,52.25,non,3,0,2022-12
4823741,47.34,non,1,0,2022-12
4831352,44.86,ex,1,0,2022-12
4838969,62.48,current,4,0,2022-12
4846592,38.25,,3,0,2022-12
4854221,33.43,,4,0,2022-12
4861856,44.88,current,1,0,2022-12
4869497,56.37,,2,0,2022-12
4877144,65.55,non,1,0,2022-12
4884797,90.76,non,4,0,2022-12
4892456,65.22,non,5,1,2017-11
4900121,58.46,non,4,1,2018-06
4907792,43.68,,4,0,2022-12
4915469,51.22,ex,5,0,2022-12
4923152,34.61,non,1,0,2022-12
4930841,65.44,non,5,0,2022-12
4938536,83.6,non,4,1,2017-07
4946237,61.17,,4,0,2022-12
4953944,78.92,current,1,0,2022-12
4961657,39.8,non,2,0,2022-12
4969376,45.83,non,1,0,2022-12
4977101,49.76,,1,0,2022-12
4984832,48.02,non,2,0,2022-12
4992569,46.19,non,4,0,2022-12
5000312,90.67,,2,1,2018-05
5008061,89.93,non,1,0,2022-12
5015816,38.44,non,4,0,2022-12
5023577,45.38,non,4,0,2022-12
5031344,49.77,non,3,0,2022-12
5039117,85.05,,5,0,2022-12
5046896,36.11,current,5,0,2022-12
5054681,73.19,non,5,0,2022-12
5062472,63.81,non,3,1,2019-08
5070269,60.4,non,5,0,2022-12
5078072,78.79,non,3,1,2022-03
5085881,44.74,ex,4,0,2022-12
5093696,67.42,non,1,0,2022-12
5101517,38.31,non,1,0,2022-12
5109344,63.77,ex,1,0,2022-12
5117177,87.92,,3,1,2018-09
5125016,77.81,current,4,0,2022-12
5132861,83.38,non,1,0,2022-12
5140712,82.32,non,2,1,2017-05
5148569,52.09,non,2,0,2022-12
5156432,41.92,non,4,0,2022-12
5164301,78.52,non,2,1,2019-12
5172176,40.94,ex,5,0,2022-12
5180057,58.45,non,1,0,2022-12
5187944,40.68,non,3,0,2022-12
5195837,38.62,non,2,0,2022-12
5203736,37.65,ex,2,0,2022-12
5211641,77.54,non,4,0,2022-12
5219552,71.02,non,5,0,2022-12
5227469,64.41,ex,5,0,2022-12
5235392,81.82,non,3,0,2022-12
5243321,52.38,non,1,0,2022-12
5251256,59.32,non,5,0,2022-12
5259197,46.77,non,5,1,2020-03
5267144,61.88,non,1,0,2022-12
5275097,44.21,non,2,1,2018-08
5283056,55.84,,2,0,2022-12
5291021,83.73,non,5,0,2022-12
5298992,34.35,ex,2,0,2022-12
5306969,69.7,non,4,0,2022-12
5314952,66.39,,3,0,2022-12
5322941,35.74,,3,0,2022-12
5330936,49.84,non,4,0,2022-12
5338937,40.41,,2,0,2022-12
5346944,39.41,ex,1,0,2022-12
5354957,72.26,non,3,0,2022-12
5362976,62.84,current,4,0,2022-12
5371001,68.68,,4,1,2021-06
5379032,76.63,non,3,0,2022-12
5387069,69.82,ex,2,0,2022-12
5395112,54.23,non,1,1,2020-08
5403161,64.5,non,2,0,2022-12
5411216,46.78,non,5,1,2021-10
5419277,45.29,ex,5,0,2022-12
5427344,59.77,non,3,0,2022-12
5435417,70.99,non,1,1,2020-10
5443496,79.91,non,2,0,2022-12
5451581,40.02,non,5,0,2022-12
5459672,89.95,non,4,0,2022-12
5467769,66.21,current,5,0,2022-12
5475872,84.25,non,4,1,2018-06
5483981,56.55,non,1,0,2022-12
5492096,59.41,current,2,0,2022-12
5500217,39.94,non,1,0,2022-12
5508344,39.88,ex,1,0,2022-12
5516477,78.69,non,5,0,2022-12
5524616,35.03,non,5,0,2022-12
5532761,68.47,non,2,0,2022-12
5540912,60.05,non,4,1,2017-09
5549069,36.31,non,4,0,2022-12
5557232,44.26,non,4,0,2022-12
5565401,73.66,non,4,0,2022-12
5573576,88.27,non,5,0,2022-12
5581757,52.52,non,3,0,2022-12
5589944,86.51,non,5,1,2021-10
5598137,56.53,ex,2,0,2022-12
5606336,65.46,non,2,1,2018-11
5614541,83.1,non,3,1,2018-01
5622752,34.06,non,3,0,2022-12
5630969,49.26,,1,0,2022-12
5639192,60.8,,1,0,2022-12
5647421,64.19,,4,1,2020-10
5655656,43.51,non,3,0,2022-12
5663897,59.87,,5,0,2022-12
5672144,62.15,non,3,0,2022-12
5680397,83.72,ex,3,1,2020-03
5688656,49.74,non,2,0,2022-12
5696921,88.2,non,2,0,2022-12
5705192,71.08,current,4,0,2022-12
5713469,61.36,non,1,0,2022-12
5721752,52.4,non,3,0,2022-12
5730041,82.48,current,4,0,2022-12
5738336,37.75,current,5,1,2018-02
5746637,46.19,ex,1,0,2022-12
5754944,40.68,non,2,0,2022-12
5763257,37.0,current,2,0,2022-12
5771576,90.41,non,5,1,2020-11
5779901,58.49,non,5,1,2020-10
5788232,37.08,ex,5,0,2022-12
5796569,81.78,current,5,0,2022-12
5804912,86.78,non,2,0,2022-12
5813261,39.02,ex,5,0,2022-12
5821616,90.42,non,1,1,2020-05
5829977,57.47,non,1,0,2022-12
5838344,58.41,non,2,1,2018-03
5846717,51.75,non,4,0,2022-12
5855096,81.4,ex,3,0,2022-12
5863481,59.15,ex,5,0,2022-12
5871872,66.05,non,3,0,2022-12
5880269,44.89,non,1,1,2019-03
5888672,86.39,ex,4,0,2022-12
5897081,40.78,ex,1,0,2022-12
5905496,80.91,non,2,0,2022-12
5913917,88.34,non,4,0,2022-12
5922344,88.26,non,5,1,2020-07
5930777,41.47,non,5,0,2022-12
5939216,50.55,non,5,0,2022-12
5947661,54.51,non,1,0,2022-12
5956112,52.76,non,4,0,2022-12
5964569,76.56,non,2,0,2022-12
5973032,88.24,non,5,0,2022-12
5981501,63.62,non,3,0,2022-12
5989976,67.67,,4,1,2017-05
5998457,32.58,non,5,0,2022-12
6006944,83.12,non,5,1,2018-04
6015437,36.25,non,3,0,2022-12
6023936,38.65,non,1,0,2022-12
6032441,58.75,non,4,0,2022-12
6040952,84.37,ex,4,1,2018-04
6049469,65.48,ex,2,0,2022-12
6057992,65.27,,3,0,2022-12
6066521,67.89,current,4,1,2018-11
6075056,84.14,non,2,1,2021-05
6083597,72.1,non,4,1,2020-02
6092144,83.91,non,5,0,2022-12
6100697,76.12,ex,5,0,2022-12
6109256,58.99,ex,3,0,2022-12
6117821,67.26,ex,5,0,2022-12
6126392,70.93,non,2,0,2022-12
6134969,86.77,,3,1,2021-06
6143552,60.82,ex,3,0,2022-12
6152141,57.58,non,2,0,2022-12
6160736,52.72,ex,3,0,2022-12
6169337,62.97,,2,0,2022-12
6177944,89.76,non,4,0,2022-12
6186557,89.9,,5,1,2018-08
6195176,88.67,non,2,0,2022-12
6203801,77.49,non,3,0,2022-12
6212432,84.04,non,1,0,2022-12
6221069,44.77,non,2,0,2022-12
6229712,60.74,,3,0,2022-12
6238361,56.5,ex,3,0,2022-12
6247016,40.87,non,3,0,2022-12
6255677,61.18,,2,0,2022-12
6264344,87.53,ex,4,0,2022-12
6273017,45.63,,1,0,2022-12
6281696,55.55,ex,5,0,2022-12
6290381,43.36,non,1,0,2022-12
6299072,86.7,,4,0,2022-12
6307769,73.65,non,5,0,2022-12
6316472,90.6,non,2,1,2020-10
6325181,88.81,non,4,1,2017-02
6333896,43.86,non,3,0,2022-12
6342617,75.89,non,2,0,2022-12
6351344,41.34,non,2,0,2022-12
6360077,85.1,current,4,0,2022-12
6368816,77.99,ex,5,1,2021-05
6377561,81.69,non,2,0,2022-12
6386312,75.29,ex,4,0,2022-12
6395069,42.62,ex,3,0,2022-12
6403832,35.04,current,1,0,2022-12
6412601,36.64,non,3,0,2022-12
6421376,54.96,ex,2,0,2022-12
6430157,82.53,non,2,1,2021-10
6438944,35.0,non,3,0,2022-12
6447737,34.77,,5,0,2022-12
6456536,42.15,ex,2,0,2022-12
6465341,56.28,non,5,0,2022-12
6474152,39.48,non,4,0,2022-12
6482969,63.77,ex,4,0,2022-12
6491792,40.13,non,3,0,2022-12
6500621,66.43,non,3,0,2022-12
6509456,44.6,non,3,0,2022-12
6518297,42.77,non,3,0,2022-12
6527144,74.6,ex,4,0,2022-12
6535997,79.68,non,4,0,2022-12
6544856,84.6,non,4,0,2022-12
6553721,59.31,ex,2,0,2022-12
6562592,73.12,,1,1,2019-08
6571469,91.32,non,3,0,2022-12
6580352,74.45,ex,2,0,2022-12
6589241,34.79,current,1,0,2022-12
6598136,49.33,ex,4,0,2022-12
6607037,44.03,non,1,0,2022-12
6615944,33.8,ex,1,0,2022-12
6624857,41.15,non,5,0,2022-12
6633776,61.66,non,2,0,2022-12
6642701,90.08,non,5,1,2018-07
6651632,90.89,non,1,1,2018-07
6660569,53.24,current,2,0,2022-12
6669512,59.85,non,3,0,2022-12
6678461,49.18,current,1,0,2022-12
6687416,67.57,ex,4,0,2022-12
6696377,45.69,ex,5,0,2022-12
6705344,61.25,ex,2,0,2022-12
6714317,36.06,current,5,0,2022-12
6723296,89.1,non,4,0,2022-12
6732281,35.64,non,4,0,2022-12
6741272,84.09,non,5,0,2022-12
6750269,33.4,non,4,0,2022-12
6759272,69.95,ex,5,0,2022-12
6768281,73.41,ex,3,0,2022-12
6777296,37.38,non,5,0,2022-12
6786317,37.4,non,4,0,2022-12
6795344,69.37,non,4,1,2019-08
6804377,34.97,non,5,0,2022-12
6813416,41.59,non,4,0,2022-12
6822461,87.89,current,1,0,2022-12
6831512,85.14,ex,3,1,2021-05
6840569,87.19,,2,1,2017-05
6849632,45.39,,3,0,2022-12
6858701,70.36,,1,0,2022-12
6867776,84.0,non,1,0,2022-12
6876857,75.49,ex,5,0,2022-12
6885944,82.6,current,2,0,2022-12
6895037,55.79,non,4,0,2022-12
6904136,68.11,,1,1,2021-02
6913241,91.2,non,5,0,2022-12
6922352,42.35,ex,1,0,2022-12
6931469,54.09,,4,0,2022-12
6940592,89.36,non,2,0,2022-12
6949721,60.53,,5,0,2022-12
6958856,60.55,non,2,0,2022-12
6967997,87.71,current,2,0,2022-12
6977144,87.17,non,3,0,2022-12
6986297,71.73,non,1,1,2017-06
6995456,56.7,non,1,1,2021-03
7004621,63.03,current,4,0,2022-12
7013792,76.54,non,2,0,2022-12
7022969,44.1,current,1,0,2022-12
7032152,59.64,ex,3,0,2022-12
7041341,67.08,non,2,0,2022-12
7050536,40.13,non,2,0,2022-12
7059737,48.33,non,5,0,2022-12
7068944,85.43,,1,1,2017-03
7078157,57.7,ex,1,0,2022-12
7087376,65.4,non,3,0,2022-12
7096601,85.63,non,5,0,2022-12
7105832,51.52,,4,0,2022-12
7115069,91.93,non,5,0,2022-12
7124312,56.19,ex,3,0,2022-12
7133561,47.59,,4,0,2022-12
7142816,54.93,non,4,0,2022-12
7152077,75.24,non,3,0,2022-12
7161344,82.87,ex,5,0,2022-12
7170617,75.37,,1,0,2022-12
7179896,61.47,non,3,0,2022-12
7189181,79.66,ex,4,1,2019-12
7198472,44.17,ex,3,0,2022-12
7207769,34.15,current,4,0,2022-12
7217072,89.54,ex,5,1,2020-04
7226381,36.15,non,1,0,2022-12
7235696,34.72,non,2,0,2022-12
7245017,56.78,non,3,1,2021-10
7254344,33.27,non,2,0,2022-12
7263677,70.17,non,4,1,2021-01
7273016,73.42,non,4,1,2022-09
7282361,55.08,non,4,0,2022-12
7291712,61.44,,4,0,2022-12
7301069,61.29,ex,2,0,2022-12
7310432,91.79,non,1,0,2022-12
7319801,70.72,,4,0,2022-12
7329176,58.34,non,4,0,2022-12
7338557,68.39,,5,0,2022-12
7347944,80.16,non,3,1,2017-03
7357337,55.39,non,2,0,2022-12
7366736,34.76,non,2,0,2022-12
7376141,40.14,non,4,1,2018-12
7385552,49.47,,1,0,2022-12
7394969,43.85,ex,3,0,2022-12
7404392,90.25,ex,5,0,2022-12
7413821,89.18,non,4,1,2017-07
7423256,63.19,current,3,0,2022-12
7432697,60.08,non,5,0,2022-12
7442144,57.18,non,3,0,2022-12
7451597,70.87,non,5,0,2022-12
7461056,33.59,non,2,0,2022-12
7470521,46.25,current,5,0,2022-12
7479992,83.69,current,2,1,2020-09
7489469,62.25,non,2,0,2022-12
7498952,49.88,non,2,0,2022-12
7508441,78.83,non,4,1,2021-05
7517936,38.47,ex,2,0,2022-12
7527437,88.55,ex,5,0,2022-12
7536944,80.21,,1,0,2022-12
7546457,56.51,non,5,0,2022-12
7555976,84.42,,3,1,2017-02
7565501,42.63,ex,5,0,2022-12
7575032,76.34,current,4,1,2017-12
7584569,69.06,non,1,0,2022-12
7594112,88.69,non,5,0,2022-12
7603661,70.04,ex,1,0,2022-12
7613216,73.82,ex,2,0,2022-12
7622777,38.78,non,5,0,2022-12
7632344,57.2,non,3,0,2022-12
7641917,55.94,non,1,0,2022-12
7651496,40.0,ex,4,0,2022-12
7661081,41.69,current,4,0,2022-12
7670672,35.59,,2,0,2022-12
7680269,87.43,ex,4,0,2022-12
7689872,32.95,non,5,0,2022-12
7699481,60.71,,2,0,2022-12
7709096,34.43,non,5,0,2022-12
7718717,45.89,ex,1,0,2022-12
7728344,74.58,,4,0,2022-12
7737977,54.83,non,2,0,2022-12
7747616,59.7,non,2,0,2022-12
7757261,50.29,non,2,0,2022-12
7766912,91.96,non,5,1,2020-09
7776569,57.48,non,3,0,2022-12
7786232,75.69,ex,5,0,2022-12
7795901,75.34,non,5,1,2018-06
7805576,48.15,non,1,1,2019-12
7815257,55.33,non,3,1,2019-10
7824944,63.47,non,5,0,2022-12
7834637,80.54,ex,4,0,2022-12
7844336,35.46,non,2,0,2022-12
7854041,46.75,,5,0,2022-12
7863752,89.57,non,4,0,2022-12
7873469,63.98,,5,0,2022-12
7883192,67.05,,4,1,2019-03
7892921,64.37,ex,2,0,2022-12
7902656,38.5,,5,0,2022-12
7912397,80.74,current,3,1,2018-05
7922144,75.51,ex,3,0,2022-12
7931897,48.09,non,3,0,2022-12
7941656,35.69,non,1,0,2022-12
7951421,60.42,ex,4,0,2022-12
7961192,85.37,non,2,0,2022-12
7970969,73.4,non,5,0,2022-12
7980752,51.11,,5,0,2022-12
7990541,64.8,non,1,1,2020-03
8000336,79.25,non,4,1,2018-10
8010137,79.72,non,5,0,2022-12
8019944,47.01,non,1,0,2022-12
8029757,62.76,non,1,0,2022-12
8039576,80.66,non,3,0,2022-12
8049401,71.18,ex,1,0,2022-12
8059232,81.24,current,5,0,2022-12
8069069,66.29,ex,5,0,2022-12
8078912,84.49,ex,5,1,2017-10
8088761,90.8,non,4,0,2022-12
8098616,44.84,ex,4,0,2022-12
8108477,43.03,non,5,1,2022-07
8118344,88.2,current,4,0,2022-12
8128217,78.59,non,1,1,2017-10
8138096,81.56,ex,4,1,2021-05
8147981,34.03,ex,1,0,2022-12
8157872,42.3,,4,0,2022-12
8167769,68.41,,1,0,2022-12
8177672,60.59,non,2,0,2022-12
8187581,32.63,non,5,0,2022-12
8197496,86.87,non,1,0,2022-12
8207417,60.68,non,5,0,2022-12
8217344,78.55,non,5,0,2022-12
8227277,65.12,ex,3,0,2022-12
8237216,78.23,non,5,0,2022-12
8247161,45.1,ex,4,0,2022-12
8257112,50.22,current,5,0,2022-12
8267069,81.22,non,5,0,2022-12
8277032,87.14,non,1,1,2018-01
8287001,51.59,ex,2,0,2022-12
8296976,79.1,ex,4,0,2022-12
8306957,54.29,non,3,0,2022-12
8316944,55.73,non,3,0,2022-12
8326937,79.09,ex,2,1,2019-09
8336936,78.26,non,4,0,2022-12
8346941,56.26,non,5,0,2022-12
8356952,44.22,current,5,0,2022-12
8366969,69.63,current,3,0,2022-12
8376992,81.53,ex,4,0,2022-12
8387021,45.95,non,4,0,2022-12
8397056,54.82,current,4,0,2022-12
8407097,70.39,non,1,1,2019-01
8417144,74.2,,1,0,2022-12
8427197,64.28,non,1,0,2022-12
8437256,38.01,non,1,0,2022-12
8447321,52.23,ex,3,0,2022-12
8457392,75.33,,1,1,2021-11
8467469,52.78,non,5,0,2022-12
8477552,78.01,ex,3,0,2022-12
8487641,73.96,non,3,0,2022-12
8497736,89.08,non,4,1,2017-12
8507837,85.69,non,2,1,2019-07
8517944,46.63,non,3,0,2022-12
8528057,85.64,ex,3,1,2019-07
8538176,89.76,non,1,0,2022-12
8548301,47.1,non,4,0,2022-12
8558432,45.03,,3,0,2022-12
8568569,55.05,non,2,0,2022-12
8578712,46.86,non,3,0,2022-12
8588861,33.46,ex,4,0,2022-12
8599016,65.94,non,5,0,2022-12
8609177,80.3,ex,1,1,2018-09
8619344,49.21,non,5,0,2022-12
8629517,65.96,ex,2,0,2022-12
8639696,47.14,,5,0,2022-12
8649881,46.16,non,4,0,2022-12
8660072,67.42,ex,4,0,2022-12
8670269,35.56,non,5,0,2022-12
8680472,77.91,non,4,0,2022-12
8690681,65.02,ex,2,0,2022-12
8700896,33.93,ex,2,0,2022-12
8711117,66.12,current,1,0,2022-12
8721344,50.74,ex,4,0,2022-12
8731577,43.6,current,4,1,2017-10
8741816,59.92,ex,1,0,2022-12
8752061,66.93,non,4,0,2022-12
8762312,42.13,,3,0,2022-12
8772569,51.59,non,5,0,2022-12
8782832,48.48,ex,3,0,2022-12
8793101,38.65,non,2,0,2022-12
8803376,76.28,current,2,1,2017-10
8813657,82.29,non,1,0,2022-12
8823944,38.95,ex,2,0,2022-12
8834237,34.4,non,5,0,2022-12
8844536,73.6,non,4,0,2022-12
8854841,55.05,,1,0,2022-12
8865152,73.89,ex,1,0,2022-12
8875469,55.13,non,2,0,2022-12
8885792,89.28,non,2,0,2022-12
8896121,55.48,,4,1,2019-11
8906456,51.93,,3,0,2022-12
8916797,53.0,,1,0,2022-12
8927144,49.89,non,1,0,2022-12
8937497,45.88,non,3,0,2022-12
8947856,33.78,non,1,0,2022-12
8958221,50.43,ex,4,0,2022-12
8968592,39.3,ex,2,0,2022-12
8978969,58.86,ex,1,0,2022-12
8989352,56.69,non,3,0,2022-12
8999741,70.1,ex,5,0,2022-12
9010136,62.52,current,2,0,2022-12
9020537,71.28,non,3,0,2022-12
9030944,35.79,ex,5,0,2022-12
9041357,81.34,non,5,1,2017-03
9051776,85.6,,4,0,2022-12
9062201,33.85,non,4,0,2022-12
9072632,39.09,non,4,0,2022-12
9083069,32.11,non,3,0,2022-12
9093512,56.93,non,2,0,2022-12
9103961,84.45,non,4,0,2022-12
9114416,71.96,non,5,1,2020-05
9124877,77.95,non,5,1,2018-06
9135344,91.2,current,4,0,2022-12
9145817,88.35,non,3,0,2022-12
9156296,42.27,current,5,0,2022-12
9166781,75.64,,1,1,2018-05
9177272,47.04,ex,3,0,2022-12
9187769,51.35,ex,3,0,2022-12
9198272,49.24,non,4,0,2022-12
9208781,54.6,non,2,0,2022-12
9219296,66.15,,3,0,2022-12
9229817,46.2,non,1,0,2022-12
9240344,38.87,non,1,0,2022-12
9250877,51.52,non,1,0,2022-12
9261416,53.19,current,4,0,2022-12
9271961,72.74,non,5,0,2022-12
9282512,55.47,non,5,0,2022-12
9293069,81.3,non,5,0,2022-12
9303632,84.25,non,2,0,2022-12
9314201,62.6,non,3,0,2022-12
9324776,84.25,ex,2,0,2022-12
9335357,65.9,,3,0,2022-12
9345944,76.2,non,1,1,2018-08
9356537,88.43,current,4,1,2018-12
9367136,81.6,non,3,0,2022-12
9377741,51.28,non,4,0,2022-12
9388352,74.74,non,2,0,2022-12
9398969,46.38,non,2,0,2022-12
9409592,71.68,non,5,0,2022-12
9420221,74.67,ex,3,0,2022-12
9430856,86.83,non,2,0,2022-12
9441497,36.92,non,2,0,2022-12
9452144,80.24,ex,2,0,2022-12
9462797,80.69,non,4,0,2022-12
9473456,75.83,non,4,0,2022-12
9484121,71.76,non,2,0,2022-12
9494792,60.58,non,1,0,2022-12
9505469,74.72,non,3,0,2022-12
9516152,60.13,ex,5,0,2022-12
9526841,32.97,current,1,0,2022-12
9537536,71.02,non,2,1,2018-06
9548237,80.33,,1,0,2022-12
9558944,78.76,non,1,1,2020-02
9569657,55.4,non,2,0,2022-12
9580376,36.88,ex,5,0,2022-12
9591101,72.12,ex,1,1,2017-07
9601832,64.83,ex,4,0,2022-12
9612569,43.83,,2,0,2022-12
9623312,41.03,non,4,0,2022-12
9634061,46.91,current,2,0,2022-12
9644816,64.55,,4,0,2022-12
9655577,64.13,non,3,0,2022-12
9666344,71.85,non,2,0,2022-12
9677117,74.44,non,4,0,2022-12
9687896,83.34,ex,5,0,2022-12
9698681,83.36,non,1,0,2022-12
9709472,77.62,ex,3,0,2022-12
9720269,46.66,non,2,0,2022-12
9731072,53.96,non,5,0,2022-12
9741881,66.47,non,4,0,2022-12
9752696,79.38,non,3,0,2022-12
9763517,77.42,,3,0,2022-12
9774344,89.6,non,4,1,2018-03
9785177,56.3,non,1,0,2022-12
9796016,57.26,non,4,0,2022-12
9806861,64.49,non,4,0,2022-12
9817712,43.82,non,1,0,2022-12
9828569,38.43,non,1,0,2022-12
9839432,74.23,ex,1,0,2022-12
9850301,78.58,non,2,0,2022-12
9861176,87.63,non,2,1,2017-11
9872057,80.52,current,2,0,2022-12
9882944,77.54,non,2,1,2018-01
9893837,80.58,,5,0,2022-12
9904736,42.22,non,3,1,2018-10
9915641,44.8,ex,5,0,2022-12
9926552,79.4,non,1,0,2022-12
9937469,35.35,non,1,0,2022-12
9948392,61.29,ex,4,0,2022-12
9959321,34.76,non,5,0,2022-12
9970256,88.42,current,2,1,2018-07
9981197,59.79,ex,4,0,2022-12
9992144,34.56,non,5,0,2022-12
10003097,42.67,ex,4,0,2022-12
10014056,60.7,ex,4,0,2022-12
10025021,56.32,non,4,1,2019-01
10035992,53.38,current,1,0,2022-12
10046969,59.08,non,5,0,2022-12
10057952,89.52,ex,1,0,2022-12
10068941,34.94,,5,0,2022-12
10079936,82.53,,2,1,2020-10
10090937,79.67,,2,0,2022-12
10101944,56.53,ex,3,0,2022-12
10112957,85.04,non,4,1,2017-06
10123976,32.62,non,1,0,2022-12
10135001,67.94,ex,5,0,2022-12
10146032,36.02,non,3,0,2022-12
10157069,44.65,ex,5,0,2022-12
10168112,40.89,non,2,0,2022-12
10179161,66.71,non,4,0,2022-12
10190216,53.89,ex,3,0,2022-12
10201277,38.16,non,5,0,2022-12
10212344,80.61,ex,3,0,2022-12
10223417,53.72,non,2,1,2019-02
10234496,91.64,ex,3,1,2022-04
10245581,56.59,ex,2,0,2022-12
10256672,80.37,non,1,0,2022-12
10267769,53.82,non,1,0,2022-12
10278872,78.07,ex,4,0,2022-12
10289981,73.04,non,2,0,2022-12
10301096,81.7,non,2,0,2022-12
10312217,48.5,non,1,0,2022-12
10323344,84.44,ex,3,1,2018-05
10334477,70.92,non,3,1,2020-09
10345616,80.16,non,1,0,2022-12
10356761,86.29,non,3,0,2022-12
10367912,76.14,non,1,0,2022-12
10379069,83.16,ex,1,1,2017-06
10390232,61.1,,3,1,2017-09
10401401,86.96,current,5,1,2020-11
10412576,91.52,non,2,1,2021-11
10423757,68.48,non,2,0,2022-12
10434944,46.71,,5,0,2022-12
10446137,73.55,current,4,0,2022-12
10457336,53.3,non,5,0,2022-12
10468541,87.83,ex,5,1,2018-01
10479752,38.86,ex,3,0,2022-12
10490969,34.67,non,4,0,2022-12
10502192,86.6,non,5,1,2019-04
10513421,46.22,ex,2,0,2022-12
10524656,67.34,ex,5,1,2017-01
10535897,55.24,non,2,0,2022-12
10547144,80.54,non,1,1,2017-10
10558397,55.7,ex,4,0,2022-12
10569656,68.28,non,1,0,2022-12
10580921,77.39,non,4,0,2022-12
10592192,46.67,ex,1,0,2022-12
10603469,73.17,non,5,0,2022-12
10614752,65.57,non,1,0,2022-12
10626041,86.05,non,4,0,2022-12
10637336,69.28,non,5,0,2022-12
10648637,70.66,non,4,0,2022-12
10659944,81.78,non,1,1,2017-04
10671257,63.34,current,3,0,2022-12
10682576,33.57,non,2,0,2022-12
10693901,87.05,,1,1,2017-03
10705232,33.33,non,2,0,2022-12
10716569,80.56,non,3,1,2019-02
10727912,41.8,non,2,0,2022-12
10739261,42.79,non,2,0,2022-12
10750616,46.17,non,5,0,2022-12
10761977,56.21,ex,3,0,2022-12
10773344,46.47,non,2,0,2022-12
10784717,79.55,ex,2,0,2022-12
10796096,60.98,,5,0,2022-12
10807481,55.14,current,4,0,2022-12
10818872,46.49,non,2,0,2022-12
10830269,48.57,non,1,0,2022-12
10841672,79.4,non,5,0,2022-12
10853081,67.8,current,3,0,2022-12
10864496,69.57,non,3,1,2018-11
10875917,71.82,non,5,0,2022-12
10887344,64.02,,5,1,2017-08
10898777,41.25,non,2,0,2022-12
10910216,41.27,ex,5,0,2022-12
10921661,40.29,non,5,0,2022-12
10933112,73.1,non,2,1,2018-02
10944569,32.77,non,2,0,2022-12
10956032,52.56,,2,0,2022-12
10967501,64.68,current,2,0,2022-12
10978976,33.42,non,4,0,2022-12
10990457,62.44,current,4,1,2021-08
11001944,35.84,,1,0,2022-12
11013437,49.36,,4,0,2022-12
11024936,35.74,,3,0,2022-12
11036441,75.43,ex,5,0,2022-12
11047952,62.54,ex,2,0,2022-12
11059469,70.45,,1,0,2022-12
11070992,72.04,non,1,1,2019-12
11082521,73.75,current,4,0,2022-12
11094056,62.31,non,3,0,2022-12
11105597,86.2,non,5,0,2022-12
11117144,54.74,non,2,0,2022-12
11128697,87.6,non,5,1,2018-09
11140256,59.82,current,5,0,2022-12
11151821,66.05,non,1,1,2020-09
11163392,65.96,current,1,1,2019-08
11174969,42.14,non,3,0,2022-12
11186552,91.68,non,3,1,2020-07
11198141,59.47,non,5,0,2022-12
11209736,84.19,current,1,0,2022-12
11221337,48.29,ex,3,0,2022-12
11232944,71.04,ex,1,0,2022-12
11244557,59.57,non,1,0,2022-12
11256176,83.32,non,1,0,2022-12
11267801,72.67,non,3,1,2019-08
11279432,84.53,ex,5,1,2020-06
11291069,48.43,non,3,0,2022-12
11302712,54.43,,2,0,2022-12
11314361,56.63,ex,3,1,2019-07
11326016,78.02,,2,0,2022-12
11337677,62.21,non,2,0,2022-12
11349344,36.6,non,5,0,2022-12
11361017,51.66,ex,4,0,2022-12
11372696,32.34,,4,0,2022-12
11384381,50.53,,3,0,2022-12
11396072,39.64,ex,4,0,2022-12
11407769,87.71,non,1,0,2022-12
11419472,69.78,ex,2,1,2019-03
11431181,60.14,,5,0,2022-12
11442896,52.86,non,1,0,2022-12
11454617,64.0,non,3,0,2022-12
11466344,88.29,ex,3,0,2022-12
11478077,42.26,non,3,0,2022-12
11489816,71.21,ex,2,0,2022-12
11501561,90.48,,4,0,2022-12
11513312,58.05,ex,2,0,2022-12
11525069,42.65,non,5,0,2022-12
11536832,77.35,,1,0,2022-12
11548601,65.72,non,3,0,2022-12
11560376,91.68,current,3,0,2022-12
11572157,73.82,non,2,0,2022-12
11583944,33.91,,1,0,2022-12
11595737,89.5,non,1,0,2022-12
11607536,71.28,non,3,1,2022-12
11619341,44.13,ex,1,0,2022-12
11631152,87.6,non,3,1,2022-05
11642969,51.63,current,5,0,2022-12
11654792,41.07,ex,3,0,2022-12
11666621,84.47,non,3,0,2022-12
11678456,34.34,,4,0,2022-12
11690297,74.94,non,5,0,2022-12
11702144,64.34,non,2,0,2022-12
11713997,73.26,current,3,1,2019-07
11725856,90.59,current,4,1,2017-07
11737721,44.89,non,4,0,2022-12
11749592,50.02,non,3,1,2019-07
11761469,59.38,current,2,0,2022-12
11773352,56.65,non,3,0,2022-12
11785241,89.68,non,2,0,2022-12
11797136,35.81,non,2,0,2022-12
11809037,43.75,ex,5,0,2022-12
11820944,91.75,non,4,1,2020-05
11832857,88.54,ex,4,1,2021-01
11844776,58.86,ex,3,0,2022-12
11856701,43.22,non,5,0,2022-12
11868632,62.02,non,4,0,2022-12
11880569,63.29,ex,1,0,2022-12
11892512,52.99,,1,0,2022-12
11904461,64.0,current,3,0,2022-12
11916416,44.18,non,3,0,2022-12
11928377,71.99,,2,1,2017-06
11940344,71.67,non,1,0,2022-12
11952317,72.21,ex,3,0,2022-12
11964296,85.69,non,3,1,2018-10
11976281,78.27,non,4,0,2022-12
11988272,68.77,non,5,0,2022-12
12000269,52.92,non,2,0,2022-12
12012272,63.34,current,3,0,2022-12
12024281,77.82,non,2,0,2022-12
12036296,59.24,non,1,0,2022-12
12048317,62.85,,5,0,2022-12
12060344,64.89,non,4,0,2022-12
12072377,57.32,ex,1,0,2022-12
12084416,69.35,non,4,1,2019-04
12096461,44.0,,4,0,2022-12
12108512,47.19,ex,3,0,2022-12
12120569,61.38,ex,2,0,2022-12
12132632,39.04,non,4,0,2022-12
12144701,39.74,non,2,0,2022-12
12156776,81.0,ex,2,1,2021-02
12168857,56.51,non,1,0,2022-12
12180944,76.62,non,3,0,2022-12
12193037,44.55,,3,0,2022-12
12205136,82.34,,5,1,2021-04
12217241,74.69,non,1,0,2022-12
12229352,64.79,ex,5,0,2022-12
12241469,62.07,ex,2,0,2022-12
12253592,67.27,ex,2,1,2018-04
12265721,34.78,ex,5,0,2022-12
12277856,62.72,current,5,0,2022-12
12289997,44.72,ex,3,0,2022-12
12302144,33.42,ex,4,0,2022-12
12314297,62.16,non,1,0,2022-12
12326456,50.72,non,5,0,2022-12
12338621,90.73,non,3,1,2019-08
12350792,45.81,,1,0,2022-12
12362969,69.56,non,3,0,2022-12
12375152,51.85,non,4,0,2022-12
12387341,85.91,non,4,1,2020-01
12399536,61.63,ex,4,0,2022-12
12411737,73.7,ex,4,0,2022-12
12423944,57.63,non,3,0,2022-12
12436157,41.12,,2,0,2022-12
12448376,56.03,non,2,0,2022-12
12460601,61.54,current,3,0,2022-12
12472832,69.57,ex,4,0,2022-12
12485069,34.51,ex,5,0,2022-12
12497312,61.74,non,4,0,2022-12
12509561,91.53,non,5,0,2022-12
12521816,76.14,non,3,0,2022-12
12534077,51.77,ex,2,0,2022-12
12546344,35.34,ex,5,1,2017-09
12558617,39.53,ex,3,0,2022-12
12570896,57.41,non,4,0,2022-12
12583181,70.96,ex,2,1,2020-02
12595472,87.87,non,4,0,2022-12
12607769,78.69,non,2,1,2021-02
12620072,71.92,non,1,1,2019-08
12632381,33.27,non,5,0,2022-12
12644696,33.03,current,1,0,2022-12
12657017,59.91,current,1,0,2022-12
12669344,90.58,current,5,0,2022-12
12681677,35.24,current,5,0,2022-12
12694016,75.25,ex,4,1,2019-04
12706361,85.91,ex,3,0,2022-12
12718712,49.82,non,4,0,2022-12
12731069,39.19,non,5,0,2022-12
12743432,70.73,current,3,1,2018-02
12755801,87.17,non,5,0,2022-12
12768176,83.21,ex,2,0,2022-12
12780557,86.24,current,3,1,2017-07
12792944,91.84,non,1,0,2022-12
12805337,34.96,ex,3,0,2022-12
12817736,73.06,non,3,0,2022-12
12830141,39.32,non,3,1,2019-10
12842552,82.84,non,4,0,2022-12
12854969,52.46,ex,5,0,2022-12
12867392,38.86,ex,3,0,2022-12
12879821,38.38,non,2,0,2022-12
12892256,63.49,non,3,0,2022-12
12904697,71.43,current,3,0,2022-12
12917144,59.05,ex,5,0,2022-12
12929597,53.29,non,2,0,2022-12
12942056,64.5,non,5,0,2022-12
12954521,81.84,ex,2,0,2022-12
12966992,75.85,non,1,1,2018-12
12979469,75.05,non,2,1,2017-01
12991952,81.03,non,3,0,2022-12
13004441,59.84,non,1,0,2022-12
13016936,34.28,current,5,0,2022-12
13029437,36.58,ex,5,0,2022-12
13041944,78.13,non,3,0,2022-12
13054457,78.69,ex,1,0,2022-12
13066976,69.98,,2,0,2022-12
13079501,83.05,non,1,1,2019-05
13092032,89.86,non,4,1,2018-08
13104569,85.75,non,1,1,2017-07
13117112,36.1,non,4,0,2022-12
13129661,79.22,ex,5,0,2022-12
13142216,50.39,non,3,0,2022-12
13154777,52.97,non,1,0,2022-12
13167344,36.83,ex,3,0,2022-12
13179917,33.28,non,1,0,2022-12
13192496,80.94,current,5,1,2019-12
13205081,58.28,ex,4,0,2022-12
13217672,57.64,non,1,0,2022-12
13230269,57.86,current,1,0,2022-12
13242872,74.4,non,2,1,2020-12
13255481,58.86,non,2,0,2022-12
13268096,90.84,non,2,0,2022-12
13280717,82.71,current,4,0,2022-12
13293344,68.13,non,4,0,2022-12
13305977,49.34,non,5,0,2022-12
13318616,32.41,,5,0,2022-12
13331261,37.86,non,4,0,2022-12
13343912,63.91,non,5,0,2022-12
13356569,80.45,non,5,0,2022-12
13369232,56.62,non,2,0,2022-12
13381901,86.5,non,3,1,2017-08
13394576,60.47,current,4,1,2017-03
13407257,56.03,non,5,0,2022-12
13419944,82.9,non,1,1,2019-06
13432637,67.75,non,3,0,2022-12
13445336,68.39,non,5,0,2022-12
13458041,86.56,ex,4,0,2022-12
13470752,35.74,non,1,0,2022-12
13483469,53.17,non,2,0,2022-12
13496192,66.79,ex,3,0,2022-12
13508921,48.09,non,3,0,2022-12
13521656,38.11,current,3,0,2022-12
13534397,85.12,non,5,1,2020-01
13547144,75.24,non,1,1,2017-02
13559897,46.43,non,1,0,2022-12
13572656,81.91,,2,0,2022-12
13585421,34.87,,2,0,2022-12
13598192,70.45,,3,0,2022-12
13610969,69.79,,5,1,2019-07
13623752,61.27,non,5,0,2022-12
13636541,43.49,non,5,0,2022-12
13649336,56.81,non,2,1,2018-07
13662137,45.7,ex,4,0,2022-12
13674944,47.7,non,3,0,2022-12
13687757,88.2,non,4,0,2022-12
13700576,62.32,ex,5,0,2022-12
13713401,64.13,non,2,0,2022-12
13726232,59.45,non,5,0,2022-12
13739069,68.97,current,1,1,2021-06
13751912,34.53,non,5,0,2022-12
13764761,90.5,,1,0,2022-12
13777616,69.22,non,5,0,2022-12
13790477,49.88,ex,2,0,2022-12
13803344,90.37,non,2,1,2021-05
13816217,33.27,non,1,0,2022-12
13829096,82.28,non,1,0,2022-12
13841981,75.08,non,3,0,2022-12
13854872,48.62,non,1,0,2022-12
13867769,45.5,non,5,0,2022-12
13880672,74.02,ex,5,0,2022-12
13893581,48.45,non,2,0,2022-12
13906496,71.12,ex,2,0,2022-12
13919417,87.02,non,5,0,2022-12
13932344,76.56,non,1,0,2022-12
13945277,71.23,non,3,0,2022-12
13958216,35.44,ex,5,0,2022-12
13971161,87.49,non,4,0,2022-12
13984112,37.21,ex,5,0,2022-12
13997069,70.54,non,2,0,2022-12
14010032,56.27,ex,1,1,2020-05
14023001,48.09,current,3,0,2022-12
14035976,66.37,non,5,0,2022-12
14048957,76.66,current,1,1,2017-10
14061944,66.71,,3,0,2022-12
14074937,47.42,ex,3,0,2022-12
14087936,50.8,non,5,0,2022-12
14100941,91.58,non,4,0,2022-12
14113952,80.75,non,4,0,2022-12
14126969,81.14,ex,2,0,2022-12
14139992,68.7,non,3,0,2022-12
14153021,41.97,non,5,0,2022-12
14166056,48.19,,4,0,2022-12
14179097,77.11,non,3,0,2022-12
14192144,69.35,current,2,0,2022-12
14205197,34.08,non,5,0,2022-12
14218256,89.77,ex,5,1,2017-06
14231321,32.81,,5,0,2022-12
14244392,59.16,,4,0,2022-12
14257469,80.61,non,3,0,2022-12
14270552,36.06,non,2,0,2022-12
14283641,63.94,,1,0,2022-12
14296736,32.45,non,5,0,2022-12
14309837,37.58,non,5,0,2022-12
14322944,72.31,,5,0,2022-12
14336057,70.75,non,2,0,2022-12
14349176,69.25,non,3,0,2022-12
14362301,69.09,,2,1,2021-11
14375432,91.78,non,5,1,2018-09
14388569,90.08,non,2,0,2022-12
14401712,59.53,non,1,0,2022-12
14414861,84.01,current,3,1,2021-09
14428016,77.64,non,4,0,2022-12
14441177,48.63,non,3,0,2022-12
14454344,48.59,ex,1,0,2022-12
14467517,75.81,non,2,0,2022-12
14480696,38.4,,5,0,2022-12
14493881,47.0,non,1,0,2022-12
14507072,62.56,current,5,0,2022-12
14520269,82.72,non,5,1,2017-04
14533472,68.76,non,1,0,2022-12
14546681,53.87,non,2,0,2022-12
14559896,40.62,,5,0,2022-12
14573117,78.07,non,2,0,2022-12
14586344,34.39,non,4,0,2022-12
14599577,57.8,non,5,0,2022-12
14612816,64.34,non,4,1,2018-09
14626061,52.73,non,2,0,2022-12
14639312,85.02,ex,3,0,2022-12
14652569,65.35,,5,0,2022-12
14665832,85.72,ex,3,0,2022-12
14679101,49.52,ex,2,0,2022-12
14692376,86.68,non,3,0,2022-12
14705657,51.19,current,5,0,2022-12
14718944,35.96,ex,3,0,2022-12
14732237,83.86,current,2,0,2022-12
14745536,70.29,non,2,0,2022-12
14758841,88.71,ex,2,0,2022-12
14772152,41.08,ex,4,0,2022-12
14785469,87.02,non,1,0,2022-12
14798792,36.13,,1,0,2022-12
14812121,87.1,non,2,0,2022-12
14825456,53.36,non,3,0,2022-12
14838797,81.26,non,3,0,2022-12
14852144,61.41,current,5,0,2022-12
14865497,49.62,ex,5,0,2022-12
14878856,67.6,non,5,0,2022-12
14892221,36.63,non,3,0,2022-12
14905592,56.0,non,4,1,2018-07
14918969,66.64,ex,5,0,2022-12
14932352,45.1,non,5,0,2022-12
14945741,75.7,non,4,1,2018-07
14959136,88.56,non,2,0,2022-12
14972537,82.93,ex,3,0,2022-12
14985944,36.07,non,4,0,2022-12
14999357,82.0,,5,1,2021-07
15012776,62.39,non,2,0,2022-12
15026201,43.36,non,2,0,2022-12
15039632,40.15,,5,0,2022-12
15053069,51.66,non,3,0,2022-12
15066512,44.74,non,5,0,2022-12
15079961,48.95,,3,0,2022-12
15093416,59.9,non,4,1,2017-10
15106877,63.3,non,3,0,2022-12
15120344,86.1,non,4,0,2022-12
15133817,85.14,non,1,1,2019-08
15147296,83.86,non,3,0,2022-12
15160781,46.31,,2,0,2022-12
15174272,77.98,current,2,0,2022-12
15187769,86.95,non,5,0,2022-12
15201272,46.1,,1,0,2022-12
15214781,79.44,non,1,0,2022-12
15228296,84.48,ex,5,1,2017-01
15241817,45.89,ex,4,0,2022-12
15255344,50.23,non,5,0,2022-12
15268877,48.54,non,2,0,2022-12
15282416,67.83,,1,0,2022-12
15295961,38.8,ex,3,0,2022-12
15309512,70.58,non,3,0,2022-12
15323069,46.47,ex,3,0,2022-12
15336632,41.12,non,3,0,2022-12
15350201,60.73,ex,4,0,2022-12
15363776,91.25,non,2,1,2021-01
15377357,35.52,non,4,0,2022-12
15390944,66.17,non,5,0,2022-12
15404537,39.78,non,1,0,2022-12
15418136,78.65,ex,5,1,2021-04
15431741,69.13,non,3,0,2022-12
15445352,57.06,non,5,0,2022-12
15458969,50.06,non,3,0,2022-12
15472592,53.54,non,1,0,2022-12
15486221,88.17,non,2,1,2017-08
15499856,56.13,non,5,0,2022-12
15513497,75.82,non,2,0,2022-12
15527144,63.12,non,1,0,2022-12
15540797,84.36,,2,0,2022-12
15554456,91.93,current,4,1,2019-02
15568121,49.91,ex,4,0,2022-12
15581792,32.39,non,2,0,2022-12
15595469,66.86,non,4,0,2022-12
15609152,73.12,non,3,0,2022-12
15622841,71.29,ex,4,1,2019-11
15636536,34.01,non,5,0,2022-12
15650237,91.92,non,2,0,2022-12
15663944,32.38,non,1,0,2022-12
15677657,55.45,current,1,0,2022-12
15691376,75.29,non,5,0,2022-12
15705101,54.8,non,4,0,2022-12
15718832,33.8,ex,5,0,2022-12
15732569,45.31,non,3,0,2022-12
15746312,70.89,ex,2,0,2022-12
15760061,66.66,non,3,0,2022-12
15773816,56.35,non,4,0,2022-12
15787577,39.08,ex,2,0,2022-12
15801344,90.42,non,2,1,2020-04
15815117,48.25,non,3,0,2022-12
15828896,56.51,non,4,0,2022-12
15842681,81.04,non,1,1,2021-02
15856472,46.23,current,1,0,2022-12
15870269,66.35,ex,5,0,2022-12
15884072,65.64,non,4,0,2022-12
15897881,46.12,non,5,0,2022-12
15911696,63.49,ex,1,0,2022-12
15925517,60.51,non,2,0,2022-12
15939344,80.39,non,5,0,2022-12
15953177,91.09,non,4,0,2022-12
15967016,32.42,,3,0,2022-12
15980861,51.17,non,1,0,2022-12
15994712,83.82,non,1,0,2022-12
16008569,35.06,non,3,0,2022-12
16022432,77.73,current,2,1,2017-12
16036301,74.84,current,2,0,2022-12
16050176,74.54,current,1,0,2022-12
16064057,51.11,non,5,0,2022-12
16077944,35.02,non,3,0,2022-12
16091837,49.1,non,5,0,2022-12
16105736,91.15,current,3,0,2022-12
16119641,45.47,current,5,0,2022-12
16133552,76.42,non,3,1,2021-09
16147469,63.38,non,4,0,2022-12
16161392,58.06,non,5,0,2022-12
16175321,47.74,current,1,0,2022-12
16189256,67.65,non,1,0,2022-12
16203197,58.64,,3,0,2022-12
16217144,70.65,,2,0,2022-12
16231097,58.96,ex,1,1,2020-01
16245056,81.21,ex,2,0,2022-12
16259021,78.02,non,5,1,2019-11
16272992,91.83,ex,2,1,2017-04
16286969,39.69,non,3,0,2022-12
16300952,74.03,ex,5,0,2022-12
16314941,53.53,non,4,0,2022-12
16328936,44.49,non,5,1,2018-07
16342937,44.89,,2,1,2020-07
16356944,41.78,non,5,0,2022-12
16370957,75.86,non,3,1,2020-10
16384976,35.18,non,3,0,2022-12
16399001,48.68,current,5,0,2022-12
16413032,44.11,non,2,0,2022-12
16427069,55.01,ex,2,1,2018-05
16441112,55.2,non,2,0,2022-12
16455161,85.36,non,2,1,2018-11
16469216,42.85,non,5,0,2022-12
16483277,56.93,non,5,0,2022-12
16497344,68.69,ex,1,0,2022-12
16511417,68.66,ex,5,1,2021-02
16525496,35.63,non,5,0,2022-12
16539581,90.01,current,4,0,2022-12
16553672,45.66,ex,5,0,2022-12
16567769,76.17,,4,0,2022-12
16581872,50.99,non,2,0,2022-12
16595981,49.65,non,4,0,2022-12
16610096,63.46,,3,1,2018-07
16624217,84.22,ex,4,0,2022-12
16638344,56.1,non,3,0,2022-12
16652477,73.26,non,2,0,2022-12
16666616,33.35,non,3,0,2022-12
16680761,32.29,current,5,0,2022-12
16694912,63.57,non,5,0,2022-12
16709069,44.56,,5,0,2022-12
16723232,35.02,,4,0,2022-12
16737401,66.79,current,5,0,2022-12
16751576,74.42,non,5,0,2022-12
16765757,35.99,ex,1,0,2022-12
16779944,85.34,ex,4,1,2018-08
16794137,76.09,non,3,0,2022-12
16808336,63.33,non,2,0,2022-12
16822541,68.37,non,1,0,2022-12
16836752,65.66,non,5,0,2022-12
16850969,70.33,non,1,0,2022-12
16865192,35.79,current,2,0,2022-12
16879421,53.42,ex,4,0,2022-12
16893656,58.8,ex,5,0,2022-12
16907897,50.73,non,3,0,2022-12
16922144,54.97,non,1,0,2022-12
16936397,51.57,non,3,1,2017-04
16950656,49.1,non,4,1,2019-02
16964921,72.23,non,3,0,2022-12
16979192,63.69,non,5,0,2022-12
16993469,69.98,ex,5,0,2022-12
17007752,53.42,ex,5,0,2022-12
17022041,74.41,non,5,1,2017-03
17036336,44.51,,1,0,2022-12
17050637,37.85,ex,3,0,2022-12
17064944,73.07,non,2,1,2018-01
17079257,58.27,ex,4,0,2022-12
17093576,66.12,ex,3,0,2022-12
17107901,80.73,non,2,0,2022-12
17122232,89.8,ex,1,0,2022-12
17136569,38.17,non,2,0,2022-12
17150912,66.64,non,2,0,2022-12
17165261,64.79,non,5,0,2022-12
17179616,38.13,non,3,0,2022-12
17193977,62.01,non,5,0,2022-12
17208344,59.72,non,1,0,2022-12
17222717,45.73,non,2,0,2022-12
17237096,33.99,non,1,0,2022-12
17251481,38.57,ex,3,0,2022-12
17265872,90.48,non,3,0,2022-12
17280269,81.52,ex,1,0,2022-12
17294672,88.81,,5,1,2019-10
17309081,66.64,non,1,0,2022-12
17323496,91.87,non,3,0,2022-12
17337917,66.54,non,5,0,2022-12
17352344,79.8,non,5,0,2022-12
17366777,38.09,,1,0,2022-12
17381216,81.29,non,4,0,2022-12
17395661,78.08,ex,4,0,2022-12
17410112,48.13,current,1,0,2022-12
17424569,36.92,current,1,0,2022-12
17439032,33.68,non,4,0,2022-12
17453501,41.95,ex,2,0,2022-12
17467976,47.0,non,5,0,2022-12
17482457,65.71,non,4,0,2022-12
17496944,80.35,,1,0,2022-12
17511437,58.44,current,3,0,2022-12
17525936,41.43,ex,2,0,2022-12
17540441,45.99,ex,5,0,2022-12
17554952,44.23,non,1,0,2022-12
17569469,43.38,ex,1,0,2022-12
17583992,43.49,non,1,0,2022-12
17598521,74.86,current,1,0,2022-12
17613056,77.0,non,2,0,2022-12
17627597,52.71,non,1,0,2022-12
17642144,54.55,non,1,0,2022-12
17656697,72.76,non,3,0,2022-12
17671256,60.9,non,5,0,2022-12
17685821,65.45,non,2,0,2022-12
17700392,54.57,,1,0,2022-12
17714969,61.59,non,5,0,2022-12
17729552,81.77,,4,0,2022-12
17744141,36.61,non,4,0,2022-12
17758736,48.77,current,2,0,2022-12
17773337,37.13,,4,0,2022-12
17787944,81.35,,1,1,2018-11
17802557,33.51,non,2,0,2022-12
17817176,32.69,non,3,0,2022-12
17831801,35.52,non,5,0,2022-12
17846432,56.78,non,2,1,2020-11
17861069,58.5,non,2,0,2022-12
17875712,39.99,non,5,0,2022-12
17890361,91.94,non,2,1,2019-10
17905016,78.77,non,5,0,2022-12
17919677,63.88,,1,1,2022-04
17934344,69.93,,1,0,2022-12
17949017,85.45,non,2,1,2017-05
17963696,58.4,non,1,0,2022-12
17978381,42.84,current,2,0,2022-12
17993072,41.27,,1,1,2020-08
18007769,51.82,,3,0,2022-12
18022472,77.66,,2,0,2022-12
18037181,40.92,non,3,0,2022-12
18051896,91.83,non,1,0,2022-12
18066617,62.62,non,4,0,2022-12
18081344,74.47,non,1,0,2022-12
18096077,52.88,,5,0,2022-12
18110816,55.59,ex,2,0,2022-12
18125561,67.79,,2,0,2022-12
18140312,48.3,ex,1,0,2022-12
18155069,59.15,current,2,0,2022-12
18169832,84.79,ex,3,0,2022-12
18184601,91.56,non,3,1,2020-04
18199376,73.47,non,1,1,2019-07
18214157,74.66,non,1,0,2022-12
18228944,75.13,current,1,0,2022-12
18243737,61.86,,5,0,2022-12
18258536,51.06,non,1,0,2022-12
18273341,48.54,,3,0,2022-12
18288152,71.45,non,5,0,2022-12
18302969,81.99,current,5,0,2022-12
18317792,86.97,ex,3,0,2022-12
18332621,83.66,non,1,0,2022-12
18347456,69.76,non,5,0,2022-12
18362297,60.76,ex,1,0,2022-12
18377144,76.29,,1,0,2022-12
18391997,60.82,non,5,0,2022-12
18406856,86.13,ex,3,1,2020-12
18421721,32.66,,4,0,2022-12
18436592,54.68,non,2,0,2022-12
18451469,91.7,ex,4,0,2022-12
18466352,60.55,,4,0,2022-12
18481241,77.37,non,2,0,2022-12
18496136,42.04,non,1,0,2022-12
18511037,54.76,ex,2,0,2022-12
18525944,85.71,non,3,0,2022-12
18540857,80.92,,1,0,2022-12
18555776,76.13,current,4,1,2020-05
18570701,65.26,non,2,0,2022-12
18585632,36.51,ex,3,0,2022-12
18600569,55.18,non,1,1,2019-11
18615512,44.27,non,4,1,2017-03
18630461,39.16,non,4,0,2022-12
18645416,81.55,non,5,1,2017-03
18660377,61.2,non,2,0,2022-12
18675344,67.89,non,5,0,2022-12
18690317,54.09,current,1,0,2022-12
18705296,62.2,non,1,0,2022-12
18720281,69.21,non,3,0,2022-12
18735272,76.98,,3,0,2022-12
18750269,57.18,current,5,1,2020-06
18765272,50.5,ex,1,0,2022-12
18780281,37.49,non,3,0,2022-12
18795296,37.82,ex,4,0,2022-12
18810317,47.79,non,5,0,2022-12
18825344,35.83,non,3,0,2022-12
18840377,91.14,non,2,0,2022-12
18855416,90.54,,4,0,2022-12
18870461,89.44,non,5,0,2022-12
18885512,47.56,non,5,0,2022-12
18900569,55.54,non,3,0,2022-12
18915632,57.46,non,2,0,2022-12
18930701,43.51,non,3,0,2022-12
18945776,71.76,ex,3,0,2022-12
18960857,42.19,ex,1,0,2022-12
18975944,47.67,non,5,0,2022-12
18991037,42.16,non,2,0,2022-12
19006136,54.82,current,4,0,2022-12
19021241,49.71,non,5,0,2022-12
19036352,60.01,non,5,0,2022-12
19051469,58.95,non,2,1,2018-01
19066592,86.33,non,5,0,2022-12
19081721,61.18,non,3,0,2022-12
19096856,59.77,non,4,0,2022-12
19111997,34.32,,5,0,2022-12
19127144,84.89,non,3,0,2022-12
19142297,79.23,non,4,0,2022-12
19157456,64.29,,2,1,2019-11
19172621,69.09,current,1,0,2022-12
19187792,47.79,non,1,0,2022-12
19202969,32.72,non,5,0,2022-12
19218152,34.72,non,5,0,2022-12
19233341,84.52,non,2,1,2018-11
19248536,37.89,,3,0,2022-12
19263737,71.78,current,3,1,2020-06
19278944,75.07,current,5,1,2017-04
19294157,40.5,ex,1,0,2022-12
19309376,61.25,ex,3,1,2019-07
19324601,46.9,non,5,0,2022-12
19339832,79.33,current,4,1,2017-11
19355069,52.46,non,2,0,2022-12
19370312,52.81,non,4,0,2022-12
19385561,72.8,non,2,0,2022-12
19400816,36.84,non,4,1,2019-04
19416077,45.45,non,1,0,2022-12
19431344,61.71,non,5,0,2022-12
19446617,45.63,non,5,0,2022-12
19461896,72.54,non,3,0,2022-12
19477181,32.4,ex,2,0,2022-12
19492472,84.12,non,3,0,2022-12
19507769,79.9,non,4,0,2022-12
19523072,54.73,non,4,0,2022-12
19538381,91.37,current,2,0,2022-12
19553696,53.13,non,2,0,2022-12
19569017,34.82,non,1,1,2017-07
19584344,57.24,non,4,1,2019-09
19599677,44.29,non,3,0,2022-12
19615016,36.29,,4,0,2022-12
19630361,38.38,non,2,0,2022-12
19645712,79.0,current,4,0,2022-12
19661069,47.76,non,3,0,2022-12
19676432,76.03,non,5,0,2022-12
19691801,67.43,ex,3,0,2022-12
19707176,60.38,non,4,0,2022-12
19722557,59.95,non,2,0,2022-12
19737944,32.86,current,5,0,2022-12
19753337,40.36,non,2,0,2022-12
19768736,37.97,non,5,0,2022-12
19784141,48.86,current,4,0,2022-12
19799552,48.77,non,4,0,2022-12
19814969,67.73,ex,1,1,2020-07
19830392,44.45,non,4,0,2022-12
19845821,46.27,,3,0,2022-12
19861256,40.72,ex,5,0,2022-12
19876697,86.8,,2,0,2022-12
19892144,89.58,ex,2,0,2022-12
19907597,82.91,non,5,0,2022-12
19923056,47.24,ex,5,0,2022-12
19938521,32.77,ex,4,0,2022-12
19953992,84.46,,2,0,2022-12
19969469,72.46,non,4,0,2022-12
19984952,60.73,ex,5,0,2022-12
20000441,70.55,non,1,0,2022-12
20015936,69.03,non,2,0,2022-12
20031437,68.11,non,4,0,2022-12
20046944,87.81,non,2,0,2022-12
20062457,66.33,non,3,0,2022-12
20077976,48.49,non,3,1,2018-05
20093501,41.83,ex,2,0,2022-12
20109032,79.22,non,4,0,2022-12
20124569,59.41,ex,4,1,2021-02
20140112,53.21,non,1,0,2022-12
20155661,40.46,ex,1,0,2022-12
20171216,65.74,non,4,0,2022-12
20186777,76.74,ex,3,0,2022-12
20202344,57.18,ex,4,0,2022-12
20217917,49.96,ex,3,0,2022-12
20233496,54.98,non,3,0,2022-12
20249081,74.94,non,3,1,2021-02
20264672,44.69,ex,3,0,2022-12
20280269,47.95,non,4,0,2022-12
20295872,91.88,non,2,0,2022-12
20311481,53.69,non,1,0,2022-12
20327096,73.95,ex,5,0,2022-12
20342717,74.36,,4,0,2022-12
20358344,32.17,,3,0,2022-12
20373977,65.55,non,2,0,2022-12
20389616,69.37,non,5,1,2018-02
20405261,89.57,non,1,1,2018-01
20420912,48.28,ex,2,0,2022-12
20436569,70.5,non,2,1,2020-10
20452232,35.59,ex,2,0,2022-12
20467901,32.64,non,4,0,2022-12
20483576,42.51,non,3,0,2022-12
20499257,82.08,non,4,1,2019-09
20514944,54.06,,1,0,2022-12
20530637,63.38,,1,0,2022-12
20546336,42.77,,1,0,2022-12
20562041,77.34,non,5,0,2022-12
20577752,74.75,non,3,0,2022-12
20593469,45.05,non,1,0,2022-12
20609192,34.5,non,3,0,2022-12
20624921,37.48,non,5,0,2022-12
20640656,79.82,,3,0,2022-12
20656397,61.72,non,1,0,2022-12
20672144,49.15,,1,1,2018-07
20687897,74.58,non,1,0,2022-12
20703656,45.42,non,4,0,2022-12
20719421,37.88,ex,3,0,2022-12
20735192,87.0,non,5,0,2022-12
20750969,80.65,non,1,0,2022-12
20766752,38.5,non,3,0,2022-12
20782541,59.17,non,2,0,2022-12
20798336,32.34,current,5,0,2022-12
20814137,70.68,non,3,0,2022-12
20829944,63.9,,2,0,2022-12
20845757,50.34,non,2,0,2022-12
20861576,50.93,non,4,0,2022-12
20877401,44.07,ex,4,0,2022-12
20893232,40.83,non,3,0,2022-12
20909069,71.76,,2,0,2022-12
20924912,78.59,non,1,0,2022-12
20940761,81.63,non,3,0,2022-12
20956616,86.85,,3,1,2019-08
20972477,56.85,non,2,0,2022-12
20988344,41.8,current,3,0,2022-12
21004217,59.91,current,2,0,2022-12
21020096,75.72,current,5,0,2022-12
21035981,78.99,non,3,0,2022-12
21051872,59.68,ex,3,0,2022-12
21067769,90.34,non,3,1,2020-11
21083672,67.93,current,3,0,2022-12
21099581,66.44,non,1,0,2022-12
21115496,82.56,non,2,0,2022-12
21131417,58.47,non,3,0,2022-12
21147344,54.8,non,2,0,2022-12
21163277,39.4,non,5,0,2022-12
21179216,54.37,non,3,0,2022-12
21195161,89.24,,3,1,2022-09
21211112,52.35,,3,0,2022-12
21227069,72.69,current,3,0,2022-12
21243032,52.26,non,5,1,2020-09
21259001,58.83,ex,3,1,2018-05
21274976,80.75,ex,3,0,2022-12
21290957,76.88,non,4,0,2022-12
21306944,33.43,non,5,0,2022-12
21322937,61.98,current,5,0,2022-12
21338936,55.44,,5,1,2020-03
21354941,84.33,non,2,0,2022-12
21370952,59.16,non,3,0,2022-12
21386969,86.58,ex,3,1,2018-09
21402992,37.03,,4,0,2022-12
21419021,82.81,ex,4,1,2017-02
21435056,40.09,non,5,0,2022-12
21451097,90.96,non,2,0,2022-12
21467144,70.8,non,2,1,2019-12
21483197,54.57,,1,0,2022-12
21499256,47.73,ex,3,0,2022-12
21515321,63.8,non,5,0,2022-12
21531392,81.68,ex,2,0,2022-12
21547469,79.9,ex,2,1,2018-09
21563552,51.87,non,1,0,2022-12
21579641,39.9,non,4,0,2022-12
21595736,54.56,non,2,0,2022-12
21611837,36.57,non,2,0,2022-12
21627944,62.13,current,4,0,2022-12
21644057,35.89,ex,1,0,2022-12
21660176,38.81,current,5,0,2022-12
21676301,55.88,non,3,0,2022-12
21692432,53.21,non,2,0,2022-12
21708569,78.12,non,2,1,2017-12
21724712,50.37,non,5,0,2022-12
21740861,51.75,,4,0,2022-12
21757016,79.59,non,5,1,2017-02
21773177,76.08,non,4,0,2022-12
21789344,66.64,non,5,0,2022-12
21805517,64.97,non,3,0,2022-12
21821696,39.4,ex,1,0,2022-12
21837881,77.06,non,3,0,2022-12
21854072,87.1,ex,3,0,2022-12
21870269,59.54,ex,2,0,2022-12
21886472,43.39,ex,5,0,2022-12
21902681,70.19,non,3,0,2022-12
21918896,46.48,non,3,0,2022-12
21935117,49.84,non,5,0,2022-12
21951344,36.17,non,4,0,2022-12
21967577,75.22,non,1,0,2022-12
21983816,60.59,non,3,0,2022-12
22000061,65.48,non,4,0,2022-12
22016312,71.91,ex,3,0,2022-12
22032569,85.4,non,4,0,2022-12
22048832,60.47,non,5,0,2022-12
22065101,43.74,non,4,0,2022-12
22081376,49.24,ex,5,0,2022-12
22097657,78.47,non,5,0,2022-12
22113944,47.89,ex,3,0,2022-12
22130237,60.1,non,4,1,2021-01
22146536,33.19,current,3,0,2022-12
22162841,68.44,ex,5,0,2022-12
22179152,83.86,non,4,1,2020-07
22195469,80.41,non,3,0,2022-12
22211792,74.53,non,5,1,2018-08
22228121,83.59,non,1,0,2022-12
22244456,59.77,current,1,0,2022-12
22260797,50.72,,1,0,2022-12
22277144,70.7,non,3,0,2022-12
22293497,37.84,,1,0,2022-12
22309856,81.35,non,3,0,2022-12
22326221,81.07,non,1,0,2022-12
22342592,63.75,non,3,0,2022-12
22358969,69.25,current,1,1,2017-02
22375352,88.26,current,2,0,2022-12
22391741,86.87,non,1,1,2020-06
22408136,70.66,non,3,0,2022-12
22424537,79.4,non,3,1,2018-01
22440944,71.35,current,5,0,2022-12
22457357,47.68,non,2,0,2022-12
22473776,89.85,,1,0,2022-12
22490201,60.98,non,4,0,2022-12
22506632,76.37,non,4,0,2022-12
22523069,68.96,,1,1,2020-04
22539512,58.08,non,2,0,2022-12
22555961,62.44,ex,4,0,2022-12
22572416,47.62,ex,2,1,2020-06
22588877,88.85,non,4,0,2022-12
22605344,81.64,non,1,1,2021-01
22621817,85.37,non,3,0,2022-12
22638296,63.72,non,4,0,2022-12
22654781,40.23,non,2,0,2022-12
22671272,66.26,ex,5,0,2022-12
22687769,40.35,non,2,0,2022-12
22704272,72.85,current,1,0,2022-12
22720781,91.5,non,5,0,2022-12
22737296,48.63,ex,1,0,2022-12
22753817,78.04,non,3,0,2022-12
22770344,49.97,non,3,0,2022-12
22786877,42.07,ex,3,0,2022-12
22803416,35.84,non,2,0,2022-12
22819961,81.76,non,1,0,2022-12
22836512,68.15,non,3,0,2022-12
22853069,87.97,current,4,1,2018-04
22869632,46.23,ex,4,1,2019-09
22886201,56.93,non,4,1,2021-09
22902776,80.14,,1,1,2019-10
22919357,47.66,non,4,1,2019-02
22935944,52.93,,2,0,2022-12
22952537,33.69,ex,5,0,2022-12
22969136,65.61,non,4,0,2022-12
22985741,35.23,ex,1,0,2022-12
23002352,48.63,non,3,0,2022-12
23018969,49.3,non,4,0,2022-12
23035592,50.89,non,4,0,2022-12
23052221,53.61,non,4,0,2022-12
23068856,57.41,ex,5,0,2022-12
23085497,45.34,current,1,0,2022-12
23102144,35.57,,1,0,2022-12
23118797,82.61,current,5,0,2022-12
23135456,50.95,,5,0,2022-12
23152121,84.45,non,5,0,2022-12
23168792,44.84,non,5,0,2022-12
23185469,64.7,ex,1,0,2022-12
23202152,62.09,current,4,0,2022-12
23218841,83.59,non,1,0,2022-12
23235536,35.71,non,5,0,2022-12
23252237,63.89,non,4,0,2022-12
23268944,44.35,ex,2,0,2022-12
23285657,35.98,current,1,0,2022-12
23302376,71.56,ex,3,1,2018-11
23319101,48.92,non,2,0,2022-12
23335832,42.33,ex,2,0,2022-12
23352569,79.39,current,2,0,2022-12
23369312,68.26,non,4,0,2022-12
23386061,90.16,non,3,1,2017-08
23402816,50.94,non,4,0,2022-12
23419577,89.12,ex,5,0,2022-12
23436344,51.11,non,5,0,2022-12
23453117,75.39,ex,5,1,2017-07
23469896,70.26,non,5,0,2022-12
23486681,70.94,non,3,0,2022-12
23503472,46.84,non,2,0,2022-12
23520269,61.09,non,5,0,2022-12
23537072,43.17,non,5,0,2022-12
23553881,42.62,non,5,0,2022-12
23570696,89.7,ex,5,1,2020-09
23587517,61.87,non,5,0,2022-12
23604344,44.85,ex,5,0,2022-12
23621177,55.75,non,1,0,2022-12
23638016,64.28,non,2,0,2022-12
23654861,47.89,non,5,0,2022-12
23671712,87.89,,5,0,2022-12
23688569,71.51,non,4,0,2022-12
23705432,61.19,non,4,1,2017-04
23722301,61.64,current,5,1,2017-09
23739176,65.09,non,4,0,2022-12
23756057,83.94,non,5,0,2022-12
23772944,57.2,non,4,0,2022-12
23789837,70.87,current,3,0,2022-12
23806736,59.36,ex,1,0,2022-12
23823641,89.77,non,2,1,2018-12
23840552,55.14,non,4,0,2022-12
23857469,52.85,non,5,0,2022-12
23874392,91.42,non,5,0,2022-12
23891321,62.62,non,3,1,2017-12
23908256,90.48,non,2,0,2022-12
23925197,33.38,non,2,0,2022-12
23942144,76.89,non,4,1,2019-12
23959097,81.15,non,2,0,2022-12
23976056,50.42,non,1,0,2022-12
23993021,53.5,non,4,0,2022-12
24009992,82.3,current,5,1,2017-04
24026969,74.53,non,2,0,2022-12
24043952,63.71,non,2,1,2020-01
24060941,38.44,non,4,0,2022-12
24077936,43.1,,3,0,2022-12
24094937,46.52,ex,2,1,2019-01
24111944,48.98,non,4,0,2022-12
24128957,90.38,,1,0,2022-12
24145976,38.23,non,2,1,2021-09
24163001,64.38,non,4,0,2022-12
24180032,79.18,,5,0,2022-12
24197069,90.47,,3,0,2022-12
24214112,37.99,non,1,0,2022-12
24231161,52.32,ex,3,0,2022-12
24248216,86.46,non,3,1,2017-10
24265277,43.62,ex,1,0,2022-12
24282344,37.18,non,5,0,2022-12
24299417,73.24,,1,0,2022-12
24316496,43.8,non,2,0,2022-12
24333581,63.56,non,5,0,2022-12
24350672,90.59,non,4,0,2022-12
24367769,77.93,ex,1,0,2022-12
24384872,72.43,non,1,0,2022-12
24401981,67.98,non,2,0,2022-12
24419096,37.51,non,5,0,2022-12
24436217,39.73,non,1,1,2021-02
24453344,33.18,current,1,0,2022-12
24470477,57.83,non,1,0,2022-12
24487616,53.04,ex,5,1,2017-04
24504761,59.06,non,4,0,2022-12
24521912,77.59,,2,1,2017-01
24539069,49.0,non,3,0,2022-12
24556232,81.56,non,3,0,2022-12
24573401,86.74,,3,0,2022-12
24590576,86.49,non,1,1,2020-05
24607757,73.63,,3,0,2022-12
24624944,79.03,ex,1,0,2022-12
24642137,86.0,ex,4,0,2022-12
24659336,42.34,non,5,0,2022-12
24676541,66.06,ex,1,1,2020-11
24693752,61.07,non,3,0,2022-12
24710969,40.1,current,3,0,2022-12
24728192,41.94,current,1,0,2022-12
24745421,79.54,current,2,1,2019-10
24762656,84.9,,4,0,2022-12
24779897,75.55,,4,0,2022-12
24797144,72.17,non,1,0,2022-12
24814397,45.8,non,3,0,2022-12
24831656,72.28,non,2,0,2022-12
24848921,62.85,non,5,0,2022-12
24866192,59.86,non,1,0,2022-12
24883469,47.4,,5,0,2022-12
24900752,86.64,current,1,0,2022-12
24918041,86.23,ex,3,1,2017-12
24935336,78.06,non,5,0,2022-12
24952637,49.51,non,3,0,2022-12
24969944,81.57,non,5,0,2022-12
24987257,77.11,,2,0,2022-12
25004576,80.15,non,4,0,2022-12
25021901,70.86,non,5,0,2022-12
25039232,36.58,non,1,0,2022-12
25056569,61.95,non,2,0,2022-12
25073912,90.61,ex,4,0,2022-12
25091261,48.16,current,2,1,2019-12
25108616,65.23,non,1,0,2022-12
25125977,90.99,non,5,0,2022-12
25143344,91.82,ex,1,0,2022-12
25160717,62.29,ex,2,0,2022-12
25178096,89.11,ex,5,1,2017-09
25195481,73.23,non,3,0,2022-12
25212872,83.63,non,3,0,2022-12
25230269,61.41,current,4,0,2022-12
25247672,77.89,ex,4,0,2022-12
25265081,33.21,,3,0,2022-12
25282496,78.1,non,5,0,2022-12
25299917,35.63,non,2,0,2022-12
25317344,70.55,ex,1,0,2022-12
25334777,32.19,non,1,0,2022-12
25352216,68.89,non,2,1,2020-01
25369661,43.87,non,2,0,2022-12
25387112,50.7,non,2,0,2022-12
25404569,67.44,non,3,0,2022-12
25422032,86.21,non,1,0,2022-12
25439501,32.81,non,1,0,2022-12
25456976,47.29,non,1,0,2022-12
25474457,56.24,non,1,0,2022-12
25491944,85.55,non,5,1,2017-10
25509437,58.01,non,1,0,2022-12
25526936,61.24,non,1,0,2022-12
25544441,91.5,current,3,0,2022-12
25561952,62.22,,5,0,2022-12
25579469,45.73,non,2,0,2022-12
25596992,88.98,non,2,0,2022-12
25614521,39.92,current,4,0,2022-12
25632056,46.94,non,1,0,2022-12
25649597,51.12,non,5,0,2022-12
25667144,57.9,,4,1,2019-06
25684697,74.2,current,1,0,2022-12
25702256,50.33,ex,4,1,2018-02
25719821,74.15,non,4,0,2022-12
25737392,76.45,non,5,0,2022-12
25754969,77.68,non,5,0,2022-12
25772552,64.32,current,5,0,2022-12
25790141,44.34,non,3,0,2022-12
25807736,79.39,ex,2,0,2022-12
25825337,77.12,non,2,0,2022-12
25842944,68.26,non,2,0,2022-12
25860557,35.05,non,3,0,2022-12
25878176,50.62,ex,1,0,2022-12
25895801,63.91,current,1,0,2022-12
25913432,44.76,ex,3,0,2022-12
25931069,50.96,non,3,0,2022-12
25948712,36.19,ex,4,0,2022-12
25966361,35.74,non,2,0,2022-12
25984016,70.97,current,4,0,2022-12
26001677,42.81,,4,0,2022-12
26019344,82.53,non,3,1,2017-11
26037017,32.51,current,5,0,2022-12
26054696,78.35,non,1,1,2022-05
26072381,36.97,non,2,0,2022-12
26090072,79.32,non,4,0,2022-12
26107769,45.5,current,5,0,2022-12
26125472,60.38,non,1,0,2022-12
26143181,58.13,non,2,0,2022-12
26160896,72.35,non,5,0,2022-12
26178617,37.03,non,5,0,2022-12
26196344,88.64,non,4,0,2022-12
26214077,75.48,non,4,1,2020-12
26231816,77.47,current,1,0,2022-12
26249561,75.66,ex,1,0,2022-12
26267312,85.03,non,4,0,2022-12
26285069,63.66,non,4,0,2022-12
26302832,43.49,non,3,0,2022-12
26320601,56.71,,1,0,2022-12
26338376,68.11,non,5,0,2022-12
26356157,68.07,,2,0,2022-12
26373944,44.35,ex,4,0,2022-12
26391737,62.75,non,2,0,2022-12
26409536,55.37,non,1,0,2022-12
26427341,44.24,non,1,0,2022-12
26445152,57.4,,3,0,2022-12
26462969,65.92,ex,2,0,2022-12
26480792,90.59,non,3,1,2020-08
26498621,63.38,non,2,0,2022-12
26516456,79.01,non,1,0,2022-12
26534297,39.66,non,2,0,2022-12
26552144,67.14,non,4,0,2022-12
26569997,70.58,,2,0,2022-12
26587856,35.57,ex,3,0,2022-12
26605721,41.7,non,5,0,2022-12
26623592,76.69,ex,4,1,2020-02
26641469,83.83,non,4,0,2022-12
26659352,64.69,non,3,0,2022-12
26677241,88.67,current,2,0,2022-12
26695136,33.64,non,3,0,2022-12
26713037,78.98,current,4,0,2022-12
26730944,46.62,non,3,0,2022-12
26748857,83.83,non,4,0,2022-12
26766776,81.58,non,2,0,2022-12
26784701,62.22,ex,4,0,2022-12
26802632,81.35,non,1,0,2022-12
26820569,36.13,non,3,0,2022-12
26838512,72.25,non,4,0,2022-12
26856461,69.68,non,2,1,2020-01
26874416,80.89,non,4,0,2022-12
26892377,75.04,non,5,1,2017-01
26910344,48.5,non,2,0,2022-12
26928317,58.0,ex,3,0,2022-12
26946296,46.3,non,2,0,2022-12
26964281,77.04,non,2,0,2022-12
26982272,59.17,non,2,0,2022-12
27000269,50.4,non,1,0,2022-12
27018272,82.96,non,2,0,2022-12
27036281,83.57,non,5,0,2022-12
27054296,34.72,non,1,0,2022-12
27072317,89.31,non,4,1,2017-12
27090344,48.67,non,1,1,2019-08
27108377,51.5,ex,5,0,2022-12
27126416,37.24,non,5,0,2022-12
27144461,44.69,non,3,0,2022-12
27162512,40.51,non,2,0,2022-12
27180569,43.88,ex,4,0,2022-12
27198632,45.08,non,5,0,2022-12
27216701,87.39,non,5,0,2022-12
27234776,67.76,ex,4,1,2022-07
27252857,60.64,ex,2,0,2022-12
27270944,59.46,ex,2,0,2022-12
27289037,89.9,ex,2,0,2022-12
27307136,36.48,non,2,1,2022-07
27325241,52.5,,5,0,2022-12
27343352,57.69,current,5,0,2022-12
27361469,47.84,non,3,1,2018-05
27379592,52.77,current,3,1,2020-10
27397721,69.97,non,1,0,2022-12
27415856,71.71,ex,3,0,2022-12
27433997,62.3,ex,2,0,2022-12
27452144,91.03,non,1,1,2017-07
27470297,74.15,ex,3,0,2022-12
27488456,89.64,non,4,0,2022-12
27506621,45.92,non,1,0,2022-12
27524792,85.77,non,5,0,2022-12
27542969,57.53,non,2,0,2022-12
27561152,73.1,current,2,1,2021-08
27579341,51.88,non,5,0,2022-12
27597536,76.48,non,1,0,2022-12
27615737,88.08,non,4,0,2022-12
27633944,42.51,non,4,0,2022-12
27652157,50.47,,4,0,2022-12
27670376,32.17,ex,5,0,2022-12
27688601,84.71,current,3,1,2019-12
27706832,47.3,current,3,0,2022-12
27725069,65.09,current,5,0,2022-12
27743312,68.62,non,1,0,2022-12
27761561,69.4,current,3,0,2022-12
27779816,52.88,non,3,1,2017-12
27798077,54.34,non,2,0,2022-12
27816344,80.63,non,2,0,2022-12
27834617,33.4,ex,3,0,2022-12
27852896,65.54,non,3,0,2022-12
27871181,70.59,non,5,0,2022-12
27889472,65.78,non,3,0,2022-12
27907769,41.81,non,5,0,2022-12
27926072,87.82,non,3,1,2021-03
27944381,84.93,ex,4,0,2022-12
27962696,85.03,non,4,0,2022-12
27981017,60.08,ex,2,0,2022-12
27999344,83.15,non,5,0,2022-12
28017677,56.65,non,1,0,2022-12
28036016,73.13,non,3,0,2022-12
28054361,39.28,non,4,0,2022-12
28072712,45.91,non,5,1,2020-03
28091069,81.07,ex,2,0,2022-12
28109432,66.86,,5,0,2022-12
28127801,78.25,non,2,0,2022-12
28146176,41.45,non,4,0,2022-12
28164557,50.04,current,2,0,2022-12
28182944,69.07,current,4,0,2022-12
28201337,34.01,non,4,0,2022-12
28219736,73.8,,1,0,2022-12
28238141,34.06,current,5,0,2022-12
28256552,89.72,non,4,0,2022-12
28274969,89.95,ex,3,0,2022-12
28293392,64.31,ex,5,0,2022-12
28311821,70.93,non,1,1,2019-12
28330256,65.61,non,1,0,2022-12
28348697,91.25,current,2,0,2022-12
28367144,46.7,,5,0,2022-12
28385597,65.73,non,3,0,2022-12
28404056,86.92,current,3,0,2022-12
28422521,52.74,non,3,0,2022-12
28440992,57.26,,1,0,2022-12
28459469,78.8,,5,0,2022-12
28477952,47.49,non,3,0,2022-12
28496441,60.9,non,1,0,2022-12
28514936,63.99,ex,3,0,2022-12
28533437,64.05,non,5,0,2022-12
28551944,59.94,non,3,0,2022-12
28570457,52.5,,5,0,2022-12
28588976,90.08,non,5,0,2022-12
28607501,61.6,ex,3,0,2022-12
28626032,44.75,non,4,0,2022-12
28644569,55.37,non,5,0,2022-12
28663112,76.53,ex,5,0,2022-12
28681661,42.27,non,1,0,2022-12
28700216,63.72,non,5,0,2022-12
28718777,47.4,,3,0,2022-12
28737344,45.32,non,3,0,2022-12
28755917,64.88,ex,5,0,2022-12
28774496,44.52,non,3,0,2022-12
28793081,83.96,non,3,0,2022-12
28811672,49.44,current,1,0,2022-12
28830269,62.32,non,1,0,2022-12
28848872,46.25,non,2,0,2022-12
28867481,89.76,,2,1,2020-08
28886096,64.98,non,3,0,2022-12
28904717,85.79,non,1,0,2022-12
28923344,50.2,non,1,0,2022-12
28941977,37.08,current,1,0,2022-12
28960616,50.23,,2,0,2022-12
28979261,43.5,current,4,0,2022-12
28997912,69.28,ex,2,0,2022-12
29016569,90.12,non,5,0,2022-12
29035232,53.02,,4,0,2022-12
29053901,64.98,non,5,0,2022-12
29072576,79.83,,5,0,2022-12
29091257,84.76,ex,5,1,2017-04
29109944,91.8,non,3,0,2022-12
29128637,53.24,non,4,0,2022-12
29147336,89.75,non,4,1,2018-11
29166041,41.46,,1,0,2022-12
29184752,67.34,current,5,0,2022-12
29203469,69.44,ex,5,0,2022-12
29222192,83.1,non,3,0,2022-12
29240921,70.74,,4,0,2022-12
29259656,63.68,non,4,0,2022-12
29278397,87.44,non,2,0,2022-12
29297144,45.16,non,2,0,2022-12
29315897,33.2,,3,0,2022-12
29334656,83.51,ex,3,1,2019-10
29353421,85.64,non,2,1,2018-08
29372192,59.75,non,1,0,2022-12
29390969,39.71,non,1,0,2022-12
29409752,47.24,non,1,0,2022-12
29428541,57.83,non,1,0,2022-12
29447336,57.02,,5,0,2022-12
29466137,74.9,ex,1,0,2022-12
29484944,58.54,non,4,0,2022-12
29503757,47.92,current,5,0,2022-12
29522576,88.13,ex,4,0,2022-12
29541401,56.75,ex,3,1,2022-08
29560232,36.56,non,2,0,2022-12
29579069,45.65,current,5,0,2022-12
29597912,74.95,,3,1,2020-06
29616761,50.79,non,2,0,2022-12
29635616,49.01,,1,1,2020-06
29654477,52.93,ex,5,0,2022-12
29673344,61.42,non,3,0,2022-12
29692217,71.33,non,4,0,2022-12
29711096,50.82,non,2,0,2022-12
29729981,50.09,non,4,0,2022-12
29748872,90.94,current,5,1,2017-07
29767769,56.86,,1,1,2019-11
29786672,47.05,non,1,0,2022-12
29805581,58.87,non,2,1,2018-10
29824496,89.2,ex,1,1,2019-06
29843417,91.82,,4,1,2017-01
29862344,35.77,ex,1,0,2022-12
29881277,81.61,non,5,0,2022-12
29900216,77.86,non,5,0,2022-12
29919161,50.52,non,5,0,2022-12
29938112,51.97,non,1,0,2022-12
29957069,89.74,ex,3,0,2022-12
29976032,48.53,non,2,0,2022-12
29995001,63.71,current,5,0,2022-12
30013976,51.41,non,3,0,2022-12
30032957,84.89,,2,0,2022-12
30051944,69.46,non,3,0,2022-12
30070937,51.3,current,5,0,2022-12
30089936,64.93,non,3,0,2022-12
30108941,40.02,,4,0,2022-12
30127952,59.71,non,3,0,2022-12
30146969,47.34,non,3,1,2017-10
30165992,40.11,non,4,0,2022-12
30185021,43.31,,1,0,2022-12
30204056,50.73,,1,0,2022-12
30223097,37.87,,4,0,2022-12
30242144,81.06,current,2,0,2022-12
30261197,67.32,,1,0,2022-12
30280256,83.51,non,2,0,2022-12
30299321,32.91,non,1,0,2022-12
30318392,39.52,,4,0,2022-12
30337469,70.08,,2,0,2022-12
30356552,75.25,non,4,0,2022-12
30375641,32.7,non,5,0,2022-12
30394736,76.91,non,5,0,2022-12
30413837,47.44,non,5,0,2022-12
30432944,47.96,current,4,0,2022-12
30452057,48.33,ex,4,0,2022-12
30471176,80.85,,4,0,2022-12
30490301,69.75,non,5,0,2022-12
30509432,54.12,non,1,0,2022-12
30528569,86.62,non,2,0,2022-12
30547712,51.54,ex,1,0,2022-12
30566861,43.62,ex,2,0,2022-12
30586016,42.15,non,5,0,2022-12
30605177,91.26,ex,3,1,2020-06
30624344,58.8,,2,0,2022-12
30643517,91.71,non,5,0,2022-12
30662696,57.74,current,3,0,2022-12
30681881,43.41,non,4,1,2019-07
30701072,91.22,non,2,0,2022-12
30720269,38.13,non,1,0,2022-12
30739472,89.21,non,5,0,2022-12
30758681,68.67,non,1,0,2022-12
30777896,60.37,non,3,1,2017-02
30797117,78.68,ex,4,0,2022-12
30816344,70.39,non,2,0,2022-12
30835577,33.6,non,4,0,2022-12
30854816,40.81,non,5,0,2022-12
30874061,86.21,ex,4,0,2022-12
30893312,50.59,current,3,0,2022-12
30912569,80.64,non,2,0,2022-12
30931832,70.42,non,5,0,2022-12
30951101,39.78,non,4,0,2022-12
30970376,65.25,,5,0,2022-12
30989657,67.82,ex,1,0,2022-12
31008944,72.01,non,2,0,2022-12
31028237,88.73,,3,0,2022-12
31047536,84.78,current,3,1,2021-01
31066841,42.64,non,3,0,2022-12
31086152,67.61,non,5,0,2022-12
31105469,50.68,ex,3,0,2022-12
31124792,50.02,non,4,0,2022-12
31144121,78.01,ex,3,1,2017-09
31163456,43.36,non,1,0,2022-12
31182797,35.0,non,2,0,2022-12
31202144,40.66,non,4,0,2022-12
31221497,67.36,non,1,0,2022-12
31240856,63.7,non,4,0,2022-12
31260221,91.74,,3,0,2022-12
31279592,85.29,ex,2,0,2022-12
31298969,88.32,non,5,0,2022-12
31318352,83.3,current,3,0,2022-12
31337741,74.51,ex,4,1,2018-11
31357136,78.36,ex,5,0,2022-12
31376537,36.38,,3,0,2022-12
31395944,83.92,,2,1,2022-09
31415357,33.53,,1,0,2022-12
31434776,39.97,,2,0,2022-12
31454201,78.88,non,1,1,2020-08
31473632,43.54,non,5,0,2022-12
31493069,60.57,ex,1,0,2022-12
31512512,50.93,,2,0,2022-12
31531961,74.11,non,2,0,2022-12
31551416,46.77,non,3,0,2022-12
31570877,75.11,,4,0,2022-12
31590344,60.63,non,1,0,2022-12
31609817,72.28,current,4,1,2018-05
31629296,42.54,ex,3,0,2022-12
31648781,66.92,non,2,1,2017-07
31668272,52.92,ex,1,0,2022-12
31687769,71.12,non,1,0,2022-12
31707272,35.51,ex,4,0,2022-12
31726781,36.72,non,2,0,2022-12
31746296,49.18,non,4,0,2022-12
31765817,61.94,ex,1,0,2022-12
31785344,85.01,current,3,0,2022-12
31804877,71.87,non,2,0,2022-12
31824416,57.44,non,3,0,2022-12
31843961,56.21,non,2,1,2019-08
31863512,82.79,,1,1,2019-09
31883069,53.19,non,1,0,2022-12
31902632,56.01,non,5,0,2022-12
31922201,36.2,non,1,0,2022-12
31941776,34.4,current,5,0,2022-12
31961357,86.23,non,5,0,2022-12
31980944,69.97,non,5,1,2019-05
32000537,71.1,non,1,0,2022-12
32020136,36.94,current,4,0,2022-12
32039741,85.32,ex,4,0,2022-12
32059352,51.34,non,4,0,2022-12
32078969,60.79,non,4,1,2017-03
32098592,41.01,non,4,0,2022-12
32118221,79.46,non,2,0,2022-12
32137856,72.92,current,5,1,2019-05
32157497,81.65,non,2,0,2022-12
32177144,85.0,non,1,0,2022-12
32196797,63.28,ex,2,0,2022-12
32216456,58.31,non,3,0,2022-12
32236121,81.73,non,4,1,2019-12
32255792,42.61,non,3,0,2022-12
32275469,74.85,ex,2,1,2020-09
32295152,52.82,non,4,0,2022-12
32314841,35.02,ex,5,0,2022-12
32334536,83.88,non,2,0,2022-12
32354237,32.15,,2,0,2022-12
32373944,80.67,ex,4,1,2018-06
32393657,74.36,ex,5,1,2021-07
32413376,48.42,ex,1,1,2019-05
32433101,45.09,current,3,0,2022-12
32452832,82.2,non,5,1,2021-01
32472569,51.72,,2,0,2022-12
32492312,59.51,non,1,0,2022-12
32512061,67.52,ex,4,0,2022-12
32531816,44.15,ex,3,0,2022-12
32551577,39.8,ex,2,0,2022-12
32571344,47.23,non,4,0,2022-12
32591117,39.59,current,2,0,2022-12
32610896,37.04,,1,0,2022-12
32630681,87.97,ex,1,0,2022-12
32650472,90.38,ex,1,0,2022-12
32670269,51.8,non,4,0,2022-12
32690072,51.75,non,2,0,2022-12
32709881,32.82,ex,4,0,2022-12
32729696,76.24,non,5,1,2017-01
32749517,77.93,,2,0,2022-12
32769344,33.91,current,5,0,2022-12
32789177,48.59,non,5,0,2022-12
32809016,76.98,current,2,0,2022-12
32828861,33.57,,4,0,2022-12
32848712,73.03,current,2,1,2019-05
32868569,86.22,,3,1,2017-08
32888432,77.23,non,2,0,2022-12
32908301,42.15,non,2,0,2022-12
32928176,64.13,non,5,1,2020-04
32948057,67.83,non,1,0,2022-12
32967944,73.38,,4,0,2022-12
32987837,38.53,non,2,0,2022-12
33007736,50.23,non,4,0,2022-12
33027641,76.91,ex,4,0,2022-12
33047552,73.11,non,4,0,2022-12
33067469,51.87,non,5,0,2022-12
33087392,70.25,non,2,0,2022-12
33107321,39.56,ex,5,0,2022-12
33127256,69.07,non,2,0,2022-12
33147197,56.9,current,5,0,2022-12
33167144,70.96,,3,0,2022-12
33187097,81.04,current,5,0,2022-12
33207056,50.21,non,2,0,2022-12
33227021,80.02,non,2,0,2022-12
33246992,69.22,,2,0,2022-12
33266969,40.2,non,3,0,2022-12
33286952,64.01,,5,0,2022-12
33306941,36.23,non,5,0,2022-12
33326936,80.51,ex,4,1,2020-07
33346937,50.13,non,3,0,2022-12
33366944,40.94,non,5,0,2022-12
33386957,77.56,,3,0,2022-12
33406976,51.79,,4,0,2022-12
33427001,32.1,non,1,0,2022-12
33447032,85.45,ex,1,1,2018-03
33467069,88.78,non,3,1,2020-07
33487112,54.18,non,3,1,2021-09
33507161,61.39,non,5,0,2022-12
33527216,87.41,non,1,0,2022-12
33547277,73.58,non,3,0,2022-12
33567344,36.04,ex,4,0,2022-12
33587417,90.1,current,5,1,2022-09
33607496,46.84,non,2,0,2022-12
33627581,46.39,non,2,0,2022-12
33647672,90.1,,2,0,2022-12
33667769,71.78,,3,0,2022-12
33687872,44.8,non,2,0,2022-12
33707981,71.15,non,2,0,2022-12
33728096,76.86,ex,5,0,2022-12
33748217,41.04,ex,2,0,2022-12
33768344,39.77,,4,0,2022-12
33788477,64.66,non,1,0,2022-12
33808616,85.84,non,4,0,2022-12
33828761,62.46,ex,1,1,2021-01
33848912,50.5,current,4,0,2022-12
33869069,69.29,non,5,0,2022-12
33889232,49.77,current,3,0,2022-12
33909401,85.94,non,1,0,2022-12
33929576,77.98,non,4,0,2022-12
33949757,38.86,non,4,0,2022-12
33969944,91.32,non,2,1,2020-01
33990137,63.22,non,5,0,2022-12
34010336,63.85,ex,3,1,2020-05
34030541,44.52,non,4,0,2022-12
34050752,90.84,non,4,0,2022-12
34070969,46.03,non,1,0,2022-12
34091192,84.01,non,3,0,2022-12
34111421,76.11,non,5,0,2022-12
34131656,71.43,ex,5,1,2021-06
34151897,46.74,,3,0,2022-12
34172144,73.06,ex,1,0,2022-12
34192397,64.3,non,2,0,2022-12
34212656,62.77,non,4,0,2022-12
34232921,89.36,non,3,1,2020-05
34253192,71.25,,4,0,2022-12
34273469,81.26,non,3,0,2022-12
34293752,42.2,non,3,0,2022-12
34314041,67.87,,1,0,2022-12
34334336,89.38,non,2,0,2022-12
34354637,40.75,non,3,0,2022-12
34374944,87.92,,3,0,2022-12
34395257,85.7,ex,2,0,2022-12
34415576,44.34,non,1,0,2022-12
34435901,68.78,non,4,0,2022-12
34456232,81.59,non,5,0,2022-12
34476569,67.44,,3,0,2022-12
34496912,84.75,ex,4,0,2022-12
34517261,69.34,non,2,0,2022-12
34537616,35.8,non,3,0,2022-12
34557977,62.67,non,3,1,2018-09
34578344,36.4,non,4,0,2022-12
34598717,77.91,ex,4,0,2022-12
34619096,70.41,non,3,0,2022-12
34639481,84.36,non,3,1,2021-07
34659872,45.81,non,5,0,2022-12
34680269,57.29,non,1,0,2022-12
34700672,42.75,,4,0,2022-12
34721081,44.39,ex,2,0,2022-12
34741496,64.66,ex,1,0,2022-12
34761917,87.37,ex,4,0,2022-12
34782344,48.9,non,2,0,2022-12
34802777,53.66,,4,0,2022-12
34823216,46.72,non,2,1,2021-01
34843661,58.49,non,3,0,2022-12
34864112,76.3,,5,0,2022-12
34884569,61.56,non,4,0,2022-12
34905032,88.72,non,4,0,2022-12
34925501,46.39,,5,0,2022-12
34945976,91.38,ex,5,0,2022-12
34966457,78.47,non,2,1,2018-11
34986944,68.65,non,1,1,2017-03
35007437,76.54,ex,3,0,2022-12
35027936,55.83,,4,0,2022-12
35048441,75.33,non,3,0,2022-12
35068952,88.1,non,1,0,2022-12
35089469,49.34,non,1,0,2022-12
35109992,57.07,non,4,0,2022-12
35130521,41.63,non,1,0,2022-12
35151056,87.2,non,3,0,2022-12
35171597,87.17,current,1,1,2017-04
35192144,43.25,non,2,0,2022-12
35212697,35.8,current,4,0,2022-12
35233256,47.13,,3,0,2022-12
35253821,59.2,,3,0,2022-12
35274392,44.14,ex,2,0,2022-12
35294969,54.44,non,4,0,2022-12
35315552,72.3,non,3,0,2022-12
35336141,80.65,non,5,1,2022-07
35356736,70.77,,4,0,2022-12
35377337,49.22,non,5,1,2019-01
35397944,71.13,non,5,0,2022-12
35418557,63.7,non,5,0,2022-12
35439176,42.88,non,1,0,2022-12
35459801,41.59,,4,0,2022-12
35480432,50.94,non,5,0,2022-12
35501069,38.67,ex,5,0,2022-12
35521712,48.72,,1,0,2022-12
35542361,83.83,ex,2,0,2022-12
35563016,48.16,,2,0,2022-12
35583677,70.14,,5,0,2022-12
35604344,84.92,non,1,0,2022-12
35625017,88.06,,2,0,2022-12
35645696,40.47,non,1,0,2022-12
35666381,53.69,non,3,0,2022-12
35687072,45.74,non,4,0,2022-12
35707769,38.94,non,2,1,2017-11
35728472,88.39,non,2,1,2018-05
35749181,58.62,non,2,0,2022-12
35769896,51.55,non,3,0,2022-12
35790617,76.34,non,3,0,2022-12
35811344,45.02,current,3,0,2022-12
35832077,75.12,non,3,0,2022-12
35852816,70.33,non,1,0,2022-12
35873561,66.91,ex,3,1,2018-11
35894312,88.39,non,5,0,2022-12
35915069,78.57,ex,3,0,2022-12
35935832,60.81,,1,0,2022-12
35956601,60.6,non,2,0,2022-12
35977376,50.25,non,3,0,2022-12
35998157,59.01,non,4,0,2022-12
36018944,35.19,ex,5,0,2022-12
36039737,71.52,ex,5,0,2022-12
36060536,82.13,non,3,0,2022-12
36081341,44.2,non,1,0,2022-12
36102152,38.41,,1,0,2022-12
36122969,87.03,,4,1,2017-09
36143792,39.41,non,1,0,2022-12
36164621,38.96,ex,3,0,2022-12
36185456,39.89,non,5,0,2022-12
36206297,58.96,ex,5,0,2022-12
36227144,88.62,non,5,1,2017-01
36247997,77.46,non,1,0,2022-12
36268856,66.97,non,1,0,2022-12
36289721,77.91,current,3,1,2017-07
36310592,66.57,non,5,0,2022-12
36331469,35.42,non,2,0,2022-12
36352352,58.03,non,3,0,2022-12
36373241,55.15,,3,0,2022-12
36394136,80.62,current,5,0,2022-12
36415037,34.38,,4,0,2022-12
36435944,60.73,non,1,0,2022-12
36456857,74.87,non,3,0,2022-12
36477776,51.67,non,1,1,2022-10
36498701,68.8,non,2,1,2020-05
36519632,66.34,non,3,0,2022-12
36540569,83.86,non,3,1,2017-05
36561512,36.1,current,3,0,2022-12
36582461,49.17,ex,5,0,2022-12
36603416,52.79,ex,3,0,2022-12
36624377,49.64,non,3,0,2022-12
36645344,44.43,ex,4,0,2022-12
36666317,47.79,ex,2,0,2022-12
36687296,37.19,non,5,1,2017-09
36708281,69.48,non,3,1,2018-12
36729272,57.18,non,1,0,2022-12
36750269,49.32,,4,1,2019-09
36771272,68.82,non,5,0,2022-12
36792281,80.89,non,5,0,2022-12
36813296,65.26,,2,0,2022-12
36834317,90.85,ex,3,0,2022-12
36855344,64.84,non,1,0,2022-12
36876377,68.72,ex,4,0,2022-12
36897416,44.07,non,1,0,2022-12
36918461,83.85,ex,5,1,2020-03
36939512,66.07,non,1,0,2022-12
36960569,73.92,ex,4,0,2022-12
36981632,42.46,non,3,0,2022-12
37002701,35.31,non,2,0,2022-12
37023776,69.68,non,4,1,2022-07
37044857,81.5,ex,5,0,2022-12
37065944,72.17,non,1,0,2022-12
37087037,66.38,ex,2,1,2020-06
37108136,56.9,non,2,1,2022-06
37129241,65.86,non,5,0,2022-12
37150352,81.54,non,3,0,2022-12
37171469,35.01,non,5,0,2022-12
37192592,53.89,non,4,0,2022-12
37213721,34.98,non,5,0,2022-12
37234856,70.76,non,5,0,2022-12
37255997,76.01,ex,4,0,2022-12
37277144,65.01,ex,2,0,2022-12
37298297,87.56,non,2,0,2022-12
37319456,60.4,current,1,1,2019-10
37340621,88.9,current,3,0,2022-12
37361792,43.24,ex,2,0,2022-12
37382969,55.15,,3,0,2022-12
37404152,34.94,non,2,0,2022-12
37425341,89.28,non,4,0,2022-12
37446536,32.42,ex,4,0,2022-12
37467737,80.58,ex,4,0,2022-12
37488944,41.45,non,2,0,2022-12
37510157,38.33,ex,3,0,2022-12
37531376,61.59,ex,4,0,2022-12
37552601,59.27,non,2,0,2022-12
37573832,63.16,non,4,0,2022-12
37595069,76.73,current,4,1,2020-11
37616312,55.54,non,4,0,2022-12
37637561,71.66,non,2,0,2022-12
37658816,81.69,non,3,0,2022-12
37680077,37.18,ex,2,0,2022-12
37701344,38.83,current,1,0,2022-12
37722617,44.95,non,2,0,2022-12
37743896,45.45,non,4,0,2022-12
37765181,41.42,ex,4,0,2022-12
37786472,60.47,non,5,0,2022-12
37807769,63.31,current,3,0,2022-12
37829072,91.16,non,1,0,2022-12
37850381,38.03,non,2,0,2022-12
37871696,79.51,non,1,0,2022-12
37893017,49.39,,4,0,2022-12
37914344,74.3,,3,1,2019-08
37935677,68.28,non,2,0,2022-12
37957016,70.3,ex,5,0,2022-12
37978361,69.17,non,4,1,2020-03
37999712,57.56,current,4,0,2022-12
38021069,56.08,non,2,0,2022-12
38042432,44.88,ex,3,0,2022-12
38063801,72.31,ex,2,0,2022-12
38085176,88.86,non,3,1,2019-11
38106557,69.37,,1,1,2018-06
38127944,32.73,,5,0,2022-12
38149337,75.91,non,5,1,2021-02
38170736,51.84,non,1,0,2022-12
38192141,33.08,ex,5,0,2022-12
38213552,75.65,non,5,1,2018-10
38234969,57.66,non,1,0,2022-12
38256392,37.51,current,4,0,2022-12
38277821,33.39,ex,1,0,2022-12
38299256,47.32,,4,0,2022-12
38320697,42.02,non,4,0,2022-12
38342144,37.05,ex,2,0,2022-12
38363597,91.22,current,4,1,2019-08
38385056,69.33,non,4,0,2022-12
38406521,55.6,current,4,0,2022-12
38427992,60.09,ex,1,0,2022-12
38449469,64.47,ex,3,0,2022-12
38470952,89.31,non,3,0,2022-12
38492441,59.99,non,2,0,2022-12
38513936,61.29,current,3,0,2022-12
38535437,55.24,ex,1,0,2022-12
38556944,84.9,non,4,0,2022-12
38578457,33.13,non,5,0,2022-12
38599976,67.1,non,4,0,2022-12
38621501,75.26,non,4,0,2022-12
38643032,55.91,ex,2,0,2022-12
38664569,44.11,non,2,0,2022-12
38686112,68.72,,5,0,2022-12
38707661,77.23,ex,2,0,2022-12
38729216,56.47,current,5,0,2022-12
38750777,33.55,current,5,0,2022-12
38772344,46.47,current,1,0,2022-12
38793917,85.61,non,2,1,2019-03
38815496,44.59,non,3,0,2022-12
38837081,78.37,non,2,1,2021-05
38858672,54.41,non,1,0,2022-12
38880269,42.51,non,3,0,2022-12
38901872,53.15,ex,1,0,2022-12
38923481,86.93,non,1,0,2022-12
38945096,32.23,ex,1,0,2022-12
38966717,40.29,non,2,0,2022-12
38988344,67.26,non,1,0,2022-12
39009977,55.12,non,5,0,2022-12
39031616,35.14,non,2,0,2022-12
39053261,80.1,ex,5,0,2022-12
39074912,90.41,non,3,1,2020-02
39096569,57.37,current,1,0,2022-12
39118232,70.98,non,4,0,2022-12
39139901,49.62,ex,2,1,2017-11
39161576,64.8,ex,3,0,2022-12
39183257,77.98,non,1,0,2022-12
39204944,62.55,non,2,0,2022-12
39226637,75.02,ex,1,0,2022-12
39248336,86.12,ex,3,1,2017-12
39270041,55.37,non,3,0,2022-12
39291752,76.63,ex,5,1,2018-07
39313469,68.82,non,5,0,2022-12
39335192,40.49,non,1,0,2022-12
39356921,91.1,,1,0,2022-12
39378656,69.13,non,5,1,2018-08
39400397,90.77,non,4,1,2022-04
39422144,86.11,ex,4,1,2017-05
39443897,83.96,non,4,1,2018-05
39465656,87.75,ex,1,0,2022-12
39487421,33.02,non,5,0,2022-12
39509192,89.18,non,2,1,2018-12
39530969,45.7,non,1,0,2022-12
39552752,86.34,non,2,1,2020-04
39574541,86.91,non,3,1,2018-05
39596336,46.29,,2,0,2022-12
39618137,66.46,non,5,0,2022-12
39639944,58.42,non,5,0,2022-12
39661757,67.09,non,2,0,2022-12
39683576,34.31,non,5,0,2022-12
39705401,77.42,non,3,0,2022-12
39727232,60.61,non,4,1,2019-02
39749069,52.2,non,5,0,2022-12
39770912,76.37,non,2,0,2022-12
39792761,37.83,ex,2,1,2019-02
39814616,60.63,non,3,0,2022-12
39836477,47.5,non,3,0,2022-12
39858344,32.74,non,3,0,2022-12
39880217,41.92,,1,0,2022-12
39902096,88.68,non,1,1,2019-02
39923981,61.7,non,2,0,2022-12
39945872,48.54,ex,4,0,2022-12
39967769,63.86,non,4,0,2022-12
39989672,91.15,ex,4,0,2022-12
40011581,76.39,non,3,0,2022-12
40033496,63.25,non,1,0,2022-12
40055417,54.41,non,4,0,2022-12
40077344,56.59,current,4,0,2022-12
40099277,71.54,,3,0,2022-12
40121216,67.56,current,4,0,2022-12
40143161,78.59,non,3,1,2021-02
40165112,46.06,non,2,0,2022-12
40187069,89.31,non,4,0,2022-12
40209032,91.66,current,2,0,2022-12
40231001,43.32,non,2,0,2022-12
40252976,65.59,ex,4,0,2022-12
40274957,54.81,ex,1,0,2022-12
40296944,78.47,non,1,0,2022-12
40318937,48.64,non,3,0,2022-12
40340936,58.89,non,1,0,2022-12
40362941,67.22,non,1,1,2018-11
40384952,75.72,ex,2,0,2022-12
40406969,53.54,non,1,0,2022-12
40428992,66.32,non,3,0,2022-12
40451021,82.12,ex,4,0,2022-12
40473056,52.84,non,5,0,2022-12
40495097,89.07,current,3,0,2022-12
40517144,68.45,non,4,0,2022-12
40539197,91.15,,5,0,2022-12
40561256,40.51,ex,2,0,2022-12
40583321,34.93,non,1,0,2022-12
40605392,67.44,,2,0,2022-12
40627469,39.09,non,4,0,2022-12
40649552,51.31,non,1,0,2022-12
40671641,89.01,non,4,1,2018-06
40693736,78.73,current,4,0,2022-12
40715837,49.76,non,5,0,2022-12
40737944,37.05,,3,0,2022-12
40760057,89.99,non,2,1,2018-08
40782176,89.63,,2,0,2022-12
40804301,61.44,ex,1,0,2022-12
40826432,45.52,non,4,0,2022-12
40848569,46.5,ex,4,0,2022-12
40870712,73.67,current,5,1,2018-09
40892861,47.95,non,4,0,2022-12
40915016,79.85,current,4,0,2022-12
40937177,45.97,,2,0,2022-12
40959344,54.2,non,3,0,2022-12
40981517,89.32,non,4,0,2022-12
41003696,49.39,non,2,0,2022-12
41025881,44.56,ex,1,0,2022-12
41048072,74.7,non,5,0,2022-12
41070269,38.57,ex,1,0,2022-12
41092472,49.55,non,4,0,2022-12
41114681,85.11,current,3,0,2022-12
41136896,38.65,non,4,0,2022-12
41159117,37.88,non,2,0,2022-12
41181344,74.53,,3,0,2022-12
41203577,81.63,non,1,1,2017-01
41225816,89.26,non,2,0,2022-12
41248061,58.84,non,5,0,2022-12
41270312,89.93,non,4,0,2022-12
41292569,54.81,non,3,1,2018-12
41314832,49.3,,4,1,2018-09
41337101,57.05,,4,0,2022-12
41359376,77.04,non,4,0,2022-12
41381657,75.38,non,4,1,2017-10
41403944,39.72,ex,3,0,2022-12
41426237,61.37,non,3,0,2022-12
41448536,35.39,non,1,0,2022-12
41470841,40.13,current,5,0,2022-12
41493152,78.4,current,1,0,2022-12
41515469,65.69,non,2,0,2022-12
41537792,82.23,non,1,1,2020-02
41560121,41.82,non,2,0,2022-12
41582456,51.38,non,1,0,2022-12
41604797,84.12,non,1,0,2022-12
41627144,67.75,non,5,0,2022-12
41649497,46.14,,5,0,2022-12
41671856,73.59,ex,5,1,2021-05
41694221,52.58,ex,1,0,2022-12
41716592,33.27,non,3,1,2021-07
41738969,53.25,current,4,1,2020-01
41761352,58.23,non,4,0,2022-12
41783741,33.0,non,2,0,2022-12
41806136,69.57,,5,0,2022-12
41828537,40.54,non,4,0,2022-12
41850944,83.3,non,4,1,2020-07
41873357,57.32,non,1,0,2022-12
41895776,74.03,current,5,0,2022-12
41918201,83.63,ex,2,1,2017-12
41940632,74.39,,1,0,2022-12
41963069,57.53,non,3,0,2022-12
41985512,59.14,ex,2,0,2022-12
42007961,64.83,non,5,0,2022-12
42030416,33.54,non,3,0,2022-12
42052877,77.04,non,1,0,2022-12
42075344,82.04,non,4,0,2022-12
42097817,65.33,non,3,0,2022-12
42120296,87.77,ex,1,1,2020-07
42142781,64.27,,4,0,2022-12
42165272,37.03,ex,1,0,2022-12
42187769,55.89,ex,4,0,2022-12
42210272,37.54,non,2,0,2022-12
42232781,73.99,ex,2,0,2022-12
42255296,70.81,non,2,0,2022-12
42277817,37.03,ex,3,0,2022-12
42300344,78.43,non,4,0,2022-12
42322877,63.39,non,5,0,2022-12
42345416,46.03,non,4,0,2022-12
42367961,37.86,ex,3,0,2022-12
42390512,37.67,ex,2,0,2022-12
42413069,44.2,non,3,0,2022-12
42435632,58.8,non,5,0,2022-12
42458201,44.55,current,3,0,2022-12
42480776,87.65,non,1,1,2018-09
42503357,41.94,non,5,0,2022-12
42525944,51.05,ex,5,0,2022-12
42548537,91.89,non,4,1,2018-07
42571136,56.22,non,5,0,2022-12
42593741,53.1,non,2,1,2018-04
42616352,88.93,ex,3,0,2022-12
42638969,37.65,ex,1,0,2022-12
42661592,87.92,non,1,1,2020-06
42684221,61.6,current,1,0,2022-12
42706856,60.09,non,2,0,2022-12
42729497,51.4,non,5,0,2022-12
42752144,42.88,ex,5,1,2017-11
42774797,42.85,non,2,0,2022-12
42797456,71.02,non,2,0,2022-12
42820121,56.53,non,2,1,2020-06
42842792,52.4,ex,4,0,2022-12
42865469,49.76,non,2,0,2022-12
42888152,41.82,current,4,0,2022-12
42910841,90.52,ex,1,0,2022-12
42933536,36.33,ex,4,0,2022-12
42956237,60.48,non,3,0,2022-12
42978944,42.38,,3,0,2022-12
43001657,67.8,ex,5,0,2022-12
43024376,72.09,non,2,0,2022-12
43047101,75.18,non,4,0,2022-12
43069832,36.27,non,1,0,2022-12
43092569,58.3,ex,1,0,2022-12
43115312,73.79,,5,0,2022-12
43138061,91.09,non,5,0,2022-12
43160816,79.41,non,2,0,2022-12
43183577,63.38,non,4,0,2022-12
43206344,56.01,non,3,0,2022-12
43229117,74.23,non,2,0,2022-12
43251896,50.73,non,3,0,2022-12
43274681,62.5,,3,0,2022-12
43297472,88.65,current,1,1,2017-10
43320269,85.86,non,2,0,2022-12
43343072,67.74,,3,1,2018-02
43365881,84.67,non,4,0,2022-12
43388696,58.3,non,3,0,2022-12
43411517,45.85,non,2,0,2022-12
43434344,64.8,ex,4,0,2022-12
43457177,46.95,non,4,0,2022-12
43480016,47.09,non,3,0,2022-12
43502861,37.56,current,1,0,2022-12
43525712,33.82,non,4,0,2022-12
43548569,39.04,non,3,0,2022-12
43571432,63.17,non,1,0,2022-12
43594301,52.12,non,3,1,2019-01
43617176,46.29,non,3,0,2022-12
43640057,91.42,non,5,0,2022-12
43662944,48.77,,1,0,2022-12
43685837,73.6,current,5,0,2022-12
43708736,71.88,non,1,0,2022-12
43731641,76.88,non,2,0,2022-12
43754552,42.56,non,2,0,2022-12
43777469,74.68,,2,0,2022-12
43800392,41.17,non,4,0,2022-12
43823321,77.13,non,1,1,2019-06
43846256,88.72,non,3,1,2019-10
43869197,33.51,non,4,0,2022-12
43892144,57.75,current,4,0,2022-12
43915097,73.98,,5,0,2022-12
43938056,69.77,non,2,1,2021-04
43961021,91.73,non,1,0,2022-12
43983992,64.88,ex,4,0,2022-12
44006969,38.48,ex,1,0,2022-12
44029952,83.7,non,2,0,2022-12
44052941,32.61,non,5,0,2022-12
44075936,57.89,,2,0,2022-12
44098937,74.69,,2,0,2022-12
44121944,36.88,non,2,0,2022-12
44144957,68.87,current,1,0,2022-12
44167976,37.43,non,3,1,2020-03
44191001,61.36,non,3,0,2022-12
44214032,64.66,non,3,0,2022-12
44237069,90.81,non,4,0,2022-12
44260112,64.88,non,2,0,2022-12
44283161,36.1,non,2,0,2022-12
44306216,87.26,current,4,0,2022-12
44329277,46.83,non,4,0,2022-12
44352344,35.06,non,4,0,2022-12
44375417,76.11,non,2,1,2021-10
44398496,63.93,ex,1,0,2022-12
44421581,46.23,non,3,0,2022-12
44444672,83.83,ex,4,0,2022-12
44467769,59.68,non,4,0,2022-12
44490872,36.46,non,4,0,2022-12
44513981,78.79,non,2,1,2017-06
44537096,59.35,ex,5,1,2020-04
44560217,83.89,non,2,0,2022-12
44583344,37.7,current,3,0,2022-12
44606477,46.35,non,4,0,2022-12
44629616,72.46,non,3,0,2022-12
44652761,71.93,ex,1,1,2020-06
44675912,50.04,current,5,0,2022-12
44699069,81.31,ex,3,0,2022-12
44722232,70.76,current,1,0,2022-12
44745401,65.81,non,5,0,2022-12
44768576,38.99,non,3,0,2022-12
44791757,71.38,non,5,0,2022-12
44814944,53.17,non,4,0,2022-12
44838137,32.88,,2,0,2022-12
44861336,49.0,non,3,0,2022-12
44884541,44.42,non,5,1,2020-08
44907752,36.31,non,3,0,2022-12
44930969,88.19,,4,1,2018-01
44954192,70.22,non,3,0,2022-12
44977421,53.44,non,4,0,2022-12
45000656,43.0,non,4,1,2020-05
45023897,77.82,non,4,0,2022-12
45047144,68.35,ex,2,0,2022-12
45070397,67.49,non,3,0,2022-12
45093656,37.62,non,3,0,2022-12
45116921,68.0,ex,2,0,2022-12
45140192,57.55,non,2,0,2022-12
45163469,90.78,non,3,0,2022-12
45186752,82.17,non,1,0,2022-12
45210041,89.55,current,4,1,2018-08
45233336,70.56,non,4,0,2022-12
45256637,44.41,non,3,0,2022-12
45279944,46.32,,5,0,2022-12
45303257,36.61,non,4,0,2022-12
45326576,55.83,non,3,0,2022-12
45349901,40.46,,1,0,2022-12
45373232,48.42,non,5,0,2022-12
45396569,40.3,non,4,0,2022-12
45419912,35.88,ex,1,0,2022-12
45443261,75.96,ex,2,0,2022-12
45466616,50.84,current,3,0,2022-12
45489977,43.74,non,4,0,2022-12
45513344,76.95,current,4,1,2018-11
45536717,40.5,non,3,0,2022-12
45560096,50.96,,4,0,2022-12
45583481,73.29,non,3,0,2022-12
45606872,72.42,non,1,0,2022-12
45630269,33.58,non,2,0,2022-12
45653672,56.34,non,1,0,2022-12
45677081,53.69,current,1,0,2022-12
45700496,42.74,,3,0,2022-12
45723917,46.56,non,5,0,2022-12
45747344,71.93,non,4,1,2017-06
45770777,89.01,ex,1,0,2022-12
45794216,90.24,non,5,1,2022-10
45817661,90.79,ex,2,1,2017-07
45841112,67.64,ex,3,0,2022-12
45864569,49.36,ex,5,0,2022-12
45888032,72.47,non,5,0,2022-12
45911501,57.39,non,3,0,2022-12
45934976,48.9,non,3,0,2022-12
45958457,45.96,non,2,0,2022-12
45981944,33.91,non,5,0,2022-12
46005437,69.4,non,4,0,2022-12
46028936,86.95,non,2,0,2022-12
46052441,53.87,ex,1,0,2022-12
46075952,42.09,non,4,0,2022-12
46099469,81.54,non,5,0,2022-12
46122992,55.45,non,4,0,2022-12
46146521,81.92,,5,0,2022-12
46170056,68.18,non,2,1,2017-11
46193597,54.13,ex,5,0,2022-12
46217144,51.41,non,5,0,2022-12
46240697,65.32,,2,1,2021-09
46264256,59.11,current,5,0,2022-12
46287821,61.55,non,1,0,2022-12
46311392,45.67,non,4,1,2019-12
46334969,44.55,non,2,0,2022-12
46358552,72.04,current,3,0,2022-12
46382141,40.79,non,5,0,2022-12
46405736,43.48,non,1,0,2022-12
46429337,50.42,non,5,0,2022-12
46452944,48.54,non,1,0,2022-12
46476557,83.17,,5,1,2019-04
46500176,64.21,ex,2,0,2022-12
46523801,81.03,non,4,0,2022-12
46547432,76.11,non,3,0,2022-12
46571069,89.98,current,1,1,2020-11
46594712,73.9,non,1,0,2022-12
46618361,44.21,current,2,0,2022-12
46642016,85.79,ex,1,0,2022-12
46665677,47.11,ex,4,0,2022-12
46689344,73.27,non,4,0,2022-12
46713017,54.84,non,1,0,2022-12
46736696,47.31,non,1,0,2022-12
46760381,56.43,non,5,0,2022-12
46784072,69.74,non,5,0,2022-12
46807769,71.54,non,1,0,2022-12
46831472,87.35,non,5,1,2020-08
46855181,33.22,,3,0,2022-12
46878896,54.92,,2,0,2022-12
46902617,49.13,non,1,0,2022-12
46926344,75.51,non,1,0,2022-12
46950077,44.2,ex,1,0,2022-12
46973816,68.18,non,2,0,2022-12
46997561,45.53,non,3,0,2022-12
47021312,64.37,ex,1,1,2017-01
47045069,77.82,non,5,1,2020-10
47068832,86.34,non,1,0,2022-12
47092601,61.13,non,1,0,2022-12
47116376,91.82,non,4,0,2022-12
47140157,56.65,non,4,0,2022-12
47163944,66.11,non,1,0,2022-12
47187737,72.12,non,1,0,2022-12
47211536,88.24,non,3,0,2022-12
47235341,75.29,non,3,1,2019-02
47259152,69.99,non,2,0,2022-12
47282969,78.74,,5,0,2022-12
47306792,91.39,ex,1,1,2018-10
47330621,90.89,ex,1,1,2019-12
47354456,83.61,,3,0,2022-12
47378297,38.3,non,1,0,2022-12
47402144,71.62,non,5,0,2022-12
47425997,66.41,non,5,0,2022-12
47449856,39.13,non,1,0,2022-12
47473721,60.8,ex,3,0,2022-12
47497592,87.85,non,3,0,2022-12
47521469,91.41,non,3,0,2022-12
47545352,45.25,non,5,0,2022-12
47569241,81.99,non,4,0,2022-12
47593136,48.29,ex,3,0,2022-12
47617037,71.25,ex,4,0,2022-12
47640944,52.84,ex,5,0,2022-12
47664857,42.07,,4,0,2022-12
47688776,69.58,current,4,0,2022-12
47712701,76.16,non,4,0,2022-12
47736632,72.4,non,5,0,2022-12
47760569,49.53,non,1,0,2022-12
47784512,44.02,,1,0,2022-12
47808461,44.28,,5,0,2022-12
47832416,77.58,ex,1,1,2022-03
47856377,80.85,non,1,0,2022-12
47880344,70.37,non,1,1,2019-04
47904317,89.04,non,5,1,2018-02
47928296,56.31,current,4,1,2020-12
47952281,75.9,,2,0,2022-12
47976272,54.47,non,5,0,2022-12
48000269,84.59,ex,2,1,2018-06
48024272,33.53,non,4,0,2022-12
48048281,69.45,non,1,0,2022-12
48072296,34.58,non,5,1,2019-06
48096317,57.88,non,4,0,2022-12
48120344,81.57,current,2,0,2022-12
48144377,38.12,non,4,0,2022-12
48168416,65.77,non,5,0,2022-12
48192461,82.76,non,5,0,2022-12
48216512,62.16,non,5,0,2022-12
48240569,37.07,current,2,0,2022-12
48264632,43.69,current,5,0,2022-12
48288701,54.16,non,5,0,2022-12
48312776,84.5,non,2,0,2022-12
48336857,68.43,current,5,0,2022-12
48360944,43.48,non,3,0,2022-12
48385037,71.84,current,1,1,2019-06
48409136,53.75,non,3,0,2022-12
48433241,55.07,,4,0,2022-12
48457352,71.12,,5,0,2022-12
48481469,39.0,,2,0,2022-12
48505592,71.1,current,1,0,2022-12
48529721,84.66,ex,5,0,2022-12
48553856,88.51,non,1,0,2022-12
48577997,82.42,non,4,0,2022-12
48602144,83.02,current,1,0,2022-12
48626297,91.49,non,3,0,2022-12
48650456,35.41,current,2,1,2018-02
48674621,85.13,non,3,1,2021-07
48698792,62.32,non,2,0,2022-12
48722969,89.64,,5,0,2022-12
48747152,42.83,non,2,0,2022-12
48771341,45.97,,1,0,2022-12
48795536,90.55,non,3,0,2022-12
48819737,65.89,non,5,0,2022-12
48843944,55.44,non,3,0,2022-12
48868157,77.33,non,5,0,2022-12
48892376,79.37,non,4,0,2022-12
48916601,56.95,ex,5,0,2022-12
48940832,82.54,non,2,1,2017-09
48965069,39.08,non,1,0,2022-12
48989312,58.18,ex,3,0,2022-12
49013561,54.99,current,3,0,2022-12
49037816,38.83,non,5,0,2022-12
49062077,61.07,non,1,0,2022-12
49086344,66.09,non,5,0,2022-12
49110617,32.46,non,2,0,2022-12
49134896,62.82,non,3,0,2022-12
49159181,53.1,non,5,0,2022-12
49183472,48.78,ex,2,0,2022-12
49207769,83.93,non,2,0,2022-12
49232072,89.72,non,3,0,2022-12
49256381,87.72,non,3,0,2022-12
49280696,83.98,ex,1,0,2022-12
49305017,88.92,,5,0,2022-12
49329344,43.42,non,4,0,2022-12
49353677,53.58,non,4,0,2022-12
49378016,86.46,current,5,1,2019-04
49402361,89.48,non,4,1,2017-04
49426712,38.9,ex,5,0,2022-12
49451069,70.39,non,1,0,2022-12
49475432,47.08,ex,4,0,2022-12
49499801,48.17,non,3,0,2022-12
49524176,83.38,non,1,0,2022-12
49548557,58.07,non,4,0,2022-12
49572944,79.06,current,1,1,2018-08
49597337,61.36,ex,2,0,2022-12
49621736,91.01,non,1,0,2022-12
49646141,43.32,ex,2,0,2022-12
49670552,35.99,current,5,0,2022-12
49694969,62.82,non,2,0,2022-12
49719392,38.42,non,5,0,2022-12
49743821,40.79,non,3,0,2022-12
49768256,85.52,non,5,0,2022-12
49792697,41.19,ex,2,0,2022-12
49817144,60.41,,5,0,2022-12
49841597,38.77,,4,0,2022-12
49866056,72.55,ex,5,0,2022-12
49890521,87.83,non,1,0,2022-12
49914992,50.66,non,5,0,2022-12
49939469,78.44,non,3,0,2022-12
49963952,42.47,non,3,0,2022-12
49988441,88.71,ex,4,0,2022-12
50012936,90.37,non,5,0,2022-12
50037437,36.83,non,3,0,2022-12
50061944,48.58,non,5,0,2022-12
50086457,51.63,current,4,1,2019-04
50110976,63.82,non,3,1,2019-12
50135501,78.9,non,1,0,2022-12
50160032,51.73,,3,0,2022-12
50184569,87.31,non,1,1,2017-12
50209112,45.43,ex,3,0,2022-12
50233661,38.34,non,2,0,2022-12
50258216,87.62,non,3,0,2022-12
50282777,43.6,non,5,0,2022-12
50307344,78.51,current,2,0,2022-12
50331917,62.73,ex,1,1,2019-03
50356496,33.02,ex,4,1,2020-07
50381081,74.38,,3,1,2017-03
50405672,41.65,current,1,0,2022-12
50430269,62.23,current,3,0,2022-12
50454872,63.64,non,2,0,2022-12
50479481,81.08,non,4,0,2022-12
50504096,85.61,,3,1,2018-03
50528717,49.67,non,3,0,2022-12
50553344,66.48,non,2,1,2020-01
50577977,37.91,ex,5,0,2022-12
50602616,81.05,current,1,0,2022-12
50627261,75.97,non,4,0,2022-12
50651912,87.88,ex,2,0,2022-12
50676569,39.72,non,4,0,2022-12
50701232,55.4,non,1,0,2022-12
50725901,69.39,current,3,0,2022-12
50750576,47.26,non,5,0,2022-12
50775257,46.81,non,1,0,2022-12
50799944,58.79,non,5,0,2022-12
50824637,73.82,non,2,0,2022-12
50849336,44.32,non,3,0,2022-12
50874041,77.84,non,1,0,2022-12
50898752,32.98,non,3,0,2022-12
50923469,80.82,non,4,1,2019-09
50948192,60.54,ex,3,0,2022-12
50972921,51.1,non,3,0,2022-12
50997656,37.04,,3,0,2022-12
51022397,40.13,non,2,0,2022-12
51047144,55.44,ex,1,0,2022-12
51071897,39.34,non,5,0,2022-12
51096656,53.39,non,3,0,2022-12
51121421,74.3,non,2,0,2022-12
51146192,81.12,non,1,0,2022-12
51170969,65.07,non,2,0,2022-12
51195752,66.16,non,1,0,2022-12
51220541,38.82,non,5,0,2022-12
51245336,67.66,current,4,0,2022-12
51270137,76.77,non,4,0,2022-12
51294944,83.19,non,1,0,2022-12
51319757,86.75,non,2,0,2022-12
51344576,81.72,ex,3,0,2022-12
51369401,42.19,non,5,0,2022-12
51394232,36.52,non,2,0,2022-12
51419069,42.02,ex,4,0,2022-12
51443912,54.59,non,1,0,2022-12
51468761,89.8,,1,1,2021-07
51493616,40.29,non,4,0,2022-12
51518477,51.54,ex,4,0,2022-12
51543344,48.37,non,5,1,2021-05
51568217,63.89,,1,0,2022-12
51593096,62.62,non,5,0,2022-12
51617981,43.65,non,1,0,2022-12
51642872,55.23,ex,2,0,2022-12
51667769,36.71,non,1,1,2018-06
51692672,64.72,,4,1,2018-04
51717581,48.84,non,3,0,2022-12
51742496,49.57,non,1,0,2022-12
51767417,59.39,current,3,1,2017-04
51792344,48.72,non,3,0,2022-12
51817277,76.87,ex,2,1,2018-02
51842216,87.79,non,2,0,2022-12
51867161,45.07,non,4,0,2022-12
51892112,39.74,ex,3,0,2022-12
51917069,58.96,non,4,0,2022-12
51942032,40.75,non,1,0,2022-12
51967001,75.93,non,5,1,2017-12
51991976,46.65,non,2,0,2022-12
52016957,75.37,,3,0,2022-12
52041944,42.51,current,3,0,2022-12
52066937,79.16,current,3,1,2021-01
52091936,47.59,ex,1,0,2022-12
52116941,59.02,ex,3,0,2022-12
52141952,49.77,current,5,0,2022-12
52166969,72.9,non,3,0,2022-12
52191992,68.88,ex,2,1,2022-02
52217021,38.66,non,3,0,2022-12
52242056,76.61,non,3,1,2018-03
52267097,34.02,non,3,0,2022-12
52292144,91.51,non,3,1,2019-11
52317197,87.49,,3,0,2022-12
52342256,41.2,,2,0,2022-12
52367321,34.24,,2,0,2022-12
52392392,67.34,ex,5,1,2017-08
52417469,39.45,non,2,0,2022-12
52442552,69.35,non,5,1,2020-06
52467641,43.73,,3,0,2022-12
52492736,67.92,non,1,0,2022-12
52517837,78.92,non,2,1,2019-11
52542944,69.33,non,3,0,2022-12
52568057,38.62,non,3,0,2022-12
52593176,78.48,non,5,0,2022-12
52618301,65.0,non,1,0,2022-12
52643432,32.84,non,2,0,2022-12
52668569,77.85,,2,0,2022-12
52693712,86.52,current,3,0,2022-12
52718861,81.47,,4,0,2022-12
52744016,78.11,current,4,0,2022-12
52769177,45.04,non,2,0,2022-12
52794344,46.41,ex,2,1,2019-06
52819517,38.8,non,3,0,2022-12
52844696,37.88,,2,0,2022-12
52869881,89.58,non,2,1,2018-03
52895072,72.6,non,1,0,2022-12
52920269,74.2,ex,2,0,2022-12
52945472,81.92,non,2,0,2022-12
52970681,44.84,non,4,0,2022-12
52995896,51.45,current,2,0,2022-12
53021117,38.19,non,1,0,2022-12
53046344,38.02,non,3,0,2022-12
53071577,38.12,non,4,0,2022-12
53096816,55.89,ex,3,0,2022-12
53122061,91.98,non,4,0,2022-12
53147312,73.15,ex,3,0,2022-12
53172569,62.49,non,1,0,2022-12
53197832,39.48,current,3,0,2022-12
53223101,70.92,non,4,1,2019-10
53248376,83.96,ex,3,0,2022-12
53273657,69.23,non,4,0,2022-12
53298944,88.03,non,4,0,2022-12
53324237,32.02,non,1,0,2022-12
53349536,66.09,ex,1,0,2022-12
53374841,44.9,non,5,0,2022-12
53400152,35.24,non,1,0,2022-12
53425469,72.93,non,1,0,2022-12
53450792,77.28,,5,0,2022-12
53476121,73.19,non,4,0,2022-12
53501456,36.05,current,5,0,2022-12
53526797,72.87,ex,2,0,2022-12
53552144,71.68,non,3,0,2022-12
53577497,33.1,non,1,0,2022-12
53602856,36.17,current,5,0,2022-12
53628221,34.68,non,4,0,2022-12
53653592,70.81,,1,0,2022-12
53678969,61.57,non,1,0,2022-12
53704352,43.86,current,2,0,2022-12
53729741,56.76,current,1,0,2022-12
53755136,44.15,ex,5,0,2022-12
53780537,89.44,non,5,1,2020-07
53805944,86.44,non,1,1,2022-02
53831357,61.66,non,4,1,2020-12
53856776,35.23,,5,1,2020-12
53882201,82.9,non,1,0,2022-12
53907632,83.97,non,2,0,2022-12
53933069,85.6,ex,1,1,2018-02
53958512,66.42,ex,1,1,2019-08
53983961,73.44,ex,3,0,2022-12
54009416,46.69,non,1,0,2022-12
54034877,39.46,ex,3,0,2022-12
54060344,74.37,non,2,0,2022-12
54085817,89.64,non,1,1,2022-06
54111296,80.02,non,3,0,2022-12
54136781,67.38,non,1,0,2022-12
54162272,61.43,,5,0,2022-12
54187769,32.03,non,4,0,2022-12
54213272,41.59,non,4,0,2022-12
54238781,59.47,non,5,0,2022-12
54264296,34.06,ex,5,0,2022-12
54289817,79.73,non,4,0,2022-12
54315344,74.78,current,1,0,2022-12
54340877,67.41,ex,2,0,2022-12
54366416,76.19,non,4,0,2022-12
54391961,32.77,non,5,0,2022-12
54417512,56.59,non,2,0,2022-12
54443069,56.68,non,3,0,2022-12
54468632,58.0,non,4,0,2022-12
54494201,35.86,non,5,0,2022-12
54519776,74.88,non,4,0,2022-12
54545357,65.92,current,5,0,2022-12
54570944,55.34,non,1,0,2022-12
54596537,80.56,current,1,0,2022-12
54622136,91.57,,4,1,2017-07
54647741,53.55,current,1,1,2021-12
54673352,51.58,non,2,0,2022-12
54698969,73.34,non,2,0,2022-12
54724592,60.65,,1,1,2022-04
54750221,53.16,non,5,0,2022-12
54775856,67.7,current,2,0,2022-12
54801497,47.64,non,4,0,2022-12
54827144,74.03,non,3,0,2022-12
54852797,81.41,current,4,0,2022-12
54878456,75.7,,3,0,2022-12
54904121,50.81,non,4,0,2022-12
54929792,87.27,non,3,0,2022-12
54955469,51.7,current,1,0,2022-12
54981152,72.35,ex,3,1,2020-10
55006841,82.92,non,2,0,2022-12
55032536,59.7,,3,0,2022-12
55058237,39.34,ex,3,1,2019-07
55083944,87.5,ex,4,0,2022-12
55109657,64.19,non,2,0,2022-12
55135376,50.04,non,4,0,2022-12
55161101,84.29,ex,3,0,2022-12
55186832,71.6,non,5,0,2022-12
55212569,62.36,non,3,0,2022-12
55238312,38.11,non,1,0,2022-12
55264061,60.92,non,4,0,2022-12
55289816,36.02,non,3,0,2022-12
55315577,49.21,current,3,0,2022-12
55341344,84.33,non,2,1,2021-06
55367117,44.6,,1,0,2022-12
55392896,61.29,non,2,0,2022-12
55418681,53.29,current,4,1,2020-06
55444472,37.79,non,5,0,2022-12
55470269,38.59,,1,0,2022-12
55496072,33.11,non,5,0,2022-12
55521881,61.06,non,1,1,2020-05
55547696,89.36,ex,2,0,2022-12
55573517,43.35,ex,2,0,2022-12
55599344,35.37,non,1,0,2022-12
55625177,55.85,non,4,1,2018-01
55651016,89.51,non,3,0,2022-12
55676861,76.91,non,1,1,2017-10
55702712,63.67,non,2,0,2022-12
55728569,56.68,non,3,0,2022-12
55754432,84.88,non,3,0,2022-12
55780301,32.87,ex,2,0,2022-12
55806176,78.24,non,2,0,2022-12
55832057,47.76,ex,1,0,2022-12
55857944,63.9,non,2,0,2022-12
55883837,85.45,non,4,0,2022-12
55909736,60.67,non,3,0,2022-12
55935641,33.49,,5,0,2022-12
55961552,67.42,non,2,0,2022-12
55987469,89.31,ex,1,1,2017-10
56013392,32.26,non,2,0,2022-12
56039321,62.53,ex,1,0,2022-12
56065256,49.83,,2,0,2022-12
56091197,47.21,non,1,0,2022-12
56117144,65.77,,2,1,2018-08
56143097,87.31,non,5,1,2019-04
56169056,71.53,non,1,0,2022-12
56195021,32.43,ex,2,0,2022-12
56220992,71.33,non,4,0,2022-12
56246969,47.51,non,3,0,2022-12
56272952,82.37,non,3,0,2022-12
56298941,83.2,,2,1,2018-12
56324936,89.15,non,3,1,2019-05
56350937,83.97,non,5,1,2020-05
56376944,69.44,ex,4,0,2022-12
56402957,52.32,,5,0,2022-12
56428976,33.56,non,3,0,2022-12
56455001,88.38,ex,2,1,2019-06
56481032,40.46,non,3,0,2022-12
56507069,70.36,ex,4,0,2022-12
56533112,50.07,non,3,0,2022-12
56559161,46.46,non,4,0,2022-12
56585216,76.47,non,4,1,2018-06
56611277,40.61,non,3,0,2022-12
56637344,34.47,non,5,0,2022-12
56663417,68.68,non,4,1,2018-08
56689496,90.65,ex,3,0,2022-12
56715581,50.54,ex,5,0,2022-12
56741672,54.34,,5,0,2022-12
56767769,82.95,,3,0,2022-12
56793872,66.77,non,2,0,2022-12
56819981,39.27,non,3,0,2022-12
56846096,89.27,,3,1,2019-06
56872217,67.08,non,4,0,2022-12
56898344,32.19,,1,0,2022-12
56924477,60.36,non,2,0,2022-12
56950616,57.48,ex,4,1,2018-04
56976761,58.42,non,1,0,2022-12
57002912,75.43,non,3,1,2017-12
57029069,74.7,non,5,0,2022-12
57055232,54.35,ex,4,0,2022-12
57081401,38.36,non,5,0,2022-12
57107576,58.18,current,2,0,2022-12
57133757,77.04,non,2,0,2022-12
57159944,33.89,non,4,0,2022-12
57186137,34.71,,2,0,2022-12
57212336,88.55,non,3,1,2019-01
57238541,68.57,non,3,0,2022-12
57264752,58.59,ex,5,0,2022-12
57290969,47.13,non,1,0,2022-12
57317192,84.23,,5,0,2022-12
57343421,50.34,non,1,0,2022-12
57369656,84.1,non,3,0,2022-12
57395897,70.88,non,4,0,2022-12
57422144,34.61,non,5,0,2022-12
57448397,72.29,non,2,0,2022-12
57474656,40.3,non,1,0,2022-12
57500921,74.56,non,3,0,2022-12
57527192,55.25,ex,3,0,2022-12
57553469,62.4,non,3,0,2022-12
57579752,76.55,ex,2,1,2019-01
57606041,70.58,non,4,0,2022-12
57632336,71.69,current,1,0,2022-12
57658637,50.72,ex,1,1,2021-12
57684944,85.23,non,1,1,2017-08
57711257,53.51,,3,0,2022-12
57737576,81.16,,1,0,2022-12
57763901,32.86,current,5,0,2022-12
57790232,81.82,non,4,0,2022-12
57816569,33.96,non,5,0,2022-12
57842912,46.97,ex,1,0,2022-12
57869261,46.67,ex,4,0,2022-12
57895616,47.48,non,4,0,2022-12
57921977,78.91,non,2,0,2022-12
57948344,82.12,non,2,1,2019-03
57974717,79.94,non,2,0,2022-12
58001096,51.36,non,3,0,2022-12
58027481,38.21,non,4,0,2022-12
58053872,73.11,non,5,0,2022-12
58080269,78.82,ex,4,1,2018-03
58106672,86.35,non,3,0,2022-12
58133081,85.89,ex,3,1,2021-04
58159496,37.49,,5,0,2022-12
58185917,36.06,non,4,0,2022-12
58212344,86.02,ex,3,0,2022-12
58238777,72.46,non,2,1,2022-03
58265216,79.13,non,5,0,2022-12
58291661,64.91,non,2,0,2022-12
58318112,54.15,current,5,0,2022-12
58344569,43.8,non,4,0,2022-12
58371032,64.18,non,5,1,2017-09
58397501,73.64,non,3,0,2022-12
58423976,41.62,non,1,0,2022-12
58450457,67.66,ex,1,1,2018-12
58476944,47.24,non,5,0,2022-12
58503437,90.3,non,2,1,2018-03
58529936,68.54,non,5,0,2022-12
58556441,36.82,current,2,0,2022-12
58582952,51.64,non,5,0,2022-12
58609469,78.07,ex,3,0,2022-12
58635992,74.46,non,3,0,2022-12
58662521,90.87,ex,3,0,2022-12
58689056,60.99,non,5,0,2022-12
58715597,80.87,ex,2,0,2022-12
58742144,53.52,current,1,0,2022-12
58768697,47.11,ex,5,0,2022-12
58795256,52.43,,5,0,2022-12
58821821,86.93,non,5,0,2022-12
58848392,32.24,current,4,0,2022-12
58874969,41.84,non,5,0,2022-12
58901552,34.12,non,4,0,2022-12
58928141,66.45,ex,2,0,2022-12
58954736,78.35,non,4,0,2022-12
58981337,85.13,non,2,1,2021-11
59007944,63.14,non,1,0,2022-12
59034557,62.14,ex,4,0,2022-12
59061176,37.58,,1,0,2022-12
59087801,67.47,non,2,0,2022-12
59114432,76.71,non,1,0,2022-12
59141069,32.77,current,2,0,2022-12
59167712,45.83,ex,4,0,2022-12
59194361,69.85,ex,2,1,2020-08
59221016,89.86,non,5,0,2022-12
59247677,62.03,current,5,0,2022-12
59274344,48.68,non,1,0,2022-12
59301017,37.17,non,1,0,2022-12
59327696,81.96,non,3,0,2022-12
59354381,82.03,,5,0,2022-12
59381072,41.73,current,3,0,2022-12
59407769,32.29,ex,3,0,2022-12
59434472,76.63,ex,1,1,2019-08
59461181,62.68,non,2,0,2022-12
59487896,49.06,current,2,0,2022-12
59514617,61.58,ex,3,0,2022-12
59541344,41.5,non,2,0,2022-12
59568077,52.75,current,3,0,2022-12
59594816,41.94,non,2,0,2022-12
59621561,44.96,non,5,0,2022-12
59648312,72.82,,4,0,2022-12
59675069,91.11,non,3,1,2017-05
59701832,53.31,non,5,0,2022-12
59728601,70.78,non,3,0,2022-12
59755376,52.12,non,3,0,2022-12
59782157,85.62,non,4,0,2022-12
59808944,35.38,ex,2,0,2022-12
59835737,63.65,ex,4,0,2022-12
59862536,84.44,ex,1,0,2022-12
59889341,86.45,non,2,0,2022-12
59916152,59.89,non,2,0,2022-12
59942969,52.11,non,2,0,2022-12
59969792,77.0,non,5,0,2022-12
59996621,35.06,ex,1,0,2022-12
60023456,70.45,current,3,0,2022-12
60050297,56.51,non,4,0,2022-12
60077144,44.71,non,2,1,2020-08
60103997,41.91,non,3,0,2022-12
60130856,89.08,non,1,0,2022-12
60157721,53.95,non,3,0,2022-12
60184592,77.49,ex,4,1,2018-02
60211469,76.04,non,1,0,2022-12
60238352,35.28,non,1,0,2022-12
60265241,65.95,non,3,0,2022-12
60292136,44.64,non,2,1,2017-03
60319037,42.25,ex,1,0,2022-12
60345944,76.77,ex,5,0,2022-12
60372857,71.25,non,1,0,2022-12
60399776,40.71,non,5,0,2022-12
60426701,39.46,non,5,0,2022-12
60453632,58.81,non,2,0,2022-12
60480569,38.35,non,4,0,2022-12
60507512,63.34,ex,4,0,2022-12
60534461,70.83,non,5,0,2022-12
60561416,80.13,,5,0,2022-12
60588377,63.43,non,4,0,2022-12
60615344,76.04,non,4,0,2022-12
60642317,36.55,non,5,0,2022-12
60669296,73.62,non,5,0,2022-12
60696281,59.77,ex,1,0,2022-12
60723272,34.43,non,1,0,2022-12
60750269,84.07,ex,5,1,2020-02
60777272,73.86,non,5,1,2022-03
60804281,90.94,ex,2,0,2022-12
60831296,45.79,non,5,0,2022-12
60858317,76.79,non,5,0,2022-12
60885344,89.39,ex,4,0,2022-12
60912377,84.15,,5,0,2022-12
60939416,50.15,current,4,0,2022-12
60966461,47.06,current,3,0,2022-12
60993512,53.24,current,4,0,2022-12
61020569,84.82,current,1,0,2022-12
61047632,44.78,non,1,0,2022-12
61074701,62.39,ex,4,0,2022-12
61101776,79.73,ex,5,1,2020-05
61128857,81.63,non,5,1,2020-05
61155944,42.57,non,2,0,2022-12
61183037,70.26,ex,4,1,2020-10
61210136,77.91,non,3,0,2022-12
61237241,45.18,non,3,0,2022-12
61264352,90.88,non,4,0,2022-12
61291469,77.07,ex,3,0,2022-12
61318592,87.45,current,4,0,2022-12
61345721,74.69,non,2,1,2017-10
61372856,90.13,non,1,0,2022-12
61399997,62.77,non,2,0,2022-12
61427144,55.6,non,4,0,2022-12
61454297,53.88,ex,4,0,2022-12
61481456,36.35,ex,4,0,2022-12
61508621,54.54,ex,4,1,2018-05
61535792,32.91,non,5,0,2022-12
61562969,59.5,ex,3,0,2022-12
61590152,73.24,,5,1,2019-12
61617341,36.28,current,3,0,2022-12
61644536,79.39,current,1,0,2022-12
61671737,77.88,ex,3,0,2022-12
61698944,64.63,ex,3,0,2022-12
61726157,45.19,non,5,0,2022-12
61753376,82.67,non,2,0,2022-12
61780601,33.8,non,1,0,2022-12
61807832,63.83,non,2,0,2022-12
61835069,54.39,non,4,0,2022-12
61862312,41.34,non,5,0,2022-12
61889561,66.8,ex,5,0,2022-12
61916816,57.56,non,2,0,2022-12
61944077,90.53,non,4,1,2020-10
61971344,82.67,ex,5,0,2022-12
61998617,63.74,non,1,0,2022-12
62025896,35.37,ex,5,0,2022-12
62053181,34.67,current,1,0,2022-12
62080472,87.77,non,4,0,2022-12
62107769,48.42,non,2,0,2022-12
62135072,73.99,non,3,1,2020-04
62162381,86.68,,4,1,2018-04
62189696,86.49,current,4,1,2019-04
62217017,37.28,ex,2,0,2022-12
62244344,85.45,non,4,1,2017-06
62271677,60.8,non,5,0,2022-12
62299016,34.51,,4,0,2022-12
62326361,79.68,non,4,0,2022-12
62353712,39.06,non,3,1,2021-10
62381069,49.36,non,3,0,2022-12
62408432,63.79,non,3,0,2022-12
62435801,78.85,non,5,0,2022-12
62463176,57.08,current,3,0,2022-12
62490557,42.05,non,1,0,2022-12
62517944,79.24,ex,2,0,2022-12
62545337,32.52,ex,2,0,2022-12
62572736,65.62,,2,0,2022-12
62600141,42.59,non,3,1,2018-09
62627552,83.55,non,4,0,2022-12
62654969,64.42,current,1,0,2022-12
62682392,40.47,ex,5,0,2022-12
62709821,55.25,non,5,0,2022-12
62737256,42.79,non,2,0,2022-12
62764697,42.65,,3,0,2022-12
62792144,85.76,current,1,1,2018-09
62819597,35.97,non,4,1,2017-09
62847056,64.15,non,1,1,2020-03
62874521,32.58,non,1,0,2022-12
62901992,64.25,non,3,0,2022-12
62929469,53.5,non,1,0,2022-12
62956952,59.96,non,3,0,2022-12
62984441,69.22,non,5,0,2022-12
63011936,70.87,non,4,0,2022-12
63039437,78.14,non,1,1,2018-05
63066944,83.46,ex,4,0,2022-12
63094457,41.25,non,2,0,2022-12
63121976,42.39,non,2,0,2022-12
63149501,70.25,,5,0,2022-12
63177032,81.61,,4,0,2022-12
63204569,87.85,ex,3,0,2022-12
63232112,45.25,non,3,0,2022-12
63259661,42.56,ex,3,0,2022-12
63287216,40.37,non,5,0,2022-12
63314777,62.11,,3,0,2022-12
63342344,61.93,non,4,0,2022-12
63369917,84.8,non,3,0,2022-12
63397496,58.43,non,5,0,2022-12
63425081,59.8,,3,0,2022-12
63452672,65.11,current,3,0,2022-12
63480269,87.5,,3,0,2022-12
63507872,47.79,non,1,0,2022-12
63535481,71.09,,3,0,2022-12
63563096,39.31,ex,1,0,2022-12
63590717,64.35,non,1,1,2021-01
63618344,50.14,ex,3,0,2022-12
63645977,68.24,,4,0,2022-12
63673616,82.72,ex,4,1,2018-03
63701261,57.03,non,2,0,2022-12
63728912,34.63,non,2,0,2022-12
63756569,78.81,non,1,1,2017-12
63784232,76.82,current,2,0,2022-12
63811901,43.21,non,1,0,2022-12
63839576,58.91,non,4,0,2022-12
63867257,50.99,non,4,0,2022-12
63894944,80.79,non,1,0,2022-12
63922637,76.7,,1,1,2018-09
63950336,48.53,non,2,0,2022-12
63978041,43.75,ex,4,0,2022-12
64005752,56.74,ex,3,0,2022-12
64033469,69.55,current,3,0,2022-12
64061192,87.09,non,3,1,2018-11
64088921,67.32,,1,1,2019-01
64116656,80.81,ex,5,0,2022-12
64144397,66.17,current,2,1,2021-02
64172144,46.72,,1,0,2022-12
64199897,34.67,non,3,0,2022-12
64227656,85.89,non,5,1,2018-11
64255421,57.5,non,2,0,2022-12
64283192,82.01,non,4,0,2022-12
64310969,46.34,non,2,0,2022-12
64338752,79.59,current,4,0,2022-12
64366541,71.52,non,3,0,2022-12
64394336,36.83,,1,0,2022-12
64422137,55.18,,2,0,2022-12
64449944,73.17,ex,4,1,2020-09
64477757,48.25,non,4,0,2022-12
64505576,64.93,non,4,0,2022-12
64533401,56.83,non,1,0,2022-12
64561232,65.83,non,1,0,2022-12
64589069,42.37,,2,0,2022-12
64616912,69.0,,4,0,2022-12
64644761,91.27,non,2,0,2022-12
64672616,53.41,non,3,0,2022-12
64700477,44.89,non,4,0,2022-12
64728344,66.84,ex,1,0,2022-12
64756217,43.79,non,2,0,2022-12
64784096,68.27,current,4,1,2022-08
64811981,85.64,,2,0,2022-12
64839872,51.02,ex,2,0,2022-12
64867769,58.38,non,1,0,2022-12
64895672,41.71,ex,2,1,2021-01
64923581,62.01,ex,5,0,2022-12
64951496,37.11,non,4,0,2022-12
64979417,44.83,ex,4,0,2022-12
65007344,39.47,current,4,0,2022-12
65035277,90.33,ex,4,0,2022-12
65063216,77.17,non,3,0,2022-12
65091161,90.54,non,2,1,2018-06
65119112,39.22,non,5,0,2022-12
65147069,91.39,ex,2,0,2022-12
65175032,32.33,,1,0,2022-12
65203001,79.83,current,4,0,2022-12
65230976,68.91,current,2,0,2022-12
65258957,85.38,non,2,0,2022-12
65286944,84.93,current,1,0,2022-12
65314937,77.79,current,5,0,2022-12
65342936,91.03,ex,1,1,2020-12
65370941,71.6,,5,0,2022-12
65398952,85.92,non,5,0,2022-12
65426969,56.37,,3,0,2022-12
65454992,61.93,,3,0,2022-12
65483021,64.85,non,1,0,2022-12
65511056,62.58,non,3,0,2022-12
65539097,49.94,non,3,0,2022-12
65567144,79.9,non,4,0,2022-12
65595197,77.31,non,5,0,2022-12
65623256,45.07,non,3,0,2022-12
65651321,42.57,current,1,0,2022-12
65679392,33.9,non,2,0,2022-12
65707469,60.02,ex,3,0,2022-12
65735552,73.73,non,4,0,2022-12
65763641,71.68,non,5,0,2022-12
65791736,59.3,non,2,0,2022-12
65819837,50.8,current,2,0,2022-12
65847944,37.75,non,5,0,2022-12
65876057,43.9,non,1,0,2022-12
65904176,51.92,non,4,0,2022-12
65932301,47.79,non,3,0,2022-12
65960432,56.68,non,3,0,2022-12
65988569,37.34,non,2,0,2022-12
66016712,33.7,non,2,0,2022-12
66044861,62.75,non,2,0,2022-12
66073016,68.01,non,4,0,2022-12
66101177,32.6,non,3,0,2022-12
66129344,58.58,current,1,0,2022-12
66157517,86.64,non,2,0,2022-12
66185696,59.47,current,5,0,2022-12
66213881,70.08,non,4,0,2022-12
66242072,83.47,non,2,0,2022-12
66270269,89.43,non,4,0,2022-12
66298472,48.28,non,1,0,2022-12
66326681,75.67,non,2,0,2022-12
66354896,68.01,ex,3,0,2022-12
66383117,82.93,current,4,0,2022-12
66411344,88.07,ex,5,0,2022-12
66439577,67.83,ex,5,0,2022-12
66467816,88.07,,5,0,2022-12
66496061,58.06,,5,0,2022-12
66524312,84.85,non,2,1,2018-09
66552569,39.46,non,1,0,2022-12
66580832,87.85,non,1,0,2022-12
66609101,53.65,ex,1,1,2021-12
66637376,87.14,non,2,0,2022-12
66665657,32.75,non,2,0,2022-12
66693944,44.02,non,5,0,2022-12
66722237,83.27,non,4,0,2022-12
66750536,69.14,current,3,0,2022-12
66778841,49.22,,3,0,2022-12
66807152,56.99,non,2,0,2022-12
66835469,38.54,non,5,0,2022-12
66863792,38.02,non,3,0,2022-12
66892121,90.07,ex,1,0,2022-12
66920456,41.38,non,1,0,2022-12
66948797,78.75,non,4,0,2022-12
66977144,76.6,,1,0,2022-12
67005497,56.42,ex,3,0,2022-12
67033856,52.11,non,1,0,2022-12
67062221,70.68,current,5,0,2022-12
67090592,49.97,ex,2,0,2022-12
67118969,70.49,ex,4,1,2020-05
67147352,51.16,non,4,0,2022-12
67175741,38.75,non,2,0,2022-12
67204136,44.32,non,4,0,2022-12
67232537,34.99,non,1,0,2022-12
67260944,54.84,non,3,0,2022-12
67289357,78.06,ex,4,0,2022-12
67317776,87.65,ex,2,0,2022-12
67346201,64.66,non,5,0,2022-12
67374632,79.72,non,2,0,2022-12
67403069,73.55,non,1,0,2022-12
67431512,73.23,non,5,0,2022-12
67459961,44.6,non,2,0,2022-12
67488416,87.76,current,3,0,2022-12
67516877,86.09,non,1,0,2022-12
67545344,63.92,non,1,0,2022-12
67573817,38.43,ex,5,0,2022-12
67602296,66.05,non,5,0,2022-12
67630781,32.37,,4,0,2022-12
67659272,77.56,non,5,0,2022-12
67687769,46.21,ex,3,1,2020-10
67716272,41.67,ex,5,0,2022-12
67744781,74.79,current,1,0,2022-12
67773296,35.21,non,3,0,2022-12
67801817,71.96,non,3,0,2022-12
67830344,82.19,non,2,0,2022-12
67858877,86.52,ex,2,1,2021-02
67887416,46.97,non,4,0,2022-12
67915961,58.78,ex,4,0,2022-12
67944512,57.67,ex,3,0,2022-12
67973069,39.37,non,2,0,2022-12
68001632,54.65,non,1,0,2022-12
68030201,44.45,non,3,0,2022-12
68058776,49.47,non,1,1,2017-03
68087357,73.19,non,5,0,2022-12
68115944,79.38,non,1,0,2022-12
68144537,68.63,,1,0,2022-12
68173136,38.1,non,4,0,2022-12
68201741,70.98,current,4,0,2022-12
68230352,90.66,non,2,1,2020-08
68258969,41.65,non,1,0,2022-12
68287592,82.07,current,2,1,2018-09
68316221,89.57,non,1,0,2022-12
68344856,70.89,non,2,0,2022-12
68373497,38.94,current,4,0,2022-12
68402144,51.0,,4,1,2019-01
68430797,70.43,,1,0,2022-12
68459456,85.89,non,4,1,2021-06
68488121,73.23,non,3,0,2022-12
68516792,51.55,current,2,0,2022-12
68545469,44.29,,1,0,2022-12
68574152,75.83,non,3,0,2022-12
68602841,80.59,ex,1,0,2022-12
68631536,60.27,ex,1,0,2022-12
68660237,73.06,,3,0,2022-12
68688944,64.57,non,5,1,2020-11
68717657,77.64,ex,3,0,2022-12
68746376,84.41,ex,1,1,2018-02
68775101,35.65,ex,2,0,2022-12
68803832,47.28,current,2,0,2022-12
68832569,38.48,,5,0,2022-12
68861312,62.07,,3,0,2022-12
68890061,61.14,,4,0,2022-12
68918816,77.79,ex,1,0,2022-12
68947577,60.51,ex,5,0,2022-12
68976344,70.83,non,2,0,2022-12
69005117,76.04,current,4,0,2022-12
69033896,77.54,,3,0,2022-12
69062681,74.13,current,2,1,2018-03
69091472,65.89,current,2,0,2022-12
69120269,77.08,,1,0,2022-12
69149072,44.19,current,2,0,2022-12
69177881,76.8,non,3,0,2022-12
69206696,78.85,non,2,0,2022-12
69235517,70.82,non,1,0,2022-12
69264344,78.14,,3,1,2018-04
69293177,81.44,current,4,0,2022-12
69322016,74.99,,5,0,2022-12
69350861,89.9,non,5,1,2018-10
69379712,41.16,non,3,0,2022-12
69408569,62.54,non,4,0,2022-12
69437432,50.95,non,2,0,2022-12
69466301,67.27,non,1,1,2020-07
69495176,48.14,ex,3,0,2022-12
69524057,78.59,non,3,0,2022-12
69552944,86.08,current,2,1,2020-04
69581837,89.54,non,1,1,2021-06
69610736,59.36,non,4,0,2022-12
69639641,79.09,ex,5,0,2022-12
69668552,69.47,non,2,0,2022-12
69697469,50.51,current,2,0,2022-12
69726392,62.74,non,4,1,2019-10
69755321,73.55,non,5,0,2022-12
69784256,69.3,ex,3,0,2022-12
69813197,76.69,ex,2,1,2018-09
69842144,51.67,ex,3,0,2022-12
69871097,50.46,non,3,0,2022-12
69900056,62.62,non,1,0,2022-12
69929021,88.32,ex,4,0,2022-12
69957992,51.49,non,4,0,2022-12
69986969,90.47,non,1,1,2018-11
70015952,89.04,ex,2,0,2022-12
70044941,64.92,ex,4,1,2021-04
70073936,36.58,ex,3,0,2022-12
70102937,34.96,non,4,0,2022-12
70131944,44.36,ex,3,0,2022-12
70160957,46.5,non,1,0,2022-12
70189976,37.21,current,4,0,2022-12
70219001,68.79,non,4,0,2022-12
70248032,72.34,non,4,0,2022-12
70277069,73.43,non,4,0,2022-12
70306112,86.36,ex,2,0,2022-12
70335161,77.44,non,5,0,2022-12
70364216,38.48,non,3,0,2022-12
70393277,51.17,non,4,0,2022-12
70422344,63.29,non,1,0,2022-12
70451417,81.71,non,5,0,2022-12
70480496,52.22,non,2,0,2022-12
70509581,67.48,non,5,0,2022-12
70538672,79.33,non,2,0,2022-12
70567769,40.45,,5,0,2022-12
70596872,75.15,non,1,0,2022-12
70625981,87.44,,4,0,2022-12
70655096,83.94,non,4,1,2017-04
70684217,48.63,,5,0,2022-12
70713344,58.7,non,4,0,2022-12
70742477,52.3,non,3,0,2022-12
70771616,54.47,non,4,0,2022-12
70800761,43.44,non,1,0,2022-12
70829912,62.17,ex,1,1,2022-09
70859069,35.23,ex,5,0,2022-12
70888232,34.78,non,1,0,2022-12
70917401,70.43,ex,3,0,2022-12
70946576,78.23,non,4,0,2022-12
70975757,56.0,non,1,0,2022-12
71004944,40.5,non,5,0,2022-12
71034137,45.59,non,1,0,2022-12
71063336,47.12,ex,2,0,2022-12
71092541,47.77,non,1,0,2022-12
71121752,48.61,current,1,0,2022-12
71150969,44.84,non,3,0,2022-12
71180192,86.55,non,5,0,2022-12
71209421,81.98,non,2,0,2022-12
71238656,74.75,current,3,1,2018-05
71267897,65.34,non,1,0,2022-12
71297144,44.53,current,5,0,2022-12
71326397,46.34,non,2,0,2022-12
71355656,63.97,non,2,0,2022-12
71384921,81.62,non,1,1,2019-04
71414192,90.5,ex,1,0,2022-12
71443469,75.67,current,1,0,2022-12
71472752,70.61,non,2,1,2021-09
71502041,33.94,,1,0,2022-12
71531336,44.38,non,2,0,2022-12
71560637,72.26,non,2,1,2019-01
71589944,53.08,non,1,0,2022-12
71619257,67.25,non,2,0,2022-12
71648576,68.14,,1,0,2022-12
71677901,63.65,ex,4,1,2021-03
71707232,81.48,non,3,0,2022-12
71736569,64.2,non,5,0,2022-12
71765912,43.77,ex,4,0,2022-12
71795261,46.25,current,1,0,2022-12
71824616,37.72,non,1,0,2022-12
71853977,59.24,,4,0,2022-12
71883344,49.33,non,4,0,2022-12
71912717,73.05,current,1,0,2022-12
71942096,57.24,ex,4,0,2022-12
71971481,35.47,,1,0,2022-12
72000872,54.08,current,1,0,2022-12
72030269,85.95,non,3,0,2022-12
72059672,44.39,ex,1,0,2022-12
72089081,66.31,non,3,0,2022-12
72118496,34.4,non,5,0,2022-12
72147917,77.72,,5,0,2022-12
72177344,37.83,non,4,0,2022-12
72206777,89.95,non,3,0,2022-12
72236216,91.75,,4,0,2022-12
72265661,35.19,current,2,0,2022-12
72295112,42.3,non,5,0,2022-12
72324569,33.86,current,4,0,2022-12
72354032,38.29,non,5,0,2022-12
72383501,53.51,non,3,0,2022-12
72412976,78.35,non,4,1,2022-08
72442457,42.91,non,4,0,2022-12
72471944,51.01,ex,2,1,2017-06
72501437,36.87,current,2,0,2022-12
72530936,33.85,current,5,1,2021-01
72560441,71.78,ex,4,1,2018-05
72589952,68.44,non,2,1,2019-11
72619469,33.14,ex,5,0,2022-12
72648992,44.25,,3,0,2022-12
72678521,41.15,non,4,0,2022-12
72708056,84.47,ex,3,0,2022-12
72737597,61.04,,3,1,2018-03
72767144,76.63,non,4,0,2022-12
72796697,43.28,non,3,0,2022-12
72826256,72.67,non,5,0,2022-12
72855821,58.55,,2,0,2022-12
72885392,36.75,non,1,0,2022-12
72914969,38.37,non,5,1,2021-01
72944552,75.42,non,5,0,2022-12
72974141,85.36,non,1,1,2020-03
73003736,86.44,non,1,1,2017-02
73033337,52.68,current,2,0,2022-12
73062944,87.02,,5,1,2018-01
73092557,85.67,,2,0,2022-12
73122176,76.1,non,5,0,2022-12
73151801,59.82,non,5,1,2020-09
73181432,79.02,non,1,0,2022-12
73211069,63.8,ex,1,1,2018-08
73240712,82.22,ex,5,0,2022-12
73270361,62.56,ex,5,1,2020-04
73300016,40.35,,3,0,2022-12
73329677,42.27,ex,4,0,2022-12
73359344,79.54,non,3,1,2019-03
73389017,72.96,non,5,1,2020-10
73418696,38.03,non,1,0,2022-12
73448381,49.13,,5,0,2022-12
73478072,40.24,non,5,0,2022-12
73507769,50.08,non,5,0,2022-12
73537472,33.32,non,1,0,2022-12
73567181,47.83,non,5,0,2022-12
73596896,38.23,current,5,0,2022-12
73626617,80.92,non,3,0,2022-12
73656344,35.83,non,5,0,2022-12
73686077,55.7,,4,0,2022-12
73715816,59.3,non,4,0,2022-12
73745561,84.04,non,1,0,2022-12
73775312,74.85,current,4,0,2022-12
73805069,49.55,current,3,0,2022-12
73834832,65.82,ex,3,0,2022-12
73864601,45.35,current,5,0,2022-12
73894376,67.33,non,2,0,2022-12
73924157,67.96,non,3,0,2022-12
73953944,74.58,current,3,1,2020-04
73983737,90.44,ex,4,1,2017-07
74013536,90.02,non,1,0,2022-12
74043341,88.69,,4,1,2017-05
74073152,70.95,non,3,0,2022-12
74102969,46.44,non,3,1,2017-06
74132792,81.35,current,5,1,2020-05
74162621,89.59,non,1,1,2017-08
74192456,36.51,non,1,0,2022-12
74222297,72.58,ex,5,0,2022-12
74252144,74.68,non,4,0,2022-12
74281997,90.3,non,1,0,2022-12
74311856,84.29,non,4,1,2021-02
74341721,70.26,non,2,1,2017-09
74371592,41.74,non,5,0,2022-12
74401469,75.63,non,1,0,2022-12
74431352,55.09,non,5,0,2022-12
74461241,90.94,non,5,1,2019-04
74491136,80.27,,4,1,2020-10
74521037,74.29,current,1,0,2022-12
74550944,34.21,non,4,0,2022-12
74580857,86.47,non,4,0,2022-12
74610776,62.94,,2,1,2021-01
74640701,36.42,non,2,0,2022-12
74670632,49.84,non,3,0,2022-12
74700569,61.74,,1,0,2022-12
74730512,90.11,non,4,0,2022-12
74760461,51.04,ex,5,0,2022-12
74790416,58.8,non,3,0,2022-12
74820377,35.28,,1,0,2022-12
74850344,41.91,non,1,0,2022-12
74880317,72.8,non,5,1,2018-04
74910296,79.32,ex,4,0,2022-12
74940281,62.66,non,3,0,2022-12
74970272,56.94,current,2,0,2022-12
