Patient_ID,Measure,Value,Description,Date,Unit
55444472,SBP,105.23,Systolic blood pressure,2013-09,mmHg
49524176,eGFR,83.32,LOINC: 33914-3,2013-05,mL/min/1.73m2
842969,eGFR,85.91,LOINC: 33914-3,2014-05,mL/min/1.73m2
36310592,HbA1c,4.63,HbA1c,2015-11,%
54162272,SBP,114.76,Systolic BP,2014-04,mmHg
60669296,SBP,124.44,Systolic BP,2013-01,mmHg
11174969,eGFR,86.91,Estimated GFR,2012-04,mL/min/1.73m2
1146041,HbA1c,4.67,Glycated haemoglobin,2014-11,%
243944,eGFR,89.84,Estimated GFR,2016-11,mL/min/1.73m2
40848569,eGFR,88.84,eGFR,2014-06,mL/min/1.73m2
12205136,eGFR,74.27,eGFR,2014-07,mL/min/1.73m2
1190969,eGFR,81.03,Estimated GFR,2016-12,mL/min/1.73m2
9601832,eGFR,91.28,Estimated GFR,2013-03,mL/min/1.73m2
57579752,SBP,151.24,SBP,2015-02,mmHg
6922352,eGFR,89.12,eGFR,2012-04,mL/min/1.73m2
2076941,eGFR,78.29,Estimated GFR,2015-10,mL/min/1.73m2
52844696,HbA1c,4.86,HbA1c,2013-10,%
3763469,SBP,127.56,SBP,2015-11,mmHg
66073016,HbA1c,5.21,HbA1c,2013-07,%
50849336,SBP,119.31,Systolic BP,2012-01,mmHg
36687296,HbA1c,5.39,Glycated haemoglobin,2012-04,%
40011581,eGFR,83.22,LOINC: 33914-3,2015-11,mL/min/1.73m2
63480269,SBP,126.89,SBP,2015-02,mmHg
2822969,eGFR,74.25,Estimated GFR,2013-07,mL/min/1.73m2
3531944,eGFR,79.95,Estimated GFR,2012-05,mL/min/1.73m2
26445152,SBP,120.43,Systolic blood pressure,2012-10,mmHg
47897,eGFR,87.52,Estimated GFR,2016-09,mL/min/1.73m2
60804281,SBP,121.38,Systolic blood pressure,2014-05,mmHg
17729552,HbA1c,5.17,Hb A1c,2013-01,%
1033976,SBP,107.2,SBP,2014-03,mmHg
9010136,eGFR,84.21,LOINC: 33914-3,2014-07,mL/min/1.73m2
22853069,SBP,149.83,Systolic blood pressure,2015-05,mmHg
340976,HbA1c,4.53,Hb A1c,2014-08,%
43869197,eGFR,95.62,Estimated GFR,2016-11,mL/min/1.73m2
73359344,HbA1c,6.56,Hb A1c,2013-09,%
64116656,HbA1c,5.5,Hb A1c,2013-03,%
238841,eGFR,87.06,eGFR,2012-05,mL/min/1.73m2
40981517,HbA1c,5.55,Glycated haemoglobin,2012-12,%
34010336,eGFR,84.93,Estimated GFR,2015-11,mL/min/1.73m2
2457344,eGFR,77.21,LOINC: 33914-3,2015-11,mL/min/1.73m2
6553721,eGFR,87.18,LOINC: 33914-3,2012-09,mL/min/1.73m2
21437,eGFR,74.17,LOINC: 33914-3,2014-08,mL/min/1.73m2
43469,HbA1c,6.41,HbA1c,2012-12,%
22113944,HbA1c,4.09,HbA1c,2016-10,%
55780301,SBP,130.28,SBP,2012-04,mmHg
9271961,HbA1c,6.51,HbA1c,2016-03,%
11654792,SBP,104.64,Systolic blood pressure,2012-08,mmHg
438041,SBP,117.56,Systolic blood pressure,2012-08,mmHg
39009977,HbA1c,4.85,Hb A1c,2014-03,%
22424537,SBP,142.49,Systolic BP,2012-06,mmHg
58582952,eGFR,87.87,Estimated GFR,2015-03,mL/min/1.73m2
73567181,HbA1c,31.17,Glycated haemoglobin,2013-06,mmol/mol
69668552,SBP,132.42,SBP,2013-07,mmHg
5565401,HbA1c,5.17,Glycated haemoglobin,2015-05,%
1568456,HbA1c,4.22,Hb A1c,2016-07,%
18975944,HbA1c,5.42,HbA1c,2016-01,%
37425341,eGFR,77.75,LOINC: 33914-3,2013-08,mL/min/1.73m2
22819961,eGFR,80.4,Estimated GFR,2015-11,mL/min/1.73m2
28626032,HbA1c,5.11,Glycated haemoglobin,2012-02,%
37935677,SBP,126.19,Systolic BP,2013-04,mmHg
599696,eGFR,70.99,Estimated GFR,2014-07,mL/min/1.73m2
17773337,HbA1c,5.28,Hb A1c,2013-02,%
41963069,HbA1c,4.89,Hb A1c,2015-02,%
73507769,SBP,132.36,Systolic blood pressure,2016-05,mmHg
57869261,eGFR,94.6,Estimated GFR,2012-12,mL/min/1.73m2
42616352,SBP,113.68,SBP,2015-11,mmHg
524441,SBP,127.27,Systolic blood pressure,2013-07,mmHg
45583481,HbA1c,4.21,Hb A1c,2016-04,%
51543344,HbA1c,4.52,HbA1c,2016-07,%
33344,SBP,124.36,Systolic BP,2012-01,mmHg
69697469,eGFR,96.34,Estimated GFR,2016-05,mL/min/1.73m2
618617,SBP,140.48,Systolic BP,2014-07,mmHg
49817144,eGFR,86.42,eGFR,2013-11,mL/min/1.73m2
22638296,HbA1c,5.46,HbA1c,2013-07,%
24265277,HbA1c,4.45,Glycated haemoglobin,2014-03,%
31124792,eGFR,93.55,eGFR,2012-09,mL/min/1.73m2
14035976,SBP,88.84,Systolic blood pressure,2014-01,mmHg
1920269,SBP,141.84,Systolic BP,2015-07,mmHg
1136,SBP,126.37,Systolic blood pressure,2015-03,mmHg
36477776,eGFR,77.83,Estimated GFR,2016-04,mL/min/1.73m2
14100941,eGFR,80.15,Estimated GFR,2012-01,mL/min/1.73m2
283016,eGFR,80.57,LOINC: 33914-3,2015-04,mL/min/1.73m2
69091472,HbA1c,4.54,Glycated haemoglobin,2014-04,%
264896,HbA1c,6.1,HbA1c,2015-05,%
8059232,eGFR,84.22,Estimated GFR,2015-07,mL/min/1.73m2
10513421,SBP,110.51,Systolic BP,2012-11,mmHg
13280717,eGFR,87.18,eGFR,2015-05,mL/min/1.73m2
63563096,HbA1c,6.71,Glycated haemoglobin,2015-05,%
10356761,SBP,133.01,SBP,2016-07,mmHg
17511437,SBP,115.82,Systolic BP,2012-03,mmHg
679997,eGFR,84.2,LOINC: 33914-3,2014-03,mL/min/1.73m2
67858877,eGFR,86.5,Estimated GFR,2014-10,mL/min/1.73m2
74401469,eGFR,74.52,Estimated GFR,2013-11,mL/min/1.73m2
6759272,eGFR,86.73,Estimated GFR,2013-11,mL/min/1.73m2
28496441,eGFR,82.26,Estimated GFR,2012-02,mL/min/1.73m2
3623672,SBP,107.27,SBP,2015-05,mmHg
23823641,HbA1c,4.73,Glycated haemoglobin,2012-11,%
55109657,eGFR,88.04,LOINC: 33914-3,2014-01,mL/min/1.73m2
74491136,HbA1c,3.72,Glycated haemoglobin,2013-02,%
15201272,HbA1c,4.77,Hb A1c,2012-12,%
43297472,eGFR,73.95,Estimated GFR,2013-02,mL/min/1.73m2
57238541,eGFR,82.88,LOINC: 33914-3,2016-01,mL/min/1.73m2
64700477,SBP,129.26,Systolic blood pressure,2015-02,mmHg
6412601,SBP,108.1,Systolic blood pressure,2015-06,mmHg
11952317,HbA1c,5.26,HbA1c,2013-07,%
1638632,HbA1c,28.41,HbA1c,2015-11,mmol/mol
72767144,HbA1c,5.93,Hb A1c,2014-11,%
858944,SBP,143.84,SBP,2013-11,mmHg
1516832,SBP,100.73,Systolic BP,2015-02,mmHg
514457,SBP,117.55,Systolic BP,2012-07,mmHg
10864496,SBP,128.36,SBP,2015-05,mmHg
1037,HbA1c,3.98,Hb A1c,2016-06,%
20405261,HbA1c,4.42,Hb A1c,2013-08,%
3696569,SBP,132.92,Systolic BP,2012-12,mmHg
22375352,HbA1c,4.26,HbA1c,2012-06,%
58053872,eGFR,91.81,LOINC: 33914-3,2015-03,mL/min/1.73m2
6212432,HbA1c,3.82,HbA1c,2015-08,%
38729216,SBP,132.61,Systolic blood pressure,2016-05,mmHg
11024936,HbA1c,5.47,Hb A1c,2016-03,%
26231816,eGFR,77.35,Estimated GFR,2012-11,mL/min/1.73m2
9741881,SBP,139.19,SBP,2012-10,mmHg
48264632,eGFR,91.92,Estimated GFR,2015-11,mL/min/1.73m2
39204944,eGFR,77.54,eGFR,2013-04,mL/min/1.73m2
44629616,SBP,123.18,Systolic blood pressure,2013-02,mmHg
19051469,SBP,110.81,Systolic blood pressure,2012-07,mmHg
32393657,eGFR,87.63,Estimated GFR,2015-06,mL/min/1.73m2
823997,eGFR,70.75,Estimated GFR,2014-11,mL/min/1.73m2
334937,HbA1c,5.84,Hb A1c,2014-09,%
20530637,HbA1c,3.69,Hb A1c,2016-10,%
8237216,eGFR,77.97,LOINC: 33914-3,2012-09,mL/min/1.73m2
6333896,SBP,124.35,Systolic BP,2014-09,mmHg
6858701,HbA1c,4.66,HbA1c,2016-03,%
9731072,eGFR,81.12,eGFR,2012-12,mL/min/1.73m2
21306944,eGFR,87.36,LOINC: 33914-3,2016-09,mL/min/1.73m2
16511417,HbA1c,5.04,HbA1c,2016-04,%
1172144,HbA1c,5.55,HbA1c,2014-04,%
6553721,SBP,134.31,Systolic BP,2014-11,mmHg
4601,eGFR,91.05,eGFR,2015-08,mL/min/1.73m2
6831512,HbA1c,5.49,Glycated haemoglobin,2013-01,%
27579341,HbA1c,4.1,Hb A1c,2014-01,%
14533472,eGFR,81.45,Estimated GFR,2015-02,mL/min/1.73m2
22032569,SBP,146.79,Systolic blood pressure,2016-07,mmHg
26892377,SBP,122.41,SBP,2014-05,mmHg
2770832,HbA1c,5.64,Glycated haemoglobin,2012-07,%
22638296,eGFR,87.7,Estimated GFR,2015-03,mL/min/1.73m2
55857944,eGFR,91.52,Estimated GFR,2013-12,mL/min/1.73m2
20735192,eGFR,69.27,LOINC: 33914-3,2015-05,mL/min/1.73m2
59942969,HbA1c,42.33,HbA1c,2015-04,mmol/mol
602381,eGFR,86.63,Estimated GFR,2014-02,mL/min/1.73m2
4392569,SBP,125.74,Systolic blood pressure,2016-05,mmHg
24952637,HbA1c,5.99,Glycated haemoglobin,2016-12,%
69986969,SBP,145.73,Systolic blood pressure,2012-06,mmHg
17905016,eGFR,77.84,Estimated GFR,2016-12,mL/min/1.73m2
10830269,eGFR,78.45,Estimated GFR,2013-11,mL/min/1.73m2
11595737,HbA1c,3.49,HbA1c,2014-12,%
17222717,eGFR,86.65,LOINC: 33914-3,2014-11,mL/min/1.73m2
12265721,eGFR,85.95,LOINC: 33914-3,2016-09,mL/min/1.73m2
73448381,HbA1c,5.13,HbA1c,2012-01,%
32828861,HbA1c,5.29,HbA1c,2014-09,%
431192,eGFR,81.49,Estimated GFR,2012-05,mL/min/1.73m2
643376,eGFR,87.74,Estimated GFR,2016-10,mL/min/1.73m2
47211536,HbA1c,4.93,Glycated haemoglobin,2016-11,%
64088921,SBP,138.15,Systolic blood pressure,2013-05,mmHg
1198541,SBP,99.48,SBP,2014-12,mmHg
13092032,SBP,164.21,Systolic blood pressure,2013-11,mmHg
33386957,SBP,137.37,Systolic BP,2013-04,mmHg
5132861,eGFR,78.3,Estimated GFR,2012-07,mL/min/1.73m2
12048317,SBP,131.89,Systolic BP,2014-12,mmHg
9612569,eGFR,92.51,eGFR,2012-08,mL/min/1.73m2
73277,HbA1c,4.38,Hb A1c,2015-11,%
33889232,HbA1c,5.31,HbA1c,2016-02,%
16370957,SBP,143.66,SBP,2015-12,mmHg
67573817,HbA1c,4.17,Hb A1c,2013-04,%
17496944,HbA1c,5.15,Hb A1c,2014-03,%
51593096,eGFR,86.12,eGFR,2015-04,mL/min/1.73m2
26623592,eGFR,78.22,LOINC: 33914-3,2014-01,mL/min/1.73m2
14113952,eGFR,84.04,eGFR,2015-01,mL/min/1.73m2
41070269,eGFR,84.93,LOINC: 33914-3,2013-06,mL/min/1.73m2
46997561,HbA1c,4.41,Hb A1c,2015-05,%
20893232,eGFR,86.58,eGFR,2015-12,mL/min/1.73m2
12048317,HbA1c,5.25,Glycated haemoglobin,2015-10,%
22753817,eGFR,80.82,eGFR,2016-01,mL/min/1.73m2
12546344,HbA1c,4.29,Glycated haemoglobin,2016-11,%
69177881,HbA1c,4.02,Hb A1c,2015-11,%
3434969,eGFR,86.08,eGFR,2012-01,mL/min/1.73m2
19507769,SBP,127.27,Systolic BP,2015-08,mmHg
57895616,SBP,135.45,Systolic BP,2013-01,mmHg
22211792,eGFR,84.36,eGFR,2015-02,mL/min/1.73m2
53273657,SBP,107.52,Systolic BP,2013-10,mmHg
79976,SBP,148.1,Systolic BP,2015-10,mmHg
347069,SBP,126.57,Systolic blood pressure,2014-03,mmHg
36582461,HbA1c,4.14,Hb A1c,2013-11,%
13984112,HbA1c,4.57,Hb A1c,2013-06,%
6212432,SBP,138.25,Systolic BP,2015-09,mmHg
34293752,SBP,114.14,Systolic BP,2012-02,mmHg
67062221,HbA1c,4.59,Glycated haemoglobin,2012-09,%
4583357,SBP,113.75,Systolic blood pressure,2016-08,mmHg
46311392,HbA1c,7.02,HbA1c,2013-07,%
25282496,HbA1c,6.43,HbA1c,2015-12,%
58609469,SBP,115.9,Systolic blood pressure,2015-01,mmHg
28127801,eGFR,85.19,LOINC: 33914-3,2012-11,mL/min/1.73m2
74431352,eGFR,81.32,LOINC: 33914-3,2014-09,mL/min/1.73m2
5663897,HbA1c,4.21,Glycated haemoglobin,2016-08,%
2517437,SBP,124.96,Systolic BP,2016-11,mmHg
30701072,SBP,126.2,Systolic blood pressure,2012-10,mmHg
68287592,SBP,151.55,Systolic blood pressure,2013-04,mmHg
11548601,HbA1c,4.72,Glycated haemoglobin,2014-09,%
26409536,HbA1c,6.49,HbA1c,2013-08,%
30681881,SBP,116.03,Systolic blood pressure,2016-06,mmHg
222221,HbA1c,5.21,Glycated haemoglobin,2013-04,%
26037017,HbA1c,6.09,Glycated haemoglobin,2016-07,%
74940281,HbA1c,4.56,Hb A1c,2012-09,%
792857,eGFR,83.21,LOINC: 33914-3,2015-05,mL/min/1.73m2
36185456,SBP,121.33,SBP,2013-10,mmHg
11749592,SBP,136.98,Systolic blood pressure,2013-02,mmHg
67830344,eGFR,83.31,LOINC: 33914-3,2014-10,mL/min/1.73m2
10547144,SBP,135.37,SBP,2012-05,mmHg
3486521,eGFR,70.02,LOINC: 33914-3,2015-03,mL/min/1.73m2
43411517,eGFR,89.57,eGFR,2014-05,mL/min/1.73m2
32571344,eGFR,97.88,LOINC: 33914-3,2016-06,mL/min/1.73m2
74730512,eGFR,70.96,LOINC: 33914-3,2014-08,mL/min/1.73m2
47068832,HbA1c,6.92,HbA1c,2015-01,%
2291897,HbA1c,5.16,Glycated haemoglobin,2014-08,%
54366416,HbA1c,6.43,Hb A1c,2016-01,%
29035232,HbA1c,4.55,HbA1c,2013-07,%
12904697,HbA1c,4.97,Hb A1c,2014-03,%
13268096,HbA1c,5.53,Hb A1c,2012-09,%
57238541,SBP,135.15,SBP,2013-09,mmHg
4002344,SBP,123.69,Systolic blood pressure,2013-09,mmHg
12084416,SBP,127.69,SBP,2015-03,mmHg
25931069,SBP,115.21,Systolic BP,2014-09,mmHg
6651632,eGFR,78.82,eGFR,2012-03,mL/min/1.73m2
74910296,HbA1c,5.99,Glycated haemoglobin,2013-05,%
29278397,eGFR,85.69,LOINC: 33914-3,2014-04,mL/min/1.73m2
161741,eGFR,86.41,Estimated GFR,2013-02,mL/min/1.73m2
1131257,eGFR,82.33,eGFR,2014-05,mL/min/1.73m2
20202344,SBP,113.78,Systolic blood pressure,2016-03,mmHg
210944,HbA1c,6.15,Glycated haemoglobin,2016-01,%
18645416,HbA1c,4.72,Hb A1c,2012-10,%
42865469,HbA1c,4.28,Hb A1c,2014-05,%
2495501,eGFR,87.92,LOINC: 33914-3,2013-07,mL/min/1.73m2
618617,eGFR,80.58,eGFR,2012-03,mL/min/1.73m2
42075344,SBP,135.58,Systolic BP,2012-03,mmHg
1925072,HbA1c,4.81,Hb A1c,2015-09,%
17685821,HbA1c,4.46,Hb A1c,2016-04,%
567944,HbA1c,4.28,Glycated haemoglobin,2015-01,%
42041,HbA1c,5.05,HbA1c,2013-12,%
42435632,eGFR,81.8,eGFR,2012-11,mL/min/1.73m2
8711117,SBP,155.67,Systolic blood pressure,2016-06,mmHg
17714969,SBP,123.23,Systolic blood pressure,2015-02,mmHg
7461056,SBP,134.32,Systolic blood pressure,2014-10,mmHg
47378297,HbA1c,4.97,Glycated haemoglobin,2016-08,%
52618301,eGFR,82.71,Estimated GFR,2012-01,mL/min/1.73m2
3551501,SBP,106.92,Systolic blood pressure,2015-07,mmHg
2144,eGFR,88.63,LOINC: 33914-3,2014-09,mL/min/1.73m2
5508344,HbA1c,4.69,Hb A1c,2012-10,%
45116921,SBP,136.16,Systolic blood pressure,2012-02,mmHg
17540441,HbA1c,4.26,HbA1c,2015-12,%
32118221,eGFR,77.11,Estimated GFR,2016-11,mL/min/1.73m2
42142781,SBP,113.06,Systolic blood pressure,2016-11,mmHg
24043952,SBP,118.7,Systolic BP,2016-11,mmHg
18675344,eGFR,93.52,eGFR,2015-03,mL/min/1.73m2
40451021,HbA1c,4.53,HbA1c,2012-09,%
37765181,SBP,114.32,Systolic BP,2012-03,mmHg
37978361,HbA1c,4.52,Hb A1c,2012-08,%
814592,HbA1c,4.72,Hb A1c,2016-08,%
49378016,HbA1c,6.02,Hb A1c,2014-04,%
24676541,HbA1c,4.82,Glycated haemoglobin,2013-01,%
22000061,SBP,105.89,Systolic blood pressure,2013-12,mmHg
4516856,SBP,124.82,SBP,2015-10,mmHg
823997,HbA1c,7.51,HbA1c,2016-01,%
52217021,HbA1c,5.25,HbA1c,2016-11,%
150797,eGFR,87.81,Estimated GFR,2015-02,mL/min/1.73m2
65007344,HbA1c,4.55,Glycated haemoglobin,2013-06,%
16525496,HbA1c,4.42,Hb A1c,2016-10,%
42820121,SBP,152.68,Systolic BP,2012-05,mmHg
67773296,HbA1c,6.28,HbA1c,2012-08,%
927677,SBP,96.99,Systolic BP,2013-05,mmHg
21773177,HbA1c,6.29,Hb A1c,2016-04,%
632,SBP,108.36,SBP,2012-06,mmHg
58981337,HbA1c,6.57,Hb A1c,2013-04,%
6255677,eGFR,84.71,eGFR,2014-02,mL/min/1.73m2
1033976,eGFR,88.21,eGFR,2016-05,mL/min/1.73m2
21547469,HbA1c,8.45,HbA1c,2016-06,%
1487117,eGFR,84.34,Estimated GFR,2015-10,mL/min/1.73m2
17583992,HbA1c,4.0,HbA1c,2012-02,%
14852144,HbA1c,5.92,HbA1c,2016-11,%
924344,eGFR,94.32,Estimated GFR,2013-02,mL/min/1.73m2
55625177,HbA1c,4.0,Hb A1c,2013-01,%
16441112,eGFR,83.44,Estimated GFR,2014-08,mL/min/1.73m2
8803376,SBP,126.72,Systolic BP,2012-02,mmHg
4305881,SBP,124.41,SBP,2015-07,mmHg
50824637,eGFR,87.15,LOINC: 33914-3,2014-09,mL/min/1.73m2
27325241,HbA1c,4.18,Hb A1c,2012-05,%
70917401,eGFR,91.28,eGFR,2012-03,mL/min/1.73m2
33246992,SBP,131.01,Systolic blood pressure,2013-03,mmHg
8731577,SBP,94.01,Systolic BP,2014-09,mmHg
56976761,HbA1c,4.51,HbA1c,2015-01,%
71853977,HbA1c,5.95,Glycated haemoglobin,2012-10,%
13129661,eGFR,90.09,eGFR,2016-01,mL/min/1.73m2
237152,SBP,128.17,Systolic BP,2012-06,mmHg
12436157,eGFR,90.54,LOINC: 33914-3,2015-06,mL/min/1.73m2
42390512,SBP,124.69,Systolic BP,2013-11,mmHg
39291752,eGFR,89.41,Estimated GFR,2012-05,mL/min/1.73m2
65623256,SBP,120.25,SBP,2016-09,mmHg
3974672,eGFR,72.11,LOINC: 33914-3,2016-07,mL/min/1.73m2
50602616,HbA1c,4.31,Hb A1c,2013-04,%
5354957,HbA1c,5.19,Hb A1c,2016-07,%
48553856,eGFR,85.03,eGFR,2015-12,mL/min/1.73m2
7432697,HbA1c,3.61,Glycated haemoglobin,2015-08,%
1856,HbA1c,4.95,Hb A1c,2014-04,%
36352352,eGFR,71.29,LOINC: 33914-3,2015-03,mL/min/1.73m2
25474457,HbA1c,4.12,HbA1c,2012-04,%
802136,eGFR,87.37,Estimated GFR,2014-07,mL/min/1.73m2
27198632,SBP,125.78,Systolic BP,2013-06,mmHg
38085176,eGFR,80.46,Estimated GFR,2013-07,mL/min/1.73m2
23335832,eGFR,87.37,Estimated GFR,2016-10,mL/min/1.73m2
2381912,eGFR,99.17,LOINC: 33914-3,2013-03,mL/min/1.73m2
27670376,SBP,132.89,SBP,2012-02,mmHg
2152496,SBP,151.36,SBP,2012-02,mmHg
25772552,eGFR,83.27,Estimated GFR,2015-02,mL/min/1.73m2
114344,HbA1c,5.36,Hb A1c,2014-01,%
135101,HbA1c,7.15,HbA1c,2016-06,%
16105736,eGFR,84.08,Estimated GFR,2014-02,mL/min/1.73m2
29390969,SBP,106.52,Systolic BP,2014-05,mmHg
46075952,HbA1c,5.27,HbA1c,2012-07,%
57842912,SBP,109.49,Systolic BP,2014-08,mmHg
39639944,HbA1c,5.2,Hb A1c,2014-06,%
198416,SBP,118.89,SBP,2013-06,mmHg
54264296,eGFR,89.22,Estimated GFR,2013-04,mL/min/1.73m2
56872217,HbA1c,4.93,Glycated haemoglobin,2015-09,%
270269,HbA1c,4.62,Glycated haemoglobin,2015-04,%
55547696,eGFR,65.41,LOINC: 33914-3,2012-11,mL/min/1.73m2
74580857,SBP,118.15,Systolic blood pressure,2016-10,mmHg
15418136,HbA1c,4.71,Hb A1c,2014-09,%
60534461,SBP,134.56,Systolic blood pressure,2016-09,mmHg
560141,eGFR,89.01,Estimated GFR,2014-07,mL/min/1.73m2
73567181,eGFR,80.92,LOINC: 33914-3,2012-12,mL/min/1.73m2
3974672,SBP,119.33,Systolic blood pressure,2013-10,mmHg
73953944,eGFR,83.06,Estimated GFR,2013-01,mL/min/1.73m2
21437,SBP,144.38,Systolic BP,2014-06,mmHg
20940761,SBP,150.98,SBP,2013-09,mmHg
18347456,eGFR,82.93,LOINC: 33914-3,2012-03,mL/min/1.73m2
48674621,SBP,135.38,SBP,2012-12,mmHg
71589944,SBP,138.2,Systolic BP,2015-05,mmHg
45583481,eGFR,86.15,eGFR,2015-07,mL/min/1.73m2
237152,eGFR,77.5,eGFR,2013-07,mL/min/1.73m2
54775856,eGFR,91.32,Estimated GFR,2014-05,mL/min/1.73m2
41895776,HbA1c,4.09,Hb A1c,2015-12,%
5195837,eGFR,91.3,Estimated GFR,2016-03,mL/min/1.73m2
2127161,eGFR,86.93,LOINC: 33914-3,2012-10,mL/min/1.73m2
1466072,HbA1c,4.15,Glycated haemoglobin,2016-11,%
30070937,SBP,118.76,SBP,2015-02,mmHg
3226376,SBP,115.88,Systolic blood pressure,2015-12,mmHg
11976281,SBP,156.42,SBP,2014-09,mmHg
61780601,eGFR,85.42,eGFR,2014-11,mL/min/1.73m2
163136,eGFR,77.69,eGFR,2015-08,mL/min/1.73m2
16879421,SBP,121.45,SBP,2014-11,mmHg
61698944,HbA1c,4.61,Glycated haemoglobin,2014-07,%
74073152,SBP,89.92,SBP,2015-11,mmHg
5000312,SBP,125.24,Systolic BP,2013-01,mmHg
5403161,SBP,136.31,Systolic blood pressure,2013-04,mmHg
46760381,SBP,127.04,Systolic blood pressure,2016-11,mmHg
29390969,eGFR,95.75,LOINC: 33914-3,2015-10,mL/min/1.73m2
4002344,HbA1c,4.97,HbA1c,2014-07,%
19157456,eGFR,83.75,eGFR,2016-05,mL/min/1.73m2
40693736,HbA1c,4.63,Hb A1c,2013-08,%
1194752,eGFR,77.34,Estimated GFR,2014-11,mL/min/1.73m2
16624217,SBP,130.27,Systolic BP,2012-10,mmHg
30223097,SBP,143.56,SBP,2014-12,mmHg
58232,eGFR,93.12,eGFR,2013-09,mL/min/1.73m2
1023437,HbA1c,5.61,Glycated haemoglobin,2012-06,%
47330621,SBP,132.71,Systolic BP,2015-11,mmHg
21837881,HbA1c,4.95,Hb A1c,2012-09,%
1678781,HbA1c,5.73,HbA1c,2016-09,%
2736344,eGFR,82.44,eGFR,2014-11,mL/min/1.73m2
52769177,HbA1c,5.79,Hb A1c,2014-07,%
13662137,SBP,119.38,SBP,2016-02,mmHg
11267801,SBP,144.45,SBP,2013-11,mmHg
19309376,eGFR,93.97,Estimated GFR,2013-11,mL/min/1.73m2
4234301,eGFR,91.19,eGFR,2014-01,mL/min/1.73m2
13674944,SBP,120.34,SBP,2015-07,mmHg
473096,SBP,128.98,SBP,2013-04,mmHg
77069,SBP,130.43,SBP,2013-06,mmHg
1383392,HbA1c,5.68,HbA1c,2015-07,%
2255336,SBP,117.81,Systolic blood pressure,2016-09,mmHg
424397,HbA1c,5.27,Hb A1c,2016-08,%
66411344,SBP,151.42,Systolic BP,2014-09,mmHg
8696,eGFR,92.59,LOINC: 33914-3,2014-03,mL/min/1.73m2
10323344,HbA1c,5.87,Glycated haemoglobin,2014-05,%
57081401,SBP,111.27,Systolic blood pressure,2014-11,mmHg
15187769,eGFR,79.49,Estimated GFR,2012-09,mL/min/1.73m2
974969,SBP,115.86,SBP,2014-04,mmHg
68688944,HbA1c,5.05,HbA1c,2014-01,%
47712701,HbA1c,5.22,Hb A1c,2015-11,%
13280717,SBP,111.17,Systolic BP,2016-06,mmHg
44930969,HbA1c,4.85,HbA1c,2016-02,%
1925072,eGFR,55.09,Estimated GFR,2016-07,mL/min/1.73m2
15884072,eGFR,81.75,Estimated GFR,2016-11,mL/min/1.73m2
9655577,HbA1c,3.79,Glycated haemoglobin,2014-08,%
830297,SBP,124.29,Systolic BP,2015-04,mmHg
14480696,HbA1c,5.39,Glycated haemoglobin,2014-08,%
52442552,HbA1c,4.21,HbA1c,2015-07,%
42661592,HbA1c,6.59,Hb A1c,2015-05,%
54391961,HbA1c,4.68,HbA1c,2012-08,%
49402361,eGFR,86.76,LOINC: 33914-3,2014-05,mL/min/1.73m2
23857469,HbA1c,5.25,HbA1c,2013-08,%
130061,SBP,123.99,Systolic BP,2016-12,mmHg
60345944,SBP,153.88,Systolic blood pressure,2015-08,mmHg
875069,eGFR,79.68,Estimated GFR,2013-05,mL/min/1.73m2
3170621,eGFR,86.82,Estimated GFR,2015-12,mL/min/1.73m2
1030457,eGFR,71.22,Estimated GFR,2012-06,mL/min/1.73m2
60966461,SBP,104.61,Systolic blood pressure,2014-04,mmHg
66185696,SBP,141.16,SBP,2013-04,mmHg
45326576,HbA1c,5.59,Glycated haemoglobin,2013-08,%
2229401,HbA1c,4.81,Hb A1c,2012-12,%
25021901,eGFR,84.84,Estimated GFR,2014-06,mL/min/1.73m2
55186832,SBP,128.82,Systolic BP,2013-07,mmHg
14480696,eGFR,98.43,LOINC: 33914-3,2014-10,mL/min/1.73m2
10841672,SBP,133.18,SBP,2015-03,mmHg
317,HbA1c,6.13,Glycated haemoglobin,2014-09,%
12879821,SBP,118.66,Systolic blood pressure,2012-08,mmHg
27090344,SBP,130.35,SBP,2013-11,mmHg
44444672,HbA1c,4.9,Glycated haemoglobin,2013-07,%
1701296,HbA1c,5.42,Glycated haemoglobin,2015-01,%
45653672,HbA1c,5.04,Hb A1c,2016-12,%
16314941,eGFR,85.6,LOINC: 33914-3,2013-12,mL/min/1.73m2
270269,eGFR,54.11,eGFR,2014-04,mL/min/1.73m2
8157872,HbA1c,4.85,Hb A1c,2015-11,%
5451581,eGFR,85.6,eGFR,2013-02,mL/min/1.73m2
44121944,HbA1c,27.52,Hb A1c,2014-06,mmol/mol
65511056,eGFR,93.85,eGFR,2014-12,mL/min/1.73m2
39183257,eGFR,85.38,LOINC: 33914-3,2013-05,mL/min/1.73m2
61916816,eGFR,84.85,LOINC: 33914-3,2016-03,mL/min/1.73m2
8629517,HbA1c,4.57,HbA1c,2012-01,%
5947661,eGFR,92.72,eGFR,2016-04,mL/min/1.73m2
41159117,eGFR,87.0,eGFR,2015-05,mL/min/1.73m2
15418136,eGFR,77.49,eGFR,2014-03,mL/min/1.73m2
121472,SBP,115.94,SBP,2016-08,mmHg
36394136,HbA1c,4.99,Hb A1c,2015-05,%
5483981,HbA1c,3.87,Glycated haemoglobin,2013-01,%
32670269,SBP,125.36,Systolic blood pressure,2012-06,mmHg
73329677,SBP,95.54,Systolic blood pressure,2013-08,mmHg
11820944,eGFR,77.76,LOINC: 33914-3,2014-07,mL/min/1.73m2
13739069,SBP,135.74,Systolic blood pressure,2014-06,mmHg
40187069,SBP,126.83,Systolic BP,2016-06,mmHg
61998617,SBP,137.2,SBP,2016-04,mmHg
48240569,eGFR,84.99,Estimated GFR,2013-02,mL/min/1.73m2
10990457,SBP,113.71,SBP,2014-01,mmHg
73270361,HbA1c,5.51,Hb A1c,2013-07,%
7883192,SBP,128.29,SBP,2016-10,mmHg
4915469,SBP,119.88,Systolic blood pressure,2016-06,mmHg
60750269,SBP,152.89,Systolic BP,2016-05,mmHg
36981632,HbA1c,4.44,Hb A1c,2013-08,%
34864112,eGFR,76.9,Estimated GFR,2012-02,mL/min/1.73m2
14985944,HbA1c,5.34,Hb A1c,2016-09,%
273881,HbA1c,4.62,Glycated haemoglobin,2016-12,%
8108477,SBP,110.65,Systolic BP,2014-10,mmHg
41985512,eGFR,81.13,eGFR,2013-04,mL/min/1.73m2
72826256,eGFR,83.77,Estimated GFR,2013-09,mL/min/1.73m2
1910681,SBP,136.25,SBP,2014-02,mmHg
1577144,SBP,143.43,Systolic blood pressure,2013-09,mmHg
48481469,HbA1c,5.24,Glycated haemoglobin,2012-05,%
19938521,HbA1c,3.83,HbA1c,2015-05,%
22605344,SBP,121.88,Systolic BP,2012-01,mmHg
49426712,eGFR,82.66,eGFR,2016-10,mL/min/1.73m2
97469,HbA1c,4.24,Glycated haemoglobin,2012-09,%
6509456,eGFR,88.92,Estimated GFR,2014-08,mL/min/1.73m2
59487896,SBP,99.32,Systolic blood pressure,2016-11,mmHg
4092941,SBP,123.04,Systolic blood pressure,2012-05,mmHg
14599577,HbA1c,4.17,Hb A1c,2016-08,%
27944381,SBP,142.38,Systolic blood pressure,2015-03,mmHg
33627581,SBP,141.01,Systolic BP,2013-10,mmHg
66920456,eGFR,90.15,LOINC: 33914-3,2013-02,mL/min/1.73m2
41181344,SBP,132.07,Systolic blood pressure,2012-10,mmHg
284861,HbA1c,3.62,Glycated haemoglobin,2013-02,%
9796016,SBP,132.27,Systolic BP,2012-11,mmHg
24710969,eGFR,86.32,Estimated GFR,2015-01,mL/min/1.73m2
50874041,HbA1c,5.64,Hb A1c,2015-06,%
7472,SBP,157.34,Systolic BP,2014-03,mmHg
25112,HbA1c,4.29,Glycated haemoglobin,2014-12,%
64422137,eGFR,92.3,Estimated GFR,2014-01,mL/min/1.73m2
8336936,SBP,129.76,SBP,2012-01,mmHg
47378297,eGFR,85.12,Estimated GFR,2016-02,mL/min/1.73m2
1315001,eGFR,79.11,eGFR,2015-12,mL/min/1.73m2
19892144,SBP,121.54,SBP,2012-11,mmHg
25878176,HbA1c,4.14,HbA1c,2014-12,%
17424569,HbA1c,5.36,Glycated haemoglobin,2013-06,%
55392896,HbA1c,4.33,HbA1c,2015-05,%
3933344,eGFR,88.23,eGFR,2013-11,mL/min/1.73m2
230456,eGFR,91.52,eGFR,2013-10,mL/min/1.73m2
10818872,SBP,125.28,SBP,2015-08,mmHg
11690297,HbA1c,4.01,Hb A1c,2013-08,%
11384381,SBP,123.61,Systolic blood pressure,2014-11,mmHg
168776,eGFR,84.31,Estimated GFR,2012-04,mL/min/1.73m2
999056,SBP,133.43,Systolic blood pressure,2012-12,mmHg
33386957,HbA1c,3.79,Glycated haemoglobin,2013-11,%
1647512,HbA1c,3.57,Glycated haemoglobin,2013-08,%
23604344,HbA1c,5.42,Hb A1c,2015-10,%
3201536,HbA1c,4.04,HbA1c,2016-09,%
811469,HbA1c,4.49,Glycated haemoglobin,2014-02,%
19446617,eGFR,83.62,LOINC: 33914-3,2013-05,mL/min/1.73m2
49768256,SBP,121.2,Systolic blood pressure,2012-10,mmHg
73003736,eGFR,79.47,LOINC: 33914-3,2013-12,mL/min/1.73m2
6813416,HbA1c,3.86,Glycated haemoglobin,2016-09,%
3577661,SBP,153.87,Systolic BP,2012-10,mmHg
12879821,HbA1c,4.26,HbA1c,2012-04,%
28551944,HbA1c,4.67,Glycated haemoglobin,2012-07,%
61807832,eGFR,85.91,Estimated GFR,2012-05,mL/min/1.73m2
888077,eGFR,85.04,LOINC: 33914-3,2013-02,mL/min/1.73m2
2219069,HbA1c,4.37,Hb A1c,2012-03,%
7527437,SBP,148.72,Systolic BP,2013-05,mmHg
68832569,SBP,111.6,Systolic BP,2012-10,mmHg
1915472,SBP,122.36,Systolic BP,2014-11,mmHg
76112,SBP,144.05,Systolic BP,2013-02,mmHg
58981337,eGFR,88.77,LOINC: 33914-3,2013-02,mL/min/1.73m2
2753561,SBP,91.06,Systolic blood pressure,2013-09,mmHg
64644761,SBP,150.13,Systolic BP,2015-10,mmHg
62572736,SBP,145.69,Systolic BP,2012-07,mmHg
3810656,SBP,123.19,Systolic BP,2015-03,mmHg
643376,SBP,117.07,Systolic BP,2013-03,mmHg
18705296,SBP,132.54,SBP,2016-03,mmHg
40637,SBP,134.04,Systolic BP,2014-03,mmHg
3339344,HbA1c,4.82,Hb A1c,2016-07,%
69091472,eGFR,82.16,Estimated GFR,2016-02,mL/min/1.73m2
10502192,eGFR,79.97,eGFR,2012-03,mL/min/1.73m2
63701261,SBP,127.42,Systolic blood pressure,2015-11,mmHg
22588877,SBP,139.65,Systolic BP,2016-11,mmHg
23352569,HbA1c,4.44,Glycated haemoglobin,2015-01,%
8477552,eGFR,80.71,eGFR,2013-04,mL/min/1.73m2
39596336,SBP,108.64,Systolic blood pressure,2015-10,mmHg
4900121,eGFR,90.34,LOINC: 33914-3,2012-01,mL/min/1.73m2
26587856,SBP,117.44,Systolic blood pressure,2015-12,mmHg
10682576,eGFR,88.93,LOINC: 33914-3,2012-07,mL/min/1.73m2
1206137,HbA1c,6.66,Glycated haemoglobin,2013-05,%
4892456,eGFR,88.98,Estimated GFR,2014-03,mL/min/1.73m2
272,eGFR,87.68,eGFR,2016-04,mL/min/1.73m2
3940217,HbA1c,5.3,Glycated haemoglobin,2013-06,%
2167769,eGFR,83.05,Estimated GFR,2012-12,mL/min/1.73m2
2982296,eGFR,82.44,LOINC: 33914-3,2016-06,mL/min/1.73m2
44722232,HbA1c,4.37,Glycated haemoglobin,2016-08,%
54622136,eGFR,78.25,Estimated GFR,2016-08,mL/min/1.73m2
2002736,HbA1c,4.3,Hb A1c,2014-08,%
24180032,eGFR,82.73,eGFR,2016-09,mL/min/1.73m2
36750269,eGFR,94.94,LOINC: 33914-3,2013-06,mL/min/1.73m2
21402992,HbA1c,4.41,HbA1c,2015-02,%
23503472,SBP,83.35,Systolic BP,2013-08,mmHg
5630969,HbA1c,4.94,HbA1c,2013-01,%
7651496,SBP,97.55,Systolic BP,2012-03,mmHg
35521712,HbA1c,5.75,HbA1c,2014-04,%
5008061,eGFR,92.06,eGFR,2014-05,mL/min/1.73m2
16610096,eGFR,95.85,Estimated GFR,2012-09,mL/min/1.73m2
22638296,SBP,106.47,SBP,2013-06,mmHg
657341,eGFR,76.43,eGFR,2016-09,mL/min/1.73m2
463616,SBP,123.18,SBP,2015-12,mmHg
42933536,HbA1c,4.97,Hb A1c,2015-08,%
37901,SBP,138.69,Systolic blood pressure,2013-02,mmHg
4502144,eGFR,87.93,eGFR,2014-09,mL/min/1.73m2
58344569,HbA1c,4.48,HbA1c,2014-11,%
27816344,HbA1c,4.3,HbA1c,2015-08,%
47068832,SBP,132.11,Systolic BP,2012-06,mmHg
69120269,HbA1c,5.51,HbA1c,2016-01,%
58133081,SBP,148.03,SBP,2014-11,mmHg
17482457,SBP,131.78,Systolic blood pressure,2015-12,mmHg
11024936,eGFR,94.89,eGFR,2012-08,mL/min/1.73m2
32709881,SBP,111.71,Systolic blood pressure,2014-11,mmHg
25596992,eGFR,78.79,eGFR,2012-07,mL/min/1.73m2
56793872,eGFR,77.64,Estimated GFR,2015-09,mL/min/1.73m2
2634176,HbA1c,4.77,Hb A1c,2013-02,%
12036296,HbA1c,4.72,Glycated haemoglobin,2014-05,%
817721,SBP,103.93,Systolic BP,2015-04,mmHg
3525437,HbA1c,4.56,HbA1c,2012-05,%
48168416,SBP,143.82,Systolic blood pressure,2014-09,mmHg
12681677,eGFR,92.6,Estimated GFR,2014-02,mL/min/1.73m2
12485069,HbA1c,4.1,Glycated haemoglobin,2014-12,%
27871181,SBP,137.91,SBP,2015-01,mmHg
28588976,eGFR,89.53,eGFR,2013-07,mL/min/1.73m2
47712701,SBP,96.76,SBP,2014-02,mmHg
62956952,eGFR,84.38,LOINC: 33914-3,2015-07,mL/min/1.73m2
61562969,eGFR,68.7,eGFR,2014-11,mL/min/1.73m2
15106877,SBP,133.61,Systolic blood pressure,2015-08,mmHg
20031437,eGFR,81.69,Estimated GFR,2016-02,mL/min/1.73m2
58450457,SBP,145.44,SBP,2013-11,mmHg
6083597,SBP,97.09,Systolic blood pressure,2015-07,mmHg
361496,HbA1c,4.35,Glycated haemoglobin,2014-01,%
2392616,eGFR,81.01,Estimated GFR,2015-11,mL/min/1.73m2
65932301,eGFR,96.49,eGFR,2016-05,mL/min/1.73m2
894617,SBP,122.84,SBP,2016-07,mmHg
32987837,HbA1c,4.93,Glycated haemoglobin,2016-09,%
50037437,SBP,109.85,Systolic BP,2015-06,mmHg
60642317,eGFR,101.06,eGFR,2013-08,mL/min/1.73m2
59889341,HbA1c,5.56,Hb A1c,2016-03,%
7970969,SBP,121.35,SBP,2016-08,mmHg
5763257,eGFR,87.82,Estimated GFR,2012-08,mL/min/1.73m2
56169056,eGFR,86.93,LOINC: 33914-3,2015-09,mL/min/1.73m2
9303632,SBP,174.22,SBP,2015-04,mmHg
7189181,SBP,120.94,SBP,2015-07,mmHg
22326221,HbA1c,4.14,Glycated haemoglobin,2016-02,%
62408432,SBP,126.81,Systolic BP,2012-08,mmHg
40583321,HbA1c,5.41,Hb A1c,2012-10,%
14441177,eGFR,85.88,LOINC: 33914-3,2015-07,mL/min/1.73m2
264896,eGFR,86.45,eGFR,2014-12,mL/min/1.73m2
7776569,SBP,112.21,Systolic blood pressure,2012-05,mmHg
6723296,SBP,160.07,Systolic blood pressure,2013-03,mmHg
2387261,eGFR,96.15,Estimated GFR,2013-10,mL/min/1.73m2
148121,eGFR,85.76,eGFR,2016-08,mL/min/1.73m2
6895037,SBP,137.91,Systolic BP,2012-12,mmHg
5039117,eGFR,77.37,LOINC: 33914-3,2013-06,mL/min/1.73m2
37807769,eGFR,87.65,eGFR,2013-08,mL/min/1.73m2
64867769,eGFR,87.98,Estimated GFR,2016-09,mL/min/1.73m2
56741672,SBP,98.66,SBP,2014-01,mmHg
68115944,SBP,106.13,Systolic BP,2015-05,mmHg
4725344,eGFR,88.28,eGFR,2013-08,mL/min/1.73m2
37637561,HbA1c,5.75,Glycated haemoglobin,2016-02,%
64756217,SBP,88.08,Systolic BP,2012-01,mmHg
11773352,eGFR,86.94,eGFR,2012-01,mL/min/1.73m2
233792,eGFR,91.48,Estimated GFR,2016-07,mL/min/1.73m2
33748217,eGFR,87.69,eGFR,2012-11,mL/min/1.73m2
6977144,eGFR,81.28,LOINC: 33914-3,2013-03,mL/min/1.73m2
9872057,SBP,132.33,Systolic BP,2016-11,mmHg
10547144,eGFR,62.16,LOINC: 33914-3,2014-09,mL/min/1.73m2
34476569,SBP,156.25,Systolic blood pressure,2014-08,mmHg
26552144,HbA1c,5.66,HbA1c,2013-06,%
334937,SBP,123.25,Systolic blood pressure,2015-05,mmHg
12534077,eGFR,80.18,LOINC: 33914-3,2015-12,mL/min/1.73m2
47976272,HbA1c,4.95,Hb A1c,2014-12,%
12241469,SBP,147.49,SBP,2014-02,mmHg
2473661,HbA1c,7.33,Hb A1c,2012-08,%
70713344,HbA1c,4.13,Glycated haemoglobin,2013-04,%
50405672,eGFR,85.69,eGFR,2012-06,mL/min/1.73m2
10057952,SBP,150.76,Systolic BP,2012-09,mmHg
20530637,SBP,134.32,SBP,2013-04,mmHg
187769,HbA1c,3.44,HbA1c,2014-07,%
2334041,SBP,101.3,SBP,2016-08,mmHg
11001944,HbA1c,4.59,Hb A1c,2012-03,%
4327472,HbA1c,6.45,Hb A1c,2012-08,%
19768736,HbA1c,4.66,HbA1c,2016-05,%
4568537,HbA1c,5.47,HbA1c,2012-05,%
6995456,eGFR,72.55,Estimated GFR,2012-01,mL/min/1.73m2
45349901,SBP,120.74,SBP,2016-07,mmHg
18521,SBP,122.32,SBP,2013-07,mmHg
60399776,eGFR,92.02,eGFR,2014-07,mL/min/1.73m2
44006969,HbA1c,5.12,Hb A1c,2015-03,%
67090592,SBP,102.25,Systolic BP,2013-11,mmHg
4650344,SBP,122.31,Systolic blood pressure,2016-05,mmHg
30185021,eGFR,91.6,eGFR,2015-09,mL/min/1.73m2
2086937,HbA1c,6.87,Hb A1c,2015-11,%
32492312,HbA1c,5.69,Glycated haemoglobin,2016-11,%
22687769,SBP,123.63,SBP,2015-08,mmHg
20861576,HbA1c,5.1,HbA1c,2012-09,%
19661069,HbA1c,5.84,Glycated haemoglobin,2014-02,%
58053872,HbA1c,4.47,Hb A1c,2016-02,%
49134896,HbA1c,5.09,Hb A1c,2015-06,%
28017677,eGFR,85.63,LOINC: 33914-3,2013-02,mL/min/1.73m2
4057976,SBP,147.08,Systolic blood pressure,2015-03,mmHg
33627581,eGFR,77.22,Estimated GFR,2012-07,mL/min/1.73m2
63259661,HbA1c,5.4,HbA1c,2016-04,%
7980752,HbA1c,5.07,Hb A1c,2016-03,%
1559792,eGFR,84.75,Estimated GFR,2012-01,mL/min/1.73m2
71150969,SBP,135.87,Systolic blood pressure,2014-03,mmHg
45630269,eGFR,93.84,eGFR,2015-08,mL/min/1.73m2
14480696,SBP,92.06,SBP,2014-09,mmHg
52643432,SBP,107.16,SBP,2015-09,mmHg
61835069,HbA1c,4.38,Hb A1c,2016-10,%
51047144,eGFR,95.57,Estimated GFR,2013-10,mL/min/1.73m2
23152121,HbA1c,5.22,HbA1c,2015-01,%
36624377,eGFR,86.62,Estimated GFR,2014-08,mL/min/1.73m2
18825344,SBP,132.79,Systolic blood pressure,2014-09,mmHg
45303257,HbA1c,5.53,HbA1c,2012-03,%
9156296,HbA1c,3.45,Glycated haemoglobin,2014-12,%
11337677,SBP,142.07,Systolic BP,2012-11,mmHg
11801,HbA1c,3.99,Hb A1c,2012-10,%
3232601,SBP,149.48,SBP,2014-08,mmHg
44838137,SBP,122.75,SBP,2014-02,mmHg
46902617,HbA1c,5.61,Hb A1c,2014-04,%
30356552,eGFR,84.1,eGFR,2016-08,mL/min/1.73m2
16231097,HbA1c,6.71,Glycated haemoglobin,2013-09,%
17627597,eGFR,91.5,eGFR,2015-12,mL/min/1.73m2
2782376,SBP,111.1,Systolic BP,2012-09,mmHg
53046344,SBP,127.25,Systolic blood pressure,2014-12,mmHg
18765272,SBP,116.03,Systolic blood pressure,2012-12,mmHg
66637376,eGFR,78.28,LOINC: 33914-3,2012-03,mL/min/1.73m2
30643517,HbA1c,4.56,HbA1c,2015-12,%
15801344,eGFR,81.58,Estimated GFR,2013-12,mL/min/1.73m2
3531944,SBP,151.46,Systolic BP,2013-05,mmHg
52317197,HbA1c,5.1,HbA1c,2015-02,%
71736569,SBP,128.68,SBP,2014-03,mmHg
16525496,eGFR,87.82,Estimated GFR,2015-10,mL/min/1.73m2
57448397,SBP,129.51,SBP,2013-01,mmHg
20441,eGFR,79.03,Estimated GFR,2012-08,mL/min/1.73m2
11928377,eGFR,85.29,eGFR,2015-05,mL/min/1.73m2
34172144,eGFR,88.35,Estimated GFR,2015-02,mL/min/1.73m2
2286656,HbA1c,4.68,Hb A1c,2015-06,%
1073081,eGFR,79.2,LOINC: 33914-3,2014-07,mL/min/1.73m2
16497344,SBP,130.39,Systolic BP,2012-02,mmHg
3871757,HbA1c,5.3,Hb A1c,2013-01,%
56637344,eGFR,90.72,Estimated GFR,2016-10,mL/min/1.73m2
64217,SBP,147.44,Systolic BP,2015-12,mmHg
37150352,HbA1c,3.0,Hb A1c,2015-03,%
31863512,SBP,136.4,SBP,2013-05,mmHg
14048957,HbA1c,5.46,Glycated haemoglobin,2016-06,%
6822461,SBP,144.64,Systolic blood pressure,2015-06,mmHg
2430269,HbA1c,5.48,Hb A1c,2015-02,%
59274344,HbA1c,5.82,Glycated haemoglobin,2016-10,%
10434944,HbA1c,4.8,HbA1c,2012-01,%
34374944,SBP,138.98,Systolic blood pressure,2012-06,mmHg
25772552,SBP,115.5,SBP,2013-04,mmHg
42413069,eGFR,84.93,eGFR,2012-11,mL/min/1.73m2
14705657,SBP,124.05,Systolic blood pressure,2014-08,mmHg
7961192,SBP,123.5,SBP,2013-03,mmHg
2910944,SBP,113.57,Systolic BP,2013-01,mmHg
58159496,eGFR,91.59,eGFR,2015-12,mL/min/1.73m2
2177981,SBP,137.78,Systolic BP,2015-03,mmHg
63259661,eGFR,87.06,Estimated GFR,2014-03,mL/min/1.73m2
21918896,eGFR,74.05,LOINC: 33914-3,2013-08,mL/min/1.73m2
20546336,eGFR,97.43,eGFR,2013-04,mL/min/1.73m2
25369661,eGFR,92.31,LOINC: 33914-3,2013-10,mL/min/1.73m2
21115496,SBP,140.95,SBP,2013-02,mmHg
2468216,SBP,133.25,Systolic blood pressure,2012-06,mmHg
30013976,HbA1c,4.03,Glycated haemoglobin,2016-12,%
4613069,eGFR,84.61,LOINC: 33914-3,2013-06,mL/min/1.73m2
32828861,eGFR,94.28,LOINC: 33914-3,2014-10,mL/min/1.73m2
332936,SBP,122.47,Systolic blood pressure,2016-01,mmHg
13280717,HbA1c,40.69,Hb A1c,2013-08,mmol/mol
52191992,SBP,113.95,Systolic BP,2013-11,mmHg
4341896,HbA1c,4.92,Hb A1c,2015-03,%
23068856,HbA1c,4.04,Hb A1c,2014-08,%
799037,HbA1c,3.92,Hb A1c,2014-11,%
51752,HbA1c,4.13,HbA1c,2014-03,%
27470297,eGFR,81.13,Estimated GFR,2016-11,mL/min/1.73m2
153497,eGFR,74.85,LOINC: 33914-3,2016-10,mL/min/1.73m2
32078969,SBP,153.29,Systolic blood pressure,2016-12,mmHg
32177144,SBP,154.39,Systolic BP,2012-01,mmHg
18992,SBP,104.31,SBP,2014-07,mmHg
5275097,HbA1c,4.54,Hb A1c,2014-10,%
25387112,HbA1c,4.63,HbA1c,2016-03,%
41582456,SBP,120.18,Systolic blood pressure,2012-06,mmHg
108569,HbA1c,4.51,Hb A1c,2012-04,%
2291897,eGFR,88.8,eGFR,2015-10,mL/min/1.73m2
44745401,SBP,127.94,Systolic blood pressure,2016-12,mmHg
26178617,SBP,131.41,SBP,2016-08,mmHg
66750536,SBP,125.18,Systolic BP,2014-09,mmHg
1721,eGFR,101.59,LOINC: 33914-3,2016-08,mL/min/1.73m2
28755917,SBP,120.26,SBP,2014-03,mmHg
14838797,SBP,130.25,Systolic blood pressure,2015-01,mmHg
2747816,eGFR,85.89,Estimated GFR,2015-09,mL/min/1.73m2
1820792,eGFR,89.93,eGFR,2016-04,mL/min/1.73m2
74461241,SBP,150.69,SBP,2013-07,mmHg
58001096,SBP,117.7,Systolic blood pressure,2016-07,mmHg
53577497,SBP,104.95,Systolic blood pressure,2015-03,mmHg
6678461,SBP,120.38,Systolic BP,2013-08,mmHg
38837081,eGFR,86.27,LOINC: 33914-3,2013-01,mL/min/1.73m2
12472832,SBP,121.69,Systolic BP,2013-11,mmHg
53729741,eGFR,84.77,Estimated GFR,2016-11,mL/min/1.73m2
7273016,HbA1c,4.34,Hb A1c,2013-04,%
41537792,eGFR,85.78,LOINC: 33914-3,2014-11,mL/min/1.73m2
25317344,HbA1c,4.85,Glycated haemoglobin,2015-02,%
42255296,HbA1c,5.98,Glycated haemoglobin,2015-09,%
3995417,SBP,127.01,SBP,2014-02,mmHg
32717,SBP,130.14,SBP,2015-05,mmHg
58232,SBP,111.74,Systolic BP,2013-12,mmHg
21692432,HbA1c,5.22,Glycated haemoglobin,2015-11,%
16567769,SBP,138.14,Systolic BP,2016-01,mmHg
199961,eGFR,84.08,eGFR,2012-04,mL/min/1.73m2
52517837,eGFR,81.37,Estimated GFR,2012-11,mL/min/1.73m2
37850381,SBP,109.08,Systolic blood pressure,2014-07,mmHg
34496912,eGFR,71.45,Estimated GFR,2013-08,mL/min/1.73m2
7873469,SBP,136.18,Systolic BP,2012-07,mmHg
2270969,SBP,134.33,Systolic blood pressure,2016-10,mmHg
5939216,SBP,122.96,SBP,2013-04,mmHg
19784141,HbA1c,4.46,Glycated haemoglobin,2015-08,%
47211536,eGFR,85.26,Estimated GFR,2015-09,mL/min/1.73m2
35294969,eGFR,61.89,Estimated GFR,2015-06,mL/min/1.73m2
37298297,SBP,116.7,Systolic blood pressure,2012-01,mmHg
7032152,SBP,131.55,SBP,2016-09,mmHg
23671712,eGFR,92.84,LOINC: 33914-3,2014-11,mL/min/1.73m2
7451597,eGFR,87.68,LOINC: 33914-3,2014-02,mL/min/1.73m2
14061944,HbA1c,4.57,HbA1c,2014-05,%
72560441,HbA1c,5.52,HbA1c,2012-02,%
73507769,eGFR,91.38,Estimated GFR,2014-01,mL/min/1.73m2
46665677,eGFR,85.22,Estimated GFR,2012-08,mL/min/1.73m2
36227144,eGFR,86.47,LOINC: 33914-3,2016-12,mL/min/1.73m2
49329344,eGFR,82.13,eGFR,2012-09,mL/min/1.73m2
98552,eGFR,79.57,LOINC: 33914-3,2014-08,mL/min/1.73m2
28886096,SBP,115.7,Systolic blood pressure,2015-11,mmHg
27743312,eGFR,78.07,eGFR,2015-06,mL/min/1.73m2
1499816,HbA1c,5.37,Glycated haemoglobin,2016-10,%
53071577,HbA1c,4.47,Hb A1c,2012-08,%
3824192,eGFR,84.27,Estimated GFR,2012-08,mL/min/1.73m2
15472592,eGFR,77.44,Estimated GFR,2012-07,mL/min/1.73m2
30318392,SBP,124.19,Systolic blood pressure,2012-12,mmHg
30413837,SBP,144.08,Systolic blood pressure,2013-07,mmHg
70102937,SBP,111.16,Systolic blood pressure,2014-01,mmHg
365672,SBP,97.98,Systolic blood pressure,2016-12,mmHg
7179896,HbA1c,4.75,Hb A1c,2015-11,%
5880269,eGFR,90.87,LOINC: 33914-3,2016-05,mL/min/1.73m2
6040952,SBP,154.48,SBP,2012-04,mmHg
51967001,eGFR,74.2,eGFR,2015-08,mL/min/1.73m2
17366777,SBP,154.01,SBP,2014-08,mmHg
19142297,HbA1c,4.64,Hb A1c,2015-05,%
3518936,HbA1c,5.19,HbA1c,2012-03,%
44260112,HbA1c,25.1,HbA1c,2014-04,mmol/mol
60831296,eGFR,91.68,LOINC: 33914-3,2016-04,mL/min/1.73m2
3803897,SBP,111.0,Systolic BP,2014-05,mmHg
25790141,SBP,107.29,Systolic BP,2016-03,mmHg
73122176,eGFR,78.08,LOINC: 33914-3,2015-10,mL/min/1.73m2
10761977,HbA1c,4.58,HbA1c,2016-02,%
32888432,eGFR,83.03,eGFR,2012-03,mL/min/1.73m2
15856472,SBP,145.66,Systolic blood pressure,2014-10,mmHg
266681,eGFR,83.48,Estimated GFR,2012-02,mL/min/1.73m2
30299321,HbA1c,5.77,Glycated haemoglobin,2013-08,%
8336936,eGFR,85.69,eGFR,2012-03,mL/min/1.73m2
15554456,eGFR,88.69,eGFR,2015-10,mL/min/1.73m2
6786317,HbA1c,3.83,Hb A1c,2015-05,%
12954521,HbA1c,3.92,HbA1c,2012-05,%
38556944,SBP,137.79,SBP,2013-11,mmHg
9796016,HbA1c,6.66,Glycated haemoglobin,2013-02,%
15828896,HbA1c,5.12,Glycated haemoglobin,2012-11,%
25544441,HbA1c,5.21,Hb A1c,2013-06,%
3536,HbA1c,4.97,Glycated haemoglobin,2013-11,%
57395897,SBP,106.68,Systolic BP,2012-02,mmHg
1002521,eGFR,88.6,LOINC: 33914-3,2014-03,mL/min/1.73m2
38234969,SBP,120.03,SBP,2016-08,mmHg
57369656,eGFR,82.62,eGFR,2012-09,mL/min/1.73m2
3643481,eGFR,101.43,eGFR,2012-02,mL/min/1.73m2
34537616,HbA1c,4.83,HbA1c,2016-01,%
49914992,SBP,113.18,SBP,2013-07,mmHg
19006136,HbA1c,4.18,Glycated haemoglobin,2016-01,%
8989352,HbA1c,4.2,Hb A1c,2015-08,%
9473456,eGFR,73.8,Estimated GFR,2016-01,mL/min/1.73m2
5267144,HbA1c,4.63,Glycated haemoglobin,2015-09,%
3415736,SBP,111.61,Systolic BP,2013-01,mmHg
25039232,HbA1c,6.03,Glycated haemoglobin,2013-02,%
8696,HbA1c,4.52,HbA1c,2015-08,%
11619341,SBP,107.71,SBP,2012-08,mmHg
27072317,HbA1c,5.81,Hb A1c,2014-01,%
33067469,eGFR,81.82,eGFR,2012-05,mL/min/1.73m2
13230269,HbA1c,3.39,Hb A1c,2012-10,%
13142216,HbA1c,6.24,Hb A1c,2015-11,%
33344,HbA1c,4.52,Glycated haemoglobin,2012-11,%
59061176,HbA1c,30.04,Glycated haemoglobin,2014-11,mmol/mol
59221016,HbA1c,6.48,HbA1c,2014-02,%
30758681,SBP,139.42,Systolic blood pressure,2015-09,mmHg
46005437,SBP,140.36,Systolic blood pressure,2016-08,mmHg
30739472,SBP,116.05,Systolic BP,2012-11,mmHg
66693944,HbA1c,5.93,HbA1c,2012-01,%
38449469,SBP,98.43,Systolic BP,2012-11,mmHg
2679344,SBP,112.84,Systolic blood pressure,2012-03,mmHg
14533472,SBP,94.34,Systolic blood pressure,2015-09,mmHg
25878176,SBP,135.08,SBP,2016-09,mmHg
74730512,HbA1c,5.92,HbA1c,2013-09,%
14599577,SBP,128.1,Systolic BP,2012-07,mmHg
59568077,SBP,115.13,SBP,2012-08,mmHg
5031344,HbA1c,5.49,HbA1c,2015-03,%
181817,HbA1c,33.65,Hb A1c,2016-11,mmol/mol
35769896,eGFR,86.77,LOINC: 33914-3,2013-01,mL/min/1.73m2
18169832,eGFR,83.85,eGFR,2013-06,mL/min/1.73m2
36519632,HbA1c,6.61,Glycated haemoglobin,2015-10,%
23302376,eGFR,80.32,LOINC: 33914-3,2012-09,mL/min/1.73m2
15650237,SBP,143.22,Systolic BP,2014-06,mmHg
309392,eGFR,89.56,eGFR,2013-02,mL/min/1.73m2
640601,SBP,123.53,SBP,2012-03,mmHg
4915469,eGFR,90.23,LOINC: 33914-3,2012-11,mL/min/1.73m2
15228296,SBP,144.19,Systolic BP,2016-09,mmHg
64700477,eGFR,91.29,LOINC: 33914-3,2016-08,mL/min/1.73m2
27036281,SBP,156.37,Systolic BP,2012-05,mmHg
526952,eGFR,90.91,Estimated GFR,2012-05,mL/min/1.73m2
529469,eGFR,89.37,Estimated GFR,2012-01,mL/min/1.73m2
2881469,SBP,155.37,SBP,2013-04,mmHg
26802632,eGFR,88.55,Estimated GFR,2014-08,mL/min/1.73m2
41225816,HbA1c,4.54,Glycated haemoglobin,2013-04,%
907769,SBP,157.89,Systolic blood pressure,2015-01,mmHg
56455001,HbA1c,5.87,Glycated haemoglobin,2013-12,%
1478681,HbA1c,13.51,Glycated haemoglobin,2015-02,mmol/mol
55083944,SBP,139.44,Systolic blood pressure,2013-08,mmHg
2276192,SBP,127.0,Systolic BP,2014-06,mmHg
537056,eGFR,80.28,Estimated GFR,2014-08,mL/min/1.73m2
33207056,eGFR,86.74,eGFR,2014-09,mL/min/1.73m2
16245056,SBP,120.89,Systolic blood pressure,2016-11,mmHg
1825469,SBP,133.32,SBP,2016-05,mmHg
13841981,eGFR,86.55,LOINC: 33914-3,2015-05,mL/min/1.73m2
71414192,SBP,154.47,Systolic BP,2014-12,mmHg
6264344,HbA1c,5.84,Glycated haemoglobin,2016-02,%
12521816,HbA1c,4.61,Glycated haemoglobin,2015-08,%
63673616,HbA1c,7.34,HbA1c,2012-02,%
20186777,SBP,121.2,Systolic BP,2016-08,mmHg
50479481,HbA1c,6.15,HbA1c,2015-07,%
20782541,eGFR,76.25,Estimated GFR,2014-12,mL/min/1.73m2
31843961,HbA1c,4.37,HbA1c,2012-10,%
49890521,HbA1c,3.85,Glycated haemoglobin,2014-05,%
10682576,SBP,129.61,Systolic blood pressure,2013-09,mmHg
738317,eGFR,82.78,LOINC: 33914-3,2016-10,mL/min/1.73m2
20893232,SBP,127.63,Systolic BP,2015-12,mmHg
391232,eGFR,85.99,LOINC: 33914-3,2016-12,mL/min/1.73m2
37361792,eGFR,85.91,Estimated GFR,2014-05,mL/min/1.73m2
1564121,HbA1c,4.98,Hb A1c,2012-03,%
73389017,SBP,113.02,Systolic BP,2013-10,mmHg
56298941,HbA1c,5.76,Hb A1c,2016-09,%
43183577,SBP,115.45,SBP,2015-08,mmHg
9282512,eGFR,86.64,LOINC: 33914-3,2015-12,mL/min/1.73m2
820856,HbA1c,5.47,Hb A1c,2012-10,%
7404392,HbA1c,5.77,Hb A1c,2016-09,%
5779901,eGFR,94.09,Estimated GFR,2012-08,mL/min/1.73m2
46358552,SBP,125.14,Systolic BP,2013-12,mmHg
7757261,eGFR,88.23,Estimated GFR,2014-08,mL/min/1.73m2
4524221,HbA1c,4.93,Hb A1c,2015-11,%
13623752,SBP,124.7,Systolic BP,2016-11,mmHg
74880317,SBP,136.93,Systolic blood pressure,2013-05,mmHg
69033896,HbA1c,5.74,Hb A1c,2015-11,%
33788477,SBP,114.28,SBP,2012-09,mmHg
2286656,SBP,135.96,SBP,2013-08,mmHg
33227021,HbA1c,5.66,Hb A1c,2013-05,%
15705101,HbA1c,4.41,HbA1c,2016-02,%
378344,eGFR,82.76,eGFR,2012-12,mL/min/1.73m2
34172144,SBP,117.31,SBP,2012-04,mmHg
13381901,HbA1c,5.04,Glycated haemoglobin,2014-01,%
55006841,HbA1c,5.93,Glycated haemoglobin,2012-08,%
41493152,HbA1c,5.45,Hb A1c,2014-08,%
24316496,HbA1c,4.75,Glycated haemoglobin,2016-12,%
3434969,SBP,120.35,SBP,2015-10,mmHg
37573832,HbA1c,4.85,HbA1c,2014-03,%
1407944,HbA1c,5.11,Glycated haemoglobin,2016-03,%
10807481,eGFR,92.65,LOINC: 33914-3,2015-10,mL/min/1.73m2
46736696,eGFR,93.9,LOINC: 33914-3,2014-02,mL/min/1.73m2
33667769,HbA1c,4.92,Hb A1c,2015-10,%
16399001,HbA1c,3.74,HbA1c,2012-01,%
6949721,SBP,132.3,Systolic BP,2016-11,mmHg
2928701,SBP,124.52,SBP,2012-07,mmHg
29428541,HbA1c,6.24,HbA1c,2015-01,%
50824637,HbA1c,5.66,HbA1c,2013-04,%
413192,HbA1c,3.68,HbA1c,2014-04,%
911072,eGFR,79.12,LOINC: 33914-3,2013-07,mL/min/1.73m2
50553344,SBP,166.65,Systolic blood pressure,2013-09,mmHg
28997912,HbA1c,4.89,Glycated haemoglobin,2013-09,%
26107769,SBP,130.99,SBP,2016-03,mmHg
3630269,SBP,129.39,SBP,2012-02,mmHg
7022969,HbA1c,3.26,HbA1c,2015-04,%
5101517,SBP,116.1,Systolic blood pressure,2015-04,mmHg
22985741,HbA1c,4.48,Glycated haemoglobin,2016-03,%
805241,HbA1c,4.8,HbA1c,2015-12,%
7004621,eGFR,90.94,Estimated GFR,2013-12,mL/min/1.73m2
60184592,HbA1c,4.2,HbA1c,2014-05,%
376217,eGFR,89.25,eGFR,2012-05,mL/min/1.73m2
13739069,HbA1c,3.6,Hb A1c,2015-05,%
56272952,SBP,118.26,SBP,2016-04,mmHg
26267312,HbA1c,7.72,HbA1c,2014-06,%
451901,HbA1c,4.48,HbA1c,2013-03,%
871832,SBP,141.19,Systolic BP,2014-02,mmHg
7670672,HbA1c,4.53,Glycated haemoglobin,2016-07,%
17758736,eGFR,94.65,Estimated GFR,2013-06,mL/min/1.73m2
38277821,SBP,113.46,Systolic BP,2016-11,mmHg
65567144,SBP,139.08,SBP,2016-04,mmHg
137657,SBP,133.98,SBP,2013-12,mmHg
16245056,eGFR,78.27,Estimated GFR,2014-08,mL/min/1.73m2
54673352,eGFR,86.29,Estimated GFR,2012-05,mL/min/1.73m2
4443536,HbA1c,4.41,HbA1c,2013-06,%
18391997,HbA1c,34.97,Hb A1c,2013-10,mmol/mol
13572656,HbA1c,4.89,Hb A1c,2014-10,%
5713469,HbA1c,4.23,Hb A1c,2015-09,%
73092557,eGFR,80.07,eGFR,2015-04,mL/min/1.73m2
46500176,SBP,123.44,Systolic BP,2013-06,mmHg
10569656,eGFR,67.78,eGFR,2014-06,mL/min/1.73m2
10046969,HbA1c,5.46,HbA1c,2014-08,%
25754969,HbA1c,4.41,Hb A1c,2015-03,%
69581,HbA1c,18.7,HbA1c,2015-06,mmol/mol
49890521,eGFR,73.23,LOINC: 33914-3,2016-05,mL/min/1.73m2
1149752,HbA1c,6.57,Hb A1c,2014-08,%
57474656,SBP,119.1,Systolic blood pressure,2012-10,mmHg
8958221,SBP,121.02,SBP,2015-04,mmHg
11713997,HbA1c,4.93,Glycated haemoglobin,2014-05,%
17540441,SBP,129.39,Systolic BP,2016-09,mmHg
7737977,SBP,134.02,SBP,2013-06,mmHg
10090937,HbA1c,6.83,HbA1c,2014-02,%
6580352,eGFR,77.42,Estimated GFR,2012-10,mL/min/1.73m2
8772569,HbA1c,5.74,HbA1c,2016-02,%
465977,SBP,119.76,SBP,2013-09,mmHg
24642137,HbA1c,4.65,HbA1c,2013-08,%
73270361,eGFR,84.08,LOINC: 33914-3,2016-04,mL/min/1.73m2
50479481,eGFR,80.65,Estimated GFR,2016-09,mL/min/1.73m2
442637,eGFR,88.21,LOINC: 33914-3,2016-10,mL/min/1.73m2
15677657,SBP,110.81,Systolic BP,2015-03,mmHg
1225232,eGFR,80.18,LOINC: 33914-3,2015-10,mL/min/1.73m2
50997656,eGFR,95.1,LOINC: 33914-3,2015-07,mL/min/1.73m2
55470269,SBP,114.1,SBP,2014-06,mmHg
73418696,SBP,151.56,Systolic BP,2016-08,mmHg
2017469,SBP,135.23,Systolic BP,2016-01,mmHg
73151801,eGFR,90.58,Estimated GFR,2013-04,mL/min/1.73m2
44306216,eGFR,68.54,eGFR,2012-09,mL/min/1.73m2
6589241,eGFR,99.89,LOINC: 33914-3,2013-08,mL/min/1.73m2
15967016,SBP,124.0,Systolic BP,2015-11,mmHg
6849632,HbA1c,5.5,Hb A1c,2013-03,%
68144537,eGFR,75.78,Estimated GFR,2014-10,mL/min/1.73m2
21644057,SBP,120.41,Systolic blood pressure,2015-06,mmHg
60723272,eGFR,84.12,LOINC: 33914-3,2012-10,mL/min/1.73m2
19021241,eGFR,82.19,eGFR,2015-10,mL/min/1.73m2
8875469,eGFR,81.71,LOINC: 33914-3,2013-07,mL/min/1.73m2
56065256,eGFR,88.1,Estimated GFR,2012-10,mL/min/1.73m2
1949177,HbA1c,4.19,Hb A1c,2013-10,%
184781,SBP,123.6,Systolic blood pressure,2012-07,mmHg
29824496,eGFR,70.21,LOINC: 33914-3,2012-03,mL/min/1.73m2
1973432,SBP,115.03,Systolic BP,2013-08,mmHg
3851336,SBP,135.44,SBP,2016-02,mmHg
8197496,SBP,130.63,SBP,2012-10,mmHg
31648781,HbA1c,4.92,Hb A1c,2015-12,%
29091257,eGFR,84.94,eGFR,2015-01,mL/min/1.73m2
865376,HbA1c,4.52,Glycated haemoglobin,2013-08,%
41738969,eGFR,78.34,LOINC: 33914-3,2013-11,mL/min/1.73m2
1295216,SBP,133.84,SBP,2012-06,mmHg
4128056,eGFR,90.67,eGFR,2016-11,mL/min/1.73m2
47880344,eGFR,86.79,Estimated GFR,2016-05,mL/min/1.73m2
62217017,SBP,109.04,Systolic blood pressure,2014-05,mmHg
32096,eGFR,76.4,LOINC: 33914-3,2012-04,mL/min/1.73m2
242237,eGFR,90.46,Estimated GFR,2013-04,mL/min/1.73m2
51742496,SBP,112.68,Systolic blood pressure,2015-11,mmHg
28514936,eGFR,80.7,Estimated GFR,2012-12,mL/min/1.73m2
17875712,HbA1c,7.18,HbA1c,2014-08,%
49451069,HbA1c,4.73,HbA1c,2013-05,%
11163392,eGFR,93.23,eGFR,2015-10,mL/min/1.73m2
1687769,eGFR,85.11,Estimated GFR,2015-12,mL/min/1.73m2
4205837,SBP,129.81,Systolic blood pressure,2013-09,mmHg
549821,eGFR,84.89,eGFR,2014-05,mL/min/1.73m2
31804877,SBP,126.31,SBP,2012-04,mmHg
31008944,eGFR,81.58,eGFR,2014-04,mL/min/1.73m2
44884541,HbA1c,4.98,HbA1c,2015-01,%
51967001,HbA1c,6.9,Hb A1c,2012-04,%
2506457,HbA1c,4.97,HbA1c,2012-07,%
55289816,HbA1c,4.79,Hb A1c,2014-09,%
21067769,SBP,127.91,Systolic BP,2015-05,mmHg
38385056,eGFR,79.19,LOINC: 33914-3,2016-12,mL/min/1.73m2
36415037,HbA1c,4.96,Hb A1c,2012-09,%
11940344,HbA1c,4.58,Glycated haemoglobin,2014-12,%
44537096,eGFR,96.18,Estimated GFR,2012-01,mL/min/1.73m2
87992,SBP,126.24,SBP,2013-04,mmHg
50184569,HbA1c,4.55,Hb A1c,2013-09,%
25160717,SBP,112.58,Systolic blood pressure,2014-01,mmHg
1367144,HbA1c,3.81,Glycated haemoglobin,2013-08,%
30931832,eGFR,87.68,eGFR,2016-11,mL/min/1.73m2
2376569,SBP,128.97,SBP,2013-11,mmHg
53983961,eGFR,87.93,Estimated GFR,2014-03,mL/min/1.73m2
3276344,SBP,120.79,Systolic BP,2016-01,mmHg
33427001,eGFR,84.83,LOINC: 33914-3,2014-01,mL/min/1.73m2
32789177,HbA1c,5.31,Glycated haemoglobin,2012-11,%
72914969,HbA1c,3.73,HbA1c,2013-10,%
20562041,SBP,127.52,SBP,2016-02,mmHg
17890361,eGFR,76.46,Estimated GFR,2013-10,mL/min/1.73m2
54904121,eGFR,96.89,LOINC: 33914-3,2014-05,mL/min/1.73m2
20782541,SBP,111.25,Systolic BP,2014-08,mmHg
63452672,SBP,153.79,Systolic BP,2012-11,mmHg
44052941,HbA1c,5.21,Hb A1c,2016-08,%
50577977,eGFR,78.4,Estimated GFR,2013-11,mL/min/1.73m2
56898344,HbA1c,5.42,Hb A1c,2016-03,%
53349536,eGFR,79.97,Estimated GFR,2016-02,mL/min/1.73m2
92144,HbA1c,4.35,Hb A1c,2016-09,%
3133721,HbA1c,4.65,Hb A1c,2014-04,%
32020136,HbA1c,22.86,Hb A1c,2016-10,mmol/mol
163136,HbA1c,5.88,Glycated haemoglobin,2012-08,%
27779816,eGFR,88.53,eGFR,2013-11,mL/min/1.73m2
41359376,HbA1c,5.18,Glycated haemoglobin,2012-05,%
68545469,SBP,122.83,SBP,2015-03,mmHg
38750777,HbA1c,5.66,Glycated haemoglobin,2013-12,%
46807769,HbA1c,3.5,HbA1c,2013-08,%
46005437,eGFR,93.09,eGFR,2012-04,mL/min/1.73m2
16050176,eGFR,82.85,LOINC: 33914-3,2016-02,mL/min/1.73m2
2511944,HbA1c,4.08,Hb A1c,2014-08,%
48916601,HbA1c,4.9,Hb A1c,2013-04,%
12669344,HbA1c,5.0,Hb A1c,2013-08,%
43502861,SBP,115.44,Systolic BP,2016-01,mmHg
34680269,eGFR,85.15,Estimated GFR,2013-01,mL/min/1.73m2
11513312,eGFR,89.83,Estimated GFR,2016-09,mL/min/1.73m2
2057021,eGFR,86.57,eGFR,2016-10,mL/min/1.73m2
3024317,eGFR,91.68,eGFR,2016-11,mL/min/1.73m2
11128697,SBP,133.68,SBP,2013-12,mmHg
30528569,eGFR,79.7,LOINC: 33914-3,2014-02,mL/min/1.73m2
2634176,eGFR,80.5,Estimated GFR,2015-06,mL/min/1.73m2
25842944,SBP,121.58,Systolic blood pressure,2015-09,mmHg
54391961,eGFR,95.58,LOINC: 33914-3,2012-08,mL/min/1.73m2
8381,SBP,146.88,Systolic blood pressure,2012-05,mmHg
1428569,eGFR,88.94,LOINC: 33914-3,2016-03,mL/min/1.73m2
1769741,HbA1c,4.54,HbA1c,2016-03,%
57500921,SBP,131.58,Systolic BP,2015-04,mmHg
24590576,eGFR,60.48,Estimated GFR,2014-05,mL/min/1.73m2
6134969,SBP,138.14,Systolic blood pressure,2016-09,mmHg
40340936,HbA1c,33.94,HbA1c,2014-02,mmol/mol
58848392,SBP,112.16,Systolic BP,2012-08,mmHg
2544992,HbA1c,5.27,Glycated haemoglobin,2012-01,%
50651912,SBP,140.73,Systolic blood pressure,2016-11,mmHg
49086344,SBP,132.16,Systolic blood pressure,2012-10,mmHg
5655656,SBP,121.53,Systolic BP,2014-10,mmHg
18855416,HbA1c,5.54,HbA1c,2016-06,%
8813657,HbA1c,6.05,Hb A1c,2016-12,%
2970344,SBP,111.23,SBP,2015-10,mmHg
1939517,SBP,131.3,SBP,2012-02,mmHg
57816569,eGFR,91.92,Estimated GFR,2013-05,mL/min/1.73m2
33087392,eGFR,86.38,Estimated GFR,2014-04,mL/min/1.73m2
8157872,SBP,109.47,Systolic BP,2012-09,mmHg
227144,eGFR,79.92,eGFR,2015-02,mL/min/1.73m2
16147469,eGFR,89.57,LOINC: 33914-3,2016-08,mL/min/1.73m2
65203001,SBP,134.83,SBP,2013-04,mmHg
786701,HbA1c,5.22,Hb A1c,2015-03,%
1183421,HbA1c,5.14,Hb A1c,2014-03,%
11725856,SBP,143.36,Systolic blood pressure,2012-10,mmHg
69062681,eGFR,89.13,eGFR,2014-07,mL/min/1.73m2
57869261,HbA1c,2.78,Glycated haemoglobin,2014-09,%
2621,SBP,131.16,Systolic blood pressure,2016-04,mmHg
8072,HbA1c,4.97,HbA1c,2015-06,%
5947661,SBP,138.63,Systolic BP,2013-05,mmHg
29035232,eGFR,76.39,LOINC: 33914-3,2013-03,mL/min/1.73m2
70015952,SBP,132.69,Systolic BP,2013-04,mmHg
10123976,eGFR,93.02,Estimated GFR,2015-02,mL/min/1.73m2
71971481,SBP,127.31,SBP,2012-04,mmHg
39989672,eGFR,83.49,eGFR,2012-03,mL/min/1.73m2
48096317,HbA1c,3.78,HbA1c,2015-07,%
15392,SBP,144.57,Systolic BP,2013-10,mmHg
51942032,HbA1c,4.07,Glycated haemoglobin,2015-01,%
64061192,HbA1c,6.05,HbA1c,2012-03,%
10168112,eGFR,91.23,eGFR,2016-04,mL/min/1.73m2
480269,SBP,141.96,Systolic blood pressure,2016-10,mmHg
4494797,HbA1c,5.07,HbA1c,2012-02,%
37340621,HbA1c,4.76,Glycated haemoglobin,2014-05,%
22228121,HbA1c,4.19,HbA1c,2012-01,%
951176,eGFR,84.02,eGFR,2016-09,mL/min/1.73m2
56611277,HbA1c,4.55,Hb A1c,2012-05,%
14932352,HbA1c,4.18,Glycated haemoglobin,2012-10,%
6562592,SBP,157.45,Systolic BP,2013-03,mmHg
50504096,SBP,143.68,Systolic blood pressure,2014-05,mmHg
16469216,SBP,114.76,Systolic BP,2016-07,mmHg
21306944,HbA1c,4.71,Hb A1c,2013-12,%
13713401,SBP,150.7,Systolic BP,2015-03,mmHg
71180192,SBP,100.97,Systolic BP,2014-09,mmHg
43983992,SBP,112.35,Systolic BP,2016-08,mmHg
5492096,SBP,119.3,SBP,2015-09,mmHg
58928141,eGFR,82.87,Estimated GFR,2015-01,mL/min/1.73m2
1002521,HbA1c,5.73,Hb A1c,2013-07,%
7873469,HbA1c,6.97,HbA1c,2013-10,%
4487456,eGFR,90.35,eGFR,2013-02,mL/min/1.73m2
3441392,HbA1c,6.22,Glycated haemoglobin,2012-01,%
16064057,eGFR,91.9,Estimated GFR,2016-10,mL/min/1.73m2
29184752,HbA1c,5.21,Hb A1c,2014-02,%
7470521,eGFR,87.25,LOINC: 33914-3,2016-05,mL/min/1.73m2
8457392,HbA1c,4.94,Hb A1c,2016-11,%
261344,eGFR,86.25,eGFR,2014-10,mL/min/1.73m2
9314201,eGFR,83.09,eGFR,2015-12,mL/min/1.73m2
4298696,HbA1c,4.19,Glycated haemoglobin,2016-12,%
38793917,eGFR,79.41,LOINC: 33914-3,2014-04,mL/min/1.73m2
22935944,SBP,131.67,Systolic blood pressure,2013-04,mmHg
38664569,SBP,124.59,Systolic blood pressure,2014-09,mmHg
61291469,SBP,135.07,Systolic blood pressure,2012-06,mmHg
29748872,SBP,138.31,SBP,2012-08,mmHg
5688656,eGFR,97.47,LOINC: 33914-3,2013-09,mL/min/1.73m2
62435801,eGFR,76.63,Estimated GFR,2015-05,mL/min/1.73m2
7338557,eGFR,90.35,Estimated GFR,2015-09,mL/min/1.73m2
780569,SBP,125.21,Systolic BP,2014-09,mmHg
25860557,HbA1c,5.08,HbA1c,2015-07,%
54034877,HbA1c,4.92,HbA1c,2016-02,%
52292144,SBP,129.83,SBP,2012-06,mmHg
13829096,eGFR,86.74,Estimated GFR,2015-09,mL/min/1.73m2
5696921,SBP,135.71,Systolic BP,2016-03,mmHg
13790477,eGFR,90.39,eGFR,2013-12,mL/min/1.73m2
10659944,HbA1c,6.39,HbA1c,2015-07,%
12607769,HbA1c,7.65,Hb A1c,2015-03,%
11844776,HbA1c,4.58,Glycated haemoglobin,2013-03,%
58291661,eGFR,79.01,Estimated GFR,2015-03,mL/min/1.73m2
11964296,eGFR,77.62,eGFR,2015-09,mL/min/1.73m2
14599577,eGFR,97.24,LOINC: 33914-3,2016-03,mL/min/1.73m2
15106877,HbA1c,3.99,Glycated haemoglobin,2016-05,%
4472792,SBP,111.12,Systolic blood pressure,2012-09,mmHg
1076672,HbA1c,5.85,HbA1c,2012-10,%
20295872,HbA1c,3.87,Hb A1c,2014-08,%
3486521,HbA1c,5.62,HbA1c,2016-10,%
16553672,HbA1c,3.91,Glycated haemoglobin,2012-02,%
58954736,SBP,155.75,Systolic BP,2015-06,mmHg
12024281,HbA1c,7.19,Glycated haemoglobin,2013-11,%
1352,HbA1c,4.89,HbA1c,2013-06,%
28663112,eGFR,83.8,LOINC: 33914-3,2016-02,mL/min/1.73m2
10716569,eGFR,78.77,eGFR,2016-02,mL/min/1.73m2
126344,HbA1c,7.36,Hb A1c,2013-10,%
107432,eGFR,93.81,eGFR,2014-05,mL/min/1.73m2
66524312,HbA1c,6.79,Glycated haemoglobin,2014-03,%
34761917,SBP,138.4,Systolic blood pressure,2016-01,mmHg
7181,HbA1c,4.92,Hb A1c,2012-12,%
9156296,eGFR,91.94,Estimated GFR,2016-12,mL/min/1.73m2
17890361,HbA1c,6.86,Hb A1c,2014-08,%
9872057,HbA1c,4.69,HbA1c,2016-01,%
17540441,eGFR,87.69,eGFR,2014-11,mL/min/1.73m2
37957016,SBP,132.43,SBP,2013-10,mmHg
52568057,SBP,122.02,SBP,2015-11,mmHg
68173136,eGFR,90.08,LOINC: 33914-3,2014-07,mL/min/1.73m2
61944077,HbA1c,4.79,Hb A1c,2012-07,%
2371232,eGFR,92.52,Estimated GFR,2015-02,mL/min/1.73m2
3689912,HbA1c,5.0,HbA1c,2016-09,%
12411737,SBP,141.11,Systolic blood pressure,2012-06,mmHg
47808461,HbA1c,5.56,Hb A1c,2012-03,%
31726781,eGFR,81.84,Estimated GFR,2012-04,mL/min/1.73m2
71034137,HbA1c,28.81,Hb A1c,2014-01,mmol/mol
4846592,HbA1c,4.47,Hb A1c,2013-02,%
33869069,HbA1c,5.1,HbA1c,2012-06,%
31551416,eGFR,66.78,eGFR,2014-11,mL/min/1.73m2
19263737,SBP,155.11,Systolic BP,2013-09,mmHg
16328936,HbA1c,5.38,Hb A1c,2012-09,%
62682392,eGFR,94.7,LOINC: 33914-3,2016-11,mL/min/1.73m2
4747961,HbA1c,3.7,Glycated haemoglobin,2012-02,%
67431512,HbA1c,26.0,Glycated haemoglobin,2015-08,mmol/mol
55109657,SBP,150.34,SBP,2014-02,mmHg
2424872,eGFR,87.85,Estimated GFR,2013-03,mL/min/1.73m2
14100941,SBP,146.03,SBP,2014-01,mmHg
3158297,SBP,116.66,Systolic BP,2016-10,mmHg
36519632,eGFR,87.75,Estimated GFR,2015-11,mL/min/1.73m2
55806176,HbA1c,5.55,Hb A1c,2012-07,%
961337,SBP,121.62,Systolic BP,2015-02,mmHg
13623752,eGFR,79.76,eGFR,2013-11,mL/min/1.73m2
34721081,SBP,117.17,SBP,2013-03,mmHg
21354941,SBP,131.74,Systolic blood pressure,2014-01,mmHg
5804912,eGFR,81.74,eGFR,2015-03,mL/min/1.73m2
18960857,SBP,105.17,Systolic blood pressure,2015-04,mmHg
23118797,SBP,159.71,SBP,2012-09,mmHg
72589952,SBP,147.67,SBP,2013-09,mmHg
11666621,SBP,117.8,SBP,2014-09,mmHg
5148569,SBP,150.6,SBP,2016-04,mmHg
230456,SBP,131.64,Systolic blood pressure,2016-12,mmHg
3636872,eGFR,82.92,Estimated GFR,2014-05,mL/min/1.73m2
60345944,HbA1c,4.1,Glycated haemoglobin,2016-10,%
1816121,eGFR,92.19,eGFR,2016-01,mL/min/1.73m2
26587856,HbA1c,4.18,Glycated haemoglobin,2014-12,%
8247161,HbA1c,5.23,Glycated haemoglobin,2016-04,%
328952,HbA1c,4.19,Hb A1c,2016-05,%
42956237,eGFR,79.21,Estimated GFR,2014-05,mL/min/1.73m2
8187581,eGFR,100.84,eGFR,2014-09,mL/min/1.73m2
738317,SBP,149.28,Systolic BP,2016-05,mmHg
21886472,HbA1c,3.57,HbA1c,2013-10,%
16567769,HbA1c,4.34,Glycated haemoglobin,2016-09,%
3499469,eGFR,92.53,Estimated GFR,2016-08,mL/min/1.73m2
23537072,eGFR,95.16,eGFR,2013-05,mL/min/1.73m2
37002701,SBP,134.09,Systolic BP,2016-03,mmHg
16666616,HbA1c,5.44,Hb A1c,2012-07,%
48577997,HbA1c,7.06,Hb A1c,2013-06,%
50282777,HbA1c,4.61,Hb A1c,2012-11,%
2132216,eGFR,90.72,Estimated GFR,2012-06,mL/min/1.73m2
47354456,SBP,135.02,Systolic BP,2013-09,mmHg
65735552,HbA1c,3.78,Glycated haemoglobin,2013-03,%
5738336,HbA1c,4.3,HbA1c,2015-06,%
5251256,HbA1c,3.89,Glycated haemoglobin,2013-09,%
49524176,SBP,124.82,SBP,2014-07,mmHg
17934344,SBP,118.8,SBP,2013-07,mmHg
30624344,SBP,119.6,Systolic BP,2014-05,mmHg
55135376,eGFR,85.55,LOINC: 33914-3,2015-07,mL/min/1.73m2
4961657,HbA1c,4.2,Hb A1c,2016-06,%
49475432,SBP,97.1,Systolic blood pressure,2016-11,mmHg
48868157,HbA1c,4.67,Hb A1c,2012-07,%
2157581,SBP,138.94,Systolic BP,2016-09,mmHg
1551152,eGFR,85.61,Estimated GFR,2014-08,mL/min/1.73m2
74102969,SBP,100.51,SBP,2015-07,mmHg
19477181,HbA1c,3.49,HbA1c,2015-05,%
5816,eGFR,65.67,eGFR,2015-08,mL/min/1.73m2
1291277,eGFR,81.98,eGFR,2013-02,mL/min/1.73m2
23520269,eGFR,86.06,LOINC: 33914-3,2014-07,mL/min/1.73m2
3967769,eGFR,81.21,eGFR,2012-10,mL/min/1.73m2
23553881,HbA1c,3.8,Glycated haemoglobin,2012-08,%
10830269,SBP,128.97,Systolic BP,2016-09,mmHg
67175741,eGFR,92.92,LOINC: 33914-3,2016-12,mL/min/1.73m2
30165992,HbA1c,4.95,HbA1c,2016-07,%
63259661,SBP,105.03,Systolic blood pressure,2016-06,mmHg
3207737,SBP,138.98,SBP,2014-02,mmHg
36331469,SBP,102.19,Systolic blood pressure,2016-08,mmHg
9937469,eGFR,95.33,LOINC: 33914-3,2014-08,mL/min/1.73m2
20845757,HbA1c,5.1,Hb A1c,2015-01,%
69784256,eGFR,93.23,eGFR,2013-03,mL/min/1.73m2
29203469,SBP,122.5,Systolic BP,2014-03,mmHg
6509456,SBP,95.39,Systolic BP,2014-08,mmHg
14270552,eGFR,84.53,LOINC: 33914-3,2016-12,mL/min/1.73m2
67062221,eGFR,84.12,Estimated GFR,2013-01,mL/min/1.73m2
6057992,SBP,125.41,Systolic BP,2016-11,mmHg
27216701,SBP,153.3,Systolic BP,2014-07,mmHg
14878856,eGFR,97.83,Estimated GFR,2013-12,mL/min/1.73m2
648944,HbA1c,5.96,Hb A1c,2013-02,%
8049401,eGFR,83.44,eGFR,2012-10,mL/min/1.73m2
11737721,HbA1c,4.23,HbA1c,2012-10,%
71034137,SBP,119.71,Systolic BP,2012-08,mmHg
10978976,eGFR,88.54,Estimated GFR,2013-01,mL/min/1.73m2
66496061,eGFR,86.36,Estimated GFR,2012-08,mL/min/1.73m2
1778969,eGFR,86.99,LOINC: 33914-3,2015-06,mL/min/1.73m2
62764697,SBP,107.08,Systolic blood pressure,2015-09,mmHg
59755376,eGFR,88.73,Estimated GFR,2016-02,mL/min/1.73m2
6896,SBP,138.53,SBP,2013-11,mmHg
22671272,eGFR,83.95,LOINC: 33914-3,2015-04,mL/min/1.73m2
36394136,eGFR,84.54,eGFR,2014-05,mL/min/1.73m2
8803376,eGFR,80.46,Estimated GFR,2015-12,mL/min/1.73m2
48288701,eGFR,83.01,eGFR,2015-05,mL/min/1.73m2
53476121,eGFR,79.69,LOINC: 33914-3,2013-06,mL/min/1.73m2
28941977,SBP,116.67,Systolic BP,2016-01,mmHg
2679344,HbA1c,5.28,Hb A1c,2015-07,%
416,SBP,121.31,Systolic BP,2014-07,mmHg
38535437,SBP,128.63,SBP,2015-07,mmHg
21951344,SBP,101.4,Systolic BP,2013-08,mmHg
2419481,SBP,120.13,Systolic BP,2012-07,mmHg
28514936,HbA1c,4.86,Hb A1c,2014-05,%
9970256,eGFR,80.99,Estimated GFR,2012-12,mL/min/1.73m2
13293344,HbA1c,7.39,HbA1c,2012-12,%
839792,SBP,117.72,Systolic BP,2015-01,mmHg
13547144,eGFR,77.41,LOINC: 33914-3,2015-02,mL/min/1.73m2
27216701,HbA1c,6.85,HbA1c,2012-07,%
10278872,HbA1c,4.97,Hb A1c,2013-02,%
37914344,eGFR,81.61,Estimated GFR,2015-06,mL/min/1.73m2
20845757,eGFR,91.2,eGFR,2013-03,mL/min/1.73m2
70189976,SBP,111.53,Systolic blood pressure,2013-04,mmHg
2662361,SBP,112.12,Systolic BP,2016-04,mmHg
43525712,HbA1c,5.32,HbA1c,2012-06,%
1733069,SBP,130.67,SBP,2016-09,mmHg
29072576,eGFR,86.7,LOINC: 33914-3,2013-11,mL/min/1.73m2
24265277,SBP,104.41,Systolic BP,2016-05,mmHg
2122112,SBP,141.05,Systolic BP,2014-10,mmHg
9041357,SBP,133.89,Systolic blood pressure,2014-03,mmHg
52166969,HbA1c,4.79,Glycated haemoglobin,2012-12,%
73626617,eGFR,89.39,LOINC: 33914-3,2015-08,mL/min/1.73m2
1403837,SBP,133.13,SBP,2015-08,mmHg
67516877,SBP,146.44,Systolic blood pressure,2016-09,mmHg
66326681,HbA1c,3.61,Glycated haemoglobin,2015-02,%
19538381,HbA1c,5.28,Glycated haemoglobin,2015-10,%
7319801,eGFR,89.12,LOINC: 33914-3,2016-12,mL/min/1.73m2
125117,HbA1c,24.78,Hb A1c,2012-11,mmol/mol
1279496,HbA1c,4.02,Hb A1c,2013-04,%
10312217,eGFR,90.77,LOINC: 33914-3,2014-08,mL/min/1.73m2
36897416,eGFR,86.16,Estimated GFR,2012-10,mL/min/1.73m2
4877144,SBP,137.95,Systolic blood pressure,2016-11,mmHg
55418681,SBP,119.91,Systolic BP,2015-10,mmHg
549821,HbA1c,6.23,HbA1c,2013-09,%
70102937,eGFR,88.91,Estimated GFR,2015-08,mL/min/1.73m2
8227277,SBP,138.39,SBP,2012-05,mmHg
14798792,eGFR,93.17,LOINC: 33914-3,2015-11,mL/min/1.73m2
31746296,HbA1c,4.37,Hb A1c,2014-03,%
4037069,HbA1c,4.3,Hb A1c,2016-12,%
39705401,eGFR,89.58,eGFR,2013-07,mL/min/1.73m2
50627261,SBP,129.7,Systolic BP,2013-05,mmHg
24693752,eGFR,85.77,Estimated GFR,2014-06,mL/min/1.73m2
73805069,SBP,119.57,SBP,2014-05,mmHg
2567144,eGFR,100.01,Estimated GFR,2012-06,mL/min/1.73m2
30337469,HbA1c,5.1,Glycated haemoglobin,2013-08,%
934361,HbA1c,4.64,HbA1c,2015-08,%
32650472,HbA1c,3.57,Hb A1c,2015-02,%
50037437,eGFR,85.68,eGFR,2012-02,mL/min/1.73m2
48892376,HbA1c,3.96,Glycated haemoglobin,2015-05,%
54137,SBP,126.94,SBP,2012-12,mmHg
2662361,HbA1c,4.17,HbA1c,2013-05,%
41515469,eGFR,82.68,eGFR,2014-02,mL/min/1.73m2
4291517,SBP,115.91,Systolic BP,2016-08,mmHg
56013392,SBP,88.48,SBP,2015-06,mmHg
18705296,HbA1c,4.58,Hb A1c,2012-07,%
497216,eGFR,83.6,Estimated GFR,2016-04,mL/min/1.73m2
51220541,HbA1c,4.96,Glycated haemoglobin,2014-06,%
69957992,HbA1c,4.42,HbA1c,2014-08,%
24504761,SBP,130.97,Systolic blood pressure,2013-08,mmHg
62189696,SBP,116.4,SBP,2012-01,mmHg
43092569,SBP,112.69,Systolic blood pressure,2012-12,mmHg
637832,HbA1c,3.95,HbA1c,2013-09,%
6995456,SBP,133.8,Systolic BP,2013-08,mmHg
8147981,SBP,107.97,SBP,2012-02,mmHg
8376992,SBP,115.71,Systolic blood pressure,2015-09,mmHg
164537,HbA1c,6.04,HbA1c,2013-11,%
10016,SBP,129.22,SBP,2016-06,mmHg
73745561,SBP,139.21,Systolic blood pressure,2013-03,mmHg
21660176,SBP,109.09,Systolic blood pressure,2014-02,mmHg
5696921,HbA1c,4.79,Glycated haemoglobin,2015-11,%
73062944,eGFR,85.83,LOINC: 33914-3,2016-08,mL/min/1.73m2
47259152,eGFR,91.31,LOINC: 33914-3,2013-12,mL/min/1.73m2
46878896,eGFR,88.31,Estimated GFR,2016-04,mL/min/1.73m2
50602616,eGFR,82.16,eGFR,2013-07,mL/min/1.73m2
1877312,eGFR,81.54,eGFR,2013-05,mL/min/1.73m2
954557,eGFR,66.09,eGFR,2016-10,mL/min/1.73m2
17583992,eGFR,92.46,Estimated GFR,2012-10,mL/min/1.73m2
9505469,eGFR,86.61,Estimated GFR,2016-10,mL/min/1.73m2
7022969,eGFR,99.02,eGFR,2013-10,mL/min/1.73m2
20909069,HbA1c,4.12,Glycated haemoglobin,2012-05,%
180344,SBP,109.65,Systolic blood pressure,2016-01,mmHg
48916601,SBP,113.67,Systolic BP,2016-08,mmHg
5062472,HbA1c,32.65,HbA1c,2015-03,mmol/mol
26516456,SBP,139.55,Systolic blood pressure,2016-10,mmHg
4399832,HbA1c,4.43,Hb A1c,2016-10,%
13483469,eGFR,95.61,Estimated GFR,2016-12,mL/min/1.73m2
290432,HbA1c,5.91,HbA1c,2016-05,%
54468632,SBP,131.06,Systolic BP,2015-06,mmHg
43183577,HbA1c,5.34,HbA1c,2012-08,%
190781,eGFR,83.2,Estimated GFR,2012-08,mL/min/1.73m2
60939416,HbA1c,5.49,Hb A1c,2015-09,%
51692672,eGFR,86.32,LOINC: 33914-3,2015-09,mL/min/1.73m2
65426969,HbA1c,4.11,HbA1c,2014-07,%
344,HbA1c,5.85,Glycated haemoglobin,2015-12,%
12632381,HbA1c,5.3,Glycated haemoglobin,2016-09,%
3871757,eGFR,84.47,Estimated GFR,2013-02,mL/min/1.73m2
41181344,HbA1c,4.9,Hb A1c,2014-06,%
30951101,HbA1c,3.8,HbA1c,2013-07,%
56350937,SBP,127.22,Systolic blood pressure,2014-07,mmHg
39661757,SBP,152.74,Systolic blood pressure,2013-06,mmHg
27834617,SBP,104.43,Systolic blood pressure,2012-10,mmHg
44921,HbA1c,4.31,Hb A1c,2012-09,%
39596336,eGFR,86.44,eGFR,2012-08,mL/min/1.73m2
27108377,eGFR,89.75,LOINC: 33914-3,2016-12,mL/min/1.73m2
50701232,HbA1c,3.81,Hb A1c,2014-06,%
3763469,eGFR,83.66,eGFR,2013-05,mL/min/1.73m2
73924157,eGFR,72.44,LOINC: 33914-3,2016-07,mL/min/1.73m2
29315897,HbA1c,4.04,HbA1c,2014-12,%
22935944,HbA1c,32.59,Glycated haemoglobin,2012-06,mmol/mol
47832416,SBP,147.29,SBP,2013-11,mmHg
25737392,HbA1c,3.75,Hb A1c,2014-09,%
8207417,eGFR,80.98,eGFR,2014-01,mL/min/1.73m2
13932344,HbA1c,4.34,Glycated haemoglobin,2013-09,%
59327696,eGFR,76.82,LOINC: 33914-3,2013-11,mL/min/1.73m2
16256,HbA1c,5.14,Glycated haemoglobin,2013-01,%
931016,SBP,117.37,Systolic blood pressure,2014-01,mmHg
7347944,eGFR,80.85,eGFR,2013-02,mL/min/1.73m2
5622752,eGFR,89.72,LOINC: 33914-3,2014-08,mL/min/1.73m2
64923581,SBP,113.43,Systolic BP,2013-06,mmHg
691469,HbA1c,5.58,Hb A1c,2015-03,%
45513344,eGFR,76.94,eGFR,2014-02,mL/min/1.73m2
275696,HbA1c,4.86,Hb A1c,2016-05,%
19707176,SBP,138.96,Systolic blood pressure,2016-10,mmHg
72344,eGFR,84.74,Estimated GFR,2016-10,mL/min/1.73m2
64227656,HbA1c,5.25,HbA1c,2016-07,%
218969,SBP,125.01,SBP,2012-09,mmHg
20342717,eGFR,81.93,LOINC: 33914-3,2012-07,mL/min/1.73m2
12942056,eGFR,91.2,eGFR,2016-10,mL/min/1.73m2
14192144,HbA1c,5.3,Hb A1c,2012-07,%
18377144,HbA1c,3.83,Glycated haemoglobin,2014-12,%
64895672,eGFR,97.59,Estimated GFR,2015-06,mL/min/1.73m2
39880217,SBP,135.09,Systolic BP,2013-01,mmHg
6527144,eGFR,89.88,Estimated GFR,2012-03,mL/min/1.73m2
3837752,eGFR,78.6,Estimated GFR,2012-10,mL/min/1.73m2
1816121,SBP,114.6,Systolic BP,2012-09,mmHg
27144461,HbA1c,4.96,Hb A1c,2014-01,%
51642872,eGFR,84.82,eGFR,2013-11,mL/min/1.73m2
10112957,eGFR,86.0,Estimated GFR,2013-08,mL/min/1.73m2
24197069,HbA1c,5.31,Glycated haemoglobin,2015-12,%
2863856,SBP,110.65,Systolic BP,2014-07,mmHg
1802144,HbA1c,5.87,Glycated haemoglobin,2015-06,%
13381901,SBP,131.42,SBP,2012-10,mmHg
1420301,eGFR,75.85,eGFR,2013-09,mL/min/1.73m2
2685017,SBP,125.38,Systolic blood pressure,2016-07,mmHg
36102152,eGFR,94.97,eGFR,2013-03,mL/min/1.73m2
26216,HbA1c,4.92,Hb A1c,2012-04,%
15093416,HbA1c,3.87,HbA1c,2013-04,%
2462777,HbA1c,5.08,Glycated haemoglobin,2016-05,%
565337,SBP,140.86,Systolic blood pressure,2014-09,mmHg
184781,HbA1c,4.56,Glycated haemoglobin,2012-09,%
67887416,eGFR,90.57,eGFR,2016-11,mL/min/1.73m2
29673344,SBP,110.71,SBP,2013-11,mmHg
1944344,eGFR,81.93,LOINC: 33914-3,2014-12,mL/min/1.73m2
33507161,SBP,118.41,Systolic blood pressure,2012-02,mmHg
61998617,eGFR,85.29,eGFR,2016-11,mL/min/1.73m2
28774496,HbA1c,4.8,Glycated haemoglobin,2014-12,%
33808616,SBP,131.43,Systolic blood pressure,2013-12,mmHg
4205837,HbA1c,5.26,Glycated haemoglobin,2015-03,%
12338621,HbA1c,6.94,HbA1c,2012-12,%
14612816,eGFR,83.3,Estimated GFR,2014-05,mL/min/1.73m2
43343072,eGFR,78.44,Estimated GFR,2013-05,mL/min/1.73m2
9677117,eGFR,89.32,eGFR,2013-03,mL/min/1.73m2
31551416,HbA1c,5.17,HbA1c,2012-08,%
38772344,eGFR,90.2,Estimated GFR,2015-01,mL/min/1.73m2
11384381,eGFR,84.01,eGFR,2014-03,mL/min/1.73m2
26677241,HbA1c,5.45,Glycated haemoglobin,2015-01,%
58159496,SBP,99.61,Systolic BP,2016-06,mmHg
63425081,HbA1c,4.03,Hb A1c,2014-04,%
1660877,SBP,140.02,Systolic BP,2015-06,mmHg
22375352,SBP,145.94,Systolic blood pressure,2015-07,mmHg
55573517,eGFR,88.69,eGFR,2014-05,mL/min/1.73m2
1806797,eGFR,81.05,Estimated GFR,2016-05,mL/min/1.73m2
13829096,HbA1c,3.97,Hb A1c,2013-03,%
35832077,HbA1c,6.32,Hb A1c,2015-04,%
154856,SBP,121.03,Systolic blood pressure,2012-07,mmHg
38427992,SBP,143.57,Systolic BP,2015-01,mmHg
971552,eGFR,89.82,LOINC: 33914-3,2015-05,mL/min/1.73m2
28440992,HbA1c,4.86,HbA1c,2016-06,%
66354896,SBP,122.72,Systolic BP,2014-07,mmHg
11117144,SBP,140.32,SBP,2014-02,mmHg
10379069,HbA1c,5.31,HbA1c,2013-12,%
1209944,HbA1c,4.07,Hb A1c,2013-01,%
15472592,HbA1c,5.07,HbA1c,2013-03,%
447257,SBP,121.26,Systolic blood pressure,2012-04,mmHg
20217917,eGFR,98.38,Estimated GFR,2016-01,mL/min/1.73m2
20202344,HbA1c,5.53,Hb A1c,2015-06,%
20766752,eGFR,95.31,LOINC: 33914-3,2012-05,mL/min/1.73m2
28146176,SBP,116.87,Systolic blood pressure,2013-11,mmHg
58450457,HbA1c,5.47,HbA1c,2016-11,%
34374944,HbA1c,6.02,HbA1c,2012-10,%
43229117,HbA1c,4.45,Hb A1c,2015-06,%
12879821,eGFR,85.16,eGFR,2016-05,mL/min/1.73m2
65096,SBP,115.68,SBP,2014-10,mmHg
2589392,eGFR,88.79,eGFR,2013-01,mL/min/1.73m2
32908301,HbA1c,5.33,Glycated haemoglobin,2014-04,%
5771576,HbA1c,5.8,Hb A1c,2013-12,%
31668272,SBP,114.73,Systolic blood pressure,2012-11,mmHg
53046344,eGFR,94.24,Estimated GFR,2014-03,mL/min/1.73m2
60426701,eGFR,89.99,eGFR,2016-09,mL/min/1.73m2
22244456,HbA1c,4.48,HbA1c,2015-11,%
52541,eGFR,79.42,Estimated GFR,2015-08,mL/min/1.73m2
51842216,HbA1c,5.56,Glycated haemoglobin,2013-06,%
60480569,HbA1c,5.25,HbA1c,2013-12,%
4356344,SBP,135.85,SBP,2014-04,mmHg
9992144,SBP,104.2,Systolic blood pressure,2014-07,mmHg
15980861,SBP,123.82,SBP,2015-09,mmHg
23035592,HbA1c,7.11,Hb A1c,2015-11,%
10750616,eGFR,79.95,eGFR,2014-12,mL/min/1.73m2
2770832,eGFR,84.77,eGFR,2016-06,mL/min/1.73m2
2061992,SBP,129.39,Systolic BP,2015-11,mmHg
13854872,HbA1c,4.21,Hb A1c,2015-01,%
777512,SBP,143.27,Systolic BP,2012-10,mmHg
1263872,HbA1c,6.94,Glycated haemoglobin,2012-03,%
1811456,eGFR,83.69,eGFR,2016-09,mL/min/1.73m2
18945776,SBP,109.37,Systolic BP,2012-09,mmHg
68115944,HbA1c,6.23,Glycated haemoglobin,2015-04,%
66016712,HbA1c,4.44,Hb A1c,2013-04,%
69813197,HbA1c,6.71,HbA1c,2014-08,%
18302969,eGFR,89.81,Estimated GFR,2012-11,mL/min/1.73m2
47928296,eGFR,92.55,LOINC: 33914-3,2014-03,mL/min/1.73m2
73626617,HbA1c,4.94,Hb A1c,2014-10,%
7263677,SBP,131.3,Systolic blood pressure,2013-08,mmHg
6617,eGFR,82.14,Estimated GFR,2014-05,mL/min/1.73m2
70829912,eGFR,90.03,eGFR,2013-04,mL/min/1.73m2
71209421,HbA1c,5.46,HbA1c,2016-01,%
1844237,SBP,130.14,Systolic blood pressure,2016-08,mmHg
2805536,SBP,113.6,Systolic BP,2013-12,mmHg
57948344,HbA1c,6.87,Glycated haemoglobin,2015-09,%
54929792,eGFR,83.77,Estimated GFR,2013-07,mL/min/1.73m2
32948057,SBP,132.92,Systolic BP,2013-03,mmHg
46878896,SBP,101.07,Systolic BP,2014-11,mmHg
9051776,eGFR,85.03,eGFR,2012-01,mL/min/1.73m2
16203197,HbA1c,6.32,Glycated haemoglobin,2014-08,%
17919677,HbA1c,6.3,Hb A1c,2014-08,%
20640656,SBP,131.97,SBP,2013-05,mmHg
66354896,eGFR,89.0,Estimated GFR,2012-01,mL/min/1.73m2
53831357,eGFR,74.28,LOINC: 33914-3,2016-12,mL/min/1.73m2
654536,eGFR,89.75,eGFR,2016-03,mL/min/1.73m2
3288896,HbA1c,4.43,Hb A1c,2012-02,%
30758681,eGFR,82.17,LOINC: 33914-3,2014-02,mL/min/1.73m2
12521816,eGFR,82.58,LOINC: 33914-3,2014-04,mL/min/1.73m2
14825456,eGFR,89.09,eGFR,2015-10,mL/min/1.73m2
40406969,eGFR,85.42,Estimated GFR,2013-12,mL/min/1.73m2
35501069,eGFR,87.14,eGFR,2016-11,mL/min/1.73m2
46287821,HbA1c,36.33,Hb A1c,2015-07,mmol/mol
69813197,eGFR,82.4,Estimated GFR,2013-02,mL/min/1.73m2
6571469,SBP,155.61,Systolic blood pressure,2014-11,mmHg
281177,HbA1c,4.4,Hb A1c,2014-04,%
21724712,SBP,137.95,SBP,2013-05,mmHg
67175741,HbA1c,4.14,Hb A1c,2013-07,%
11916416,SBP,131.37,Systolic blood pressure,2012-11,mmHg
41783741,SBP,93.77,SBP,2012-08,mmHg
7622777,eGFR,90.94,Estimated GFR,2014-03,mL/min/1.73m2
39226637,eGFR,85.11,Estimated GFR,2016-11,mL/min/1.73m2
1643069,eGFR,84.48,Estimated GFR,2016-10,mL/min/1.73m2
43594301,eGFR,88.63,eGFR,2016-10,mL/min/1.73m2
42797456,eGFR,79.38,Estimated GFR,2012-03,mL/min/1.73m2
29786672,HbA1c,5.82,HbA1c,2012-12,%
7747616,eGFR,87.91,eGFR,2013-02,mL/min/1.73m2
526952,SBP,127.92,Systolic BP,2014-12,mmHg
1678781,eGFR,78.34,Estimated GFR,2013-08,mL/min/1.73m2
2788157,SBP,120.94,Systolic blood pressure,2012-07,mmHg
62737256,SBP,128.89,Systolic BP,2015-06,mmHg
28737344,eGFR,83.63,Estimated GFR,2013-10,mL/min/1.73m2
7338557,SBP,130.41,Systolic blood pressure,2014-07,mmHg
27325241,SBP,136.71,Systolic BP,2013-10,mmHg
35563016,HbA1c,5.91,Hb A1c,2013-10,%
1577144,HbA1c,4.17,Hb A1c,2012-10,%
41918201,HbA1c,3.84,Hb A1c,2012-01,%
1449344,HbA1c,4.56,Glycated haemoglobin,2012-07,%
11128697,HbA1c,3.9,Hb A1c,2014-10,%
19691801,SBP,136.06,Systolic blood pressure,2015-12,mmHg
63563096,eGFR,94.26,Estimated GFR,2012-03,mL/min/1.73m2
5549069,HbA1c,6.91,Hb A1c,2012-10,%
70538672,eGFR,82.25,eGFR,2014-05,mL/min/1.73m2
14270552,SBP,130.9,Systolic BP,2015-07,mmHg
13381901,eGFR,73.37,Estimated GFR,2015-10,mL/min/1.73m2
17007752,HbA1c,4.72,HbA1c,2014-09,%
34905032,SBP,121.23,SBP,2013-01,mmHg
51593096,SBP,144.36,Systolic blood pressure,2013-08,mmHg
71942096,eGFR,90.31,Estimated GFR,2016-02,mL/min/1.73m2
27415856,SBP,127.98,Systolic blood pressure,2012-05,mmHg
65651321,HbA1c,3.89,Hb A1c,2015-10,%
42571136,SBP,124.25,SBP,2012-06,mmHg
60561416,SBP,134.74,Systolic blood pressure,2013-06,mmHg
24831656,HbA1c,5.58,HbA1c,2014-05,%
7189181,HbA1c,4.93,HbA1c,2012-01,%
64979417,eGFR,90.16,Estimated GFR,2016-03,mL/min/1.73m2
279344,eGFR,86.55,LOINC: 33914-3,2016-08,mL/min/1.73m2
57658637,SBP,109.4,Systolic BP,2015-03,mmHg
68058776,HbA1c,5.17,HbA1c,2014-01,%
29503757,HbA1c,4.37,Glycated haemoglobin,2016-05,%
7068944,SBP,159.99,Systolic BP,2012-01,mmHg
6813416,SBP,110.77,Systolic BP,2016-02,mmHg
1098344,HbA1c,5.36,Glycated haemoglobin,2013-02,%
1209944,SBP,126.08,SBP,2012-03,mmHg
54111296,eGFR,87.08,Estimated GFR,2012-06,mL/min/1.73m2
63342344,eGFR,89.59,Estimated GFR,2013-12,mL/min/1.73m2
1848944,SBP,125.95,Systolic blood pressure,2012-04,mmHg
79976,eGFR,80.6,Estimated GFR,2015-12,mL/min/1.73m2
20467901,eGFR,87.03,eGFR,2012-10,mL/min/1.73m2
6377561,SBP,143.92,Systolic blood pressure,2014-08,mmHg
808352,HbA1c,5.66,Glycated haemoglobin,2014-05,%
46807769,eGFR,83.86,Estimated GFR,2016-12,mL/min/1.73m2
10853081,eGFR,87.33,eGFR,2015-06,mL/min/1.73m2
68545469,HbA1c,4.58,Glycated haemoglobin,2012-06,%
12792944,eGFR,83.49,LOINC: 33914-3,2013-12,mL/min/1.73m2
985256,HbA1c,5.58,Glycated haemoglobin,2012-01,%
22654781,SBP,74.13,Systolic blood pressure,2013-05,mmHg
35130521,eGFR,68.52,Estimated GFR,2013-02,mL/min/1.73m2
5046896,eGFR,99.17,eGFR,2014-10,mL/min/1.73m2
31454201,eGFR,80.37,Estimated GFR,2015-01,mL/min/1.73m2
40187069,HbA1c,5.28,Glycated haemoglobin,2014-11,%
33027641,SBP,121.59,Systolic blood pressure,2013-07,mmHg
61671737,HbA1c,5.37,Glycated haemoglobin,2014-06,%
591677,HbA1c,4.08,HbA1c,2013-09,%
25160717,eGFR,92.13,Estimated GFR,2014-05,mL/min/1.73m2
65342936,HbA1c,4.03,Hb A1c,2016-09,%
6714317,HbA1c,5.83,Hb A1c,2015-12,%
8376992,eGFR,91.19,eGFR,2016-09,mL/min/1.73m2
40011581,HbA1c,4.93,Hb A1c,2012-09,%
3090944,HbA1c,4.99,Hb A1c,2012-06,%
14959136,SBP,140.13,Systolic blood pressure,2012-07,mmHg
48409136,eGFR,81.7,Estimated GFR,2013-09,mL/min/1.73m2
27289037,HbA1c,5.04,Hb A1c,2014-12,%
637832,eGFR,89.82,LOINC: 33914-3,2012-09,mL/min/1.73m2
18466352,eGFR,79.8,eGFR,2012-06,mL/min/1.73m2
10626041,HbA1c,3.08,HbA1c,2015-08,%
7170617,eGFR,89.57,Estimated GFR,2012-09,mL/min/1.73m2
1080269,SBP,132.38,SBP,2015-02,mmHg
2027321,SBP,108.85,SBP,2013-04,mmHg
55883837,SBP,114.12,SBP,2014-04,mmHg
109712,eGFR,81.2,Estimated GFR,2013-06,mL/min/1.73m2
40517144,SBP,123.94,SBP,2012-11,mmHg
29843417,eGFR,85.17,LOINC: 33914-3,2015-06,mL/min/1.73m2
13356569,SBP,127.59,Systolic blood pressure,2015-10,mmHg
1375256,SBP,133.41,Systolic BP,2013-10,mmHg
41895776,eGFR,86.36,LOINC: 33914-3,2014-12,mL/min/1.73m2
717632,SBP,130.63,Systolic blood pressure,2015-03,mmHg
5721752,SBP,131.67,Systolic blood pressure,2016-10,mmHg
44398496,eGFR,92.37,Estimated GFR,2016-01,mL/min/1.73m2
2668016,HbA1c,5.23,Hb A1c,2015-12,%
8793101,SBP,99.12,SBP,2015-02,mmHg
36582461,eGFR,90.42,eGFR,2012-02,mL/min/1.73m2
5475872,eGFR,86.14,LOINC: 33914-3,2012-07,mL/min/1.73m2
497216,HbA1c,6.52,HbA1c,2016-02,%
5070269,eGFR,84.55,Estimated GFR,2015-03,mL/min/1.73m2
62737256,eGFR,81.73,LOINC: 33914-3,2015-09,mL/min/1.73m2
27344,SBP,114.58,Systolic BP,2014-10,mmHg
2690696,SBP,138.19,Systolic BP,2015-08,mmHg
42120296,SBP,146.62,Systolic BP,2016-10,mmHg
63369917,HbA1c,4.19,HbA1c,2015-03,%
33647672,HbA1c,5.0,Hb A1c,2015-12,%
66807152,SBP,118.92,Systolic blood pressure,2014-11,mmHg
26143181,SBP,113.41,Systolic blood pressure,2016-11,mmHg
29297144,HbA1c,4.85,Hb A1c,2013-03,%
3723257,SBP,125.26,Systolic blood pressure,2013-09,mmHg
17597,eGFR,79.6,Estimated GFR,2014-04,mL/min/1.73m2
3571112,HbA1c,5.67,HbA1c,2016-03,%
62025896,SBP,100.19,Systolic BP,2013-09,mmHg
8477552,SBP,138.44,Systolic blood pressure,2012-05,mmHg
46052441,eGFR,88.91,eGFR,2016-09,mL/min/1.73m2
20703656,eGFR,83.47,Estimated GFR,2013-11,mL/min/1.73m2
7613216,HbA1c,4.46,HbA1c,2013-12,%
7124312,HbA1c,4.76,Hb A1c,2016-08,%
51568217,HbA1c,4.81,Glycated haemoglobin,2012-09,%
8257112,eGFR,78.5,Estimated GFR,2013-12,mL/min/1.73m2
61535792,HbA1c,6.74,Glycated haemoglobin,2016-11,%
26090072,SBP,138.52,Systolic BP,2014-06,mmHg
177416,eGFR,66.02,LOINC: 33914-3,2014-12,mL/min/1.73m2
5532761,HbA1c,5.53,HbA1c,2013-08,%
9484121,SBP,139.26,SBP,2013-07,mmHg
21563552,HbA1c,4.7,HbA1c,2012-06,%
2456,SBP,135.8,Systolic blood pressure,2014-02,mmHg
74670632,eGFR,92.24,LOINC: 33914-3,2014-12,mL/min/1.73m2
19021241,SBP,147.16,SBP,2012-09,mmHg
225497,HbA1c,5.09,HbA1c,2014-04,%
69033896,SBP,118.03,SBP,2014-08,mmHg
32020136,eGFR,83.2,eGFR,2012-09,mL/min/1.73m2
28979261,eGFR,90.26,LOINC: 33914-3,2012-01,mL/min/1.73m2
44306216,SBP,129.18,Systolic blood pressure,2016-03,mmHg
35171597,HbA1c,4.12,HbA1c,2012-06,%
74216,HbA1c,5.01,Glycated haemoglobin,2015-08,%
1044569,HbA1c,4.66,Glycated haemoglobin,2013-02,%
40296944,SBP,124.98,SBP,2014-03,mmHg
31570877,eGFR,84.16,Estimated GFR,2012-08,mL/min/1.73m2
27561152,eGFR,79.24,Estimated GFR,2012-06,mL/min/1.73m2
7718717,SBP,126.35,SBP,2016-02,mmHg
4546352,eGFR,87.32,LOINC: 33914-3,2012-11,mL/min/1.73m2
4051001,eGFR,91.28,LOINC: 33914-3,2014-10,mL/min/1.73m2
8916797,SBP,115.52,SBP,2016-03,mmHg
2561597,HbA1c,3.99,Hb A1c,2015-06,%
109712,HbA1c,3.7,HbA1c,2012-12,%
934361,SBP,99.58,SBP,2016-08,mmHg
63811901,eGFR,87.1,LOINC: 33914-3,2014-11,mL/min/1.73m2
29278397,SBP,140.93,Systolic BP,2015-08,mmHg
13662137,HbA1c,4.71,Glycated haemoglobin,2014-04,%
5663897,eGFR,84.97,eGFR,2016-06,mL/min/1.73m2
50948192,HbA1c,7.93,HbA1c,2013-08,%
60642317,HbA1c,5.17,Hb A1c,2016-10,%
27761561,eGFR,89.41,Estimated GFR,2013-05,mL/min/1.73m2
52869881,HbA1c,5.81,Glycated haemoglobin,2016-04,%
20280269,SBP,102.97,Systolic BP,2014-10,mmHg
7786232,HbA1c,4.59,Glycated haemoglobin,2014-02,%
28036016,SBP,122.41,SBP,2016-01,mmHg
49939469,SBP,138.28,Systolic BP,2014-03,mmHg
23789837,HbA1c,5.63,Hb A1c,2016-01,%
1746776,SBP,117.5,Systolic BP,2014-04,mmHg
3115352,eGFR,83.83,eGFR,2015-07,mL/min/1.73m2
20233496,SBP,120.68,SBP,2012-06,mmHg
22277144,HbA1c,4.27,Glycated haemoglobin,2013-12,%
32177144,HbA1c,7.93,Hb A1c,2016-05,%
25125977,eGFR,84.99,Estimated GFR,2013-09,mL/min/1.73m2
10761977,SBP,127.75,SBP,2016-10,mmHg
47378297,SBP,99.75,SBP,2015-08,mmHg
2446496,eGFR,90.4,Estimated GFR,2016-05,mL/min/1.73m2
71736569,eGFR,90.95,Estimated GFR,2014-01,mL/min/1.73m2
1445177,HbA1c,34.71,Glycated haemoglobin,2016-01,mmol/mol
43525712,SBP,136.76,Systolic BP,2016-06,mmHg
504569,SBP,116.43,SBP,2014-08,mmHg
2685017,HbA1c,5.75,Glycated haemoglobin,2016-02,%
116696,eGFR,80.01,eGFR,2016-09,mL/min/1.73m2
1267769,SBP,152.27,Systolic blood pressure,2013-01,mmHg
49841597,SBP,135.47,Systolic blood pressure,2013-12,mmHg
7078157,HbA1c,4.62,HbA1c,2012-01,%
1334936,HbA1c,3.64,Glycated haemoglobin,2014-01,%
5565401,SBP,111.94,Systolic BP,2014-10,mmHg
43731641,HbA1c,4.77,HbA1c,2013-10,%
26143181,eGFR,82.43,LOINC: 33914-3,2013-10,mL/min/1.73m2
37637561,eGFR,84.28,eGFR,2015-07,mL/min/1.73m2
54137,eGFR,88.73,LOINC: 33914-3,2012-08,mL/min/1.73m2
5614541,HbA1c,4.57,HbA1c,2014-10,%
12217241,eGFR,88.86,LOINC: 33914-3,2016-11,mL/min/1.73m2
14035976,eGFR,91.68,LOINC: 33914-3,2014-05,mL/min/1.73m2
30146969,eGFR,92.09,Estimated GFR,2013-03,mL/min/1.73m2
20577752,SBP,136.14,Systolic BP,2013-05,mmHg
15691376,HbA1c,5.09,HbA1c,2013-10,%
13649336,eGFR,84.66,eGFR,2014-08,mL/min/1.73m2
56065256,HbA1c,4.93,Glycated haemoglobin,2013-02,%
1792856,SBP,134.85,Systolic BP,2016-10,mmHg
52568057,HbA1c,3.62,Glycated haemoglobin,2014-03,%
230456,HbA1c,5.18,Hb A1c,2015-10,%
55032536,eGFR,91.17,Estimated GFR,2016-10,mL/min/1.73m2
1069496,SBP,127.21,SBP,2013-10,mmHg
61399997,HbA1c,4.24,Hb A1c,2013-08,%
5779901,HbA1c,6.73,Glycated haemoglobin,2014-09,%
250832,HbA1c,4.9,Hb A1c,2012-05,%
6290381,eGFR,94.3,eGFR,2014-02,mL/min/1.73m2
18037181,HbA1c,5.02,Hb A1c,2013-05,%
786701,SBP,128.92,Systolic blood pressure,2012-01,mmHg
13041944,eGFR,88.73,Estimated GFR,2015-08,mL/min/1.73m2
59034557,SBP,111.09,SBP,2012-06,mmHg
149456,SBP,102.49,Systolic blood pressure,2015-09,mmHg
9367136,HbA1c,6.19,Hb A1c,2016-08,%
49426712,SBP,92.01,SBP,2015-08,mmHg
52041944,eGFR,94.62,Estimated GFR,2015-06,mL/min/1.73m2
1525376,HbA1c,6.38,Hb A1c,2015-11,%
45677081,HbA1c,5.56,HbA1c,2015-06,%
36813296,HbA1c,7.42,HbA1c,2016-01,%
63232112,SBP,130.11,Systolic blood pressure,2015-10,mmHg
45093656,SBP,102.89,Systolic blood pressure,2012-04,mmHg
30356552,SBP,111.9,Systolic blood pressure,2013-12,mmHg
32729696,HbA1c,4.7,HbA1c,2016-11,%
24797144,HbA1c,4.96,HbA1c,2016-11,%
12168857,HbA1c,5.78,Hb A1c,2014-01,%
39400397,eGFR,82.41,LOINC: 33914-3,2016-10,mL/min/1.73m2
28238141,eGFR,96.25,LOINC: 33914-3,2015-04,mL/min/1.73m2
338957,HbA1c,4.09,Hb A1c,2012-05,%
2799737,SBP,127.62,Systolic BP,2015-12,mmHg
607769,eGFR,85.02,eGFR,2014-03,mL/min/1.73m2
60077144,HbA1c,5.35,Hb A1c,2013-03,%
24111944,HbA1c,5.69,Glycated haemoglobin,2013-12,%
23503472,HbA1c,5.17,HbA1c,2013-09,%
6958856,SBP,129.41,Systolic BP,2012-01,mmHg
36666317,eGFR,97.15,LOINC: 33914-3,2016-08,mL/min/1.73m2
2578256,SBP,128.22,SBP,2016-11,mmHg
273881,eGFR,91.55,eGFR,2015-11,mL/min/1.73m2
35130521,HbA1c,5.95,Glycated haemoglobin,2012-10,%
8865152,SBP,134.62,Systolic BP,2013-12,mmHg
14798792,HbA1c,5.24,Glycated haemoglobin,2016-04,%
29053901,HbA1c,5.26,HbA1c,2016-02,%
47688776,SBP,136.26,Systolic blood pressure,2014-03,mmHg
29147336,HbA1c,7.46,Hb A1c,2015-12,%
58529936,HbA1c,6.71,Glycated haemoglobin,2016-10,%
38170736,SBP,114.96,SBP,2015-07,mmHg
24797144,eGFR,86.99,Estimated GFR,2015-11,mL/min/1.73m2
28886096,eGFR,85.96,eGFR,2016-02,mL/min/1.73m2
45981944,eGFR,90.29,eGFR,2013-12,mL/min/1.73m2
22473776,HbA1c,51.56,HbA1c,2016-05,mmol/mol
10434944,SBP,125.18,Systolic blood pressure,2012-09,mmHg
2441081,HbA1c,4.21,Hb A1c,2012-08,%
23520269,HbA1c,4.44,Hb A1c,2016-01,%
3538457,eGFR,94.46,eGFR,2016-09,mL/min/1.73m2
10401401,eGFR,86.88,Estimated GFR,2014-10,mL/min/1.73m2
20436569,HbA1c,4.54,Glycated haemoglobin,2013-11,%
72118496,HbA1c,5.13,HbA1c,2013-03,%
63645977,SBP,129.74,Systolic BP,2014-11,mmHg
69957992,eGFR,83.67,Estimated GFR,2013-11,mL/min/1.73m2
39814616,SBP,111.15,Systolic BP,2016-01,mmHg
36394136,SBP,131.21,Systolic blood pressure,2016-11,mmHg
65904176,HbA1c,5.59,HbA1c,2014-05,%
12620072,HbA1c,38.31,HbA1c,2016-11,mmol/mol
12966992,eGFR,89.84,Estimated GFR,2013-06,mL/min/1.73m2
11059469,HbA1c,4.69,HbA1c,2015-05,%
2435672,SBP,132.7,Systolic blood pressure,2015-03,mmHg
1983176,SBP,115.5,SBP,2012-11,mmHg
70073936,SBP,93.08,SBP,2013-01,mmHg
60561416,HbA1c,5.21,Hb A1c,2014-05,%
15884072,HbA1c,4.4,Glycated haemoglobin,2015-06,%
13700576,SBP,125.0,Systolic blood pressure,2013-02,mmHg
25825337,SBP,136.98,Systolic BP,2016-10,mmHg
28256552,SBP,134.06,SBP,2016-12,mmHg
70596872,eGFR,86.2,eGFR,2014-01,mL/min/1.73m2
71004944,SBP,114.2,Systolic BP,2012-08,mmHg
399944,HbA1c,4.92,HbA1c,2012-06,%
63287216,eGFR,87.99,LOINC: 33914-3,2012-11,mL/min/1.73m2
1891577,HbA1c,5.63,Hb A1c,2014-02,%
3830969,HbA1c,5.15,Hb A1c,2015-12,%
11431181,eGFR,87.01,eGFR,2013-03,mL/min/1.73m2
34050752,SBP,149.89,Systolic BP,2013-05,mmHg
30816344,HbA1c,4.63,Glycated haemoglobin,2013-08,%
19722557,eGFR,83.62,eGFR,2015-10,mL/min/1.73m2
9484121,HbA1c,6.75,HbA1c,2015-08,%
44884541,SBP,118.0,Systolic BP,2015-12,mmHg
25474457,eGFR,77.02,eGFR,2012-11,mL/min/1.73m2
15486221,HbA1c,5.79,Hb A1c,2015-01,%
964736,eGFR,86.41,eGFR,2016-01,mL/min/1.73m2
17685821,eGFR,81.6,Estimated GFR,2015-03,mL/min/1.73m2
9634061,SBP,98.26,Systolic blood pressure,2015-08,mmHg
48650456,eGFR,90.22,eGFR,2012-02,mL/min/1.73m2
49110617,SBP,126.07,Systolic blood pressure,2012-07,mmHg
19233341,eGFR,82.36,eGFR,2013-05,mL/min/1.73m2
16850969,eGFR,80.09,eGFR,2012-09,mL/min/1.73m2
60157721,HbA1c,4.31,Glycated haemoglobin,2014-07,%
40804301,SBP,101.61,Systolic BP,2014-12,mmHg
723512,HbA1c,4.86,HbA1c,2012-01,%
4436237,eGFR,85.42,LOINC: 33914-3,2013-09,mL/min/1.73m2
17993072,HbA1c,4.96,HbA1c,2015-07,%
9666344,SBP,125.63,SBP,2012-09,mmHg
1944344,SBP,109.75,Systolic blood pressure,2013-05,mmHg
50969,SBP,136.88,SBP,2016-03,mmHg
46193597,SBP,125.5,Systolic BP,2013-06,mmHg
37446536,eGFR,87.58,eGFR,2015-12,mL/min/1.73m2
11198141,SBP,148.38,Systolic blood pressure,2012-10,mmHg
18110816,SBP,125.97,Systolic BP,2014-03,mmHg
61916816,HbA1c,4.7,Glycated haemoglobin,2014-08,%
38556944,eGFR,76.76,LOINC: 33914-3,2013-05,mL/min/1.73m2
3454256,SBP,127.98,Systolic BP,2014-09,mmHg
2673677,SBP,145.38,SBP,2014-10,mmHg
21660176,eGFR,95.63,LOINC: 33914-3,2014-10,mL/min/1.73m2
440336,HbA1c,7.3,Glycated haemoglobin,2013-05,%
33990137,eGFR,85.54,eGFR,2016-08,mL/min/1.73m2
25596992,HbA1c,53.53,HbA1c,2012-05,mmol/mol
40937177,HbA1c,5.03,Glycated haemoglobin,2013-10,%
8517944,SBP,109.48,Systolic BP,2012-02,mmHg
13958216,eGFR,90.46,eGFR,2013-07,mL/min/1.73m2
36561512,SBP,113.06,Systolic blood pressure,2016-03,mmHg
1760537,HbA1c,4.76,Glycated haemoglobin,2014-04,%
2122112,eGFR,82.03,LOINC: 33914-3,2016-08,mL/min/1.73m2
1495577,SBP,126.94,Systolic blood pressure,2013-04,mmHg
32551577,SBP,119.66,Systolic BP,2013-03,mmHg
20046944,SBP,121.21,Systolic blood pressure,2012-11,mmHg
2852144,eGFR,84.66,LOINC: 33914-3,2016-09,mL/min/1.73m2
34741496,eGFR,72.57,LOINC: 33914-3,2013-12,mL/min/1.73m2
13268096,eGFR,83.18,eGFR,2014-10,mL/min/1.73m2
46452944,HbA1c,4.56,HbA1c,2012-01,%
43502861,HbA1c,4.14,Hb A1c,2012-08,%
46997561,SBP,129.91,Systolic BP,2013-06,mmHg
44954192,eGFR,86.78,Estimated GFR,2016-03,mL/min/1.73m2
40231001,eGFR,94.01,LOINC: 33914-3,2012-03,mL/min/1.73m2
50577977,SBP,117.75,Systolic blood pressure,2016-03,mmHg
651737,HbA1c,5.03,Glycated haemoglobin,2015-03,%
47856377,SBP,118.71,SBP,2016-06,mmHg
759296,eGFR,88.65,eGFR,2014-11,mL/min/1.73m2
2811341,HbA1c,5.1,Glycated haemoglobin,2012-03,%
60804281,HbA1c,6.47,Glycated haemoglobin,2014-11,%
1359056,SBP,157.57,SBP,2016-03,mmHg
85952,eGFR,84.79,eGFR,2016-07,mL/min/1.73m2
22654781,eGFR,95.87,eGFR,2012-03,mL/min/1.73m2
31182797,eGFR,93.89,Estimated GFR,2013-08,mL/min/1.73m2
46855181,HbA1c,5.29,HbA1c,2016-10,%
29692217,eGFR,84.68,Estimated GFR,2015-09,mL/min/1.73m2
25632056,HbA1c,4.69,Hb A1c,2015-01,%
25632056,eGFR,91.4,eGFR,2014-04,mL/min/1.73m2
3390176,HbA1c,6.0,Glycated haemoglobin,2013-08,%
5713469,eGFR,85.59,LOINC: 33914-3,2016-04,mL/min/1.73m2
15377357,SBP,116.7,Systolic blood pressure,2013-03,mmHg
8029757,HbA1c,4.08,Hb A1c,2012-05,%
28440992,eGFR,85.98,LOINC: 33914-3,2016-10,mL/min/1.73m2
17963696,HbA1c,4.53,Glycated haemoglobin,2013-03,%
34111421,eGFR,84.84,LOINC: 33914-3,2014-04,mL/min/1.73m2
26338376,SBP,140.89,Systolic BP,2016-06,mmHg
6316472,HbA1c,4.94,HbA1c,2013-03,%
14257469,HbA1c,5.27,Hb A1c,2015-12,%
23789837,eGFR,94.09,eGFR,2016-03,mL/min/1.73m2
15760061,SBP,116.2,Systolic BP,2012-08,mmHg
50799944,eGFR,79.13,Estimated GFR,2014-12,mL/min/1.73m2
4184552,HbA1c,5.23,Glycated haemoglobin,2014-05,%
50356496,eGFR,93.88,LOINC: 33914-3,2012-02,mL/min/1.73m2
74521037,eGFR,79.17,Estimated GFR,2013-02,mL/min/1.73m2
65988569,eGFR,94.29,LOINC: 33914-3,2013-06,mL/min/1.73m2
104057,SBP,103.14,Systolic BP,2012-09,mmHg
753272,SBP,104.24,Systolic blood pressure,2013-04,mmHg
66044861,SBP,129.28,Systolic BP,2016-02,mmHg
28293392,HbA1c,4.66,Glycated haemoglobin,2015-04,%
23268944,SBP,134.23,Systolic BP,2016-11,mmHg
1669817,HbA1c,6.82,Glycated haemoglobin,2015-05,%
31746296,SBP,113.98,Systolic blood pressure,2014-02,mmHg
26641469,SBP,107.1,Systolic blood pressure,2014-08,mmHg
7235696,HbA1c,4.65,HbA1c,2016-03,%
56272952,HbA1c,5.08,HbA1c,2016-05,%
62299016,SBP,109.72,Systolic blood pressure,2013-05,mmHg
9208781,eGFR,89.02,eGFR,2012-06,mL/min/1.73m2
52895072,eGFR,82.96,Estimated GFR,2015-07,mL/min/1.73m2
10502192,SBP,137.93,Systolic blood pressure,2013-01,mmHg
20358344,SBP,133.95,SBP,2013-04,mmHg
22000061,HbA1c,4.47,Glycated haemoglobin,2013-10,%
65539097,HbA1c,3.29,Glycated haemoglobin,2016-09,%
61399997,eGFR,83.87,eGFR,2016-03,mL/min/1.73m2
23722301,eGFR,83.09,Estimated GFR,2015-02,mL/min/1.73m2
8039576,HbA1c,6.61,Glycated haemoglobin,2014-08,%
1830152,SBP,145.07,Systolic blood pressure,2013-05,mmHg
5973032,HbA1c,4.9,Glycated haemoglobin,2015-11,%
4313072,eGFR,85.16,LOINC: 33914-3,2016-10,mL/min/1.73m2
145469,SBP,106.29,SBP,2014-04,mmHg
15760061,eGFR,58.86,eGFR,2013-03,mL/min/1.73m2
5275097,SBP,114.86,Systolic BP,2014-01,mmHg
35418557,eGFR,76.8,eGFR,2015-02,mL/min/1.73m2
30108941,SBP,122.31,Systolic BP,2016-12,mmHg
54622136,HbA1c,4.92,Hb A1c,2013-07,%
28109432,eGFR,84.53,Estimated GFR,2014-03,mL/min/1.73m2
26820569,SBP,86.58,SBP,2016-10,mmHg
41448536,eGFR,90.78,eGFR,2013-07,mL/min/1.73m2
39313469,SBP,142.74,Systolic BP,2014-11,mmHg
1856,SBP,99.28,Systolic blood pressure,2014-05,mmHg
122681,eGFR,76.62,eGFR,2016-06,mL/min/1.73m2
34334336,HbA1c,5.4,Hb A1c,2012-01,%
6344,HbA1c,4.1,Glycated haemoglobin,2014-07,%
4946237,eGFR,87.12,eGFR,2014-02,mL/min/1.73m2
137657,eGFR,80.91,Estimated GFR,2015-07,mL/min/1.73m2
65791736,SBP,126.86,SBP,2015-04,mmHg
52217021,SBP,105.3,SBP,2012-11,mmHg
2600552,eGFR,87.32,eGFR,2016-11,mL/min/1.73m2
15026201,eGFR,84.21,LOINC: 33914-3,2015-04,mL/min/1.73m2
18735272,SBP,131.12,SBP,2012-12,mmHg
9537536,HbA1c,4.55,HbA1c,2015-06,%
39313469,eGFR,85.88,Estimated GFR,2012-10,mL/min/1.73m2
5821616,HbA1c,4.29,Glycated haemoglobin,2013-06,%
21870269,HbA1c,6.1,Glycated haemoglobin,2016-08,%
25614521,HbA1c,4.93,Hb A1c,2014-12,%
1244477,SBP,128.31,SBP,2012-03,mmHg
10367912,eGFR,86.67,LOINC: 33914-3,2015-07,mL/min/1.73m2
60265241,HbA1c,5.41,Glycated haemoglobin,2015-02,%
16979192,eGFR,85.81,LOINC: 33914-3,2014-02,mL/min/1.73m2
71502041,eGFR,95.56,LOINC: 33914-3,2015-01,mL/min/1.73m2
2086937,eGFR,80.51,eGFR,2012-09,mL/min/1.73m2
55857944,SBP,159.28,SBP,2013-06,mmHg
58874969,SBP,117.38,Systolic BP,2015-09,mmHg
61372856,HbA1c,7.11,Glycated haemoglobin,2015-09,%
35542361,SBP,117.6,Systolic BP,2016-10,mmHg
3940217,SBP,158.63,Systolic BP,2015-09,mmHg
15939344,SBP,134.01,Systolic blood pressure,2013-12,mmHg
60130856,eGFR,78.63,Estimated GFR,2016-12,mL/min/1.73m2
17656697,HbA1c,5.07,Hb A1c,2016-03,%
37616312,HbA1c,4.95,Hb A1c,2015-12,%
24504761,eGFR,88.05,eGFR,2015-05,mL/min/1.73m2
17410112,HbA1c,5.58,HbA1c,2014-10,%
52242056,SBP,114.74,SBP,2014-03,mmHg
69437432,HbA1c,3.49,Glycated haemoglobin,2014-09,%
20988344,eGFR,98.26,LOINC: 33914-3,2016-10,mL/min/1.73m2
14852144,SBP,129.89,Systolic BP,2013-02,mmHg
20109032,HbA1c,27.21,HbA1c,2013-12,mmol/mol
2234576,eGFR,90.25,LOINC: 33914-3,2014-02,mL/min/1.73m2
1346969,SBP,118.1,Systolic BP,2013-08,mmHg
52467641,HbA1c,5.54,HbA1c,2015-05,%
435752,SBP,136.36,Systolic blood pressure,2016-11,mmHg
73507769,HbA1c,4.67,Hb A1c,2014-06,%
29053901,SBP,128.62,SBP,2013-03,mmHg
4009277,SBP,137.89,SBP,2015-11,mmHg
7834637,eGFR,80.69,Estimated GFR,2015-06,mL/min/1.73m2
30089936,eGFR,84.36,Estimated GFR,2014-08,mL/min/1.73m2
206201,HbA1c,5.44,Glycated haemoglobin,2012-02,%
11232944,SBP,134.0,SBP,2013-09,mmHg
54750221,SBP,132.38,Systolic BP,2013-04,mmHg
39291752,SBP,134.62,Systolic blood pressure,2012-03,mmHg
5855096,HbA1c,5.66,Hb A1c,2015-08,%
2690696,eGFR,61.15,Estimated GFR,2015-09,mL/min/1.73m2
1788221,eGFR,75.54,Estimated GFR,2015-01,mL/min/1.73m2
6177944,SBP,137.03,SBP,2014-06,mmHg
8854841,SBP,128.77,Systolic blood pressure,2015-04,mmHg
7263677,HbA1c,4.34,Glycated haemoglobin,2012-01,%
53602856,SBP,89.77,Systolic BP,2012-12,mmHg
3097037,HbA1c,5.32,HbA1c,2016-02,%
34884569,HbA1c,5.16,HbA1c,2012-12,%
32709881,eGFR,92.8,LOINC: 33914-3,2012-12,mL/min/1.73m2
47928296,SBP,106.71,SBP,2015-06,mmHg
72708056,SBP,151.01,SBP,2016-08,mmHg
33306941,eGFR,90.92,eGFR,2013-06,mL/min/1.73m2
33707981,SBP,120.29,SBP,2014-12,mmHg
24918041,SBP,159.68,Systolic blood pressure,2013-09,mmHg
52367321,SBP,108.67,SBP,2016-07,mmHg
5435417,SBP,144.17,SBP,2012-08,mmHg
203069,HbA1c,5.05,Hb A1c,2015-05,%
11560376,SBP,146.21,SBP,2014-06,mmHg
40649552,eGFR,82.9,Estimated GFR,2014-03,mL/min/1.73m2
55702712,SBP,119.67,Systolic BP,2015-09,mmHg
61916816,SBP,129.96,SBP,2013-03,mmHg
3245069,eGFR,83.33,LOINC: 33914-3,2014-05,mL/min/1.73m2
201512,eGFR,84.77,LOINC: 33914-3,2012-02,mL/min/1.73m2
24728192,HbA1c,4.66,Glycated haemoglobin,2014-10,%
1131257,HbA1c,4.39,Glycated haemoglobin,2014-01,%
19907597,SBP,133.81,Systolic BP,2013-02,mmHg
49817144,SBP,117.35,SBP,2013-06,mmHg
6633776,SBP,122.26,Systolic blood pressure,2015-03,mmHg
28036016,eGFR,59.34,LOINC: 33914-3,2013-08,mL/min/1.73m2
34192397,SBP,125.4,SBP,2014-02,mmHg
62162381,eGFR,78.78,LOINC: 33914-3,2013-08,mL/min/1.73m2
1457696,SBP,129.14,Systolic blood pressure,2016-06,mmHg
28718777,HbA1c,5.08,HbA1c,2013-01,%
45747344,eGFR,84.58,eGFR,2016-02,mL/min/1.73m2
54801497,eGFR,79.57,LOINC: 33914-3,2013-03,mL/min/1.73m2
7844336,eGFR,92.82,Estimated GFR,2012-08,mL/min/1.73m2
968141,SBP,132.8,Systolic BP,2014-08,mmHg
700136,HbA1c,4.88,HbA1c,2016-02,%
817721,eGFR,74.38,eGFR,2013-12,mL/min/1.73m2
23419577,eGFR,66.58,eGFR,2014-08,mL/min/1.73m2
12830141,HbA1c,4.67,HbA1c,2012-04,%
70567769,eGFR,92.9,Estimated GFR,2016-03,mL/min/1.73m2
6221069,HbA1c,6.39,HbA1c,2013-09,%
26928317,SBP,128.15,Systolic BP,2016-03,mmHg
23570696,HbA1c,7.72,Glycated haemoglobin,2013-08,%
67488416,eGFR,82.93,eGFR,2015-10,mL/min/1.73m2
64589069,eGFR,87.63,LOINC: 33914-3,2015-04,mL/min/1.73m2
1019936,eGFR,84.07,Estimated GFR,2014-09,mL/min/1.73m2
415421,SBP,133.84,Systolic BP,2014-11,mmHg
29805581,SBP,126.83,SBP,2016-06,mmHg
19127144,eGFR,83.73,LOINC: 33914-3,2014-12,mL/min/1.73m2
71238656,eGFR,81.9,Estimated GFR,2014-06,mL/min/1.73m2
24987257,eGFR,82.79,LOINC: 33914-3,2016-04,mL/min/1.73m2
32729696,eGFR,78.31,eGFR,2013-07,mL/min/1.73m2
29805581,eGFR,89.54,Estimated GFR,2012-07,mL/min/1.73m2
13572656,eGFR,83.26,LOINC: 33914-3,2014-02,mL/min/1.73m2
3683261,eGFR,78.72,eGFR,2015-03,mL/min/1.73m2
73864601,HbA1c,4.28,Glycated haemoglobin,2015-08,%
9041357,HbA1c,5.29,Glycated haemoglobin,2012-12,%
7226381,SBP,115.43,SBP,2016-06,mmHg
1131257,SBP,111.88,Systolic blood pressure,2015-05,mmHg
10256672,HbA1c,5.4,Hb A1c,2012-07,%
2834621,SBP,111.48,Systolic blood pressure,2015-09,mmHg
2792,HbA1c,4.5,Glycated haemoglobin,2014-03,%
2397977,eGFR,75.69,Estimated GFR,2016-03,mL/min/1.73m2
62135072,HbA1c,5.03,Glycated haemoglobin,2013-08,%
13662137,eGFR,87.12,LOINC: 33914-3,2016-11,mL/min/1.73m2
67317776,HbA1c,4.92,Glycated haemoglobin,2013-06,%
14785469,HbA1c,5.6,HbA1c,2014-10,%
27670376,HbA1c,5.64,Glycated haemoglobin,2015-12,%
32749517,SBP,116.09,Systolic BP,2014-07,mmHg
45770777,SBP,124.76,Systolic blood pressure,2012-06,mmHg
16666616,eGFR,92.27,LOINC: 33914-3,2013-12,mL/min/1.73m2
49719392,SBP,138.08,Systolic blood pressure,2012-02,mmHg
53628221,HbA1c,5.21,HbA1c,2014-05,%
2782376,eGFR,92.78,Estimated GFR,2013-01,mL/min/1.73m2
1963712,HbA1c,4.12,Hb A1c,2013-02,%
20093501,eGFR,91.48,Estimated GFR,2016-07,mL/min/1.73m2
20311481,HbA1c,7.27,Glycated haemoglobin,2014-02,%
31883069,SBP,94.25,Systolic BP,2012-07,mmHg
10773344,SBP,129.59,SBP,2012-05,mmHg
1080269,eGFR,89.72,LOINC: 33914-3,2015-02,mL/min/1.73m2
46547432,HbA1c,4.87,Hb A1c,2014-10,%
2628557,eGFR,99.51,LOINC: 33914-3,2012-07,mL/min/1.73m2
41963069,SBP,138.18,SBP,2016-07,mmHg
3610496,eGFR,76.93,eGFR,2012-03,mL/min/1.73m2
12570896,HbA1c,4.8,Glycated haemoglobin,2015-01,%
51419069,SBP,132.31,Systolic blood pressure,2015-02,mmHg
26409536,eGFR,87.19,Estimated GFR,2014-08,mL/min/1.73m2
37232,SBP,110.86,Systolic blood pressure,2014-08,mmHg
321056,SBP,129.77,Systolic BP,2016-08,mmHg
25526936,SBP,128.03,SBP,2013-09,mmHg
62901992,SBP,135.14,Systolic BP,2012-12,mmHg
43457177,eGFR,89.23,Estimated GFR,2015-01,mL/min/1.73m2
70102937,HbA1c,3.94,Hb A1c,2016-12,%
20358344,HbA1c,33.87,Hb A1c,2013-12,mmol/mol
9156296,SBP,136.71,Systolic BP,2013-01,mmHg
17554952,eGFR,91.19,eGFR,2012-12,mL/min/1.73m2
357344,eGFR,82.96,Estimated GFR,2016-01,mL/min/1.73m2
765344,eGFR,91.59,Estimated GFR,2016-11,mL/min/1.73m2
14153021,eGFR,86.41,eGFR,2014-08,mL/min/1.73m2
5738336,eGFR,86.73,eGFR,2014-09,mL/min/1.73m2
56663417,HbA1c,4.36,Hb A1c,2015-11,%
71443469,eGFR,78.24,Estimated GFR,2014-01,mL/min/1.73m2
57401,eGFR,80.54,Estimated GFR,2012-05,mL/min/1.73m2
49988441,eGFR,78.98,LOINC: 33914-3,2012-06,mL/min/1.73m2
61644536,SBP,137.99,SBP,2012-11,mmHg
14520269,eGFR,84.65,eGFR,2014-06,mL/min/1.73m2
23501,HbA1c,5.44,Hb A1c,2014-10,%
70655096,HbA1c,5.19,HbA1c,2013-09,%
776,HbA1c,5.02,HbA1c,2013-05,%
60265241,SBP,123.02,SBP,2015-03,mmHg
4177469,eGFR,84.42,LOINC: 33914-3,2013-07,mL/min/1.73m2
61427144,eGFR,81.81,eGFR,2012-03,mL/min/1.73m2
20909069,eGFR,87.64,Estimated GFR,2016-04,mL/min/1.73m2
3926477,HbA1c,3.86,HbA1c,2014-11,%
52041944,HbA1c,52.92,Hb A1c,2016-07,mmol/mol
14244392,SBP,102.56,SBP,2015-08,mmHg
20420912,eGFR,83.78,eGFR,2015-09,mL/min/1.73m2
2312921,eGFR,98.18,LOINC: 33914-3,2012-09,mL/min/1.73m2
7181,SBP,115.57,Systolic BP,2012-05,mmHg
38643032,SBP,109.16,Systolic blood pressure,2013-08,mmHg
17802557,SBP,99.43,Systolic BP,2014-08,mmHg
46240697,HbA1c,4.73,HbA1c,2013-03,%
1910681,HbA1c,6.71,HbA1c,2014-04,%
58344569,eGFR,95.49,Estimated GFR,2012-02,mL/min/1.73m2
49670552,HbA1c,3.91,Hb A1c,2012-03,%
19431344,HbA1c,4.76,Hb A1c,2016-01,%
30204056,SBP,139.51,Systolic blood pressure,2013-04,mmHg
30223097,HbA1c,4.83,Hb A1c,2012-05,%
13623752,HbA1c,5.51,HbA1c,2015-08,%
34659872,HbA1c,7.25,HbA1c,2013-06,%
65370941,eGFR,70.86,Estimated GFR,2015-06,mL/min/1.73m2
3158297,eGFR,93.36,Estimated GFR,2013-09,mL/min/1.73m2
16259021,HbA1c,5.41,Glycated haemoglobin,2013-04,%
1765136,eGFR,93.8,Estimated GFR,2015-04,mL/min/1.73m2
57055232,eGFR,84.47,eGFR,2013-04,mL/min/1.73m2
58185917,HbA1c,5.65,HbA1c,2014-05,%
18750269,HbA1c,5.05,Hb A1c,2015-04,%
599696,HbA1c,5.43,Glycated haemoglobin,2012-06,%
26569997,HbA1c,5.21,HbA1c,2013-09,%
42729497,HbA1c,4.24,Glycated haemoglobin,2012-10,%
64283192,HbA1c,5.05,HbA1c,2015-03,%
11631152,HbA1c,21.76,Glycated haemoglobin,2012-03,mmol/mol
12842552,HbA1c,4.45,Glycated haemoglobin,2012-11,%
3371069,eGFR,87.11,Estimated GFR,2016-01,mL/min/1.73m2
1005992,SBP,124.48,Systolic BP,2016-10,mmHg
17424569,eGFR,90.11,Estimated GFR,2015-08,mL/min/1.73m2
14414861,SBP,133.91,Systolic BP,2012-10,mmHg
12842552,eGFR,82.33,LOINC: 33914-3,2012-12,mL/min/1.73m2
38901872,SBP,127.82,Systolic BP,2013-04,mmHg
41136896,HbA1c,4.89,HbA1c,2014-07,%
7096601,HbA1c,3.77,Hb A1c,2016-10,%
7546457,eGFR,79.08,Estimated GFR,2016-02,mL/min/1.73m2
72619469,eGFR,90.84,eGFR,2012-01,mL/min/1.73m2
17656697,eGFR,77.2,eGFR,2012-01,mL/min/1.73m2
33227021,SBP,127.3,Systolic blood pressure,2016-07,mmHg
24026969,SBP,123.35,Systolic blood pressure,2014-08,mmHg
22048832,HbA1c,5.36,HbA1c,2012-06,%
40099277,SBP,142.09,Systolic BP,2012-02,mmHg
41850944,eGFR,84.04,eGFR,2015-12,mL/min/1.73m2
17787944,eGFR,77.51,LOINC: 33914-3,2015-05,mL/min/1.73m2
24384872,eGFR,93.88,eGFR,2014-06,mL/min/1.73m2
11797136,HbA1c,5.01,Glycated haemoglobin,2015-01,%
24470477,HbA1c,4.59,Glycated haemoglobin,2014-04,%
66213881,SBP,119.63,Systolic blood pressure,2014-02,mmHg
1259981,eGFR,80.68,LOINC: 33914-3,2016-04,mL/min/1.73m2
897896,SBP,124.97,SBP,2012-12,mmHg
272,SBP,133.49,Systolic BP,2014-01,mmHg
9187769,SBP,113.9,Systolic BP,2016-04,mmHg
21660176,HbA1c,4.63,Hb A1c,2012-10,%
534521,HbA1c,3.94,Hb A1c,2016-01,%
23102144,SBP,122.59,Systolic blood pressure,2016-02,mmHg
1283417,HbA1c,7.33,Glycated haemoglobin,2015-03,%
11801,eGFR,63.47,eGFR,2012-02,mL/min/1.73m2
25125977,SBP,112.75,Systolic BP,2016-06,mmHg
1728512,SBP,124.82,SBP,2012-04,mmHg
22621817,eGFR,78.56,eGFR,2014-01,mL/min/1.73m2
3467144,HbA1c,4.46,Glycated haemoglobin,2016-10,%
13777616,HbA1c,5.08,HbA1c,2012-08,%
14892221,HbA1c,5.1,Glycated haemoglobin,2012-08,%
37340621,eGFR,83.59,LOINC: 33914-3,2015-12,mL/min/1.73m2
64005752,HbA1c,5.54,Glycated haemoglobin,2014-11,%
56350937,eGFR,84.67,eGFR,2013-02,mL/min/1.73m2
51667769,HbA1c,5.01,Hb A1c,2014-02,%
2528441,eGFR,84.21,eGFR,2014-08,mL/min/1.73m2
20327096,eGFR,81.4,eGFR,2014-10,mL/min/1.73m2
73300016,eGFR,91.82,LOINC: 33914-3,2012-04,mL/min/1.73m2
419897,HbA1c,4.92,HbA1c,2014-10,%
53476121,SBP,123.13,Systolic blood pressure,2016-11,mmHg
5788232,HbA1c,5.17,HbA1c,2013-04,%
34782344,SBP,107.56,Systolic BP,2013-09,mmHg
1134944,HbA1c,5.22,Hb A1c,2013-07,%
1863101,HbA1c,4.77,HbA1c,2016-12,%
12694016,SBP,112.71,SBP,2016-10,mmHg
20436569,eGFR,79.9,LOINC: 33914-3,2015-07,mL/min/1.73m2
58609469,eGFR,83.37,eGFR,2013-09,mL/min/1.73m2
18066617,SBP,96.01,Systolic blood pressure,2015-01,mmHg
5998457,SBP,126.71,Systolic blood pressure,2016-10,mmHg
10457336,SBP,106.85,Systolic BP,2015-06,mmHg
1094717,HbA1c,3.86,Glycated haemoglobin,2013-04,%
6651632,SBP,160.59,Systolic BP,2013-07,mmHg
17700392,eGFR,86.05,Estimated GFR,2013-10,mL/min/1.73m2
47521469,HbA1c,4.46,Hb A1c,2013-09,%
27000269,HbA1c,4.08,Glycated haemoglobin,2015-06,%
944432,SBP,145.31,Systolic blood pressure,2014-11,mmHg
1241,SBP,130.06,SBP,2014-07,mmHg
16950656,SBP,109.34,Systolic blood pressure,2013-02,mmHg
15392,eGFR,92.02,Estimated GFR,2012-08,mL/min/1.73m2
23638016,eGFR,85.48,LOINC: 33914-3,2013-05,mL/min/1.73m2
50135501,HbA1c,5.2,Hb A1c,2016-11,%
954557,HbA1c,4.71,HbA1c,2012-12,%
13205081,eGFR,83.16,Estimated GFR,2013-07,mL/min/1.73m2
1594592,SBP,126.52,Systolic BP,2016-01,mmHg
1746776,HbA1c,3.82,HbA1c,2016-07,%
30701072,HbA1c,5.09,Hb A1c,2015-05,%
12805337,SBP,105.39,SBP,2012-08,mmHg
878312,eGFR,94.24,LOINC: 33914-3,2014-12,mL/min/1.73m2
32096,SBP,109.77,SBP,2012-04,mmHg
5403161,HbA1c,4.89,Glycated haemoglobin,2013-04,%
5227469,HbA1c,5.1,HbA1c,2015-08,%
6377561,HbA1c,4.98,Glycated haemoglobin,2014-09,%
3988496,SBP,133.53,SBP,2016-12,mmHg
19294157,SBP,115.71,Systolic blood pressure,2015-02,mmHg
57842912,HbA1c,4.4,HbA1c,2016-05,%
4816136,SBP,98.52,SBP,2016-12,mmHg
74192456,SBP,119.37,Systolic blood pressure,2013-11,mmHg
44722232,SBP,148.86,Systolic BP,2014-05,mmHg
27307136,eGFR,94.56,eGFR,2016-11,mL/min/1.73m2
13958216,HbA1c,4.87,Glycated haemoglobin,2016-03,%
66609101,HbA1c,5.19,HbA1c,2016-10,%
2096957,HbA1c,4.95,HbA1c,2013-08,%
56715581,HbA1c,5.67,HbA1c,2015-01,%
32987837,eGFR,80.6,LOINC: 33914-3,2016-10,mL/min/1.73m2
69639641,eGFR,84.88,Estimated GFR,2015-07,mL/min/1.73m2
24009992,HbA1c,5.43,Glycated haemoglobin,2014-12,%
25369661,HbA1c,3.76,Glycated haemoglobin,2016-02,%
14153021,SBP,114.96,Systolic BP,2016-08,mmHg
6813416,eGFR,102.33,LOINC: 33914-3,2012-09,mL/min/1.73m2
613181,eGFR,72.46,LOINC: 33914-3,2014-10,mL/min/1.73m2
74132792,HbA1c,5.33,HbA1c,2015-05,%
58503437,eGFR,79.37,LOINC: 33914-3,2016-12,mL/min/1.73m2
12817736,HbA1c,5.39,Glycated haemoglobin,2013-11,%
214136,HbA1c,4.75,Glycated haemoglobin,2012-06,%
10910216,HbA1c,6.41,HbA1c,2016-09,%
37044857,SBP,123.0,Systolic BP,2013-07,mmHg
5897081,HbA1c,4.95,Hb A1c,2015-05,%
33828761,SBP,128.93,SBP,2014-03,mmHg
57422144,eGFR,83.13,LOINC: 33914-3,2012-07,mL/min/1.73m2
59701832,HbA1c,5.17,Hb A1c,2016-08,%
22309856,eGFR,77.34,LOINC: 33914-3,2016-11,mL/min/1.73m2
5804912,SBP,149.12,Systolic blood pressure,2013-01,mmHg
47952281,SBP,107.08,Systolic blood pressure,2016-01,mmHg
41940632,SBP,119.88,Systolic blood pressure,2014-06,mmHg
60696281,SBP,120.78,SBP,2013-07,mmHg
2339336,SBP,144.06,Systolic blood pressure,2013-04,mmHg
19830392,HbA1c,4.58,Glycated haemoglobin,2012-06,%
35377337,HbA1c,4.71,HbA1c,2016-02,%
60292136,HbA1c,5.04,Hb A1c,2013-08,%
1491344,eGFR,78.82,Estimated GFR,2014-02,mL/min/1.73m2
91097,SBP,132.05,SBP,2014-04,mmHg
2539469,SBP,129.38,Systolic blood pressure,2014-01,mmHg
19081721,SBP,111.26,Systolic blood pressure,2014-06,mmHg
9219296,HbA1c,4.56,HbA1c,2016-03,%
60345944,eGFR,76.9,LOINC: 33914-3,2013-10,mL/min/1.73m2
25984016,eGFR,60.18,Estimated GFR,2014-07,mL/min/1.73m2
1469,SBP,125.38,SBP,2012-08,mmHg
3390176,SBP,120.55,SBP,2015-05,mmHg
5721752,eGFR,95.8,Estimated GFR,2016-04,mL/min/1.73m2
10750616,SBP,122.58,Systolic BP,2015-10,mmHg
34050752,HbA1c,4.36,Hb A1c,2013-07,%
299837,HbA1c,5.79,Hb A1c,2016-07,%
174512,SBP,125.17,Systolic BP,2015-12,mmHg
198416,HbA1c,5.7,HbA1c,2016-06,%
9462797,HbA1c,4.4,Hb A1c,2012-05,%
1295216,HbA1c,4.82,Glycated haemoglobin,2013-06,%
23152121,eGFR,88.92,eGFR,2014-05,mL/min/1.73m2
71121752,eGFR,84.53,eGFR,2015-12,mL/min/1.73m2
7413821,eGFR,87.84,Estimated GFR,2016-11,mL/min/1.73m2
26373944,eGFR,101.32,LOINC: 33914-3,2015-12,mL/min/1.73m2
38513936,eGFR,86.75,eGFR,2014-10,mL/min/1.73m2
4695272,eGFR,80.23,eGFR,2015-10,mL/min/1.73m2
49817144,HbA1c,3.97,Hb A1c,2012-02,%
22081376,eGFR,86.97,LOINC: 33914-3,2015-06,mL/min/1.73m2
41092472,eGFR,78.01,eGFR,2013-06,mL/min/1.73m2
37893017,HbA1c,5.24,Hb A1c,2016-02,%
802136,HbA1c,4.23,HbA1c,2012-10,%
567944,eGFR,85.09,eGFR,2015-06,mL/min/1.73m2
66185696,eGFR,80.34,eGFR,2016-12,mL/min/1.73m2
9623312,eGFR,102.62,LOINC: 33914-3,2015-11,mL/min/1.73m2
1318976,SBP,129.83,Systolic blood pressure,2013-07,mmHg
60993512,eGFR,66.94,eGFR,2015-11,mL/min/1.73m2
640601,eGFR,80.4,eGFR,2014-06,mL/min/1.73m2
29128637,eGFR,92.53,eGFR,2012-06,mL/min/1.73m2
6006944,HbA1c,6.8,HbA1c,2013-03,%
112016,HbA1c,4.18,Hb A1c,2013-11,%
1248344,eGFR,76.46,eGFR,2012-04,mL/min/1.73m2
44214032,eGFR,90.57,Estimated GFR,2016-02,mL/min/1.73m2
50997656,HbA1c,4.59,Hb A1c,2015-06,%
31726781,SBP,120.65,Systolic BP,2016-03,mmHg
43525712,eGFR,94.18,eGFR,2012-12,mL/min/1.73m2
35480432,eGFR,83.0,eGFR,2015-02,mL/min/1.73m2
72089081,SBP,117.26,Systolic blood pressure,2013-03,mmHg
50086457,HbA1c,4.94,Hb A1c,2013-01,%
3213944,SBP,105.03,SBP,2014-01,mmHg
69929021,HbA1c,6.21,Hb A1c,2016-04,%
47545352,SBP,127.3,SBP,2016-08,mmHg
12387341,HbA1c,4.28,HbA1c,2016-04,%
70044941,SBP,139.38,Systolic blood pressure,2012-05,mmHg
45817661,HbA1c,3.97,HbA1c,2015-01,%
1391552,HbA1c,6.77,HbA1c,2016-06,%
9763517,eGFR,82.16,eGFR,2014-03,mL/min/1.73m2
24848921,HbA1c,4.31,Glycated haemoglobin,2012-05,%
24367769,HbA1c,5.87,Hb A1c,2014-10,%
14905592,HbA1c,4.6,Hb A1c,2015-01,%
11702144,HbA1c,7.23,HbA1c,2013-07,%
23352569,SBP,121.3,SBP,2015-12,mmHg
2032256,HbA1c,4.2,HbA1c,2013-05,%
28979261,SBP,116.9,Systolic blood pressure,2012-04,mmHg
2857997,eGFR,88.26,eGFR,2014-03,mL/min/1.73m2
21259001,SBP,130.65,SBP,2014-07,mmHg
32334536,eGFR,77.59,eGFR,2015-04,mL/min/1.73m2
15268877,HbA1c,5.34,Glycated haemoglobin,2013-04,%
27579341,SBP,87.28,Systolic blood pressure,2015-09,mmHg
8947856,HbA1c,5.56,Glycated haemoglobin,2012-08,%
29824496,HbA1c,6.5,Hb A1c,2016-10,%
7423256,eGFR,91.83,LOINC: 33914-3,2016-08,mL/min/1.73m2
44513981,HbA1c,4.7,Hb A1c,2016-01,%
9250877,HbA1c,5.6,Glycated haemoglobin,2014-11,%
7442144,eGFR,84.52,LOINC: 33914-3,2016-10,mL/min/1.73m2
11690297,eGFR,78.57,LOINC: 33914-3,2013-01,mL/min/1.73m2
14349176,HbA1c,32.99,Glycated haemoglobin,2012-11,mmol/mol
54213272,HbA1c,4.76,Hb A1c,2015-09,%
19768736,SBP,125.78,Systolic blood pressure,2014-09,mmHg
12314297,SBP,124.25,SBP,2016-10,mmHg
24969944,HbA1c,4.47,Glycated haemoglobin,2013-01,%
66807152,eGFR,82.13,Estimated GFR,2014-11,mL/min/1.73m2
24470477,eGFR,80.95,eGFR,2013-02,mL/min/1.73m2
56767769,eGFR,87.95,eGFR,2013-12,mL/min/1.73m2
3709901,eGFR,88.27,Estimated GFR,2016-02,mL/min/1.73m2
5888672,HbA1c,19.09,Glycated haemoglobin,2012-02,mmol/mol
64505576,SBP,104.74,Systolic blood pressure,2013-03,mmHg
6344,SBP,123.36,Systolic BP,2014-09,mmHg
578432,HbA1c,5.66,HbA1c,2016-07,%
60761,SBP,126.62,SBP,2016-03,mmHg
61971344,SBP,115.32,SBP,2014-01,mmHg
11209736,SBP,147.04,SBP,2015-05,mmHg
8875469,HbA1c,5.2,Hb A1c,2014-03,%
25439501,SBP,119.92,Systolic BP,2016-04,mmHg
3060569,SBP,135.03,SBP,2012-01,mmHg
23135456,eGFR,94.59,eGFR,2013-08,mL/min/1.73m2
6571469,eGFR,71.07,Estimated GFR,2013-03,mL/min/1.73m2
46429337,HbA1c,4.3,HbA1c,2013-04,%
4106969,SBP,127.86,SBP,2015-12,mmHg
51593096,HbA1c,4.13,Glycated haemoglobin,2014-10,%
17309081,eGFR,80.51,LOINC: 33914-3,2016-11,mL/min/1.73m2
45770777,HbA1c,5.52,Hb A1c,2014-04,%
45817661,SBP,144.95,Systolic BP,2012-09,mmHg
16091837,HbA1c,4.58,HbA1c,2013-05,%
46594712,SBP,131.73,Systolic blood pressure,2014-12,mmHg
16595981,HbA1c,5.1,HbA1c,2012-04,%
968141,eGFR,89.89,Estimated GFR,2014-09,mL/min/1.73m2
51717581,HbA1c,5.57,Hb A1c,2012-12,%
3467144,eGFR,89.11,Estimated GFR,2016-06,mL/min/1.73m2
570557,HbA1c,5.24,Hb A1c,2015-10,%
36750269,SBP,131.72,Systolic blood pressure,2014-05,mmHg
3270077,SBP,98.94,Systolic blood pressure,2016-04,mmHg
27054296,SBP,116.65,Systolic BP,2014-01,mmHg
21020096,eGFR,89.37,eGFR,2014-12,mL/min/1.73m2
43961021,HbA1c,4.47,HbA1c,2015-11,%
1521101,HbA1c,5.27,HbA1c,2016-12,%
96392,HbA1c,5.04,Glycated haemoglobin,2013-05,%
18051896,HbA1c,3.61,Glycated haemoglobin,2016-01,%
53628221,eGFR,89.5,LOINC: 33914-3,2012-01,mL/min/1.73m2
20046944,HbA1c,5.78,HbA1c,2015-01,%
115517,SBP,114.95,SBP,2014-07,mmHg
56376944,eGFR,91.9,LOINC: 33914-3,2014-07,mL/min/1.73m2
59648312,eGFR,70.83,LOINC: 33914-3,2015-10,mL/min/1.73m2
708857,SBP,144.2,SBP,2014-12,mmHg
44745401,HbA1c,4.75,HbA1c,2014-10,%
2419481,HbA1c,7.35,Glycated haemoglobin,2012-11,%
20909069,SBP,153.58,Systolic BP,2012-09,mmHg
108569,eGFR,93.67,Estimated GFR,2016-10,mL/min/1.73m2
22081376,HbA1c,4.7,HbA1c,2012-10,%
33728096,SBP,126.04,Systolic BP,2015-05,mmHg
2567144,SBP,101.79,Systolic blood pressure,2014-01,mmHg
74491136,eGFR,86.8,eGFR,2016-02,mL/min/1.73m2
1287344,HbA1c,5.49,Hb A1c,2016-10,%
1746776,eGFR,92.14,Estimated GFR,2012-03,mL/min/1.73m2
22786877,eGFR,91.64,LOINC: 33914-3,2016-08,mL/min/1.73m2
31687769,eGFR,90.2,eGFR,2012-02,mL/min/1.73m2
32789177,eGFR,87.7,LOINC: 33914-3,2015-12,mL/min/1.73m2
29843417,SBP,158.37,SBP,2012-03,mmHg
22506632,eGFR,77.86,LOINC: 33914-3,2013-03,mL/min/1.73m2
557552,SBP,127.28,Systolic BP,2014-11,mmHg
42525944,SBP,117.24,SBP,2016-03,mmHg
24762656,eGFR,66.77,eGFR,2013-03,mL/min/1.73m2
23369312,SBP,110.21,Systolic BP,2012-08,mmHg
6840569,eGFR,79.55,LOINC: 33914-3,2013-07,mL/min/1.73m2
9981197,eGFR,94.36,eGFR,2013-11,mL/min/1.73m2
309392,HbA1c,4.12,Glycated haemoglobin,2015-09,%
65595197,eGFR,83.19,Estimated GFR,2015-05,mL/min/1.73m2
60750269,HbA1c,7.65,HbA1c,2013-04,%
1737632,eGFR,68.08,eGFR,2012-01,mL/min/1.73m2
56559161,SBP,126.2,SBP,2016-02,mmHg
8088761,eGFR,80.96,eGFR,2015-05,mL/min/1.73m2
284861,eGFR,76.94,eGFR,2014-05,mL/min/1.73m2
735344,SBP,147.08,Systolic BP,2014-05,mmHg
73596896,eGFR,88.32,eGFR,2016-09,mL/min/1.73m2
1153469,SBP,111.5,Systolic blood pressure,2016-11,mmHg
63149501,HbA1c,4.67,HbA1c,2014-08,%
461,HbA1c,4.44,Hb A1c,2014-05,%
40959344,eGFR,87.59,Estimated GFR,2012-03,mL/min/1.73m2
12387341,eGFR,74.46,Estimated GFR,2014-12,mL/min/1.73m2
5532761,SBP,95.62,SBP,2012-12,mmHg
48940832,eGFR,86.19,LOINC: 33914-3,2012-07,mL/min/1.73m2
73092557,SBP,152.17,Systolic BP,2014-05,mmHg
37065944,SBP,107.18,Systolic blood pressure,2013-03,mmHg
4277177,eGFR,92.83,Estimated GFR,2013-09,mL/min/1.73m2
8000336,SBP,160.6,Systolic BP,2013-06,mmHg
317144,HbA1c,4.23,HbA1c,2014-12,%
978392,eGFR,86.13,Estimated GFR,2013-02,mL/min/1.73m2
21579641,HbA1c,4.57,Glycated haemoglobin,2015-09,%
1142336,HbA1c,3.94,Glycated haemoglobin,2016-07,%
12423944,HbA1c,5.03,Hb A1c,2015-08,%
212537,HbA1c,51.02,HbA1c,2016-08,mmol/mol
27798077,eGFR,89.76,LOINC: 33914-3,2014-01,mL/min/1.73m2
56220992,eGFR,91.37,Estimated GFR,2012-07,mL/min/1.73m2
12718712,SBP,109.15,Systolic blood pressure,2012-02,mmHg
37999712,HbA1c,4.48,HbA1c,2015-09,%
12362969,SBP,132.41,SBP,2015-06,mmHg
21805517,SBP,142.19,Systolic BP,2012-06,mmHg
39487421,eGFR,86.57,LOINC: 33914-3,2016-11,mL/min/1.73m2
5298992,HbA1c,4.95,Hb A1c,2015-05,%
40848569,SBP,102.22,SBP,2016-12,mmHg
12108512,eGFR,90.17,eGFR,2013-05,mL/min/1.73m2
17671256,HbA1c,3.99,HbA1c,2012-06,%
10887344,SBP,122.08,SBP,2013-04,mmHg
15622841,SBP,140.58,Systolic BP,2013-04,mmHg
175961,HbA1c,3.84,HbA1c,2016-05,%
41159117,HbA1c,3.54,HbA1c,2013-09,%
52342256,HbA1c,4.59,Hb A1c,2014-10,%
2213912,SBP,135.99,Systolic blood pressure,2012-09,mmHg
47593136,HbA1c,5.42,Hb A1c,2015-05,%
14586344,SBP,108.27,SBP,2013-11,mmHg
5148569,HbA1c,5.03,Glycated haemoglobin,2012-04,%
2172872,HbA1c,4.87,HbA1c,2013-05,%
214136,eGFR,85.3,Estimated GFR,2014-06,mL/min/1.73m2
26196344,HbA1c,4.67,HbA1c,2015-06,%
9187769,eGFR,88.97,Estimated GFR,2015-02,mL/min/1.73m2
56689496,HbA1c,34.15,HbA1c,2013-03,mmol/mol
573176,SBP,110.36,SBP,2013-01,mmHg
12694016,HbA1c,4.93,Hb A1c,2016-08,%
817721,HbA1c,4.76,HbA1c,2012-06,%
39705401,HbA1c,4.77,HbA1c,2014-06,%
4953944,SBP,127.45,SBP,2015-03,mmHg
62080472,SBP,137.35,SBP,2016-01,mmHg
3716576,eGFR,86.62,LOINC: 33914-3,2012-04,mL/min/1.73m2
682856,eGFR,86.87,LOINC: 33914-3,2016-10,mL/min/1.73m2
133832,HbA1c,4.38,HbA1c,2014-12,%
107432,HbA1c,4.09,Glycated haemoglobin,2013-05,%
2157581,eGFR,88.67,eGFR,2016-09,mL/min/1.73m2
36435944,SBP,118.59,Systolic BP,2015-01,mmHg
3790397,SBP,117.53,Systolic blood pressure,2016-07,mmHg
42052877,SBP,127.46,Systolic BP,2012-01,mmHg
1856,eGFR,88.72,LOINC: 33914-3,2013-11,mL/min/1.73m2
12012272,eGFR,78.01,LOINC: 33914-3,2012-02,mL/min/1.73m2
64338752,SBP,150.28,Systolic blood pressure,2015-02,mmHg
61427144,HbA1c,5.09,HbA1c,2015-10,%
47664857,eGFR,87.06,Estimated GFR,2016-06,mL/min/1.73m2
5443496,HbA1c,4.2,Hb A1c,2016-06,%
406541,eGFR,90.1,Estimated GFR,2013-10,mL/min/1.73m2
70538672,SBP,145.93,Systolic blood pressure,2015-02,mmHg
4642877,eGFR,89.04,eGFR,2013-06,mL/min/1.73m2
37255997,eGFR,80.06,Estimated GFR,2014-09,mL/min/1.73m2
38686112,eGFR,88.6,eGFR,2012-04,mL/min/1.73m2
18037181,SBP,107.14,Systolic BP,2013-07,mmHg
217352,HbA1c,4.94,Glycated haemoglobin,2013-08,%
49402361,SBP,129.34,Systolic blood pressure,2016-02,mmHg
58291661,SBP,136.38,Systolic blood pressure,2012-08,mmHg
30624344,eGFR,85.67,eGFR,2015-10,mL/min/1.73m2
995597,HbA1c,33.98,Glycated haemoglobin,2015-06,mmol/mol
4170392,eGFR,88.58,eGFR,2013-05,mL/min/1.73m2
62984441,SBP,110.11,SBP,2012-08,mmHg
732377,HbA1c,4.4,Hb A1c,2015-12,%
8257112,HbA1c,4.88,Hb A1c,2014-07,%
35294969,SBP,104.21,Systolic BP,2016-06,mmHg
19615016,eGFR,94.07,eGFR,2012-09,mL/min/1.73m2
22588877,eGFR,78.27,eGFR,2015-11,mL/min/1.73m2
371981,SBP,123.02,Systolic BP,2016-12,mmHg
57737576,eGFR,96.2,eGFR,2013-11,mL/min/1.73m2
35935832,HbA1c,4.5,Glycated haemoglobin,2016-09,%
3783656,SBP,106.77,Systolic BP,2012-01,mmHg
2172872,SBP,143.66,Systolic BP,2012-03,mmHg
610472,HbA1c,4.03,Glycated haemoglobin,2015-03,%
589016,HbA1c,3.33,Hb A1c,2012-03,%
52970681,SBP,120.47,Systolic BP,2016-08,mmHg
35852816,SBP,133.16,SBP,2013-10,mmHg
13217672,eGFR,92.21,Estimated GFR,2012-08,mL/min/1.73m2
16836752,HbA1c,4.92,Hb A1c,2012-01,%
1555469,SBP,125.83,Systolic blood pressure,2013-07,mmHg
19523072,HbA1c,4.71,Hb A1c,2012-09,%
257816,HbA1c,5.37,HbA1c,2012-06,%
64533401,SBP,113.02,SBP,2015-09,mmHg
16189256,HbA1c,5.59,HbA1c,2013-08,%
22162841,HbA1c,4.79,HbA1c,2015-07,%
18991037,HbA1c,4.71,Hb A1c,2013-03,%
25596992,SBP,145.8,SBP,2013-03,mmHg
14231321,HbA1c,4.83,HbA1c,2014-11,%
15581792,HbA1c,3.82,Glycated haemoglobin,2016-10,%
43915097,HbA1c,6.87,HbA1c,2015-10,%
46689344,SBP,126.37,Systolic BP,2016-07,mmHg
5203736,eGFR,96.69,eGFR,2013-09,mL/min/1.73m2
13305977,eGFR,90.16,eGFR,2016-01,mL/min/1.73m2
52016957,eGFR,86.65,LOINC: 33914-3,2015-08,mL/min/1.73m2
297944,eGFR,78.51,eGFR,2012-07,mL/min/1.73m2
12144701,SBP,121.65,Systolic BP,2016-04,mmHg
999056,HbA1c,4.75,Hb A1c,2012-07,%
9051776,SBP,138.78,SBP,2015-04,mmHg
9356537,eGFR,89.81,LOINC: 33914-3,2014-06,mL/min/1.73m2
16511417,SBP,122.07,Systolic BP,2014-04,mmHg
5524616,HbA1c,5.1,Hb A1c,2013-01,%
4601,SBP,131.99,Systolic BP,2016-01,mmHg
21944,eGFR,89.75,eGFR,2012-06,mL/min/1.73m2
68230352,SBP,131.58,SBP,2014-12,mmHg
61318592,HbA1c,4.81,HbA1c,2013-07,%
45373232,SBP,131.77,Systolic blood pressure,2016-04,mmHg
22572416,eGFR,71.8,Estimated GFR,2013-11,mL/min/1.73m2
46950077,eGFR,85.91,Estimated GFR,2016-02,mL/min/1.73m2
552392,HbA1c,5.26,Glycated haemoglobin,2013-02,%
11560376,HbA1c,4.67,HbA1c,2013-09,%
1252217,HbA1c,4.82,HbA1c,2012-07,%
72059672,HbA1c,4.41,Hb A1c,2014-04,%
55521881,SBP,129.48,SBP,2016-07,mmHg
21370952,HbA1c,5.3,Glycated haemoglobin,2012-12,%
55212569,SBP,123.32,Systolic blood pressure,2015-08,mmHg
6535997,SBP,140.24,Systolic BP,2014-10,mmHg
771416,SBP,109.72,SBP,2014-02,mmHg
13458041,SBP,146.86,Systolic BP,2014-01,mmHg
10524656,eGFR,82.81,LOINC: 33914-3,2012-12,mL/min/1.73m2
20467901,SBP,133.96,Systolic blood pressure,2015-09,mmHg
2742077,SBP,125.42,Systolic BP,2016-04,mmHg
6456536,eGFR,87.98,eGFR,2012-09,mL/min/1.73m2
46240697,eGFR,80.36,Estimated GFR,2013-09,mL/min/1.73m2
26356157,HbA1c,3.6,HbA1c,2014-05,%
13932344,SBP,123.54,Systolic blood pressure,2015-01,mmHg
52091936,SBP,116.92,Systolic BP,2012-05,mmHg
45140192,SBP,141.73,Systolic BP,2016-09,mmHg
69524057,HbA1c,4.45,Hb A1c,2012-08,%
69755321,eGFR,65.67,Estimated GFR,2016-10,mL/min/1.73m2
14692376,eGFR,75.19,eGFR,2014-09,mL/min/1.73m2
894617,eGFR,92.34,eGFR,2015-07,mL/min/1.73m2
18660377,HbA1c,4.53,HbA1c,2012-09,%
461261,SBP,116.91,SBP,2016-05,mmHg
72855821,SBP,129.73,Systolic blood pressure,2015-07,mmHg
451901,eGFR,90.47,Estimated GFR,2012-04,mL/min/1.73m2
38707661,SBP,116.17,Systolic BP,2016-03,mmHg
10068941,HbA1c,4.44,Glycated haemoglobin,2013-01,%
41470841,SBP,95.81,Systolic BP,2016-03,mmHg
48264632,HbA1c,4.33,Glycated haemoglobin,2013-05,%
40231001,HbA1c,4.4,Hb A1c,2013-05,%
11454617,eGFR,79.1,LOINC: 33914-3,2012-12,mL/min/1.73m2
66439577,eGFR,63.11,eGFR,2016-04,mL/min/1.73m2
17554952,SBP,87.56,SBP,2015-07,mmHg
50528717,HbA1c,4.83,Hb A1c,2014-12,%
49086344,HbA1c,4.94,Hb A1c,2012-07,%
20452232,HbA1c,4.48,Hb A1c,2012-07,%
136376,eGFR,86.46,eGFR,2012-11,mL/min/1.73m2
2964377,HbA1c,4.61,Glycated haemoglobin,2016-07,%
2107001,eGFR,87.27,Estimated GFR,2016-05,mL/min/1.73m2
16441112,HbA1c,3.83,Glycated haemoglobin,2015-07,%
50775257,eGFR,90.82,Estimated GFR,2014-02,mL/min/1.73m2
1792856,HbA1c,4.58,Hb A1c,2014-01,%
11654792,eGFR,83.49,Estimated GFR,2013-11,mL/min/1.73m2
47664857,HbA1c,4.91,Glycated haemoglobin,2016-08,%
8039576,SBP,135.37,Systolic blood pressure,2015-06,mmHg
46358552,eGFR,82.19,eGFR,2014-07,mL/min/1.73m2
6651632,HbA1c,4.77,Hb A1c,2014-07,%
31980944,eGFR,83.16,eGFR,2012-11,mL/min/1.73m2
8487641,eGFR,77.41,Estimated GFR,2015-01,mL/min/1.73m2
14969,SBP,130.77,Systolic blood pressure,2012-08,mmHg
12991952,eGFR,77.11,eGFR,2013-05,mL/min/1.73m2
286712,SBP,122.47,Systolic BP,2014-05,mmHg
47021312,SBP,109.98,Systolic BP,2012-03,mmHg
65007344,SBP,131.68,SBP,2015-03,mmHg
1915472,eGFR,91.37,Estimated GFR,2013-08,mL/min/1.73m2
19969469,eGFR,74.84,LOINC: 33914-3,2014-06,mL/min/1.73m2
20046944,eGFR,82.93,LOINC: 33914-3,2013-11,mL/min/1.73m2
7310432,eGFR,76.27,Estimated GFR,2016-07,mL/min/1.73m2
17193977,HbA1c,45.03,HbA1c,2013-11,mmol/mol
380477,SBP,145.64,Systolic blood pressure,2013-09,mmHg
49524176,HbA1c,6.7,Glycated haemoglobin,2012-07,%
24333581,eGFR,90.13,Estimated GFR,2015-04,mL/min/1.73m2
569,SBP,121.56,Systolic blood pressure,2013-12,mmHg
19892144,eGFR,80.8,Estimated GFR,2015-12,mL/min/1.73m2
21290957,eGFR,77.8,Estimated GFR,2013-01,mL/min/1.73m2
74222297,HbA1c,5.19,Glycated haemoglobin,2012-12,%
2484569,SBP,167.27,SBP,2015-03,mmHg
3090944,eGFR,81.04,Estimated GFR,2012-08,mL/min/1.73m2
60372857,HbA1c,5.92,Glycated haemoglobin,2015-01,%
22836512,eGFR,89.45,Estimated GFR,2013-10,mL/min/1.73m2
1867832,HbA1c,4.91,HbA1c,2013-09,%
5947661,HbA1c,4.65,Hb A1c,2014-11,%
1164656,HbA1c,4.93,Glycated haemoglobin,2012-12,%
38427992,HbA1c,3.21,HbA1c,2013-12,%
714701,SBP,120.66,Systolic BP,2014-10,mmHg
9731072,HbA1c,6.04,Hb A1c,2012-07,%
8916797,HbA1c,4.65,HbA1c,2013-03,%
35315552,HbA1c,4.61,Glycated haemoglobin,2016-11,%
4613069,HbA1c,5.08,Glycated haemoglobin,2016-09,%
6669512,eGFR,84.65,eGFR,2013-05,mL/min/1.73m2
4399832,eGFR,83.2,eGFR,2012-06,mL/min/1.73m2
22048832,eGFR,85.45,LOINC: 33914-3,2016-12,mL/min/1.73m2
4869497,HbA1c,3.6,Glycated haemoglobin,2015-03,%
5078072,HbA1c,5.06,Glycated haemoglobin,2015-04,%
15147296,SBP,123.79,Systolic blood pressure,2016-07,mmHg
3551501,HbA1c,29.33,HbA1c,2014-03,mmol/mol
35459801,eGFR,88.3,LOINC: 33914-3,2012-10,mL/min/1.73m2
33949757,SBP,123.68,Systolic BP,2015-09,mmHg
28385597,SBP,140.42,Systolic blood pressure,2015-06,mmHg
424397,SBP,127.82,Systolic BP,2014-01,mmHg
72030269,SBP,135.74,Systolic blood pressure,2015-12,mmHg
7632344,HbA1c,4.6,Hb A1c,2012-03,%
36498701,SBP,134.97,Systolic blood pressure,2013-12,mmHg
43434344,SBP,114.14,SBP,2012-06,mmHg
39792761,eGFR,96.01,Estimated GFR,2012-02,mL/min/1.73m2
7347944,SBP,129.53,Systolic blood pressure,2012-11,mmHg
43047101,SBP,139.09,Systolic BP,2014-04,mmHg
7291712,HbA1c,4.72,Glycated haemoglobin,2015-02,%
64505576,HbA1c,5.01,HbA1c,2016-12,%
36855344,eGFR,70.23,Estimated GFR,2014-08,mL/min/1.73m2
33748217,HbA1c,4.78,Hb A1c,2014-04,%
25913432,SBP,111.76,Systolic blood pressure,2014-12,mmHg
48409136,HbA1c,5.12,Glycated haemoglobin,2012-06,%
46397,eGFR,93.69,Estimated GFR,2012-10,mL/min/1.73m2
40826432,SBP,133.11,Systolic BP,2013-04,mmHg
3139856,HbA1c,4.1,Hb A1c,2012-01,%
25299917,HbA1c,5.65,HbA1c,2014-04,%
11372696,eGFR,84.98,eGFR,2013-06,mL/min/1.73m2
62572736,eGFR,87.37,eGFR,2015-09,mL/min/1.73m2
73686077,HbA1c,4.26,Glycated haemoglobin,2013-09,%
15404537,SBP,90.68,Systolic blood pressure,2014-07,mmHg
33707981,eGFR,78.66,LOINC: 33914-3,2014-03,mL/min/1.73m2
27433997,eGFR,85.66,Estimated GFR,2014-06,mL/min/1.73m2
497216,SBP,145.57,SBP,2014-02,mmHg
17744141,SBP,107.45,Systolic BP,2013-05,mmHg
66892121,SBP,134.8,Systolic blood pressure,2014-11,mmHg
17136569,SBP,93.16,SBP,2014-03,mmHg
30165992,eGFR,83.9,LOINC: 33914-3,2014-11,mL/min/1.73m2
27252857,SBP,137.28,Systolic BP,2014-04,mmHg
26892377,eGFR,80.79,eGFR,2014-11,mL/min/1.73m2
16259021,eGFR,72.91,eGFR,2012-07,mL/min/1.73m2
317144,SBP,118.84,Systolic BP,2016-12,mmHg
1705817,HbA1c,5.52,HbA1c,2013-08,%
223856,SBP,134.49,Systolic blood pressure,2016-10,mmHg
10334477,SBP,136.96,Systolic BP,2013-03,mmHg
21676301,eGFR,95.07,eGFR,2014-05,mL/min/1.73m2
43800392,eGFR,89.03,Estimated GFR,2012-03,mL/min/1.73m2
41671856,HbA1c,3.76,Hb A1c,2013-04,%
27761561,HbA1c,4.88,Hb A1c,2012-04,%
40406969,HbA1c,5.2,Glycated haemoglobin,2013-03,%
63535481,eGFR,84.38,LOINC: 33914-3,2012-02,mL/min/1.73m2
18885512,HbA1c,4.34,Glycated haemoglobin,2016-10,%
17467976,HbA1c,3.8,Glycated haemoglobin,2014-04,%
30490301,eGFR,83.0,Estimated GFR,2012-05,mL/min/1.73m2
25247672,SBP,117.65,SBP,2014-02,mmHg
1665344,HbA1c,4.65,HbA1c,2013-05,%
12805337,eGFR,76.16,Estimated GFR,2016-10,mL/min/1.73m2
35501069,HbA1c,7.96,HbA1c,2016-09,%
2408717,eGFR,80.05,eGFR,2014-03,mL/min/1.73m2
24969944,eGFR,87.2,Estimated GFR,2016-02,mL/min/1.73m2
32809016,eGFR,84.93,Estimated GFR,2013-11,mL/min/1.73m2
11940344,SBP,128.97,Systolic BP,2013-11,mmHg
48216512,eGFR,81.51,Estimated GFR,2014-05,mL/min/1.73m2
3810656,HbA1c,5.69,Glycated haemoglobin,2013-06,%
36122969,HbA1c,5.75,HbA1c,2015-07,%
17079257,eGFR,79.54,Estimated GFR,2012-04,mL/min/1.73m2
12534077,HbA1c,5.93,Hb A1c,2013-02,%
44029952,SBP,159.27,SBP,2012-03,mmHg
10101944,HbA1c,3.73,Glycated haemoglobin,2015-01,%
19006136,eGFR,78.04,eGFR,2012-06,mL/min/1.73m2
50479481,SBP,121.15,Systolic BP,2014-03,mmHg
2793944,HbA1c,5.14,Hb A1c,2014-06,%
31066841,SBP,124.19,SBP,2016-09,mmHg
50110976,HbA1c,6.72,Glycated haemoglobin,2013-01,%
10323344,SBP,146.98,Systolic BP,2015-06,mmHg
31337741,HbA1c,5.86,HbA1c,2014-06,%
2397977,HbA1c,4.54,Glycated haemoglobin,2015-08,%
61155944,SBP,129.68,Systolic BP,2016-01,mmHg
50775257,SBP,120.07,Systolic blood pressure,2013-11,mmHg
35769896,SBP,114.22,SBP,2015-02,mmHg
668621,SBP,142.77,Systolic BP,2015-02,mmHg
57029069,eGFR,86.45,LOINC: 33914-3,2014-08,mL/min/1.73m2
42752,eGFR,77.64,LOINC: 33914-3,2015-07,mL/min/1.73m2
18451469,eGFR,80.12,eGFR,2012-05,mL/min/1.73m2
14244392,eGFR,75.39,LOINC: 33914-3,2015-08,mL/min/1.73m2
12265721,SBP,118.31,Systolic blood pressure,2014-12,mmHg
63314777,HbA1c,5.54,Glycated haemoglobin,2013-04,%
5354957,SBP,141.41,Systolic BP,2012-12,mmHg
40782176,SBP,115.28,Systolic BP,2012-06,mmHg
32591117,HbA1c,4.81,Glycated haemoglobin,2012-04,%
52442552,eGFR,86.45,LOINC: 33914-3,2013-08,mL/min/1.73m2
4128056,SBP,107.53,Systolic blood pressure,2015-05,mmHg
7245017,SBP,144.57,SBP,2015-06,mmHg
35687072,SBP,124.52,Systolic blood pressure,2016-08,mmHg
97469,SBP,124.05,Systolic blood pressure,2012-07,mmHg
1399736,SBP,100.55,SBP,2013-07,mmHg
11314361,eGFR,85.82,LOINC: 33914-3,2016-11,mL/min/1.73m2
32670269,HbA1c,4.26,Glycated haemoglobin,2016-10,%
38427992,eGFR,84.25,eGFR,2013-03,mL/min/1.73m2
15012776,HbA1c,5.26,HbA1c,2015-05,%
338957,SBP,117.02,Systolic blood pressure,2016-10,mmHg
59701832,SBP,133.27,Systolic BP,2016-09,mmHg
43548569,HbA1c,4.4,Hb A1c,2014-02,%
44214032,HbA1c,4.16,Glycated haemoglobin,2015-07,%
4583357,HbA1c,5.21,Hb A1c,2012-02,%
16993469,HbA1c,5.26,Hb A1c,2014-01,%
47330621,eGFR,71.18,Estimated GFR,2014-10,mL/min/1.73m2
3790397,eGFR,90.18,Estimated GFR,2015-09,mL/min/1.73m2
58080269,HbA1c,4.58,Hb A1c,2013-10,%
6143552,SBP,118.3,Systolic blood pressure,2014-06,mmHg
12277856,SBP,119.42,Systolic BP,2016-02,mmHg
3676616,SBP,113.75,SBP,2014-05,mmHg
22457357,eGFR,94.51,Estimated GFR,2016-05,mL/min/1.73m2
62654969,HbA1c,4.75,Hb A1c,2015-01,%
40915016,HbA1c,7.32,Hb A1c,2013-09,%
422144,SBP,139.81,SBP,2012-11,mmHg
32236121,SBP,133.91,Systolic BP,2013-06,mmHg
49597337,HbA1c,4.57,Hb A1c,2012-09,%
58689056,HbA1c,5.26,HbA1c,2014-05,%
38599976,eGFR,93.91,eGFR,2012-06,mL/min/1.73m2
21147344,SBP,129.55,Systolic blood pressure,2013-07,mmHg
4113992,HbA1c,4.92,Hb A1c,2016-08,%
20719421,HbA1c,4.21,Hb A1c,2016-11,%
3006272,HbA1c,5.29,Hb A1c,2015-03,%
47617037,SBP,143.78,SBP,2015-06,mmHg
66242072,SBP,139.28,Systolic blood pressure,2015-04,mmHg
42842792,HbA1c,6.03,HbA1c,2013-11,%
32196797,HbA1c,5.02,Glycated haemoglobin,2015-07,%
5622752,SBP,115.96,SBP,2016-02,mmHg
189272,SBP,127.13,Systolic BP,2016-09,mmHg
4650344,eGFR,85.68,Estimated GFR,2014-06,mL/min/1.73m2
74880317,eGFR,79.86,eGFR,2012-01,mL/min/1.73m2
52191992,eGFR,77.03,eGFR,2016-03,mL/min/1.73m2
51294944,HbA1c,5.47,Glycated haemoglobin,2016-03,%
5516477,HbA1c,5.35,Hb A1c,2016-02,%
24883469,eGFR,84.16,Estimated GFR,2016-02,mL/min/1.73m2
34476569,eGFR,78.46,eGFR,2013-04,mL/min/1.73m2
62244344,HbA1c,4.36,Hb A1c,2014-08,%
45630269,SBP,114.55,Systolic blood pressure,2015-01,mmHg
65091161,eGFR,59.51,LOINC: 33914-3,2012-05,mL/min/1.73m2
68316221,HbA1c,6.8,Hb A1c,2013-08,%
37298297,eGFR,81.37,Estimated GFR,2015-05,mL/min/1.73m2
19492472,eGFR,93.14,eGFR,2013-10,mL/min/1.73m2
44907752,SBP,124.39,Systolic blood pressure,2014-05,mmHg
7747616,SBP,118.22,Systolic BP,2015-11,mmHg
45047144,HbA1c,3.94,Glycated haemoglobin,2015-07,%
61835069,eGFR,91.98,LOINC: 33914-3,2016-10,mL/min/1.73m2
29673344,eGFR,74.69,eGFR,2013-11,mL/min/1.73m2
5312,SBP,109.05,Systolic blood pressure,2012-04,mmHg
22293497,HbA1c,4.35,HbA1c,2016-05,%
64728344,HbA1c,3.91,HbA1c,2013-10,%
39967769,eGFR,86.65,LOINC: 33914-3,2015-01,mL/min/1.73m2
66835469,eGFR,84.78,eGFR,2016-09,mL/min/1.73m2
39422144,SBP,136.34,Systolic blood pressure,2014-03,mmHg
8287001,eGFR,94.61,LOINC: 33914-3,2012-02,mL/min/1.73m2
2188217,eGFR,75.27,eGFR,2012-01,mL/min/1.73m2
334937,eGFR,82.26,LOINC: 33914-3,2013-03,mL/min/1.73m2
21386969,eGFR,87.69,Estimated GFR,2015-12,mL/min/1.73m2
516944,SBP,98.18,SBP,2012-05,mmHg
9850301,eGFR,71.14,LOINC: 33914-3,2015-05,mL/min/1.73m2
29919161,HbA1c,4.76,HbA1c,2013-05,%
701,HbA1c,22.38,Hb A1c,2013-12,mmol/mol
69871097,eGFR,92.51,eGFR,2013-07,mL/min/1.73m2
22408136,eGFR,81.3,LOINC: 33914-3,2012-06,mL/min/1.73m2
28681661,eGFR,86.91,LOINC: 33914-3,2014-06,mL/min/1.73m2
15377357,eGFR,79.02,Estimated GFR,2014-06,mL/min/1.73m2
3944,HbA1c,5.65,Hb A1c,2016-07,%
15350201,SBP,101.18,Systolic blood pressure,2016-04,mmHg
5172176,HbA1c,5.4,Glycated haemoglobin,2013-08,%
7728344,HbA1c,5.65,HbA1c,2014-11,%
1598969,eGFR,93.3,LOINC: 33914-3,2016-10,mL/min/1.73m2
48481469,eGFR,88.17,LOINC: 33914-3,2012-09,mL/min/1.73m2
36561512,HbA1c,6.18,HbA1c,2016-06,%
5863481,eGFR,88.96,Estimated GFR,2016-07,mL/min/1.73m2
51443912,eGFR,97.06,LOINC: 33914-3,2013-08,mL/min/1.73m2
10671257,HbA1c,4.25,Hb A1c,2012-04,%
46311392,eGFR,86.53,eGFR,2015-06,mL/min/1.73m2
66044861,HbA1c,5.7,Hb A1c,2012-06,%
3571112,SBP,144.42,SBP,2012-12,mmHg
38837081,SBP,135.62,Systolic BP,2012-06,mmHg
44560217,SBP,163.95,SBP,2014-06,mmHg
38234969,eGFR,90.77,eGFR,2014-09,mL/min/1.73m2
40870712,SBP,159.52,Systolic BP,2016-10,mmHg
21627944,eGFR,79.94,LOINC: 33914-3,2012-05,mL/min/1.73m2
48312776,eGFR,72.07,LOINC: 33914-3,2015-04,mL/min/1.73m2
56559161,HbA1c,5.52,Hb A1c,2016-10,%
3460697,HbA1c,7.05,Hb A1c,2012-03,%
11820944,HbA1c,6.27,HbA1c,2015-06,%
46760381,HbA1c,4.84,Glycated haemoglobin,2013-03,%
345032,HbA1c,6.75,HbA1c,2012-12,%
30893312,eGFR,93.83,eGFR,2012-10,mL/min/1.73m2
17410112,eGFR,92.81,LOINC: 33914-3,2014-06,mL/min/1.73m2
66383117,SBP,119.64,SBP,2013-06,mmHg
61617341,HbA1c,5.15,Glycated haemoglobin,2015-03,%
42007961,eGFR,80.55,eGFR,2012-02,mL/min/1.73m2
43001657,SBP,141.51,Systolic blood pressure,2014-10,mmHg
74700569,HbA1c,5.05,Glycated haemoglobin,2016-09,%
67769,eGFR,88.92,eGFR,2014-11,mL/min/1.73m2
62956952,HbA1c,5.08,Hb A1c,2015-02,%
60050297,eGFR,97.44,LOINC: 33914-3,2013-08,mL/min/1.73m2
7498952,SBP,119.58,Systolic blood pressure,2016-06,mmHg
4657817,eGFR,82.79,Estimated GFR,2013-04,mL/min/1.73m2
1882061,eGFR,74.98,Estimated GFR,2012-12,mL/min/1.73m2
73122176,SBP,142.59,Systolic blood pressure,2014-08,mmHg
1330937,eGFR,84.81,eGFR,2013-06,mL/min/1.73m2
28496441,SBP,124.13,Systolic blood pressure,2015-08,mmHg
50258216,SBP,169.91,SBP,2012-11,mmHg
9937469,SBP,112.86,SBP,2016-03,mmHg
74820377,SBP,103.01,Systolic BP,2012-01,mmHg
3597344,HbA1c,5.69,Glycated haemoglobin,2016-08,%
13572656,SBP,124.01,SBP,2016-08,mmHg
66580832,HbA1c,5.62,Hb A1c,2016-06,%
3864944,SBP,132.46,SBP,2016-06,mmHg
11419472,eGFR,72.44,eGFR,2016-02,mL/min/1.73m2
24470477,SBP,108.24,Systolic blood pressure,2015-01,mmHg
49694969,SBP,101.52,Systolic BP,2012-07,mmHg
154856,eGFR,78.78,eGFR,2016-11,mL/min/1.73m2
13407257,SBP,113.31,SBP,2013-03,mmHg
6169337,HbA1c,5.08,Glycated haemoglobin,2014-04,%
21115496,HbA1c,5.45,Glycated haemoglobin,2012-08,%
43846256,eGFR,62.18,eGFR,2013-07,mL/min/1.73m2
106301,eGFR,84.26,LOINC: 33914-3,2014-02,mL/min/1.73m2
8639696,eGFR,91.91,LOINC: 33914-3,2014-07,mL/min/1.73m2
67773296,SBP,124.49,Systolic blood pressure,2015-11,mmHg
32433101,eGFR,89.34,eGFR,2014-06,mL/min/1.73m2
37382969,SBP,145.34,Systolic blood pressure,2014-01,mmHg
68058776,eGFR,89.8,Estimated GFR,2013-04,mL/min/1.73m2
22621817,HbA1c,29.72,HbA1c,2014-05,mmol/mol
53552144,SBP,105.79,Systolic blood pressure,2014-01,mmHg
25212872,HbA1c,4.9,Glycated haemoglobin,2014-02,%
25230269,SBP,128.04,Systolic blood pressure,2014-12,mmHg
18451469,SBP,128.66,Systolic blood pressure,2014-06,mmHg
4163321,eGFR,90.97,eGFR,2014-09,mL/min/1.73m2
21402992,eGFR,88.59,Estimated GFR,2012-09,mL/min/1.73m2
68488121,eGFR,85.78,LOINC: 33914-3,2014-09,mL/min/1.73m2
57974717,SBP,117.09,Systolic blood pressure,2016-08,mmHg
58133081,HbA1c,4.99,Hb A1c,2013-12,%
41649497,SBP,124.57,Systolic blood pressure,2014-03,mmHg
39683576,eGFR,90.03,LOINC: 33914-3,2014-07,mL/min/1.73m2
37722617,HbA1c,4.38,Glycated haemoglobin,2015-11,%
52920269,SBP,135.63,SBP,2015-02,mmHg
8457392,eGFR,71.71,LOINC: 33914-3,2013-01,mL/min/1.73m2
992144,HbA1c,5.08,HbA1c,2014-12,%
27470297,HbA1c,6.06,Glycated haemoglobin,2013-07,%
32255792,HbA1c,5.09,Hb A1c,2015-07,%
1136,HbA1c,5.75,Glycated haemoglobin,2016-08,%
9580376,HbA1c,33.35,HbA1c,2014-03,mmol/mol
5117177,SBP,134.79,Systolic BP,2013-01,mmHg
45841112,HbA1c,4.61,HbA1c,2015-04,%
21451097,SBP,145.69,Systolic BP,2012-01,mmHg
6465341,HbA1c,4.5,Hb A1c,2016-02,%
35212697,eGFR,89.75,LOINC: 33914-3,2014-06,mL/min/1.73m2
25931069,HbA1c,4.93,Hb A1c,2015-12,%
52668569,HbA1c,4.01,HbA1c,2012-12,%
56576,eGFR,88.59,Estimated GFR,2015-07,mL/min/1.73m2
25825337,eGFR,80.9,eGFR,2015-08,mL/min/1.73m2
173069,eGFR,90.87,Estimated GFR,2016-03,mL/min/1.73m2
1232912,eGFR,84.43,eGFR,2016-11,mL/min/1.73m2
34721081,HbA1c,23.73,Glycated haemoglobin,2014-10,mmol/mol
36624377,HbA1c,5.31,Hb A1c,2014-03,%
12180944,SBP,119.85,SBP,2014-05,mmHg
3409337,eGFR,84.75,eGFR,2013-05,mL/min/1.73m2
57737576,SBP,113.87,SBP,2016-05,mmHg
41426237,HbA1c,4.27,HbA1c,2014-12,%
45489977,HbA1c,3.58,Hb A1c,2013-10,%
40804301,eGFR,88.61,eGFR,2016-04,mL/min/1.73m2
65370941,SBP,123.07,Systolic BP,2012-09,mmHg
296,HbA1c,4.75,Glycated haemoglobin,2012-12,%
2875592,eGFR,86.62,LOINC: 33914-3,2014-01,mL/min/1.73m2
28997912,SBP,108.28,SBP,2015-06,mmHg
23285657,eGFR,88.65,Estimated GFR,2016-05,mL/min/1.73m2
21338936,HbA1c,7.21,Hb A1c,2012-04,%
28830269,eGFR,88.44,Estimated GFR,2015-01,mL/min/1.73m2
632312,eGFR,80.27,eGFR,2016-09,mL/min/1.73m2
29409752,SBP,122.28,Systolic BP,2014-04,mmHg
2495501,SBP,98.3,Systolic blood pressure,2016-04,mmHg
67147352,eGFR,83.04,Estimated GFR,2013-03,mL/min/1.73m2
42820121,eGFR,80.78,eGFR,2012-08,mL/min/1.73m2
3669977,eGFR,92.73,eGFR,2013-06,mL/min/1.73m2
69408569,SBP,98.02,SBP,2016-09,mmHg
2828792,eGFR,88.99,LOINC: 33914-3,2014-09,mL/min/1.73m2
19845821,SBP,113.99,Systolic BP,2016-02,mmHg
32928176,SBP,135.18,Systolic blood pressure,2014-10,mmHg
17496944,SBP,129.25,SBP,2014-11,mmHg
13104569,HbA1c,3.69,HbA1c,2015-06,%
30758681,HbA1c,5.02,Glycated haemoglobin,2012-02,%
137657,HbA1c,4.85,HbA1c,2013-03,%
6360077,HbA1c,4.31,Glycated haemoglobin,2015-07,%
4892456,HbA1c,5.33,HbA1c,2016-07,%
1733069,eGFR,87.47,LOINC: 33914-3,2013-03,mL/min/1.73m2
25195481,SBP,130.89,Systolic BP,2016-12,mmHg
27415856,eGFR,88.5,Estimated GFR,2016-10,mL/min/1.73m2
22211792,SBP,140.67,Systolic BP,2014-02,mmHg
19676432,eGFR,81.76,eGFR,2016-08,mL/min/1.73m2
35261,SBP,107.79,Systolic BP,2016-03,mmHg
39226637,HbA1c,4.6,Hb A1c,2014-02,%
62107769,eGFR,88.25,Estimated GFR,2016-06,mL/min/1.73m2
23976056,HbA1c,4.94,HbA1c,2015-09,%
61481456,SBP,127.99,SBP,2016-11,mmHg
63618344,SBP,121.2,SBP,2013-01,mmHg
40428992,HbA1c,5.57,Hb A1c,2015-07,%
52166969,eGFR,82.71,LOINC: 33914-3,2016-07,mL/min/1.73m2
10898777,eGFR,89.03,Estimated GFR,2015-07,mL/min/1.73m2
36060536,eGFR,84.75,Estimated GFR,2012-01,mL/min/1.73m2
19355069,eGFR,89.83,LOINC: 33914-3,2013-07,mL/min/1.73m2
13816217,SBP,108.93,Systolic BP,2014-12,mmHg
12350792,SBP,111.54,Systolic BP,2012-01,mmHg
9752696,SBP,145.05,Systolic blood pressure,2014-07,mmHg
307469,HbA1c,54.53,HbA1c,2016-09,mmol/mol
1607741,HbA1c,5.07,HbA1c,2013-06,%
69466301,eGFR,79.86,LOINC: 33914-3,2012-08,mL/min/1.73m2
24436217,eGFR,83.7,Estimated GFR,2015-04,mL/min/1.73m2
69437432,eGFR,94.33,LOINC: 33914-3,2014-12,mL/min/1.73m2
36018944,HbA1c,4.66,Glycated haemoglobin,2016-04,%
32295152,eGFR,87.87,LOINC: 33914-3,2016-03,mL/min/1.73m2
13984112,eGFR,84.15,Estimated GFR,2013-11,mL/min/1.73m2
31609817,SBP,154.74,Systolic BP,2015-03,mmHg
39749069,HbA1c,5.63,Glycated haemoglobin,2015-12,%
2713472,HbA1c,6.54,Hb A1c,2015-01,%
29016569,eGFR,87.45,LOINC: 33914-3,2015-04,mL/min/1.73m2
9709472,HbA1c,3.86,HbA1c,2015-10,%
4458152,eGFR,91.98,Estimated GFR,2013-05,mL/min/1.73m2
9441497,SBP,103.14,SBP,2016-09,mmHg
20436569,SBP,137.98,Systolic BP,2016-09,mmHg
27917,eGFR,71.52,eGFR,2012-07,mL/min/1.73m2
3238832,SBP,112.86,Systolic BP,2014-09,mmHg
66872,HbA1c,5.83,Hb A1c,2014-08,%
49086344,eGFR,87.98,LOINC: 33914-3,2016-05,mL/min/1.73m2
7912397,eGFR,81.09,LOINC: 33914-3,2013-04,mL/min/1.73m2
20656397,HbA1c,4.68,HbA1c,2013-01,%
36289721,HbA1c,4.85,Glycated haemoglobin,2016-01,%
65091161,SBP,129.96,Systolic blood pressure,2013-10,mmHg
45000656,HbA1c,5.22,Glycated haemoglobin,2016-02,%
3960872,SBP,134.99,SBP,2015-10,mmHg
8793101,HbA1c,4.95,HbA1c,2012-03,%
58901552,HbA1c,5.17,Hb A1c,2012-05,%
269,eGFR,89.83,eGFR,2016-09,mL/min/1.73m2
31298969,HbA1c,4.13,Hb A1c,2012-10,%
5589944,eGFR,63.76,Estimated GFR,2014-11,mL/min/1.73m2
33187097,HbA1c,5.87,Glycated haemoglobin,2013-04,%
42729497,eGFR,93.33,Estimated GFR,2012-04,mL/min/1.73m2
6750269,eGFR,91.71,eGFR,2015-05,mL/min/1.73m2
16936397,SBP,101.57,Systolic blood pressure,2012-06,mmHg
66750536,eGFR,81.4,eGFR,2015-06,mL/min/1.73m2
3078776,HbA1c,3.99,Glycated haemoglobin,2014-09,%
7546457,SBP,120.03,SBP,2015-08,mmHg
52643432,HbA1c,4.66,Glycated haemoglobin,2016-12,%
17671256,eGFR,86.98,Estimated GFR,2012-03,mL/min/1.73m2
18481241,eGFR,85.35,LOINC: 33914-3,2012-10,mL/min/1.73m2
747272,SBP,127.49,Systolic blood pressure,2012-03,mmHg
23722301,HbA1c,4.39,Hb A1c,2012-08,%
4702781,eGFR,89.91,eGFR,2013-06,mL/min/1.73m2
63839576,HbA1c,4.14,Hb A1c,2016-07,%
3152144,HbA1c,5.24,Hb A1c,2016-01,%
40318937,SBP,136.39,Systolic BP,2012-11,mmHg
39487421,HbA1c,4.36,Hb A1c,2016-10,%
69120269,eGFR,95.3,eGFR,2016-01,mL/min/1.73m2
14745536,HbA1c,4.04,HbA1c,2014-05,%
19907597,eGFR,81.66,LOINC: 33914-3,2012-09,mL/min/1.73m2
113177,SBP,117.97,SBP,2013-01,mmHg
46997561,eGFR,84.78,eGFR,2013-01,mL/min/1.73m2
72265661,SBP,110.02,Systolic BP,2014-02,mmHg
7603661,eGFR,88.75,LOINC: 33914-3,2012-06,mL/min/1.73m2
4465469,eGFR,86.96,LOINC: 33914-3,2012-04,mL/min/1.73m2
15486221,SBP,145.68,Systolic blood pressure,2016-01,mmHg
13337,eGFR,89.94,LOINC: 33914-3,2014-09,mL/min/1.73m2
1788221,SBP,130.69,Systolic BP,2013-01,mmHg
50750576,HbA1c,4.45,HbA1c,2015-08,%
9010136,HbA1c,7.39,HbA1c,2015-04,%
25404569,HbA1c,3.91,Glycated haemoglobin,2012-12,%
539597,HbA1c,5.21,Glycated haemoglobin,2014-09,%
19814969,eGFR,85.41,eGFR,2015-03,mL/min/1.73m2
7181,eGFR,83.23,Estimated GFR,2012-12,mL/min/1.73m2
51170969,SBP,121.4,Systolic blood pressure,2012-10,mmHg
1687769,SBP,117.87,Systolic BP,2015-09,mmHg
62654969,eGFR,84.25,Estimated GFR,2014-08,mL/min/1.73m2
33147197,eGFR,87.58,LOINC: 33914-3,2016-09,mL/min/1.73m2
988697,eGFR,88.41,eGFR,2014-10,mL/min/1.73m2
10626041,eGFR,86.05,eGFR,2016-07,mL/min/1.73m2
284861,SBP,129.29,SBP,2015-10,mmHg
45981944,HbA1c,5.53,Hb A1c,2012-11,%
16979192,HbA1c,5.29,HbA1c,2014-09,%
2112032,SBP,151.07,Systolic blood pressure,2014-02,mmHg
46902617,SBP,114.27,Systolic BP,2013-04,mmHg
17453501,eGFR,90.74,Estimated GFR,2016-11,mL/min/1.73m2
435752,eGFR,81.31,LOINC: 33914-3,2013-08,mL/min/1.73m2
14732237,eGFR,74.59,Estimated GFR,2014-03,mL/min/1.73m2
15066512,eGFR,86.57,LOINC: 33914-3,2016-03,mL/min/1.73m2
9462797,SBP,119.32,Systolic blood pressure,2012-01,mmHg
30720269,SBP,112.62,Systolic BP,2016-03,mmHg
11082521,HbA1c,4.37,HbA1c,2013-02,%
72177344,SBP,118.6,Systolic blood pressure,2013-04,mmHg
31240856,SBP,135.59,SBP,2016-10,mmHg
2096957,eGFR,84.69,Estimated GFR,2014-07,mL/min/1.73m2
44191001,SBP,138.6,Systolic blood pressure,2014-10,mmHg
24814397,SBP,132.3,Systolic blood pressure,2015-10,mmHg
6949721,eGFR,82.11,LOINC: 33914-3,2015-02,mL/min/1.73m2
65342936,SBP,145.67,Systolic BP,2016-10,mmHg
16483277,eGFR,86.37,eGFR,2015-02,mL/min/1.73m2
71560637,eGFR,86.33,Estimated GFR,2012-03,mL/min/1.73m2
44191001,HbA1c,5.48,Glycated haemoglobin,2013-10,%
37044857,HbA1c,4.1,Glycated haemoglobin,2015-10,%
2414096,HbA1c,4.91,HbA1c,2013-01,%
753272,HbA1c,4.42,Glycated haemoglobin,2016-08,%
65426969,SBP,149.39,Systolic blood pressure,2015-12,mmHg
25684697,eGFR,79.61,LOINC: 33914-3,2013-10,mL/min/1.73m2
5922344,HbA1c,4.27,Glycated haemoglobin,2012-10,%
67147352,HbA1c,4.21,Hb A1c,2016-07,%
56481032,SBP,130.72,Systolic BP,2015-07,mmHg
34843661,eGFR,87.08,eGFR,2012-02,mL/min/1.73m2
62463176,HbA1c,4.16,Hb A1c,2015-08,%
23976056,SBP,111.6,Systolic BP,2013-06,mmHg
19784141,SBP,121.64,Systolic blood pressure,2015-05,mmHg
36477776,SBP,103.04,Systolic BP,2012-04,mmHg
6077,eGFR,80.08,LOINC: 33914-3,2012-02,mL/min/1.73m2
58133081,eGFR,80.22,Estimated GFR,2015-02,mL/min/1.73m2
4732877,SBP,139.29,Systolic BP,2014-02,mmHg
7854041,eGFR,86.46,LOINC: 33914-3,2014-06,mL/min/1.73m2
12096461,eGFR,102.19,LOINC: 33914-3,2013-12,mL/min/1.73m2
2811341,eGFR,95.97,Estimated GFR,2012-09,mL/min/1.73m2
70364216,SBP,96.81,Systolic BP,2015-02,mmHg
8834237,eGFR,93.72,Estimated GFR,2014-06,mL/min/1.73m2
65454992,SBP,109.22,SBP,2016-04,mmHg
48650456,HbA1c,4.16,Glycated haemoglobin,2012-12,%
13305977,SBP,118.03,Systolic blood pressure,2012-02,mmHg
51319757,HbA1c,3.74,Glycated haemoglobin,2012-10,%
7170617,HbA1c,25.39,Hb A1c,2013-01,mmol/mol
35109992,HbA1c,6.48,Hb A1c,2015-09,%
7680269,eGFR,85.0,Estimated GFR,2012-01,mL/min/1.73m2
10592192,SBP,115.64,Systolic blood pressure,2016-04,mmHg
3940217,eGFR,85.75,LOINC: 33914-3,2013-02,mL/min/1.73m2
35439176,SBP,122.5,SBP,2016-06,mmHg
21579641,SBP,121.78,Systolic blood pressure,2012-12,mmHg
23419577,HbA1c,6.85,HbA1c,2013-09,%
72530936,HbA1c,6.73,HbA1c,2013-12,%
45513344,HbA1c,5.32,HbA1c,2013-02,%
21611837,eGFR,87.94,LOINC: 33914-3,2016-10,mL/min/1.73m2
11595737,eGFR,73.2,Estimated GFR,2013-05,mL/min/1.73m2
16638344,HbA1c,5.3,Glycated haemoglobin,2016-03,%
7805576,SBP,125.86,Systolic BP,2016-04,mmHg
6152141,HbA1c,4.74,Glycated haemoglobin,2012-05,%
58027481,eGFR,85.58,eGFR,2014-11,mL/min/1.73m2
70189976,eGFR,82.07,LOINC: 33914-3,2014-07,mL/min/1.73m2
50997656,SBP,113.86,Systolic BP,2014-11,mmHg
13521656,HbA1c,6.0,Glycated haemoglobin,2014-09,%
24077936,SBP,137.31,Systolic BP,2014-01,mmHg
8277032,eGFR,82.86,Estimated GFR,2014-10,mL/min/1.73m2
30318392,HbA1c,4.93,HbA1c,2014-07,%
24952637,eGFR,86.81,Estimated GFR,2016-10,mL/min/1.73m2
23486681,HbA1c,6.52,Glycated haemoglobin,2012-09,%
61454297,SBP,149.29,Systolic BP,2012-11,mmHg
12338621,SBP,153.51,SBP,2015-04,mmHg
52066937,HbA1c,4.69,Glycated haemoglobin,2016-04,%
38406521,eGFR,88.79,eGFR,2015-06,mL/min/1.73m2
22919357,SBP,133.04,Systolic blood pressure,2015-09,mmHg
63232112,HbA1c,4.87,HbA1c,2016-12,%
2988281,eGFR,79.78,Estimated GFR,2012-06,mL/min/1.73m2
70277069,eGFR,89.37,LOINC: 33914-3,2013-11,mL/min/1.73m2
94256,HbA1c,3.69,Hb A1c,2013-02,%
8548301,SBP,128.57,SBP,2013-04,mmHg
4838969,HbA1c,7.08,Glycated haemoglobin,2014-01,%
1416176,HbA1c,4.37,Glycated haemoglobin,2016-01,%
3743336,SBP,119.9,Systolic BP,2012-09,mmHg
1848944,HbA1c,4.61,Hb A1c,2015-11,%
41225816,eGFR,73.63,Estimated GFR,2013-02,mL/min/1.73m2
875069,HbA1c,6.8,Hb A1c,2014-03,%
31570877,SBP,124.33,SBP,2014-02,mmHg
29616761,HbA1c,7.36,HbA1c,2015-03,%
9314201,SBP,132.23,Systolic blood pressure,2015-10,mmHg
36247997,eGFR,82.97,Estimated GFR,2016-02,mL/min/1.73m2
8267069,eGFR,74.4,eGFR,2014-05,mL/min/1.73m2
3650096,eGFR,79.44,LOINC: 33914-3,2014-12,mL/min/1.73m2
1929881,SBP,141.72,Systolic BP,2015-08,mmHg
8680472,SBP,119.99,Systolic blood pressure,2016-08,mmHg
70859069,eGFR,88.86,Estimated GFR,2014-01,mL/min/1.73m2
18900569,HbA1c,3.78,Glycated haemoglobin,2015-10,%
1825469,HbA1c,39.25,Hb A1c,2012-07,mmol/mol
2651069,SBP,129.33,Systolic BP,2016-11,mmHg
36729272,HbA1c,4.63,HbA1c,2013-02,%
20703656,SBP,127.1,SBP,2016-10,mmHg
17179616,HbA1c,4.23,Glycated haemoglobin,2014-12,%
1504061,SBP,104.38,Systolic BP,2012-03,mmHg
45419912,SBP,124.51,SBP,2014-01,mmHg
10750616,HbA1c,5.1,HbA1c,2012-08,%
130061,eGFR,92.6,eGFR,2013-07,mL/min/1.73m2
69062681,HbA1c,5.88,HbA1c,2016-11,%
50898752,SBP,98.36,SBP,2012-09,mmHg
3505952,HbA1c,5.28,Glycated haemoglobin,2016-01,%
774461,eGFR,82.71,Estimated GFR,2013-09,mL/min/1.73m2
19446617,SBP,104.29,SBP,2015-04,mmHg
20327096,HbA1c,4.05,Hb A1c,2012-07,%
5705192,eGFR,75.89,Estimated GFR,2012-02,mL/min/1.73m2
74640701,SBP,108.68,Systolic blood pressure,2014-02,mmHg
82937,SBP,111.98,Systolic blood pressure,2013-09,mmHg
3623672,eGFR,91.36,Estimated GFR,2015-07,mL/min/1.73m2
1202336,HbA1c,4.02,Hb A1c,2014-11,%
38880269,SBP,123.66,Systolic blood pressure,2014-12,mmHg
2177981,HbA1c,6.29,Glycated haemoglobin,2013-05,%
6143552,eGFR,89.01,Estimated GFR,2016-02,mL/min/1.73m2
14153021,HbA1c,7.15,Hb A1c,2014-03,%
66298472,HbA1c,5.62,Hb A1c,2014-03,%
32690072,HbA1c,6.11,HbA1c,2015-06,%
10379069,SBP,123.23,Systolic blood pressure,2013-12,mmHg
67403069,SBP,125.14,Systolic BP,2012-07,mmHg
72885392,eGFR,89.3,Estimated GFR,2012-09,mL/min/1.73m2
33326936,SBP,134.96,SBP,2015-01,mmHg
1160921,SBP,120.4,Systolic BP,2015-02,mmHg
1656416,eGFR,83.77,LOINC: 33914-3,2013-02,mL/min/1.73m2
54955469,eGFR,90.75,eGFR,2015-12,mL/min/1.73m2
29184752,SBP,134.07,SBP,2013-10,mmHg
74850344,SBP,112.16,Systolic BP,2014-08,mmHg
50012936,HbA1c,4.7,Glycated haemoglobin,2015-10,%
66552569,eGFR,94.78,Estimated GFR,2015-02,mL/min/1.73m2
22869632,eGFR,91.08,eGFR,2014-12,mL/min/1.73m2
73983737,eGFR,76.45,LOINC: 33914-3,2013-12,mL/min/1.73m2
9093512,eGFR,94.96,eGFR,2015-09,mL/min/1.73m2
29072576,HbA1c,7.06,Glycated haemoglobin,2014-02,%
324992,eGFR,88.34,LOINC: 33914-3,2015-05,mL/min/1.73m2
25702256,SBP,130.83,Systolic blood pressure,2012-11,mmHg
7990541,SBP,135.0,Systolic BP,2015-02,mmHg
7282361,SBP,123.07,Systolic blood pressure,2015-08,mmHg
8578712,HbA1c,5.55,Hb A1c,2014-10,%
32848712,SBP,153.95,Systolic BP,2016-04,mmHg
55496072,HbA1c,4.57,Glycated haemoglobin,2013-07,%
58185917,eGFR,87.59,eGFR,2015-11,mL/min/1.73m2
74730512,SBP,112.44,Systolic blood pressure,2015-05,mmHg
18214157,SBP,122.9,Systolic blood pressure,2015-08,mmHg
4044032,eGFR,90.87,LOINC: 33914-3,2015-06,mL/min/1.73m2
1529657,eGFR,73.43,Estimated GFR,2015-01,mL/min/1.73m2
56376944,SBP,144.69,Systolic BP,2013-07,mmHg
12706361,SBP,97.01,SBP,2012-05,mmHg
13880672,SBP,119.51,SBP,2015-05,mmHg
15445352,eGFR,89.76,Estimated GFR,2013-05,mL/min/1.73m2
4907792,HbA1c,5.36,Hb A1c,2016-02,%
19157456,HbA1c,6.5,Glycated haemoglobin,2015-09,%
35212697,HbA1c,6.18,HbA1c,2014-06,%
3000269,eGFR,91.29,Estimated GFR,2013-06,mL/min/1.73m2
29767769,SBP,114.58,Systolic blood pressure,2013-05,mmHg
37637561,SBP,136.74,Systolic BP,2015-08,mmHg
72177344,HbA1c,5.73,HbA1c,2013-08,%
444944,SBP,124.12,Systolic blood pressure,2016-11,mmHg
40959344,SBP,125.66,SBP,2016-03,mmHg
71853977,eGFR,84.37,eGFR,2015-02,mL/min/1.73m2
14546681,SBP,130.05,Systolic BP,2012-06,mmHg
131312,eGFR,74.7,eGFR,2014-01,mL/min/1.73m2
11267801,HbA1c,5.22,Glycated haemoglobin,2012-09,%
48192461,SBP,119.69,SBP,2015-07,mmHg
18615512,SBP,132.41,Systolic blood pressure,2012-10,mmHg
2022392,SBP,136.32,SBP,2013-10,mmHg
5180057,HbA1c,5.57,HbA1c,2015-04,%
13369232,eGFR,88.67,Estimated GFR,2014-11,mL/min/1.73m2
33447032,SBP,140.91,SBP,2013-11,mmHg
7282361,eGFR,87.36,Estimated GFR,2014-11,mL/min/1.73m2
5031344,eGFR,77.93,LOINC: 33914-3,2012-04,mL/min/1.73m2
2091944,SBP,124.17,Systolic BP,2013-10,mmHg
2387261,HbA1c,45.15,Hb A1c,2016-05,mmol/mol
4157,HbA1c,4.89,Glycated haemoglobin,2014-12,%
73240712,SBP,127.09,Systolic blood pressure,2014-07,mmHg
37658816,HbA1c,5.62,HbA1c,2014-08,%
2622944,SBP,160.31,SBP,2012-03,mmHg
39465656,HbA1c,5.13,Hb A1c,2012-01,%
13841981,SBP,139.28,SBP,2014-11,mmHg
29081,HbA1c,3.3,HbA1c,2015-03,%
22195469,eGFR,78.78,LOINC: 33914-3,2014-08,mL/min/1.73m2
6203801,HbA1c,4.51,Hb A1c,2012-08,%
3817421,eGFR,93.36,eGFR,2012-02,mL/min/1.73m2
4016216,eGFR,91.22,LOINC: 33914-3,2016-08,mL/min/1.73m2
35027936,eGFR,88.53,Estimated GFR,2016-06,mL/min/1.73m2
305552,eGFR,90.12,Estimated GFR,2012-12,mL/min/1.73m2
25422032,eGFR,88.98,eGFR,2013-03,mL/min/1.73m2
41314832,SBP,141.16,Systolic blood pressure,2015-01,mmHg
4255712,HbA1c,5.02,Glycated haemoglobin,2015-08,%
25056569,HbA1c,27.26,HbA1c,2012-09,mmol/mol
768377,eGFR,86.54,eGFR,2014-07,mL/min/1.73m2
9893837,SBP,151.63,Systolic BP,2014-02,mmHg
53856776,eGFR,96.13,eGFR,2013-10,mL/min/1.73m2
5589944,HbA1c,7.83,Glycated haemoglobin,2015-09,%
32472569,SBP,115.43,Systolic BP,2015-07,mmHg
4177469,HbA1c,4.44,Hb A1c,2015-09,%
6876857,HbA1c,4.25,Glycated haemoglobin,2016-10,%
12944,HbA1c,4.55,Glycated haemoglobin,2013-05,%
136376,SBP,119.09,Systolic BP,2012-03,mmHg
71443469,HbA1c,3.97,HbA1c,2012-11,%
71384921,HbA1c,4.54,HbA1c,2015-07,%
12338621,eGFR,82.69,eGFR,2016-05,mL/min/1.73m2
750269,HbA1c,4.28,HbA1c,2012-05,%
921017,SBP,111.54,SBP,2015-11,mmHg
41694221,eGFR,91.24,eGFR,2016-01,mL/min/1.73m2
6273017,HbA1c,5.67,Glycated haemoglobin,2012-06,%
68488121,HbA1c,4.69,HbA1c,2016-12,%
47712701,eGFR,84.48,LOINC: 33914-3,2012-01,mL/min/1.73m2
12743432,HbA1c,4.32,Hb A1c,2016-03,%
9569657,HbA1c,5.34,Hb A1c,2013-03,%
102944,HbA1c,2.87,Hb A1c,2014-02,%
1920269,HbA1c,4.67,HbA1c,2016-01,%
4561136,eGFR,86.31,Estimated GFR,2016-10,mL/min/1.73m2
25966361,HbA1c,5.33,Hb A1c,2016-01,%
2260541,SBP,105.78,SBP,2013-10,mmHg
1441016,HbA1c,5.19,Hb A1c,2016-08,%
53882201,eGFR,88.34,LOINC: 33914-3,2012-08,mL/min/1.73m2
32275469,SBP,164.07,SBP,2012-02,mmHg
19233341,SBP,169.46,Systolic blood pressure,2014-03,mmHg
62353712,SBP,141.05,Systolic blood pressure,2013-04,mmHg
10671257,eGFR,82.39,eGFR,2014-06,mL/min/1.73m2
36415037,SBP,109.96,SBP,2015-08,mmHg
22473776,eGFR,83.03,eGFR,2016-05,mL/min/1.73m2
10479752,SBP,134.17,Systolic BP,2015-08,mmHg
49499801,HbA1c,6.54,Hb A1c,2015-12,%
18600569,eGFR,81.87,Estimated GFR,2015-09,mL/min/1.73m2
24569,SBP,103.28,SBP,2016-10,mmHg
42210272,SBP,103.2,Systolic BP,2015-01,mmHg
2500976,SBP,129.48,Systolic blood pressure,2016-04,mmHg
38621501,HbA1c,26.37,Glycated haemoglobin,2012-01,mmol/mol
5180057,SBP,150.07,SBP,2012-09,mmHg
7347944,HbA1c,5.06,Hb A1c,2015-07,%
57290969,eGFR,83.84,eGFR,2015-01,mL/min/1.73m2
34700672,SBP,130.15,Systolic BP,2015-03,mmHg
465977,eGFR,76.32,Estimated GFR,2014-12,mL/min/1.73m2
41136896,SBP,135.47,Systolic blood pressure,2015-04,mmHg
45047144,eGFR,87.89,LOINC: 33914-3,2012-03,mL/min/1.73m2
47354456,eGFR,87.67,eGFR,2014-08,mL/min/1.73m2
28811672,SBP,113.45,SBP,2016-01,mmHg
44375417,eGFR,81.99,eGFR,2013-08,mL/min/1.73m2
1153469,HbA1c,5.63,HbA1c,2014-09,%
68861312,HbA1c,4.16,Hb A1c,2015-10,%
11117144,eGFR,93.23,Estimated GFR,2015-07,mL/min/1.73m2
10035992,eGFR,85.55,Estimated GFR,2013-06,mL/min/1.73m2
985256,SBP,125.14,SBP,2016-05,mmHg
55599344,SBP,106.31,SBP,2012-12,mmHg
744281,eGFR,89.29,LOINC: 33914-3,2012-02,mL/min/1.73m2
12176,SBP,136.91,SBP,2012-02,mmHg
158969,eGFR,75.39,LOINC: 33914-3,2015-04,mL/min/1.73m2
30797117,HbA1c,4.51,Hb A1c,2012-02,%
71589944,eGFR,81.28,Estimated GFR,2012-12,mL/min/1.73m2
74216,SBP,124.69,Systolic blood pressure,2013-12,mmHg
30643517,eGFR,77.87,Estimated GFR,2012-08,mL/min/1.73m2
73626617,SBP,152.51,SBP,2014-09,mmHg
18421721,HbA1c,3.71,HbA1c,2013-03,%
12607769,eGFR,86.35,eGFR,2016-02,mL/min/1.73m2
64923581,HbA1c,4.02,Hb A1c,2013-04,%
60184592,SBP,130.42,Systolic blood pressure,2013-10,mmHg
28054361,eGFR,91.73,eGFR,2016-02,mL/min/1.73m2
3974672,HbA1c,27.97,HbA1c,2014-12,mmol/mol
73389017,HbA1c,4.82,Hb A1c,2014-02,%
299837,SBP,147.13,Systolic blood pressure,2013-09,mmHg
21757016,eGFR,85.91,LOINC: 33914-3,2016-11,mL/min/1.73m2
7641917,HbA1c,4.85,Glycated haemoglobin,2013-06,%
19081721,HbA1c,6.64,Hb A1c,2015-05,%
1058777,eGFR,78.28,eGFR,2015-11,mL/min/1.73m2
45723917,HbA1c,5.22,Glycated haemoglobin,2016-02,%
69610736,eGFR,78.26,LOINC: 33914-3,2014-02,mL/min/1.73m2
51817277,HbA1c,5.22,Hb A1c,2016-09,%
15815117,eGFR,90.28,Estimated GFR,2015-01,mL/min/1.73m2
11013437,HbA1c,4.86,HbA1c,2016-11,%
36771272,SBP,127.63,SBP,2015-06,mmHg
18991037,eGFR,91.75,LOINC: 33914-3,2016-11,mL/min/1.73m2
28663112,SBP,123.91,Systolic blood pressure,2016-06,mmHg
47617037,HbA1c,4.73,Glycated haemoglobin,2015-07,%
14932352,SBP,92.48,SBP,2014-08,mmHg
1516832,eGFR,82.96,eGFR,2016-03,mL/min/1.73m2
5655656,HbA1c,5.99,Glycated haemoglobin,2014-04,%
756281,HbA1c,5.12,Glycated haemoglobin,2016-08,%
46713017,HbA1c,3.88,Hb A1c,2013-07,%
63950336,HbA1c,4.97,HbA1c,2013-07,%
29900216,HbA1c,4.81,HbA1c,2015-04,%
40737944,eGFR,92.53,LOINC: 33914-3,2012-05,mL/min/1.73m2
3512441,eGFR,85.14,eGFR,2015-11,mL/min/1.73m2
17905016,HbA1c,2.99,Hb A1c,2014-12,%
48795536,HbA1c,3.77,Hb A1c,2016-09,%
2952461,HbA1c,5.1,Glycated haemoglobin,2012-06,%
16697,HbA1c,4.84,HbA1c,2012-06,%
45560096,eGFR,94.58,LOINC: 33914-3,2016-11,mL/min/1.73m2
10887344,eGFR,82.98,Estimated GFR,2015-09,mL/min/1.73m2
31824416,eGFR,82.62,LOINC: 33914-3,2013-06,mL/min/1.73m2
2203616,HbA1c,2.3,HbA1c,2013-04,%
8207417,SBP,132.44,Systolic BP,2014-06,mmHg
8731577,HbA1c,4.65,Hb A1c,2013-02,%
19630361,eGFR,87.46,eGFR,2013-07,mL/min/1.73m2
52116941,eGFR,85.01,Estimated GFR,2012-07,mL/min/1.73m2
7508441,eGFR,87.52,eGFR,2013-04,mL/min/1.73m2
183296,SBP,113.47,Systolic BP,2016-08,mmHg
2297,eGFR,83.63,eGFR,2016-03,mL/min/1.73m2
2360576,eGFR,83.91,Estimated GFR,2013-02,mL/min/1.73m2
71619257,SBP,128.62,Systolic BP,2014-08,mmHg
44768576,SBP,114.72,Systolic BP,2012-08,mmHg
42435632,SBP,136.1,Systolic blood pressure,2012-04,mmHg
22902776,HbA1c,3.74,HbA1c,2015-01,%
36897416,SBP,130.18,SBP,2015-11,mmHg
70567769,SBP,101.23,SBP,2016-05,mmHg
7795901,SBP,156.79,Systolic blood pressure,2013-09,mmHg
31357136,SBP,145.51,Systolic BP,2014-06,mmHg
5459672,SBP,153.44,SBP,2015-04,mmHg
5964569,HbA1c,4.45,HbA1c,2015-08,%
2922776,SBP,124.79,Systolic BP,2016-11,mmHg
3750041,SBP,141.5,SBP,2015-09,mmHg
635069,HbA1c,4.55,Glycated haemoglobin,2014-05,%
45419912,HbA1c,5.16,Hb A1c,2016-11,%
1175897,SBP,138.92,Systolic blood pressure,2014-10,mmHg
31746296,eGFR,89.12,Estimated GFR,2014-12,mL/min/1.73m2
21483197,SBP,112.95,SBP,2012-09,mmHg
35261,eGFR,88.91,eGFR,2013-01,mL/min/1.73m2
4443536,eGFR,82.56,Estimated GFR,2014-06,mL/min/1.73m2
48144377,HbA1c,5.29,Hb A1c,2012-11,%
9828569,SBP,138.07,Systolic BP,2016-06,mmHg
70131944,eGFR,93.91,eGFR,2015-06,mL/min/1.73m2
2793944,eGFR,82.76,eGFR,2012-11,mL/min/1.73m2
132569,HbA1c,7.85,Hb A1c,2014-07,%
19218152,eGFR,94.11,LOINC: 33914-3,2016-10,mL/min/1.73m2
128816,HbA1c,4.68,HbA1c,2015-09,%
14612816,HbA1c,5.6,Hb A1c,2016-01,%
509501,eGFR,83.95,eGFR,2016-09,mL/min/1.73m2
31279592,eGFR,86.71,LOINC: 33914-3,2016-11,mL/min/1.73m2
29767769,eGFR,93.73,Estimated GFR,2013-11,mL/min/1.73m2
463616,eGFR,83.79,eGFR,2013-12,mL/min/1.73m2
14626061,SBP,145.82,SBP,2016-06,mmHg
6867776,HbA1c,4.99,Glycated haemoglobin,2015-07,%
69524057,SBP,137.66,SBP,2016-09,mmHg
19707176,eGFR,83.01,eGFR,2012-07,mL/min/1.73m2
36018944,SBP,108.27,Systolic BP,2015-01,mmHg
7489469,SBP,150.35,SBP,2015-04,mmHg
39727232,SBP,117.0,Systolic blood pressure,2012-02,mmHg
25091261,eGFR,88.85,LOINC: 33914-3,2012-04,mL/min/1.73m2
40627469,HbA1c,4.43,Glycated haemoglobin,2016-01,%
884816,HbA1c,4.84,Hb A1c,2014-07,%
40252976,eGFR,86.8,LOINC: 33914-3,2012-04,mL/min/1.73m2
4561136,SBP,129.87,Systolic blood pressure,2013-10,mmHg
5046896,HbA1c,4.91,Hb A1c,2013-07,%
56846096,SBP,135.48,Systolic BP,2015-01,mmHg
91097,HbA1c,4.86,Hb A1c,2014-08,%
2834621,HbA1c,3.93,Glycated haemoglobin,2013-02,%
32531816,eGFR,83.41,Estimated GFR,2012-09,mL/min/1.73m2
868601,SBP,138.09,Systolic blood pressure,2015-12,mmHg
1590221,SBP,124.36,Systolic BP,2015-01,mmHg
3352016,SBP,141.32,Systolic blood pressure,2012-11,mmHg
222221,eGFR,84.36,LOINC: 33914-3,2012-12,mL/min/1.73m2
3024317,SBP,95.38,Systolic blood pressure,2014-07,mmHg
20798336,HbA1c,4.74,Glycated haemoglobin,2012-11,%
4680272,eGFR,85.13,LOINC: 33914-3,2015-01,mL/min/1.73m2
68001632,eGFR,86.88,Estimated GFR,2015-12,mL/min/1.73m2
26587856,eGFR,92.94,LOINC: 33914-3,2012-06,mL/min/1.73m2
59541344,HbA1c,5.15,HbA1c,2016-04,%
6281696,HbA1c,5.33,HbA1c,2012-06,%
43594301,HbA1c,5.16,Hb A1c,2013-02,%
4516856,HbA1c,4.78,HbA1c,2016-11,%
15815117,HbA1c,5.04,HbA1c,2015-05,%
61454297,eGFR,77.46,Estimated GFR,2015-10,mL/min/1.73m2
1399736,HbA1c,4.67,Glycated haemoglobin,2012-09,%
827144,SBP,159.29,Systolic blood pressure,2013-11,mmHg
26391737,HbA1c,4.12,HbA1c,2015-06,%
2606141,SBP,154.59,Systolic BP,2012-11,mmHg
14023001,SBP,123.58,SBP,2015-07,mmHg
56663417,eGFR,81.11,eGFR,2016-02,mL/min/1.73m2
12156776,HbA1c,3.46,HbA1c,2015-10,%
74043341,HbA1c,5.56,HbA1c,2013-07,%
8078912,SBP,122.23,Systolic blood pressure,2012-04,mmHg
42503357,eGFR,89.47,LOINC: 33914-3,2015-12,mL/min/1.73m2
1474472,eGFR,85.75,Estimated GFR,2012-06,mL/min/1.73m2
615896,HbA1c,4.02,Glycated haemoglobin,2015-08,%
44583344,eGFR,90.18,Estimated GFR,2013-03,mL/min/1.73m2
29976032,SBP,135.67,Systolic BP,2013-12,mmHg
581069,SBP,128.57,Systolic BP,2014-08,mmHg
19753337,SBP,105.54,SBP,2013-07,mmHg
52191992,HbA1c,5.07,Glycated haemoglobin,2016-04,%
26964281,eGFR,87.79,eGFR,2014-09,mL/min/1.73m2
8854841,HbA1c,4.92,Hb A1c,2012-05,%
15499856,eGFR,88.43,eGFR,2012-06,mL/min/1.73m2
3090944,SBP,128.49,Systolic blood pressure,2013-07,mmHg
42300344,HbA1c,3.82,HbA1c,2016-05,%
6307769,SBP,145.76,Systolic blood pressure,2014-09,mmHg
66863792,HbA1c,3.96,HbA1c,2013-05,%
10423757,SBP,104.94,Systolic blood pressure,2014-07,mmHg
19036352,HbA1c,4.53,Hb A1c,2015-04,%
10944569,HbA1c,4.92,Hb A1c,2016-04,%
25719821,eGFR,78.26,eGFR,2014-10,mL/min/1.73m2
50504096,eGFR,87.26,LOINC: 33914-3,2015-10,mL/min/1.73m2
36164621,eGFR,88.44,Estimated GFR,2016-02,mL/min/1.73m2
46075952,SBP,107.94,Systolic BP,2016-12,mmHg
17064944,eGFR,89.97,LOINC: 33914-3,2013-12,mL/min/1.73m2
73715816,HbA1c,5.38,Glycated haemoglobin,2014-06,%
2589392,HbA1c,4.95,Glycated haemoglobin,2012-02,%
19355069,HbA1c,4.71,Glycated haemoglobin,2016-06,%
12205136,HbA1c,4.8,Glycated haemoglobin,2012-05,%
37171469,HbA1c,4.95,Glycated haemoglobin,2012-12,%
61862312,HbA1c,4.59,HbA1c,2016-10,%
18810317,SBP,138.99,Systolic blood pressure,2013-02,mmHg
35956601,eGFR,85.57,Estimated GFR,2014-11,mL/min/1.73m2
27000269,eGFR,87.48,LOINC: 33914-3,2016-11,mL/min/1.73m2
19006136,SBP,91.77,Systolic BP,2012-06,mmHg
71648576,SBP,124.29,Systolic blood pressure,2012-11,mmHg
61862312,eGFR,95.83,eGFR,2013-05,mL/min/1.73m2
33607496,SBP,125.63,Systolic blood pressure,2016-07,mmHg
53653592,eGFR,86.43,Estimated GFR,2015-03,mL/min/1.73m2
11069,SBP,129.2,Systolic blood pressure,2014-12,mmHg
57290969,HbA1c,5.27,Glycated haemoglobin,2013-05,%
12917144,HbA1c,4.91,HbA1c,2015-04,%
1853657,eGFR,92.62,LOINC: 33914-3,2013-12,mL/min/1.73m2
62682392,HbA1c,3.34,Hb A1c,2012-08,%
21708569,HbA1c,5.5,Hb A1c,2016-07,%
31298969,eGFR,82.73,eGFR,2012-04,mL/min/1.73m2
2685017,eGFR,73.7,Estimated GFR,2015-09,mL/min/1.73m2
489917,SBP,128.84,Systolic BP,2012-06,mmHg
6023936,eGFR,86.69,LOINC: 33914-3,2012-05,mL/min/1.73m2
33527216,eGFR,73.93,eGFR,2015-12,mL/min/1.73m2
65286944,HbA1c,4.94,HbA1c,2012-04,%
25143344,SBP,159.29,Systolic BP,2012-01,mmHg
6342617,SBP,141.82,Systolic BP,2014-02,mmHg
1342952,eGFR,85.91,Estimated GFR,2012-08,mL/min/1.73m2
19861256,SBP,120.43,Systolic blood pressure,2015-04,mmHg
9698681,eGFR,82.45,eGFR,2014-10,mL/min/1.73m2
121472,eGFR,98.05,eGFR,2016-07,mL/min/1.73m2
190781,SBP,149.57,Systolic blood pressure,2013-03,mmHg
5243321,eGFR,82.18,eGFR,2012-09,mL/min/1.73m2
63369917,SBP,115.59,Systolic BP,2012-12,mmHg
2144,HbA1c,4.2,Glycated haemoglobin,2012-10,%
68746376,SBP,144.56,SBP,2012-03,mmHg
1656416,HbA1c,5.69,Hb A1c,2015-03,%
5306969,eGFR,77.83,LOINC: 33914-3,2013-11,mL/min/1.73m2
480269,eGFR,84.84,LOINC: 33914-3,2014-01,mL/min/1.73m2
32295152,SBP,108.23,Systolic blood pressure,2016-05,mmHg
220592,SBP,111.07,SBP,2013-02,mmHg
1512569,SBP,108.02,SBP,2014-03,mmHg
21789344,eGFR,84.15,LOINC: 33914-3,2016-04,mL/min/1.73m2
72118496,SBP,98.47,SBP,2014-09,mmHg
53653592,SBP,139.67,SBP,2013-02,mmHg
60761,eGFR,87.91,LOINC: 33914-3,2015-02,mL/min/1.73m2
12892256,eGFR,78.88,LOINC: 33914-3,2016-06,mL/min/1.73m2
72796697,HbA1c,4.67,HbA1c,2014-04,%
6255677,HbA1c,5.09,HbA1c,2016-01,%
77069,HbA1c,4.7,HbA1c,2016-01,%
7824944,eGFR,91.28,eGFR,2016-02,mL/min/1.73m2
34619096,eGFR,84.68,LOINC: 33914-3,2016-09,mL/min/1.73m2
13066976,eGFR,93.16,eGFR,2015-06,mL/min/1.73m2
19952,SBP,113.49,SBP,2015-11,mmHg
46122992,SBP,110.32,Systolic blood pressure,2013-02,mmHg
15677657,eGFR,86.08,Estimated GFR,2015-04,mL/min/1.73m2
98552,SBP,100.08,Systolic blood pressure,2014-12,mmHg
8098616,HbA1c,4.03,HbA1c,2016-03,%
50110976,eGFR,87.63,LOINC: 33914-3,2015-04,mL/min/1.73m2
36352352,SBP,124.9,Systolic blood pressure,2015-08,mmHg
62477,SBP,138.73,Systolic BP,2013-12,mmHg
8029757,SBP,111.92,Systolic blood pressure,2016-06,mmHg
15884072,SBP,122.32,Systolic BP,2013-01,mmHg
40055417,HbA1c,4.9,HbA1c,2015-12,%
36918461,eGFR,80.23,Estimated GFR,2012-10,mL/min/1.73m2
180344,eGFR,87.39,eGFR,2015-01,mL/min/1.73m2
2905037,eGFR,89.55,eGFR,2016-11,mL/min/1.73m2
5688656,SBP,124.61,Systolic BP,2015-08,mmHg
32393657,SBP,141.16,SBP,2013-03,mmHg
1470269,HbA1c,5.95,Glycated haemoglobin,2015-03,%
58529936,SBP,135.64,Systolic BP,2014-03,mmHg
23976056,eGFR,87.98,LOINC: 33914-3,2012-04,mL/min/1.73m2
7179896,eGFR,81.26,Estimated GFR,2013-01,mL/min/1.73m2
53248376,eGFR,70.9,eGFR,2012-06,mL/min/1.73m2
23570696,SBP,117.41,SBP,2013-01,mmHg
54417512,SBP,119.54,SBP,2014-10,mmHg
10490969,HbA1c,4.21,Hb A1c,2015-05,%
54085817,HbA1c,6.43,Hb A1c,2014-02,%
11140256,SBP,143.01,Systolic BP,2013-10,mmHg
3133721,SBP,109.55,Systolic blood pressure,2012-11,mmHg
40318937,eGFR,81.62,eGFR,2014-07,mL/min/1.73m2
8690681,SBP,100.16,SBP,2015-11,mmHg
4443536,SBP,107.97,Systolic blood pressure,2016-10,mmHg
4009277,eGFR,93.85,LOINC: 33914-3,2012-02,mL/min/1.73m2
4385312,eGFR,80.63,eGFR,2015-02,mL/min/1.73m2
2628557,HbA1c,4.81,Glycated haemoglobin,2016-06,%
3492992,HbA1c,5.28,HbA1c,2013-08,%
23085497,HbA1c,5.65,Hb A1c,2016-11,%
23185469,eGFR,83.9,Estimated GFR,2015-11,mL/min/1.73m2
8427197,SBP,125.99,SBP,2013-05,mmHg
38256392,eGFR,91.95,Estimated GFR,2012-11,mL/min/1.73m2
51270137,HbA1c,4.35,Hb A1c,2016-12,%
59087801,HbA1c,4.61,Glycated haemoglobin,2013-05,%
3803897,eGFR,89.11,eGFR,2016-01,mL/min/1.73m2
19830392,SBP,142.64,Systolic blood pressure,2014-01,mmHg
74940281,eGFR,82.1,LOINC: 33914-3,2012-05,mL/min/1.73m2
25247672,HbA1c,5.0,Glycated haemoglobin,2014-10,%
13598192,eGFR,80.15,eGFR,2016-07,mL/min/1.73m2
371981,eGFR,87.19,eGFR,2012-11,mL/min/1.73m2
9398969,SBP,110.45,SBP,2016-11,mmHg
2193344,HbA1c,4.17,Glycated haemoglobin,2013-06,%
16314941,HbA1c,4.8,Glycated haemoglobin,2015-01,%
60642317,SBP,115.75,Systolic BP,2015-07,mmHg
9388352,eGFR,79.39,LOINC: 33914-3,2015-04,mL/min/1.73m2
56950616,eGFR,86.87,Estimated GFR,2015-12,mL/min/1.73m2
6015437,HbA1c,5.01,Hb A1c,2016-05,%
23352569,eGFR,84.71,eGFR,2014-07,mL/min/1.73m2
2673677,eGFR,91.5,LOINC: 33914-3,2015-12,mL/min/1.73m2
5573576,HbA1c,5.05,Glycated haemoglobin,2013-03,%
25561952,HbA1c,5.26,HbA1c,2012-02,%
2061992,HbA1c,4.48,Hb A1c,2013-05,%
14945741,eGFR,53.7,Estimated GFR,2014-04,mL/min/1.73m2
714701,HbA1c,5.04,Hb A1c,2016-01,%
68344856,eGFR,90.38,eGFR,2012-07,mL/min/1.73m2
15842681,HbA1c,6.38,Glycated haemoglobin,2015-05,%
2424872,HbA1c,6.69,HbA1c,2012-08,%
41336,HbA1c,18.34,Glycated haemoglobin,2015-08,mmol/mol
45888032,eGFR,88.51,Estimated GFR,2014-02,mL/min/1.73m2
61889561,SBP,106.09,SBP,2012-04,mmHg
53602856,eGFR,85.27,LOINC: 33914-3,2015-11,mL/min/1.73m2
32948057,eGFR,94.31,Estimated GFR,2013-07,mL/min/1.73m2
12607769,SBP,138.63,Systolic BP,2015-07,mmHg
3282617,eGFR,82.33,eGFR,2016-01,mL/min/1.73m2
17613056,SBP,122.66,Systolic BP,2012-02,mmHg
49572944,SBP,132.27,SBP,2012-11,mmHg
63756569,HbA1c,7.43,HbA1c,2016-04,%
3467144,SBP,138.79,SBP,2014-03,mmHg
45303257,SBP,118.2,Systolic blood pressure,2012-11,mmHg
220592,eGFR,90.97,Estimated GFR,2016-02,mL/min/1.73m2
34070969,SBP,106.65,SBP,2015-10,mmHg
13854872,eGFR,85.21,Estimated GFR,2015-12,mL/min/1.73m2
6624857,SBP,108.1,Systolic blood pressure,2015-09,mmHg
19066592,eGFR,81.63,LOINC: 33914-3,2014-11,mL/min/1.73m2
52643432,eGFR,91.47,eGFR,2012-02,mL/min/1.73m2
1783592,SBP,115.71,SBP,2015-06,mmHg
60669296,HbA1c,7.22,Hb A1c,2016-05,%
1221401,eGFR,65.17,Estimated GFR,2015-08,mL/min/1.73m2
42165272,SBP,146.77,SBP,2014-05,mmHg
21547469,SBP,147.53,SBP,2012-03,mmHg
25456976,SBP,130.54,Systolic BP,2016-11,mmHg
8336936,HbA1c,4.56,Glycated haemoglobin,2014-10,%
30547712,SBP,108.95,SBP,2016-10,mmHg
2022392,eGFR,87.55,eGFR,2015-11,mL/min/1.73m2
26216,SBP,136.73,SBP,2014-02,mmHg
12546344,eGFR,88.59,LOINC: 33914-3,2016-01,mL/min/1.73m2
28793081,eGFR,88.77,LOINC: 33914-3,2015-01,mL/min/1.73m2
19469,eGFR,91.33,Estimated GFR,2012-05,mL/min/1.73m2
17890361,SBP,131.63,SBP,2016-01,mmHg
37319456,SBP,117.07,Systolic BP,2013-10,mmHg
1542536,SBP,124.82,SBP,2012-10,mmHg
447257,eGFR,82.88,Estimated GFR,2015-01,mL/min/1.73m2
17861069,eGFR,75.21,eGFR,2015-02,mL/min/1.73m2
30797117,SBP,125.82,SBP,2015-10,mmHg
66872,eGFR,80.15,eGFR,2012-12,mL/min/1.73m2
1760537,SBP,123.54,SBP,2014-01,mmHg
63094457,HbA1c,5.9,Hb A1c,2015-07,%
214136,SBP,156.69,Systolic blood pressure,2012-02,mmHg
6885944,eGFR,74.58,eGFR,2016-06,mL/min/1.73m2
26090072,HbA1c,5.0,HbA1c,2012-10,%
16497344,eGFR,83.34,Estimated GFR,2014-11,mL/min/1.73m2
62490557,SBP,110.43,Systolic blood pressure,2014-10,mmHg
544697,HbA1c,3.73,HbA1c,2013-06,%
52693712,eGFR,81.93,Estimated GFR,2016-04,mL/min/1.73m2
2893241,SBP,139.87,Systolic blood pressure,2012-11,mmHg
74013536,eGFR,82.18,eGFR,2016-09,mL/min/1.73m2
67204136,HbA1c,5.46,HbA1c,2015-10,%
44075936,eGFR,85.67,eGFR,2015-01,mL/min/1.73m2
8267069,SBP,134.39,SBP,2013-07,mmHg
23925197,SBP,137.22,SBP,2013-02,mmHg
23135456,SBP,121.14,Systolic BP,2015-08,mmHg
19370312,SBP,137.35,Systolic BP,2013-07,mmHg
8680472,eGFR,75.05,eGFR,2016-11,mL/min/1.73m2
25178096,eGFR,79.98,Estimated GFR,2014-06,mL/min/1.73m2
32967944,eGFR,87.37,Estimated GFR,2012-08,mL/min/1.73m2
6333896,HbA1c,4.53,Hb A1c,2015-09,%
1322957,SBP,116.27,SBP,2016-12,mmHg
836621,SBP,127.85,Systolic BP,2016-08,mmHg
382616,SBP,143.98,Systolic BP,2016-09,mmHg
36206297,SBP,138.22,Systolic blood pressure,2012-04,mmHg
90056,HbA1c,6.09,Hb A1c,2016-01,%
6741272,SBP,147.04,SBP,2015-08,mmHg
19400816,eGFR,85.92,LOINC: 33914-3,2013-08,mL/min/1.73m2
6316472,SBP,142.71,Systolic BP,2014-10,mmHg
25661,eGFR,80.61,LOINC: 33914-3,2013-06,mL/min/1.73m2
14336057,SBP,102.99,Systolic blood pressure,2013-08,mmHg
14074937,HbA1c,5.53,Hb A1c,2015-11,%
13079501,HbA1c,7.81,HbA1c,2015-10,%
2152496,eGFR,77.55,eGFR,2015-04,mL/min/1.73m2
95321,SBP,139.27,Systolic BP,2016-04,mmHg
3743336,HbA1c,5.43,Glycated haemoglobin,2012-01,%
19461896,SBP,126.19,Systolic BP,2014-10,mmHg
30566861,HbA1c,5.81,Glycated haemoglobin,2015-02,%
59354381,eGFR,80.62,LOINC: 33914-3,2014-01,mL/min/1.73m2
2198477,SBP,113.63,SBP,2014-09,mmHg
3610496,SBP,131.9,Systolic blood pressure,2015-04,mmHg
21854072,eGFR,75.86,Estimated GFR,2012-08,mL/min/1.73m2
16413032,eGFR,92.89,Estimated GFR,2015-09,mL/min/1.73m2
62435801,HbA1c,3.52,Glycated haemoglobin,2015-07,%
3078776,eGFR,79.61,eGFR,2015-04,mL/min/1.73m2
11314361,SBP,131.27,SBP,2016-11,mmHg
19861256,eGFR,99.08,LOINC: 33914-3,2016-09,mL/min/1.73m2
33207056,HbA1c,5.03,HbA1c,2015-04,%
36331469,HbA1c,4.64,Glycated haemoglobin,2015-06,%
27615737,HbA1c,5.48,Glycated haemoglobin,2013-04,%
2776601,HbA1c,5.11,HbA1c,2015-06,%
24248216,eGFR,76.37,eGFR,2012-03,mL/min/1.73m2
7105832,SBP,110.19,Systolic BP,2016-05,mmHg
12521816,SBP,117.05,Systolic BP,2016-03,mmHg
11396072,HbA1c,5.34,Hb A1c,2015-04,%
24848921,eGFR,83.09,LOINC: 33914-3,2013-03,mL/min/1.73m2
64199897,SBP,111.08,Systolic BP,2014-11,mmHg
49719392,eGFR,95.16,LOINC: 33914-3,2016-06,mL/min/1.73m2
552392,eGFR,85.91,LOINC: 33914-3,2013-04,mL/min/1.73m2
18780281,eGFR,92.3,LOINC: 33914-3,2014-10,mL/min/1.73m2
4327472,SBP,144.94,Systolic BP,2013-09,mmHg
6273017,eGFR,90.71,LOINC: 33914-3,2013-12,mL/min/1.73m2
51767417,eGFR,95.78,LOINC: 33914-3,2015-07,mL/min/1.73m2
1359056,eGFR,69.59,LOINC: 33914-3,2013-03,mL/min/1.73m2
4561136,HbA1c,4.32,Glycated haemoglobin,2012-12,%
35687072,eGFR,93.31,eGFR,2014-03,mL/min/1.73m2
33869069,eGFR,89.52,LOINC: 33914-3,2015-10,mL/min/1.73m2
29522576,HbA1c,4.68,HbA1c,2016-06,%
11690297,SBP,124.03,SBP,2012-05,mmHg
56195021,HbA1c,3.22,Glycated haemoglobin,2013-11,%
29692217,HbA1c,6.46,HbA1c,2013-12,%
56533112,SBP,116.64,Systolic blood pressure,2012-06,mmHg
2328752,SBP,132.19,SBP,2013-03,mmHg
28607501,HbA1c,3.91,Hb A1c,2016-09,%
48096317,SBP,112.87,SBP,2015-11,mmHg
41649497,HbA1c,4.01,Glycated haemoglobin,2013-05,%
64394336,HbA1c,5.5,Glycated haemoglobin,2014-12,%
71765912,eGFR,98.54,LOINC: 33914-3,2016-03,mL/min/1.73m2
7815257,SBP,119.93,Systolic blood pressure,2014-06,mmHg
6822461,eGFR,77.96,LOINC: 33914-3,2012-02,mL/min/1.73m2
101837,eGFR,89.85,Estimated GFR,2014-02,mL/min/1.73m2
45419912,eGFR,85.07,eGFR,2016-08,mL/min/1.73m2
5140712,eGFR,85.48,LOINC: 33914-3,2015-11,mL/min/1.73m2
71004944,eGFR,89.81,eGFR,2014-05,mL/min/1.73m2
9229817,eGFR,91.64,LOINC: 33914-3,2013-01,mL/min/1.73m2
66326681,SBP,132.54,Systolic blood pressure,2015-03,mmHg
63314777,SBP,124.67,SBP,2016-02,mmHg
4502144,SBP,135.96,Systolic BP,2013-05,mmHg
52744016,eGFR,85.16,LOINC: 33914-3,2015-07,mL/min/1.73m2
35873561,SBP,112.5,Systolic blood pressure,2016-12,mmHg
27524792,HbA1c,3.35,HbA1c,2016-08,%
45326576,SBP,107.78,Systolic BP,2012-06,mmHg
32690072,SBP,128.96,Systolic blood pressure,2015-09,mmHg
51245336,eGFR,77.04,eGFR,2014-09,mL/min/1.73m2
3790397,HbA1c,4.17,HbA1c,2014-07,%
18885512,SBP,127.03,Systolic BP,2014-04,mmHg
14139992,HbA1c,4.44,HbA1c,2012-12,%
22952537,eGFR,91.14,LOINC: 33914-3,2013-07,mL/min/1.73m2
6273017,SBP,127.66,SBP,2015-03,mmHg
41426237,eGFR,78.86,Estimated GFR,2014-11,mL/min/1.73m2
40737944,SBP,97.97,SBP,2016-05,mmHg
4227176,eGFR,90.03,Estimated GFR,2016-10,mL/min/1.73m2
28533437,eGFR,81.68,Estimated GFR,2016-05,mL/min/1.73m2
62053181,SBP,123.63,SBP,2013-01,mmHg
6660569,SBP,103.75,SBP,2012-05,mmHg
6447737,eGFR,90.99,Estimated GFR,2016-01,mL/min/1.73m2
3152144,eGFR,87.65,eGFR,2014-09,mL/min/1.73m2
5905496,HbA1c,4.12,HbA1c,2013-09,%
22424537,HbA1c,4.8,Hb A1c,2014-04,%
16737401,HbA1c,4.09,Glycated haemoglobin,2014-01,%
4472792,HbA1c,4.19,Hb A1c,2013-08,%
70713344,eGFR,79.86,eGFR,2013-04,mL/min/1.73m2
20217917,HbA1c,4.69,Glycated haemoglobin,2015-12,%
11678456,SBP,145.88,SBP,2013-10,mmHg
10157069,eGFR,98.79,Estimated GFR,2016-12,mL/min/1.73m2
47497592,HbA1c,6.21,HbA1c,2013-05,%
62847056,eGFR,73.86,LOINC: 33914-3,2014-12,mL/min/1.73m2
22753817,SBP,119.17,SBP,2016-05,mmHg
74970272,eGFR,87.06,eGFR,2014-05,mL/min/1.73m2
167357,SBP,132.42,SBP,2014-09,mmHg
18750269,eGFR,93.09,eGFR,2015-06,mL/min/1.73m2
27252857,eGFR,91.45,eGFR,2013-10,mL/min/1.73m2
3170621,SBP,140.77,Systolic BP,2016-11,mmHg
46523801,HbA1c,4.87,HbA1c,2016-11,%
15967016,HbA1c,5.02,Glycated haemoglobin,2015-08,%
6940592,eGFR,88.45,Estimated GFR,2013-06,mL/min/1.73m2
38320697,eGFR,85.11,eGFR,2015-04,mL/min/1.73m2
70451417,SBP,133.48,Systolic BP,2016-09,mmHg
83936,eGFR,94.89,Estimated GFR,2015-05,mL/min/1.73m2
63039437,eGFR,82.25,eGFR,2013-08,mL/min/1.73m2
62435801,SBP,140.2,Systolic BP,2015-09,mmHg
57159944,HbA1c,3.99,Hb A1c,2012-07,%
6913241,SBP,136.61,Systolic BP,2014-09,mmHg
2265752,HbA1c,4.44,Glycated haemoglobin,2015-01,%
5981501,HbA1c,5.08,Glycated haemoglobin,2016-10,%
126344,eGFR,89.24,Estimated GFR,2013-04,mL/min/1.73m2
68316221,eGFR,87.64,Estimated GFR,2012-04,mL/min/1.73m2
11572157,HbA1c,4.26,Glycated haemoglobin,2015-06,%
7152077,eGFR,82.36,eGFR,2016-12,mL/min/1.73m2
52417469,HbA1c,5.41,Glycated haemoglobin,2016-01,%
54136781,SBP,131.78,SBP,2016-09,mmHg
29259656,HbA1c,4.76,HbA1c,2016-12,%
2323469,eGFR,88.44,eGFR,2014-03,mL/min/1.73m2
11797136,eGFR,91.61,LOINC: 33914-3,2012-10,mL/min/1.73m2
22440944,SBP,137.45,Systolic BP,2014-09,mmHg
539597,eGFR,88.43,eGFR,2013-03,mL/min/1.73m2
31629296,SBP,87.01,SBP,2012-01,mmHg
20311481,eGFR,89.14,eGFR,2013-07,mL/min/1.73m2
417656,SBP,139.79,Systolic BP,2016-06,mmHg
69813197,SBP,136.02,Systolic blood pressure,2012-03,mmHg
31434776,HbA1c,23.23,Hb A1c,2012-01,mmol/mol
18347456,HbA1c,4.58,HbA1c,2013-07,%
43115312,SBP,137.72,Systolic BP,2015-12,mmHg
67374632,SBP,148.8,SBP,2012-01,mmHg
58768697,SBP,108.86,SBP,2013-10,mmHg
10223417,HbA1c,4.29,Glycated haemoglobin,2012-05,%
9271961,SBP,113.29,Systolic blood pressure,2012-05,mmHg
65314937,HbA1c,29.51,Hb A1c,2013-07,mmol/mol
15718832,SBP,116.73,Systolic blood pressure,2014-06,mmHg
23469896,eGFR,82.82,eGFR,2013-09,mL/min/1.73m2
63094457,eGFR,88.48,LOINC: 33914-3,2016-01,mL/min/1.73m2
40428992,SBP,135.22,SBP,2012-10,mmHg
35089469,HbA1c,3.38,Hb A1c,2016-02,%
29672,eGFR,93.29,LOINC: 33914-3,2013-01,mL/min/1.73m2
42593741,eGFR,92.48,Estimated GFR,2015-03,mL/min/1.73m2
25265081,HbA1c,4.03,HbA1c,2016-07,%
1109261,eGFR,83.46,LOINC: 33914-3,2012-11,mL/min/1.73m2
39945872,HbA1c,4.83,HbA1c,2013-06,%
1436861,eGFR,82.17,eGFR,2014-01,mL/min/1.73m2
72030269,HbA1c,3.89,Hb A1c,2012-06,%
3263816,eGFR,80.72,eGFR,2016-07,mL/min/1.73m2
753272,eGFR,85.62,Estimated GFR,2012-05,mL/min/1.73m2
677144,eGFR,83.26,LOINC: 33914-3,2014-03,mL/min/1.73m2
47832416,eGFR,83.44,eGFR,2012-12,mL/min/1.73m2
22457357,HbA1c,4.12,Glycated haemoglobin,2013-11,%
28755917,HbA1c,5.63,Glycated haemoglobin,2015-07,%
729416,HbA1c,45.1,Glycated haemoglobin,2012-09,mmol/mol
1416176,SBP,125.71,Systolic BP,2016-03,mmHg
52995896,HbA1c,6.56,Glycated haemoglobin,2014-12,%
3182969,SBP,150.28,Systolic BP,2013-06,mmHg
833456,HbA1c,5.16,Glycated haemoglobin,2014-05,%
65096,HbA1c,4.21,Glycated haemoglobin,2015-03,%
71034137,eGFR,94.1,Estimated GFR,2015-01,mL/min/1.73m2
55754432,HbA1c,5.76,Glycated haemoglobin,2012-02,%
14758841,HbA1c,19.87,Hb A1c,2012-03,mmol/mol
53628221,SBP,119.28,SBP,2014-12,mmHg
70131944,HbA1c,4.25,Glycated haemoglobin,2016-09,%
43343072,HbA1c,5.81,HbA1c,2012-08,%
61753376,HbA1c,4.49,HbA1c,2012-10,%
9177272,eGFR,90.39,Estimated GFR,2014-07,mL/min/1.73m2
24883469,HbA1c,4.7,Glycated haemoglobin,2014-04,%
26695136,eGFR,92.74,LOINC: 33914-3,2016-02,mL/min/1.73m2
14665832,eGFR,84.51,LOINC: 33914-3,2015-02,mL/min/1.73m2
43480016,HbA1c,3.96,Glycated haemoglobin,2013-10,%
54289817,HbA1c,30.22,Glycated haemoglobin,2016-02,mmol/mol
79001,eGFR,85.18,Estimated GFR,2016-06,mL/min/1.73m2
71417,SBP,128.43,SBP,2016-07,mmHg
19553696,HbA1c,4.97,HbA1c,2012-07,%
16610096,HbA1c,56.36,HbA1c,2014-07,mmol/mol
3396557,HbA1c,4.08,HbA1c,2012-03,%
2334041,HbA1c,5.03,Hb A1c,2015-06,%
67944512,SBP,117.58,Systolic BP,2016-10,mmHg
519437,HbA1c,4.44,HbA1c,2015-10,%
1848944,eGFR,87.79,Estimated GFR,2015-07,mL/min/1.73m2
2759312,SBP,136.97,SBP,2013-10,mmHg
51146192,HbA1c,5.9,Hb A1c,2013-05,%
12193037,SBP,103.84,SBP,2014-03,mmHg
39053261,SBP,132.06,Systolic blood pressure,2014-10,mmHg
14375432,HbA1c,17.76,HbA1c,2015-12,mmol/mol
48795536,eGFR,78.67,eGFR,2012-04,mL/min/1.73m2
25073912,HbA1c,4.32,Glycated haemoglobin,2016-01,%
16822541,SBP,132.21,SBP,2014-10,mmHg
6368816,SBP,142.5,SBP,2013-01,mmHg
2928701,eGFR,87.49,LOINC: 33914-3,2012-06,mL/min/1.73m2
9623312,SBP,101.57,Systolic BP,2016-04,mmHg
68516792,eGFR,96.38,eGFR,2014-01,mL/min/1.73m2
38750777,eGFR,88.7,LOINC: 33914-3,2014-11,mL/min/1.73m2
8538176,eGFR,90.39,Estimated GFR,2012-04,mL/min/1.73m2
67769,SBP,99.39,Systolic blood pressure,2016-04,mmHg
16694912,SBP,128.23,Systolic BP,2016-10,mmHg
762317,HbA1c,4.52,Glycated haemoglobin,2013-03,%
12497312,HbA1c,5.25,HbA1c,2014-12,%
17496944,eGFR,77.18,Estimated GFR,2016-08,mL/min/1.73m2
4248569,eGFR,77.09,LOINC: 33914-3,2015-06,mL/min/1.73m2
43047101,HbA1c,4.8,Glycated haemoglobin,2014-02,%
73211069,HbA1c,5.75,HbA1c,2015-02,%
30127952,HbA1c,4.64,Hb A1c,2015-10,%
48722969,SBP,130.62,Systolic blood pressure,2016-04,mmHg
66044861,eGFR,68.31,LOINC: 33914-3,2016-06,mL/min/1.73m2
27216701,eGFR,78.97,Estimated GFR,2012-12,mL/min/1.73m2
69235517,HbA1c,27.57,HbA1c,2015-02,mmol/mol
15147296,eGFR,81.87,Estimated GFR,2013-12,mL/min/1.73m2
9420221,eGFR,85.04,eGFR,2012-11,mL/min/1.73m2
30739472,HbA1c,5.8,Hb A1c,2015-10,%
2152496,HbA1c,5.3,HbA1c,2012-08,%
18765272,eGFR,81.02,Estimated GFR,2012-10,mL/min/1.73m2
37213721,SBP,105.07,Systolic BP,2014-04,mmHg
4590776,HbA1c,5.16,HbA1c,2016-11,%
42910841,eGFR,78.83,LOINC: 33914-3,2013-04,mL/min/1.73m2
25039232,SBP,128.04,Systolic BP,2014-12,mmHg
17265872,eGFR,86.95,eGFR,2012-01,mL/min/1.73m2
20405261,SBP,127.41,Systolic blood pressure,2013-10,mmHg
71417,eGFR,83.26,eGFR,2016-08,mL/min/1.73m2
15595469,SBP,131.17,SBP,2016-06,mmHg
16217144,eGFR,90.09,Estimated GFR,2013-02,mL/min/1.73m2
37935677,eGFR,81.66,LOINC: 33914-3,2015-06,mL/min/1.73m2
44861336,SBP,117.75,Systolic blood pressure,2014-06,mmHg
48577997,SBP,148.92,Systolic BP,2016-12,mmHg
51667769,SBP,119.01,SBP,2014-07,mmHg
7873469,eGFR,81.19,eGFR,2013-08,mL/min/1.73m2
40649552,SBP,133.65,Systolic BP,2015-08,mmHg
10245581,HbA1c,5.42,Glycated haemoglobin,2013-02,%
38149337,SBP,132.61,Systolic BP,2014-11,mmHg
44098937,eGFR,87.03,LOINC: 33914-3,2015-08,mL/min/1.73m2
52267097,HbA1c,5.66,Glycated haemoglobin,2015-07,%
69149072,HbA1c,5.85,HbA1c,2014-12,%
605072,SBP,139.68,Systolic BP,2013-09,mmHg
7198472,HbA1c,6.56,Hb A1c,2012-04,%
35377337,eGFR,86.71,Estimated GFR,2015-08,mL/min/1.73m2
58556441,HbA1c,4.16,HbA1c,2014-02,%
2600552,SBP,125.4,Systolic blood pressure,2012-05,mmHg
36918461,SBP,149.7,Systolic BP,2014-11,mmHg
62271677,SBP,123.45,Systolic BP,2016-02,mmHg
5235392,HbA1c,5.13,HbA1c,2014-08,%
59514617,eGFR,79.47,eGFR,2013-02,mL/min/1.73m2
64811981,SBP,145.57,SBP,2013-10,mmHg
40782176,HbA1c,4.51,HbA1c,2012-02,%
12595472,eGFR,58.2,LOINC: 33914-3,2015-02,mL/min/1.73m2
55573517,SBP,102.58,Systolic blood pressure,2016-09,mmHg
22720781,HbA1c,5.96,Hb A1c,2016-05,%
50307344,eGFR,89.15,eGFR,2013-01,mL/min/1.73m2
9010136,SBP,131.19,Systolic blood pressure,2016-06,mmHg
756281,eGFR,78.49,eGFR,2012-02,mL/min/1.73m2
40981517,eGFR,86.63,LOINC: 33914-3,2013-02,mL/min/1.73m2
9452144,SBP,106.96,Systolic blood pressure,2015-07,mmHg
11892512,HbA1c,4.71,HbA1c,2015-07,%
32216456,HbA1c,4.92,HbA1c,2015-01,%
27162512,HbA1c,32.0,HbA1c,2014-10,mmol/mol
4793357,HbA1c,5.02,Hb A1c,2015-02,%
55547696,HbA1c,4.77,Hb A1c,2015-08,%
5730041,SBP,134.41,Systolic blood pressure,2016-07,mmHg
10379069,eGFR,76.19,eGFR,2012-05,mL/min/1.73m2
8741816,eGFR,83.71,eGFR,2012-04,mL/min/1.73m2
534521,eGFR,78.34,LOINC: 33914-3,2014-05,mL/min/1.73m2
54315344,eGFR,87.08,Estimated GFR,2013-03,mL/min/1.73m2
7078157,eGFR,88.08,Estimated GFR,2012-10,mL/min/1.73m2
5312,HbA1c,4.61,HbA1c,2015-01,%
4923152,SBP,148.73,SBP,2012-09,mmHg
39618137,SBP,136.41,Systolic blood pressure,2012-07,mmHg
34945976,HbA1c,4.96,HbA1c,2014-04,%
108569,SBP,150.04,Systolic blood pressure,2015-12,mmHg
63149501,eGFR,88.4,Estimated GFR,2012-12,mL/min/1.73m2
4672781,SBP,134.63,SBP,2016-08,mmHg
29616761,SBP,126.95,SBP,2013-04,mmHg
61590152,eGFR,78.56,eGFR,2016-08,mL/min/1.73m2
10603469,HbA1c,4.99,Glycated haemoglobin,2012-12,%
34823216,HbA1c,4.45,Glycated haemoglobin,2012-09,%
46618361,SBP,119.21,Systolic BP,2013-09,mmHg
14074937,SBP,122.47,Systolic blood pressure,2016-04,mmHg
5508344,SBP,86.72,SBP,2013-04,mmHg
1643069,HbA1c,4.62,Hb A1c,2015-08,%
18155069,eGFR,90.2,LOINC: 33914-3,2012-03,mL/min/1.73m2
64366541,HbA1c,6.15,Hb A1c,2014-05,%
71384921,eGFR,80.06,Estimated GFR,2013-10,mL/min/1.73m2
107432,SBP,97.76,Systolic BP,2013-04,mmHg
999056,eGFR,70.88,eGFR,2015-08,mL/min/1.73m2
14520269,HbA1c,5.36,HbA1c,2013-02,%
26964281,HbA1c,4.39,HbA1c,2014-08,%
2556056,SBP,127.45,Systolic BP,2016-09,mmHg
2318192,HbA1c,4.37,Hb A1c,2015-11,%
12780557,eGFR,86.24,LOINC: 33914-3,2012-01,mL/min/1.73m2
6895037,HbA1c,4.11,HbA1c,2014-02,%
1403837,eGFR,90.57,Estimated GFR,2015-05,mL/min/1.73m2
2392616,SBP,131.51,SBP,2015-12,mmHg
37893017,eGFR,92.99,eGFR,2012-10,mL/min/1.73m2
4320269,eGFR,91.66,LOINC: 33914-3,2012-03,mL/min/1.73m2
10146032,SBP,110.82,Systolic BP,2015-01,mmHg
10637336,eGFR,86.98,Estimated GFR,2012-05,mL/min/1.73m2
72678521,SBP,111.69,SBP,2013-12,mmHg
49792697,HbA1c,5.05,Glycated haemoglobin,2014-11,%
25265081,SBP,127.38,Systolic blood pressure,2012-09,mmHg
3145997,HbA1c,5.35,Hb A1c,2012-08,%
21004217,SBP,123.62,SBP,2016-09,mmHg
28164557,HbA1c,5.51,Glycated haemoglobin,2012-10,%
60480569,eGFR,90.49,LOINC: 33914-3,2012-07,mL/min/1.73m2
9135344,HbA1c,2.75,Glycated haemoglobin,2012-06,%
37510157,eGFR,89.61,Estimated GFR,2013-06,mL/min/1.73m2
9981197,SBP,120.57,Systolic BP,2013-06,mmHg
48216512,SBP,103.77,Systolic BP,2012-02,mmHg
26160896,SBP,159.99,SBP,2013-09,mmHg
38923481,HbA1c,5.08,Glycated haemoglobin,2014-04,%
41114681,SBP,137.34,SBP,2015-09,mmHg
1175897,eGFR,78.95,eGFR,2012-10,mL/min/1.73m2
54827144,HbA1c,8.09,Glycated haemoglobin,2016-02,%
6705344,HbA1c,4.91,Glycated haemoglobin,2015-06,%
42956237,SBP,128.65,Systolic blood pressure,2012-04,mmHg
26320601,HbA1c,4.79,HbA1c,2013-04,%
28367144,SBP,137.97,Systolic BP,2015-08,mmHg
19707176,HbA1c,3.82,Glycated haemoglobin,2012-06,%
11761469,SBP,131.65,SBP,2014-07,mmHg
323021,eGFR,75.45,LOINC: 33914-3,2013-11,mL/min/1.73m2
52744016,HbA1c,6.9,Glycated haemoglobin,2015-10,%
18051896,eGFR,78.52,eGFR,2016-09,mL/min/1.73m2
10705232,SBP,113.28,Systolic BP,2016-07,mmHg
69322016,HbA1c,6.94,Hb A1c,2014-06,%
7970969,HbA1c,4.41,Glycated haemoglobin,2015-06,%
13129661,HbA1c,26.47,Hb A1c,2013-10,mmol/mol
15994712,eGFR,85.95,LOINC: 33914-3,2012-07,mL/min/1.73m2
5816,SBP,116.35,Systolic blood pressure,2014-05,mmHg
27926072,HbA1c,23.24,Glycated haemoglobin,2012-11,mmol/mol
266681,HbA1c,3.79,Hb A1c,2015-08,%
4854221,HbA1c,32.13,Hb A1c,2012-12,mmol/mol
11128697,eGFR,78.88,LOINC: 33914-3,2014-08,mL/min/1.73m2
2376569,eGFR,77.91,Estimated GFR,2016-04,mL/min/1.73m2
14375432,SBP,121.74,Systolic BP,2015-06,mmHg
68001632,HbA1c,5.74,Hb A1c,2015-11,%
7990541,HbA1c,5.34,Hb A1c,2012-08,%
64199897,eGFR,89.65,Estimated GFR,2015-08,mL/min/1.73m2
1101977,SBP,85.04,SBP,2016-03,mmHg
35233256,eGFR,85.77,Estimated GFR,2015-09,mL/min/1.73m2
13343912,SBP,112.13,Systolic blood pressure,2013-10,mmHg
62381069,HbA1c,5.14,HbA1c,2013-06,%
7508441,SBP,132.06,SBP,2016-06,mmHg
539597,SBP,122.59,Systolic blood pressure,2015-06,mmHg
3251312,eGFR,85.71,eGFR,2016-05,mL/min/1.73m2
30051944,SBP,130.12,Systolic BP,2012-05,mmHg
73983737,HbA1c,43.49,Hb A1c,2015-12,mmol/mol
1098344,eGFR,90.3,LOINC: 33914-3,2012-02,mL/min/1.73m2
228797,SBP,113.09,Systolic blood pressure,2016-01,mmHg
10112957,HbA1c,5.77,Hb A1c,2013-11,%
61427144,SBP,130.99,SBP,2013-10,mmHg
911072,HbA1c,6.59,Glycated haemoglobin,2016-09,%
399944,eGFR,91.78,Estimated GFR,2014-05,mL/min/1.73m2
4205837,eGFR,93.84,LOINC: 33914-3,2016-04,mL/min/1.73m2
4334681,HbA1c,4.94,Hb A1c,2013-06,%
41963069,eGFR,83.25,Estimated GFR,2015-10,mL/min/1.73m2
5187944,HbA1c,4.5,Glycated haemoglobin,2012-08,%
11607536,SBP,124.48,Systolic BP,2015-07,mmHg
3885401,eGFR,94.97,LOINC: 33914-3,2016-04,mL/min/1.73m2
18007769,HbA1c,4.86,Hb A1c,2015-10,%
4378061,SBP,130.54,Systolic blood pressure,2013-07,mmHg
22985741,eGFR,88.39,LOINC: 33914-3,2012-10,mL/min/1.73m2
3858137,eGFR,83.65,Estimated GFR,2013-03,mL/min/1.73m2
48868157,eGFR,92.41,Estimated GFR,2012-03,mL/min/1.73m2
46334969,eGFR,86.11,Estimated GFR,2013-12,mL/min/1.73m2
52492736,eGFR,85.53,eGFR,2016-07,mL/min/1.73m2
901181,SBP,115.74,Systolic BP,2016-10,mmHg
49743821,eGFR,94.65,LOINC: 33914-3,2016-07,mL/min/1.73m2
17251481,SBP,120.97,Systolic BP,2013-02,mmHg
1012952,HbA1c,5.7,HbA1c,2014-08,%
35418557,HbA1c,4.49,HbA1c,2012-06,%
22260797,HbA1c,6.37,Hb A1c,2015-11,%
16217144,SBP,116.01,SBP,2015-01,mmHg
37807769,HbA1c,4.13,Hb A1c,2013-12,%
26659352,eGFR,90.89,Estimated GFR,2016-09,mL/min/1.73m2
69495176,SBP,115.8,Systolic blood pressure,2016-06,mmHg
4248569,SBP,146.69,Systolic BP,2014-01,mmHg
7834637,SBP,127.69,Systolic blood pressure,2012-05,mmHg
2096957,SBP,120.62,Systolic blood pressure,2014-05,mmHg
6203801,eGFR,90.18,eGFR,2013-12,mL/min/1.73m2
25334777,HbA1c,5.99,Hb A1c,2015-07,%
6203801,SBP,129.91,SBP,2015-10,mmHg
12991952,SBP,110.46,Systolic BP,2014-05,mmHg
6849632,SBP,126.28,SBP,2013-01,mmHg
22211792,HbA1c,5.18,Glycated haemoglobin,2012-11,%
60211469,eGFR,82.32,LOINC: 33914-3,2015-08,mL/min/1.73m2
22523069,SBP,123.28,SBP,2015-10,mmHg
16907897,HbA1c,4.1,Hb A1c,2016-07,%
20656397,eGFR,89.49,Estimated GFR,2014-03,mL/min/1.73m2
55315577,SBP,137.72,Systolic blood pressure,2015-04,mmHg
48819737,eGFR,89.73,Estimated GFR,2016-12,mL/min/1.73m2
73924157,HbA1c,4.64,Hb A1c,2014-06,%
23035592,SBP,121.84,Systolic BP,2015-06,mmHg
4930841,HbA1c,4.89,HbA1c,2016-05,%
10739261,HbA1c,4.47,HbA1c,2015-01,%
15486221,eGFR,82.83,LOINC: 33914-3,2012-02,mL/min/1.73m2
32610896,HbA1c,4.91,Hb A1c,2014-06,%
25112,SBP,143.49,Systolic blood pressure,2014-07,mmHg
3127592,SBP,116.48,SBP,2012-09,mmHg
25422032,HbA1c,6.64,Hb A1c,2012-09,%
36039737,SBP,130.84,Systolic BP,2013-01,mmHg
15994712,SBP,140.51,SBP,2013-12,mmHg
56428976,SBP,98.21,SBP,2013-02,mmHg
4984832,eGFR,79.2,Estimated GFR,2014-01,mL/min/1.73m2
20077976,HbA1c,4.91,Glycated haemoglobin,2016-03,%
67374632,HbA1c,4.55,Hb A1c,2015-11,%
7376141,HbA1c,4.53,Hb A1c,2012-10,%
2490032,eGFR,86.14,eGFR,2012-09,mL/min/1.73m2
10434944,eGFR,82.01,eGFR,2013-06,mL/min/1.73m2
20155661,HbA1c,5.23,Hb A1c,2014-08,%
73834832,HbA1c,4.22,Glycated haemoglobin,2013-07,%
9293069,HbA1c,4.9,Glycated haemoglobin,2014-05,%
67944512,HbA1c,5.32,HbA1c,2015-09,%
4605632,SBP,133.84,Systolic BP,2016-08,mmHg
26534297,SBP,111.04,Systolic blood pressure,2016-06,mmHg
19127144,SBP,126.79,Systolic blood pressure,2016-11,mmHg
34966457,eGFR,90.02,LOINC: 33914-3,2016-04,mL/min/1.73m2
25387112,eGFR,84.51,Estimated GFR,2016-12,mL/min/1.73m2
7912397,HbA1c,4.32,HbA1c,2012-07,%
13230269,SBP,149.7,Systolic BP,2016-10,mmHg
2132216,SBP,87.38,Systolic blood pressure,2012-06,mmHg
29334656,eGFR,85.67,LOINC: 33914-3,2014-06,mL/min/1.73m2
11117144,HbA1c,6.12,Hb A1c,2012-04,%
45934976,HbA1c,4.81,Hb A1c,2014-06,%
4665296,eGFR,87.73,LOINC: 33914-3,2012-05,mL/min/1.73m2
21708569,eGFR,72.63,LOINC: 33914-3,2016-07,mL/min/1.73m2
21935117,HbA1c,5.4,Glycated haemoglobin,2015-05,%
38815496,eGFR,89.53,LOINC: 33914-3,2016-05,mL/min/1.73m2
303641,eGFR,77.74,eGFR,2016-03,mL/min/1.73m2
1891577,SBP,134.86,Systolic BP,2015-04,mmHg
28811672,eGFR,98.87,Estimated GFR,2013-06,mL/min/1.73m2
74850344,HbA1c,4.7,HbA1c,2014-08,%
18288152,eGFR,90.03,Estimated GFR,2014-04,mL/min/1.73m2
7041341,SBP,118.53,Systolic blood pressure,2016-11,mmHg
12570896,SBP,112.15,Systolic blood pressure,2013-09,mmHg
58662521,SBP,135.62,Systolic BP,2012-05,mmHg
31843961,eGFR,86.14,LOINC: 33914-3,2015-07,mL/min/1.73m2
46902617,eGFR,89.09,eGFR,2016-10,mL/min/1.73m2
11431181,SBP,128.17,SBP,2015-03,mmHg
13142216,eGFR,93.65,Estimated GFR,2016-10,mL/min/1.73m2
705944,HbA1c,4.42,Hb A1c,2012-01,%
40804301,HbA1c,4.36,Hb A1c,2013-06,%
13687757,SBP,133.39,Systolic blood pressure,2012-07,mmHg
2142344,SBP,124.44,Systolic blood pressure,2013-05,mmHg
12979469,HbA1c,6.62,Hb A1c,2014-07,%
4241432,eGFR,93.21,Estimated GFR,2014-06,mL/min/1.73m2
34578344,eGFR,93.47,eGFR,2016-07,mL/min/1.73m2
38363597,eGFR,83.22,Estimated GFR,2014-04,mL/min/1.73m2
16133552,SBP,139.37,SBP,2015-11,mmHg
48000269,SBP,149.15,Systolic blood pressure,2012-05,mmHg
2928701,HbA1c,5.54,HbA1c,2014-06,%
11466344,eGFR,85.83,eGFR,2013-07,mL/min/1.73m2
6714317,SBP,99.99,Systolic blood pressure,2012-05,mmHg
32987837,SBP,124.25,Systolic blood pressure,2016-01,mmHg
13736,SBP,110.2,SBP,2013-07,mmHg
99641,eGFR,83.7,Estimated GFR,2013-10,mL/min/1.73m2
3109241,eGFR,80.41,Estimated GFR,2014-02,mL/min/1.73m2
45747344,SBP,131.98,SBP,2014-09,mmHg
855737,SBP,135.85,Systolic blood pressure,2014-12,mmHg
4071944,eGFR,82.85,eGFR,2015-07,mL/min/1.73m2
2414096,SBP,140.63,Systolic blood pressure,2015-09,mmHg
40782176,eGFR,90.08,LOINC: 33914-3,2016-07,mL/min/1.73m2
783632,SBP,133.03,SBP,2012-01,mmHg
13356569,eGFR,81.36,eGFR,2014-07,mL/min/1.73m2
23908256,HbA1c,5.62,Hb A1c,2012-02,%
28663112,HbA1c,4.5,Glycated haemoglobin,2016-12,%
5451581,HbA1c,4.99,Glycated haemoglobin,2015-08,%
22277144,SBP,132.66,Systolic BP,2016-10,mmHg
15911696,SBP,149.85,Systolic blood pressure,2013-01,mmHg
51245336,HbA1c,5.05,HbA1c,2012-02,%
578432,eGFR,93.18,eGFR,2014-02,mL/min/1.73m2
16036301,eGFR,88.57,LOINC: 33914-3,2015-09,mL/min/1.73m2
39923981,SBP,122.71,Systolic BP,2014-10,mmHg
22737296,HbA1c,5.39,Hb A1c,2012-06,%
67516877,eGFR,89.38,eGFR,2015-11,mL/min/1.73m2
2583821,SBP,140.63,Systolic BP,2013-02,mmHg
45140192,eGFR,77.45,Estimated GFR,2013-03,mL/min/1.73m2
44029952,eGFR,80.44,eGFR,2015-04,mL/min/1.73m2
19645712,HbA1c,7.57,Glycated haemoglobin,2012-12,%
62709821,HbA1c,7.03,HbA1c,2015-10,%
408752,SBP,116.88,Systolic BP,2013-07,mmHg
15499856,HbA1c,5.3,Hb A1c,2015-10,%
2462777,SBP,132.6,SBP,2014-12,mmHg
12657017,SBP,109.78,Systolic BP,2013-11,mmHg
16189256,eGFR,87.34,Estimated GFR,2016-05,mL/min/1.73m2
165944,eGFR,97.11,Estimated GFR,2015-04,mL/min/1.73m2
19096856,eGFR,79.49,eGFR,2014-10,mL/min/1.73m2
39596336,HbA1c,3.95,Hb A1c,2013-05,%
33507161,HbA1c,3.1,HbA1c,2014-09,%
11036441,HbA1c,4.43,Hb A1c,2016-09,%
12277856,HbA1c,4.46,Glycated haemoglobin,2015-10,%
57790232,HbA1c,5.08,Hb A1c,2014-05,%
5796569,SBP,150.22,Systolic blood pressure,2014-06,mmHg
56455001,SBP,147.11,Systolic BP,2015-08,mmHg
21290957,HbA1c,4.6,Hb A1c,2014-07,%
33929576,eGFR,59.86,eGFR,2016-08,mL/min/1.73m2
735344,eGFR,80.97,LOINC: 33914-3,2013-02,mL/min/1.73m2
245657,eGFR,80.77,LOINC: 33914-3,2013-06,mL/min/1.73m2
20280269,eGFR,81.55,Estimated GFR,2015-11,mL/min/1.73m2
5905496,SBP,128.99,SBP,2013-06,mmHg
23002352,HbA1c,4.16,Glycated haemoglobin,2012-08,%
70684217,HbA1c,4.99,Hb A1c,2014-08,%
2533952,eGFR,94.12,Estimated GFR,2012-08,mL/min/1.73m2
560141,SBP,133.38,Systolic blood pressure,2012-01,mmHg
46950077,HbA1c,4.92,Glycated haemoglobin,2012-08,%
43915097,SBP,126.33,Systolic blood pressure,2013-11,mmHg
72412976,HbA1c,4.82,Hb A1c,2015-07,%
44006969,SBP,146.77,SBP,2012-11,mmHg
43388696,HbA1c,3.81,Glycated haemoglobin,2016-04,%
2451917,SBP,141.73,Systolic BP,2013-01,mmHg
6804377,SBP,105.39,SBP,2013-01,mmHg
11105597,eGFR,75.07,LOINC: 33914-3,2016-06,mL/min/1.73m2
4961657,SBP,139.99,Systolic blood pressure,2016-11,mmHg
65595197,HbA1c,5.38,Hb A1c,2014-10,%
272,HbA1c,5.22,Glycated haemoglobin,2013-08,%
7394969,SBP,141.5,SBP,2016-02,mmHg
47140157,eGFR,83.95,LOINC: 33914-3,2013-04,mL/min/1.73m2
2312921,HbA1c,4.47,Hb A1c,2014-11,%
62326361,SBP,121.51,Systolic blood pressure,2015-05,mmHg
18022472,SBP,152.62,Systolic blood pressure,2015-02,mmHg
1905896,SBP,138.07,SBP,2013-02,mmHg
31512512,SBP,128.51,Systolic blood pressure,2016-03,mmHg
62299016,eGFR,90.29,eGFR,2015-04,mL/min/1.73m2
33687872,SBP,116.23,SBP,2014-06,mmHg
58848392,eGFR,98.0,eGFR,2013-03,mL/min/1.73m2
74790416,eGFR,83.7,LOINC: 33914-3,2012-07,mL/min/1.73m2
21386969,HbA1c,3.79,Glycated haemoglobin,2012-06,%
11047952,SBP,164.19,Systolic BP,2014-09,mmHg
6977144,SBP,130.41,SBP,2015-11,mmHg
5973032,SBP,145.45,SBP,2016-06,mmHg
63121976,HbA1c,4.07,HbA1c,2012-06,%
86969,eGFR,78.68,eGFR,2014-01,mL/min/1.73m2
12805337,HbA1c,3.83,Hb A1c,2013-07,%
9430856,SBP,152.71,Systolic BP,2013-06,mmHg
9882944,eGFR,83.32,LOINC: 33914-3,2013-05,mL/min/1.73m2
4234301,HbA1c,4.5,Glycated haemoglobin,2012-02,%
45794216,SBP,141.67,Systolic BP,2014-04,mmHg
301736,eGFR,84.08,eGFR,2012-04,mL/min/1.73m2
63287216,HbA1c,4.27,Glycated haemoglobin,2016-05,%
21902681,eGFR,82.23,eGFR,2013-04,mL/min/1.73m2
235469,HbA1c,32.33,Hb A1c,2014-08,mmol/mol
3454256,eGFR,85.82,Estimated GFR,2013-07,mL/min/1.73m2
15732569,SBP,148.03,SBP,2015-03,mmHg
61454297,HbA1c,4.66,Hb A1c,2014-08,%
1379321,HbA1c,4.44,Glycated haemoglobin,2014-01,%
32928176,HbA1c,6.58,Glycated haemoglobin,2013-09,%
1420301,SBP,149.13,Systolic blood pressure,2015-01,mmHg
33007736,eGFR,98.39,eGFR,2016-11,mL/min/1.73m2
29824496,SBP,150.2,Systolic blood pressure,2015-12,mmHg
31531961,HbA1c,4.79,Hb A1c,2012-04,%
14639312,HbA1c,4.53,HbA1c,2015-12,%
16259021,SBP,135.07,SBP,2015-05,mmHg
31144121,HbA1c,4.76,Glycated haemoglobin,2015-01,%
15336632,SBP,99.8,Systolic blood pressure,2012-02,mmHg
665792,eGFR,79.08,Estimated GFR,2015-01,mL/min/1.73m2
59167712,eGFR,80.44,eGFR,2015-01,mL/min/1.73m2
6678461,eGFR,82.82,LOINC: 33914-3,2012-05,mL/min/1.73m2
44329277,SBP,116.22,Systolic blood pressure,2015-01,mmHg
31434776,SBP,97.66,Systolic blood pressure,2013-01,mmHg
1844237,HbA1c,4.87,Hb A1c,2016-06,%
23168792,SBP,121.73,Systolic blood pressure,2016-11,mmHg
71209421,eGFR,80.2,eGFR,2014-12,mL/min/1.73m2
29016569,SBP,104.6,Systolic blood pressure,2014-07,mmHg
40384952,HbA1c,6.87,Glycated haemoglobin,2013-10,%
63344,SBP,137.12,SBP,2015-09,mmHg
74970272,SBP,124.16,Systolic blood pressure,2012-02,mmHg
66242072,eGFR,79.38,Estimated GFR,2012-03,mL/min/1.73m2
29372192,HbA1c,6.18,Hb A1c,2016-04,%
7718717,eGFR,90.98,eGFR,2013-04,mL/min/1.73m2
45794216,eGFR,77.54,LOINC: 33914-3,2015-06,mL/min/1.73m2
3864944,HbA1c,4.64,HbA1c,2015-01,%
38578457,SBP,128.32,SBP,2012-08,mmHg
9345944,HbA1c,7.59,Glycated haemoglobin,2015-02,%
8397056,eGFR,83.25,eGFR,2013-08,mL/min/1.73m2
12854969,HbA1c,4.09,Hb A1c,2012-09,%
49183472,eGFR,83.15,eGFR,2016-01,mL/min/1.73m2
11407769,eGFR,86.32,eGFR,2016-12,mL/min/1.73m2
17773337,eGFR,96.82,Estimated GFR,2014-01,mL/min/1.73m2
28091069,HbA1c,4.84,Glycated haemoglobin,2015-03,%
3182969,eGFR,87.91,Estimated GFR,2014-07,mL/min/1.73m2
11678456,HbA1c,6.53,HbA1c,2013-01,%
9324776,HbA1c,31.71,Glycated haemoglobin,2015-09,mmol/mol
55702712,HbA1c,5.2,Glycated haemoglobin,2016-01,%
12176,eGFR,78.52,Estimated GFR,2013-09,mL/min/1.73m2
283016,SBP,123.1,SBP,2014-04,mmHg
40826432,eGFR,88.62,Estimated GFR,2016-04,mL/min/1.73m2
10003097,SBP,114.54,Systolic blood pressure,2015-09,mmHg
33487112,HbA1c,5.31,Hb A1c,2014-03,%
1742201,HbA1c,3.79,HbA1c,2013-11,%
10535897,eGFR,85.9,LOINC: 33914-3,2016-10,mL/min/1.73m2
31124792,HbA1c,5.33,Hb A1c,2013-08,%
6247016,HbA1c,5.98,HbA1c,2014-03,%
67915961,SBP,126.33,Systolic BP,2013-05,mmHg
39727232,HbA1c,4.99,HbA1c,2012-08,%
16680761,SBP,115.87,Systolic BP,2012-11,mmHg
68775101,eGFR,88.32,Estimated GFR,2014-06,mL/min/1.73m2
1183421,eGFR,85.99,LOINC: 33914-3,2015-02,mL/min/1.73m2
5306969,SBP,146.89,Systolic BP,2016-09,mmHg
17265872,HbA1c,4.71,Hb A1c,2016-11,%
22853069,HbA1c,5.15,Hb A1c,2016-07,%
20956616,SBP,133.62,Systolic BP,2012-11,mmHg
31648781,eGFR,85.7,LOINC: 33914-3,2016-01,mL/min/1.73m2
46217144,SBP,89.93,Systolic blood pressure,2014-09,mmHg
24163001,HbA1c,4.04,Hb A1c,2016-07,%
47640944,eGFR,82.36,LOINC: 33914-3,2014-05,mL/min/1.73m2
15787577,HbA1c,4.81,HbA1c,2016-05,%
16356944,eGFR,83.67,eGFR,2013-07,mL/min/1.73m2
18525944,SBP,135.68,Systolic blood pressure,2014-12,mmHg
39356921,eGFR,83.86,eGFR,2013-10,mL/min/1.73m2
19370312,HbA1c,4.49,HbA1c,2012-05,%
16822541,HbA1c,4.13,HbA1c,2012-08,%
6092144,SBP,124.92,SBP,2016-10,mmHg
41337101,HbA1c,4.07,HbA1c,2016-10,%
100736,eGFR,96.65,Estimated GFR,2014-04,mL/min/1.73m2
133832,eGFR,85.31,eGFR,2016-08,mL/min/1.73m2
62353712,eGFR,98.09,LOINC: 33914-3,2013-06,mL/min/1.73m2
55367117,HbA1c,5.21,Glycated haemoglobin,2016-05,%
52116941,SBP,125.77,Systolic blood pressure,2016-10,mmHg
24935336,eGFR,86.94,LOINC: 33914-3,2012-12,mL/min/1.73m2
2958416,HbA1c,5.8,Hb A1c,2014-08,%
28514936,SBP,126.54,Systolic BP,2012-08,mmHg
50233661,eGFR,91.33,LOINC: 33914-3,2016-09,mL/min/1.73m2
10626041,SBP,110.85,Systolic BP,2012-03,mmHg
49499801,eGFR,93.31,eGFR,2016-11,mL/min/1.73m2
24299417,SBP,136.54,Systolic BP,2015-01,mmHg
1598969,HbA1c,5.54,HbA1c,2012-01,%
67773296,eGFR,94.66,Estimated GFR,2015-11,mL/min/1.73m2
120269,HbA1c,5.26,Hb A1c,2012-09,%
28477952,HbA1c,5.22,Glycated haemoglobin,2012-05,%
18184601,HbA1c,6.56,Hb A1c,2013-05,%
167357,eGFR,77.17,eGFR,2014-03,mL/min/1.73m2
2297144,SBP,117.61,SBP,2014-09,mmHg
35935832,eGFR,87.16,LOINC: 33914-3,2014-10,mL/min/1.73m2
17280269,eGFR,83.76,Estimated GFR,2015-02,mL/min/1.73m2
70888232,eGFR,85.14,LOINC: 33914-3,2014-04,mL/min/1.73m2
1683272,eGFR,85.81,Estimated GFR,2014-03,mL/min/1.73m2
9344,eGFR,84.31,Estimated GFR,2016-03,mL/min/1.73m2
38299256,SBP,99.59,Systolic BP,2014-09,mmHg
24032,SBP,120.39,Systolic BP,2015-04,mmHg
1209944,eGFR,86.02,Estimated GFR,2016-07,mL/min/1.73m2
59621561,SBP,91.45,Systolic BP,2014-02,mmHg
2969,SBP,119.3,SBP,2014-12,mmHg
18840377,HbA1c,6.98,Hb A1c,2014-02,%
12229352,SBP,127.89,Systolic blood pressure,2015-05,mmHg
1546841,HbA1c,5.72,HbA1c,2015-02,%
2857997,HbA1c,4.99,Hb A1c,2013-07,%
19737944,eGFR,86.77,LOINC: 33914-3,2013-08,mL/min/1.73m2
24569,HbA1c,5.48,Hb A1c,2013-06,%
9558944,eGFR,84.29,LOINC: 33914-3,2014-02,mL/min/1.73m2
15228296,eGFR,79.64,eGFR,2012-01,mL/min/1.73m2
4657817,SBP,128.74,SBP,2013-01,mmHg
694352,HbA1c,5.62,Glycated haemoglobin,2012-07,%
29541401,eGFR,85.91,LOINC: 33914-3,2016-03,mL/min/1.73m2
369872,SBP,135.86,Systolic BP,2016-09,mmHg
4407101,eGFR,80.94,Estimated GFR,2012-08,mL/min/1.73m2
35542361,HbA1c,4.01,Hb A1c,2014-12,%
22836512,HbA1c,4.2,Glycated haemoglobin,2015-05,%
16300952,eGFR,79.44,Estimated GFR,2015-03,mL/min/1.73m2
7041341,eGFR,91.47,eGFR,2012-03,mL/min/1.73m2
41918201,eGFR,81.47,eGFR,2014-01,mL/min/1.73m2
31824416,SBP,128.55,SBP,2012-02,mmHg
35645696,HbA1c,4.44,HbA1c,2016-02,%
11361017,eGFR,90.13,LOINC: 33914-3,2016-11,mL/min/1.73m2
56039321,SBP,105.33,SBP,2015-08,mmHg
2875592,HbA1c,6.79,Hb A1c,2014-06,%
6615944,HbA1c,4.4,Glycated haemoglobin,2013-06,%
70364216,eGFR,90.3,Estimated GFR,2012-06,mL/min/1.73m2
15174272,HbA1c,5.39,HbA1c,2016-05,%
58503437,HbA1c,4.59,Hb A1c,2013-02,%
9083069,eGFR,76.46,eGFR,2016-03,mL/min/1.73m2
49329344,SBP,124.61,Systolic blood pressure,2013-08,mmHg
67005497,SBP,137.01,Systolic BP,2015-05,mmHg
38085176,HbA1c,6.7,HbA1c,2014-12,%
67488416,HbA1c,5.3,Glycated haemoglobin,2013-07,%
6421376,SBP,96.52,Systolic blood pressure,2015-07,mmHg
20861576,SBP,114.84,Systolic BP,2013-07,mmHg
1256096,SBP,138.33,SBP,2013-01,mmHg
28182944,eGFR,77.85,Estimated GFR,2015-08,mL/min/1.73m2
20171216,SBP,150.58,Systolic BP,2012-05,mmHg
61128857,eGFR,89.29,Estimated GFR,2014-09,mL/min/1.73m2
6598136,HbA1c,3.91,HbA1c,2013-02,%
8177672,SBP,124.17,Systolic blood pressure,2012-03,mmHg
18810317,eGFR,85.83,LOINC: 33914-3,2014-04,mL/min/1.73m2
14692376,HbA1c,4.68,Glycated haemoglobin,2014-09,%
19953992,eGFR,81.57,Estimated GFR,2015-10,mL/min/1.73m2
38149337,eGFR,80.35,Estimated GFR,2013-08,mL/min/1.73m2
1910681,eGFR,87.74,eGFR,2014-07,mL/min/1.73m2
16036301,SBP,152.4,Systolic blood pressure,2015-12,mmHg
60050297,HbA1c,5.09,HbA1c,2012-12,%
59301017,eGFR,87.02,eGFR,2014-11,mL/min/1.73m2
7961192,eGFR,80.62,eGFR,2013-12,mL/min/1.73m2
747272,eGFR,83.98,LOINC: 33914-3,2012-05,mL/min/1.73m2
73894376,eGFR,91.83,eGFR,2015-09,mL/min/1.73m2
35998157,HbA1c,4.18,HbA1c,2016-12,%
28201337,HbA1c,4.49,HbA1c,2014-02,%
228797,HbA1c,6.36,HbA1c,2014-09,%
26267312,SBP,130.79,Systolic BP,2016-04,mmHg
1225232,SBP,130.17,SBP,2016-10,mmHg
2916857,eGFR,86.93,eGFR,2012-11,mL/min/1.73m2
10921661,SBP,106.73,Systolic BP,2013-08,mmHg
904472,HbA1c,35.46,Hb A1c,2014-11,mmol/mol
10614752,HbA1c,5.75,Hb A1c,2014-09,%
3339344,eGFR,88.46,Estimated GFR,2016-01,mL/min/1.73m2
3512441,SBP,107.46,SBP,2015-03,mmHg
5338937,HbA1c,4.62,Glycated haemoglobin,2015-07,%
74700569,SBP,132.93,Systolic BP,2016-05,mmHg
56013392,eGFR,97.81,eGFR,2015-04,mL/min/1.73m2
30816344,eGFR,83.48,eGFR,2013-12,mL/min/1.73m2
5298992,eGFR,86.56,eGFR,2013-03,mL/min/1.73m2
21290957,SBP,138.93,SBP,2016-03,mmHg
5598137,SBP,110.12,SBP,2016-05,mmHg
49353677,HbA1c,4.81,HbA1c,2012-08,%
3899069,HbA1c,7.03,Glycated haemoglobin,2012-12,%
22490201,SBP,148.24,SBP,2014-05,mmHg
62572736,HbA1c,5.2,Hb A1c,2016-07,%
60211469,SBP,114.64,SBP,2013-02,mmHg
855737,HbA1c,26.2,Hb A1c,2013-04,mmol/mol
4725344,SBP,141.74,Systolic BP,2014-11,mmHg
42300344,eGFR,88.14,Estimated GFR,2013-08,mL/min/1.73m2
40495097,SBP,132.0,SBP,2016-08,mmHg
58423976,eGFR,77.15,LOINC: 33914-3,2014-10,mL/min/1.73m2
40187069,eGFR,86.07,Estimated GFR,2013-10,mL/min/1.73m2
15350201,eGFR,92.0,LOINC: 33914-3,2013-07,mL/min/1.73m2
19630361,HbA1c,4.76,HbA1c,2012-11,%
66665657,eGFR,89.69,LOINC: 33914-3,2013-02,mL/min/1.73m2
3960872,eGFR,92.34,LOINC: 33914-3,2013-10,mL/min/1.73m2
26001677,HbA1c,5.11,Glycated haemoglobin,2014-07,%
45466616,SBP,116.42,Systolic BP,2012-12,mmHg
978392,HbA1c,24.74,Hb A1c,2014-09,mmol/mol
67033856,HbA1c,6.17,HbA1c,2016-12,%
20514944,HbA1c,5.2,Hb A1c,2014-07,%
42345416,eGFR,88.57,eGFR,2013-11,mL/min/1.73m2
4702781,SBP,121.05,SBP,2012-09,mmHg
54468632,HbA1c,4.22,Glycated haemoglobin,2013-08,%
9473456,SBP,134.07,Systolic BP,2015-02,mmHg
49013561,HbA1c,5.04,Hb A1c,2016-06,%
59327696,HbA1c,4.26,Hb A1c,2014-09,%
15418136,SBP,127.5,SBP,2012-01,mmHg
13192496,eGFR,84.45,LOINC: 33914-3,2014-05,mL/min/1.73m2
1634201,SBP,107.33,Systolic BP,2012-05,mmHg
33567344,eGFR,95.12,Estimated GFR,2014-06,mL/min/1.73m2
42752,SBP,143.79,SBP,2012-02,mmHg
6535997,HbA1c,3.94,Hb A1c,2013-01,%
2713472,SBP,128.91,Systolic BP,2013-08,mmHg
12904697,SBP,131.14,SBP,2016-09,mmHg
54136781,HbA1c,5.18,Hb A1c,2016-09,%
1581497,eGFR,81.31,Estimated GFR,2015-07,mL/min/1.73m2
198416,eGFR,85.55,LOINC: 33914-3,2012-09,mL/min/1.73m2
72147917,SBP,130.94,Systolic blood pressure,2014-06,mmHg
50209112,HbA1c,3.99,Hb A1c,2012-10,%
28219736,eGFR,86.43,eGFR,2016-04,mL/min/1.73m2
542144,eGFR,85.97,LOINC: 33914-3,2012-05,mL/min/1.73m2
1055216,HbA1c,4.5,Glycated haemoglobin,2015-06,%
67801817,HbA1c,6.87,Hb A1c,2014-05,%
35666381,HbA1c,4.7,HbA1c,2016-06,%
140237,HbA1c,4.51,Glycated haemoglobin,2013-03,%
48505592,eGFR,81.82,LOINC: 33914-3,2014-10,mL/min/1.73m2
17439032,HbA1c,5.85,Glycated haemoglobin,2015-10,%
64728344,SBP,113.55,Systolic blood pressure,2016-11,mmHg
36624377,SBP,127.27,Systolic BP,2014-10,mmHg
55212569,eGFR,82.5,eGFR,2013-10,mL/min/1.73m2
40077344,eGFR,86.11,LOINC: 33914-3,2012-11,mL/min/1.73m2
14865497,HbA1c,5.43,Hb A1c,2015-01,%
17817176,HbA1c,29.12,HbA1c,2014-02,mmol/mol
4915469,HbA1c,5.9,HbA1c,2013-12,%
60615344,SBP,140.06,SBP,2012-11,mmHg
8896121,HbA1c,3.76,HbA1c,2015-03,%
1538237,HbA1c,27.39,HbA1c,2014-06,mmol/mol
71824616,SBP,111.99,Systolic blood pressure,2013-03,mmHg
6759272,SBP,130.56,Systolic blood pressure,2013-02,mmHg
15787577,eGFR,101.24,Estimated GFR,2013-12,mL/min/1.73m2
14718944,SBP,122.72,Systolic blood pressure,2013-11,mmHg
39118232,eGFR,81.23,eGFR,2015-10,mL/min/1.73m2
3078776,SBP,130.74,Systolic blood pressure,2013-05,mmHg
39639944,SBP,118.67,Systolic blood pressure,2016-04,mmHg
1055216,eGFR,70.99,eGFR,2012-11,mL/min/1.73m2
71971481,HbA1c,5.2,Glycated haemoglobin,2012-08,%
3892232,HbA1c,4.77,HbA1c,2012-04,%
53907632,eGFR,74.06,eGFR,2012-06,mL/min/1.73m2
7854041,SBP,134.22,SBP,2013-10,mmHg
39989672,HbA1c,4.95,Hb A1c,2014-10,%
10234496,SBP,126.43,Systolic blood pressure,2016-11,mmHg
46736696,HbA1c,4.73,Hb A1c,2016-08,%
49159181,HbA1c,5.44,HbA1c,2015-03,%
27018272,SBP,116.82,Systolic blood pressure,2015-03,mmHg
1244477,eGFR,85.35,LOINC: 33914-3,2012-04,mL/min/1.73m2
738317,HbA1c,4.95,Hb A1c,2015-10,%
53704352,HbA1c,4.84,Hb A1c,2016-11,%
57107576,SBP,113.8,SBP,2016-09,mmHg
419897,SBP,135.79,Systolic blood pressure,2012-11,mmHg
24367769,SBP,137.49,Systolic BP,2015-11,mmHg
6299072,eGFR,89.72,LOINC: 33914-3,2014-11,mL/min/1.73m2
54878456,HbA1c,7.27,Hb A1c,2012-01,%
51617981,eGFR,87.73,LOINC: 33914-3,2012-08,mL/min/1.73m2
573176,HbA1c,4.19,Glycated haemoglobin,2012-03,%
68803832,SBP,127.28,Systolic blood pressure,2013-10,mmHg
8599016,HbA1c,5.52,HbA1c,2014-12,%
10423757,eGFR,94.98,LOINC: 33914-3,2015-08,mL/min/1.73m2
32078969,eGFR,80.17,Estimated GFR,2015-03,mL/min/1.73m2
2753561,HbA1c,4.63,Glycated haemoglobin,2012-04,%
475481,HbA1c,6.81,Hb A1c,2014-09,%
5647421,SBP,113.84,Systolic blood pressure,2015-07,mmHg
59247677,eGFR,85.39,LOINC: 33914-3,2013-04,mL/min/1.73m2
11928377,HbA1c,6.0,Glycated haemoglobin,2016-03,%
15377357,HbA1c,4.7,HbA1c,2016-11,%
5283056,eGFR,84.67,Estimated GFR,2016-03,mL/min/1.73m2
29711096,SBP,120.37,SBP,2014-04,mmHg
36960569,HbA1c,5.04,HbA1c,2013-03,%
846152,HbA1c,5.32,Glycated haemoglobin,2014-04,%
22687769,eGFR,89.04,Estimated GFR,2014-08,mL/min/1.73m2
3988496,eGFR,101.0,Estimated GFR,2016-03,mL/min/1.73m2
17022041,HbA1c,4.42,Glycated haemoglobin,2013-02,%
66693944,SBP,130.07,Systolic BP,2012-03,mmHg
9198272,SBP,120.83,SBP,2015-04,mmHg
47856377,HbA1c,6.53,HbA1c,2015-05,%
68688944,eGFR,83.87,eGFR,2016-09,mL/min/1.73m2
6895037,eGFR,82.76,LOINC: 33914-3,2013-02,mL/min/1.73m2
40406969,SBP,131.08,Systolic BP,2016-03,mmHg
7769,eGFR,83.15,Estimated GFR,2014-02,mL/min/1.73m2
49110617,HbA1c,6.29,Glycated haemoglobin,2016-07,%
44699069,eGFR,81.89,Estimated GFR,2015-02,mL/min/1.73m2
1449344,SBP,111.95,SBP,2016-04,mmHg
72265661,HbA1c,4.87,Hb A1c,2015-07,%
21789344,HbA1c,4.64,Hb A1c,2016-07,%
25352216,eGFR,78.41,eGFR,2016-06,mL/min/1.73m2
30204056,eGFR,98.4,LOINC: 33914-3,2014-03,mL/min/1.73m2
37467737,SBP,135.18,Systolic blood pressure,2015-05,mmHg
30912569,eGFR,81.85,LOINC: 33914-3,2016-07,mL/min/1.73m2
839792,HbA1c,6.32,Hb A1c,2014-05,%
70742477,SBP,116.59,Systolic blood pressure,2013-01,mmHg
57369656,SBP,153.75,Systolic blood pressure,2015-05,mmHg
25984016,SBP,116.91,SBP,2016-12,mmHg
7376141,SBP,86.68,Systolic BP,2012-08,mmHg
66185696,HbA1c,4.78,HbA1c,2015-07,%
48577997,eGFR,85.6,Estimated GFR,2014-01,mL/min/1.73m2
49037816,SBP,102.69,Systolic blood pressure,2015-08,mmHg
23537072,SBP,119.62,Systolic BP,2016-07,mmHg
65791736,HbA1c,6.92,Glycated haemoglobin,2013-06,%
25282496,eGFR,77.11,LOINC: 33914-3,2014-03,mL/min/1.73m2
20546336,SBP,110.9,Systolic BP,2016-07,mmHg
2318192,SBP,151.97,Systolic blood pressure,2012-05,mmHg
14166056,eGFR,89.22,LOINC: 33914-3,2015-09,mL/min/1.73m2
1533944,eGFR,87.79,Estimated GFR,2015-11,mL/min/1.73m2
61753376,SBP,144.34,SBP,2013-05,mmHg
2522936,eGFR,85.36,Estimated GFR,2014-12,mL/min/1.73m2
63011936,SBP,154.33,Systolic BP,2012-03,mmHg
2408717,HbA1c,6.15,HbA1c,2012-10,%
38127944,HbA1c,5.27,HbA1c,2013-04,%
66129344,HbA1c,3.32,Glycated haemoglobin,2013-03,%
45186752,SBP,120.03,Systolic blood pressure,2015-02,mmHg
26054696,HbA1c,6.51,Hb A1c,2014-02,%
3295181,HbA1c,4.28,Hb A1c,2016-04,%
70160957,HbA1c,3.79,Hb A1c,2016-04,%
41738969,SBP,102.55,Systolic blood pressure,2016-03,mmHg
51170969,eGFR,86.96,eGFR,2012-01,mL/min/1.73m2
67659272,HbA1c,5.58,HbA1c,2015-09,%
35583677,SBP,107.13,Systolic blood pressure,2012-09,mmHg
30797117,eGFR,87.2,eGFR,2014-05,mL/min/1.73m2
1625357,eGFR,89.07,eGFR,2016-08,mL/min/1.73m2
8316944,eGFR,79.74,LOINC: 33914-3,2016-01,mL/min/1.73m2
43160816,HbA1c,7.56,Glycated haemoglobin,2013-09,%
69610736,HbA1c,4.92,HbA1c,2013-04,%
5813261,HbA1c,5.97,Glycated haemoglobin,2016-07,%
7757261,HbA1c,4.83,Glycated haemoglobin,2014-08,%
51270137,SBP,120.25,Systolic blood pressure,2014-10,mmHg
2144,SBP,98.37,Systolic blood pressure,2016-05,mmHg
3152144,SBP,143.24,Systolic BP,2012-12,mmHg
1710344,SBP,132.96,SBP,2012-01,mmHg
24077936,eGFR,90.67,LOINC: 33914-3,2012-04,mL/min/1.73m2
56585216,SBP,136.92,Systolic BP,2012-11,mmHg
24453344,SBP,94.98,SBP,2013-12,mmHg
24573401,SBP,147.22,Systolic BP,2015-05,mmHg
3422141,eGFR,89.64,Estimated GFR,2016-06,mL/min/1.73m2
13906496,eGFR,84.91,Estimated GFR,2012-11,mL/min/1.73m2
1474472,HbA1c,5.29,Hb A1c,2016-09,%
3189152,eGFR,90.26,eGFR,2014-03,mL/min/1.73m2
4846592,SBP,112.26,Systolic BP,2016-02,mmHg
45233336,eGFR,80.19,Estimated GFR,2015-03,mL/min/1.73m2
64394336,SBP,102.06,SBP,2015-11,mmHg
65258957,HbA1c,3.28,Hb A1c,2013-03,%
12253592,eGFR,85.14,LOINC: 33914-3,2015-07,mL/min/1.73m2
63728912,eGFR,95.19,LOINC: 33914-3,2012-07,mL/min/1.73m2
35583677,eGFR,84.92,eGFR,2014-04,mL/min/1.73m2
6786317,SBP,118.77,Systolic BP,2015-12,mmHg
5085881,eGFR,70.09,LOINC: 33914-3,2013-03,mL/min/1.73m2
4494797,SBP,147.04,Systolic blood pressure,2014-12,mmHg
29957069,eGFR,68.94,Estimated GFR,2014-07,mL/min/1.73m2
22720781,eGFR,86.15,Estimated GFR,2013-05,mL/min/1.73m2
2982296,HbA1c,4.74,HbA1c,2012-02,%
44375417,SBP,143.22,Systolic BP,2012-08,mmHg
1997,SBP,117.57,Systolic blood pressure,2013-02,mmHg
2297144,HbA1c,4.83,Glycated haemoglobin,2013-05,%
7142816,HbA1c,5.64,HbA1c,2015-07,%
40495097,eGFR,85.41,Estimated GFR,2014-01,mL/min/1.73m2
73329677,eGFR,75.61,Estimated GFR,2016-11,mL/min/1.73m2
72295112,HbA1c,5.98,HbA1c,2012-12,%
59007944,SBP,127.11,Systolic blood pressure,2015-01,mmHg
5981501,eGFR,84.56,LOINC: 33914-3,2012-08,mL/min/1.73m2
61372856,SBP,157.41,Systolic BP,2016-05,mmHg
1723961,HbA1c,7.2,Hb A1c,2016-01,%
29729981,SBP,123.18,SBP,2015-02,mmHg
12084416,eGFR,82.06,LOINC: 33914-3,2016-09,mL/min/1.73m2
38707661,eGFR,87.27,eGFR,2014-11,mL/min/1.73m2
26125472,SBP,119.82,Systolic BP,2016-04,mmHg
7815257,HbA1c,5.27,HbA1c,2013-07,%
10784717,HbA1c,6.96,Glycated haemoglobin,2013-04,%
8619344,HbA1c,4.14,Glycated haemoglobin,2013-03,%
45396569,HbA1c,4.91,Hb A1c,2012-08,%
181817,SBP,127.07,SBP,2013-04,mmHg
75161,SBP,116.76,SBP,2016-12,mmHg
39509192,eGFR,75.67,eGFR,2012-12,mL/min/1.73m2
23806736,SBP,139.47,Systolic BP,2015-05,mmHg
660152,SBP,124.8,SBP,2014-07,mmHg
68672,SBP,119.97,SBP,2015-06,mmHg
64979417,SBP,123.19,Systolic blood pressure,2013-04,mmHg
33889232,SBP,130.41,Systolic blood pressure,2013-03,mmHg
109712,SBP,127.02,Systolic blood pressure,2016-12,mmHg
34557977,HbA1c,5.51,Hb A1c,2012-07,%
71472752,HbA1c,3.84,Glycated haemoglobin,2015-09,%
40143161,eGFR,70.35,eGFR,2014-01,mL/min/1.73m2
59912,eGFR,88.78,LOINC: 33914-3,2012-09,mL/min/1.73m2
2656712,HbA1c,6.49,Glycated haemoglobin,2014-02,%
1138637,SBP,98.21,SBP,2012-07,mmHg
4605632,HbA1c,3.34,HbA1c,2016-12,%
30051944,HbA1c,5.15,Hb A1c,2014-11,%
70393277,SBP,120.6,Systolic BP,2015-04,mmHg
63673616,SBP,160.64,SBP,2016-10,mmHg
11916416,eGFR,86.6,eGFR,2014-05,mL/min/1.73m2
1375256,HbA1c,4.76,HbA1c,2013-12,%
32591117,SBP,101.37,Systolic blood pressure,2014-09,mmHg
2198477,HbA1c,6.38,Hb A1c,2013-03,%
3905912,eGFR,84.22,LOINC: 33914-3,2015-01,mL/min/1.73m2
58689056,eGFR,87.45,eGFR,2016-05,mL/min/1.73m2
42684221,eGFR,75.8,Estimated GFR,2012-04,mL/min/1.73m2
14061944,eGFR,89.19,LOINC: 33914-3,2012-12,mL/min/1.73m2
24032,HbA1c,4.66,HbA1c,2015-09,%
3409337,SBP,136.14,Systolic blood pressure,2015-06,mmHg
16638344,eGFR,93.72,eGFR,2013-01,mL/min/1.73m2
13255481,SBP,133.54,SBP,2012-02,mmHg
340976,SBP,119.07,Systolic blood pressure,2016-01,mmHg
59541344,SBP,106.99,Systolic blood pressure,2014-11,mmHg
7087376,eGFR,79.2,Estimated GFR,2014-06,mL/min/1.73m2
46973816,eGFR,86.79,eGFR,2012-03,mL/min/1.73m2
9114416,HbA1c,5.19,HbA1c,2012-12,%
18570701,eGFR,90.41,eGFR,2014-12,mL/min/1.73m2
1432712,HbA1c,5.14,HbA1c,2013-07,%
34091192,SBP,119.18,Systolic BP,2015-02,mmHg
43365881,HbA1c,5.62,Hb A1c,2015-04,%
34659872,SBP,123.55,Systolic blood pressure,2015-12,mmHg
10705232,HbA1c,3.81,HbA1c,2015-01,%
11001944,eGFR,97.01,LOINC: 33914-3,2012-07,mL/min/1.73m2
89021,SBP,109.15,Systolic blood pressure,2016-06,mmHg
14493881,HbA1c,3.91,Glycated haemoglobin,2012-08,%
35356736,eGFR,87.07,eGFR,2016-01,mL/min/1.73m2
5411216,eGFR,88.25,LOINC: 33914-3,2014-12,mL/min/1.73m2
30032957,eGFR,91.67,eGFR,2016-01,mL/min/1.73m2
16652477,eGFR,77.19,Estimated GFR,2016-10,mL/min/1.73m2
58371032,eGFR,81.36,Estimated GFR,2016-06,mL/min/1.73m2
40539197,eGFR,92.62,Estimated GFR,2015-08,mL/min/1.73m2
32789177,SBP,124.75,Systolic blood pressure,2016-08,mmHg
50750576,SBP,86.86,Systolic blood pressure,2012-07,mmHg
3981581,SBP,122.01,SBP,2012-12,mmHg
492344,HbA1c,10.82,Glycated haemoglobin,2012-10,mmol/mol
74341721,eGFR,82.21,LOINC: 33914-3,2014-08,mL/min/1.73m2
25334777,eGFR,91.27,LOINC: 33914-3,2014-09,mL/min/1.73m2
613181,HbA1c,7.02,Glycated haemoglobin,2015-09,%
22113944,eGFR,94.46,LOINC: 33914-3,2012-05,mL/min/1.73m2
20311481,SBP,130.21,SBP,2013-08,mmHg
35356736,HbA1c,3.68,HbA1c,2015-05,%
6247016,SBP,119.31,Systolic blood pressure,2014-02,mmHg
1499816,eGFR,79.43,eGFR,2014-09,mL/min/1.73m2
49062077,HbA1c,4.85,HbA1c,2013-11,%
46311392,SBP,126.83,Systolic BP,2015-07,mmHg
1830152,HbA1c,5.52,Glycated haemoglobin,2015-02,%
60238352,HbA1c,5.67,Glycated haemoglobin,2014-07,%
51917069,SBP,132.72,Systolic blood pressure,2015-01,mmHg
26196344,SBP,127.34,Systolic BP,2015-01,mmHg
53197832,SBP,123.58,Systolic blood pressure,2016-04,mmHg
68258969,SBP,115.43,Systolic BP,2014-09,mmHg
26910344,HbA1c,4.68,HbA1c,2015-10,%
10761977,eGFR,76.85,eGFR,2015-04,mL/min/1.73m2
56898344,SBP,108.82,Systolic blood pressure,2014-03,mmHg
5639192,HbA1c,2.94,HbA1c,2014-10,%
9187769,HbA1c,5.72,Glycated haemoglobin,2015-06,%
7641917,eGFR,87.61,Estimated GFR,2014-12,mL/min/1.73m2
7575032,HbA1c,7.57,Glycated haemoglobin,2016-03,%
45070397,HbA1c,4.88,Hb A1c,2014-07,%
50874041,eGFR,87.82,eGFR,2012-10,mL/min/1.73m2
2007641,SBP,129.64,SBP,2015-03,mmHg
1581497,SBP,144.86,Systolic BP,2014-06,mmHg
62874521,HbA1c,4.41,Hb A1c,2015-07,%
23756057,SBP,160.28,Systolic BP,2013-01,mmHg
70859069,HbA1c,4.39,Hb A1c,2016-03,%
39509192,HbA1c,5.0,Hb A1c,2012-07,%
8356952,eGFR,96.26,LOINC: 33914-3,2013-07,mL/min/1.73m2
328952,eGFR,80.05,LOINC: 33914-3,2014-09,mL/min/1.73m2
36435944,HbA1c,4.52,Hb A1c,2015-07,%
41448536,SBP,129.2,Systolic BP,2012-01,mmHg
511976,eGFR,68.38,LOINC: 33914-3,2012-08,mL/min/1.73m2
71560637,HbA1c,4.02,Glycated haemoglobin,2016-04,%
12755801,eGFR,90.97,LOINC: 33914-3,2013-05,mL/min/1.73m2
8437256,eGFR,90.34,eGFR,2015-12,mL/min/1.73m2
11548601,SBP,104.53,Systolic blood pressure,2016-04,mmHg
67204136,eGFR,85.18,eGFR,2014-12,mL/min/1.73m2
10190216,HbA1c,6.68,Hb A1c,2013-09,%
70480496,HbA1c,5.22,Glycated haemoglobin,2016-07,%
11442896,eGFR,88.41,LOINC: 33914-3,2013-01,mL/min/1.73m2
28311821,SBP,142.08,SBP,2015-11,mmHg
65847944,HbA1c,4.65,Hb A1c,2012-08,%
7357337,SBP,123.34,SBP,2012-03,mmHg
70859069,SBP,102.02,Systolic blood pressure,2012-12,mmHg
64533401,HbA1c,5.21,Hb A1c,2014-08,%
29035232,SBP,101.92,SBP,2016-06,mmHg
5524616,eGFR,86.12,LOINC: 33914-3,2013-12,mL/min/1.73m2
62600141,SBP,136.61,SBP,2012-02,mmHg
15445352,SBP,125.93,Systolic BP,2016-07,mmHg
13777616,eGFR,79.56,LOINC: 33914-3,2014-07,mL/min/1.73m2
10014056,eGFR,86.06,Estimated GFR,2012-05,mL/min/1.73m2
44421581,SBP,114.39,Systolic BP,2012-03,mmHg
62545337,HbA1c,4.84,Hb A1c,2015-08,%
51022397,HbA1c,5.55,Glycated haemoglobin,2012-03,%
38599976,HbA1c,5.03,Hb A1c,2015-02,%
70596872,HbA1c,4.65,Hb A1c,2012-09,%
16328936,eGFR,91.13,eGFR,2012-08,mL/min/1.73m2
48048281,eGFR,81.01,LOINC: 33914-3,2012-07,mL/min/1.73m2
10245581,eGFR,86.68,eGFR,2015-03,mL/min/1.73m2
31008944,SBP,153.28,SBP,2014-12,mmHg
7226381,HbA1c,3.83,Hb A1c,2016-06,%
6544856,HbA1c,4.58,Glycated haemoglobin,2014-01,%
56533112,eGFR,88.86,Estimated GFR,2012-11,mL/min/1.73m2
31415357,SBP,110.05,SBP,2016-10,mmHg
1395641,eGFR,87.8,Estimated GFR,2016-10,mL/min/1.73m2
45396569,SBP,105.56,Systolic blood pressure,2015-12,mmHg
63590717,SBP,122.88,Systolic blood pressure,2014-06,mmHg
31415357,eGFR,67.96,eGFR,2015-04,mL/min/1.73m2
1802144,SBP,133.76,Systolic BP,2016-04,mmHg
3851336,eGFR,79.48,Estimated GFR,2015-12,mL/min/1.73m2
167357,HbA1c,3.75,Hb A1c,2013-09,%
27180569,SBP,122.9,Systolic BP,2016-07,mmHg
691469,eGFR,92.26,LOINC: 33914-3,2013-12,mL/min/1.73m2
22195469,HbA1c,5.85,Hb A1c,2012-09,%
7068944,HbA1c,4.59,Glycated haemoglobin,2012-10,%
21644057,HbA1c,5.77,Glycated haemoglobin,2013-11,%
5998457,HbA1c,3.63,Glycated haemoglobin,2016-04,%
9377741,HbA1c,5.25,Hb A1c,2012-11,%
23469896,SBP,128.33,Systolic BP,2012-12,mmHg
3232601,HbA1c,6.81,Glycated haemoglobin,2014-08,%
494777,SBP,96.42,Systolic BP,2013-03,mmHg
26216,eGFR,77.85,eGFR,2014-04,mL/min/1.73m2
12620072,eGFR,81.0,LOINC: 33914-3,2012-12,mL/min/1.73m2
9240344,HbA1c,4.91,HbA1c,2015-08,%
13167344,SBP,110.27,Systolic blood pressure,2014-04,mmHg
26534297,HbA1c,4.22,Glycated haemoglobin,2013-11,%
41761352,SBP,130.13,Systolic BP,2016-10,mmHg
5306969,HbA1c,5.13,Glycated haemoglobin,2015-12,%
9959321,eGFR,96.08,eGFR,2013-12,mL/min/1.73m2
69784256,HbA1c,4.79,Glycated haemoglobin,2015-01,%
215741,HbA1c,5.79,Hb A1c,2015-08,%
60023456,eGFR,82.5,LOINC: 33914-3,2013-09,mL/min/1.73m2
31066841,eGFR,86.91,Estimated GFR,2014-10,mL/min/1.73m2
1091096,HbA1c,4.41,HbA1c,2012-02,%
10956032,HbA1c,4.95,Glycated haemoglobin,2015-06,%
24128957,eGFR,72.5,LOINC: 33914-3,2012-10,mL/min/1.73m2
16342937,HbA1c,5.82,Glycated haemoglobin,2013-06,%
7133561,eGFR,84.6,eGFR,2012-12,mL/min/1.73m2
10334477,HbA1c,4.92,HbA1c,2014-06,%
1062344,SBP,128.82,Systolic blood pressure,2013-01,mmHg
64756217,HbA1c,6.3,Glycated haemoglobin,2014-10,%
57948344,eGFR,82.12,Estimated GFR,2013-07,mL/min/1.73m2
53248376,HbA1c,5.8,HbA1c,2016-07,%
55470269,eGFR,92.91,LOINC: 33914-3,2016-02,mL/min/1.73m2
25369661,SBP,110.37,Systolic BP,2016-02,mmHg
7207769,SBP,110.73,SBP,2014-03,mmHg
1120232,HbA1c,4.99,HbA1c,2015-03,%
440336,SBP,155.81,SBP,2015-10,mmHg
55676861,SBP,139.74,SBP,2015-07,mmHg
11291069,HbA1c,16.82,Glycated haemoglobin,2013-02,mmol/mol
38988344,eGFR,91.18,Estimated GFR,2012-01,mL/min/1.73m2
67260944,eGFR,83.93,LOINC: 33914-3,2012-09,mL/min/1.73m2
47259152,SBP,143.43,SBP,2013-06,mmHg
64227656,SBP,125.29,SBP,2015-10,mmHg
17381216,HbA1c,4.82,Glycated haemoglobin,2014-08,%
2037197,eGFR,82.02,LOINC: 33914-3,2012-12,mL/min/1.73m2
22162841,eGFR,88.03,eGFR,2013-11,mL/min/1.73m2
12108512,HbA1c,5.45,Hb A1c,2016-08,%
55470269,HbA1c,5.79,Hb A1c,2012-04,%
5346944,HbA1c,4.76,Hb A1c,2015-10,%
37446536,HbA1c,4.38,HbA1c,2014-04,%
227144,SBP,104.33,Systolic BP,2013-01,mmHg
31454201,HbA1c,7.87,HbA1c,2012-02,%
3428552,eGFR,79.52,LOINC: 33914-3,2012-04,mL/min/1.73m2
39270041,HbA1c,4.34,Hb A1c,2012-11,%
50874041,SBP,108.32,Systolic BP,2013-11,mmHg
49841597,HbA1c,4.77,Glycated haemoglobin,2016-02,%
72737597,HbA1c,5.79,Glycated haemoglobin,2016-04,%
2788157,eGFR,86.84,LOINC: 33914-3,2014-03,mL/min/1.73m2
9720269,eGFR,94.32,LOINC: 33914-3,2013-08,mL/min/1.73m2
63922637,eGFR,91.2,LOINC: 33914-3,2014-05,mL/min/1.73m2
38470952,HbA1c,5.03,Hb A1c,2015-01,%
22130237,HbA1c,4.42,Hb A1c,2014-09,%
61671737,eGFR,79.76,Estimated GFR,2016-01,mL/min/1.73m2
53400152,eGFR,89.93,LOINC: 33914-3,2016-07,mL/min/1.73m2
8823944,eGFR,90.81,eGFR,2012-02,mL/min/1.73m2
9785177,SBP,125.51,SBP,2014-06,mmHg
8548301,HbA1c,4.99,Glycated haemoglobin,2016-04,%
39989672,SBP,160.08,Systolic blood pressure,2014-02,mmHg
34456232,HbA1c,5.7,HbA1c,2012-02,%
1383392,eGFR,85.51,LOINC: 33914-3,2013-11,mL/min/1.73m2
17381216,SBP,122.35,SBP,2013-10,mmHg
7291712,eGFR,80.45,eGFR,2012-11,mL/min/1.73m2
34070969,eGFR,98.96,LOINC: 33914-3,2014-04,mL/min/1.73m2
26605721,eGFR,88.64,eGFR,2016-09,mL/min/1.73m2
18630461,HbA1c,5.21,Hb A1c,2013-12,%
65707469,HbA1c,5.66,Hb A1c,2013-11,%
1225232,HbA1c,5.45,Hb A1c,2014-02,%
69610736,SBP,111.06,Systolic blood pressure,2012-10,mmHg
18273341,SBP,107.36,Systolic blood pressure,2013-09,mmHg
69293177,eGFR,76.94,Estimated GFR,2014-09,mL/min/1.73m2
8639696,SBP,108.8,SBP,2014-11,mmHg
3486521,SBP,107.6,SBP,2012-11,mmHg
1187192,eGFR,94.18,LOINC: 33914-3,2012-03,mL/min/1.73m2
25860557,eGFR,89.46,LOINC: 33914-3,2014-01,mL/min/1.73m2
26766776,HbA1c,4.44,Glycated haemoglobin,2014-11,%
12595472,SBP,128.68,Systolic BP,2014-03,mmHg
20077976,eGFR,85.07,eGFR,2014-05,mL/min/1.73m2
31318352,HbA1c,4.65,HbA1c,2015-04,%
6403832,SBP,137.88,Systolic blood pressure,2013-03,mmHg
11548601,eGFR,86.67,LOINC: 33914-3,2014-04,mL/min/1.73m2
6281696,SBP,133.38,Systolic blood pressure,2014-04,mmHg
43961021,SBP,152.52,SBP,2016-08,mmHg
3006272,eGFR,90.01,eGFR,2016-08,mL/min/1.73m2
82937,HbA1c,5.13,Hb A1c,2014-12,%
10898777,HbA1c,3.83,Hb A1c,2013-06,%
591677,SBP,99.64,SBP,2012-07,mmHg
35089469,eGFR,82.7,Estimated GFR,2015-05,mL/min/1.73m2
28718777,SBP,104.01,SBP,2016-04,mmHg
63590717,HbA1c,4.82,Glycated haemoglobin,2015-05,%
12620072,SBP,129.15,Systolic blood pressure,2016-12,mmHg
14718944,eGFR,95.05,LOINC: 33914-3,2016-07,mL/min/1.73m2
5459672,HbA1c,5.36,Glycated haemoglobin,2014-02,%
28923344,SBP,115.04,SBP,2015-01,mmHg
41783741,eGFR,84.46,Estimated GFR,2015-06,mL/min/1.73m2
41604797,eGFR,79.99,eGFR,2015-07,mL/min/1.73m2
951176,SBP,141.5,SBP,2012-03,mmHg
17251481,eGFR,98.85,LOINC: 33914-3,2015-06,mL/min/1.73m2
33266969,HbA1c,5.43,HbA1c,2012-12,%
14639312,eGFR,68.31,Estimated GFR,2014-10,mL/min/1.73m2
4370816,SBP,151.67,Systolic BP,2014-07,mmHg
11702144,SBP,140.59,Systolic BP,2015-02,mmHg
1590221,HbA1c,5.47,Glycated haemoglobin,2016-01,%
24573401,eGFR,83.27,LOINC: 33914-3,2014-08,mL/min/1.73m2
25966361,SBP,127.29,SBP,2014-12,mmHg
73329677,HbA1c,5.21,Hb A1c,2015-03,%
9915641,eGFR,87.19,LOINC: 33914-3,2014-11,mL/min/1.73m2
28867481,SBP,122.15,Systolic BP,2012-06,mmHg
247376,SBP,127.47,Systolic BP,2016-07,mmHg
15773816,HbA1c,6.46,Hb A1c,2013-09,%
48626297,SBP,133.55,Systolic BP,2012-04,mmHg
4241432,SBP,126.93,SBP,2016-04,mmHg
4099952,eGFR,93.91,LOINC: 33914-3,2013-07,mL/min/1.73m2
2042144,SBP,133.46,Systolic BP,2012-02,mmHg
69639641,HbA1c,5.16,Hb A1c,2016-03,%
14573117,SBP,109.18,SBP,2016-08,mmHg
468344,HbA1c,4.48,Hb A1c,2012-12,%
17036336,HbA1c,4.94,HbA1c,2013-08,%
41203577,SBP,95.3,Systolic BP,2015-06,mmHg
33366944,eGFR,92.17,LOINC: 33914-3,2014-03,mL/min/1.73m2
6931469,HbA1c,4.09,Hb A1c,2014-06,%
43229117,SBP,136.47,Systolic blood pressure,2013-10,mmHg
6474152,SBP,121.31,Systolic blood pressure,2015-11,mmHg
62490557,eGFR,90.27,Estimated GFR,2016-11,mL/min/1.73m2
48529721,eGFR,79.4,eGFR,2013-09,mL/min/1.73m2
3864944,eGFR,87.97,Estimated GFR,2016-11,mL/min/1.73m2
54750221,eGFR,83.65,Estimated GFR,2015-12,mL/min/1.73m2
13318616,SBP,108.28,Systolic BP,2015-04,mmHg
64005752,SBP,123.07,Systolic BP,2014-07,mmHg
21563552,SBP,104.81,Systolic BP,2014-02,mmHg
871832,eGFR,85.95,LOINC: 33914-3,2015-03,mL/min/1.73m2
357344,SBP,115.26,Systolic blood pressure,2013-05,mmHg
35645696,eGFR,87.69,Estimated GFR,2013-12,mL/min/1.73m2
31473632,SBP,116.18,Systolic BP,2014-08,mmHg
6913241,eGFR,84.76,Estimated GFR,2014-06,mL/min/1.73m2
2834621,eGFR,84.75,eGFR,2012-07,mL/min/1.73m2
51146192,SBP,129.49,Systolic blood pressure,2012-12,mmHg
3307769,eGFR,81.11,eGFR,2014-09,mL/min/1.73m2
54852797,eGFR,87.35,Estimated GFR,2012-12,mL/min/1.73m2
4376,SBP,125.1,SBP,2014-11,mmHg
72501437,HbA1c,5.53,Hb A1c,2013-05,%
28404056,eGFR,80.1,eGFR,2013-12,mL/min/1.73m2
40099277,HbA1c,35.8,Hb A1c,2015-03,mmol/mol
11013437,SBP,115.92,SBP,2014-08,mmHg
4627961,SBP,106.92,Systolic BP,2015-03,mmHg
34557977,SBP,122.52,Systolic blood pressure,2015-06,mmHg
1920269,eGFR,89.28,eGFR,2013-03,mL/min/1.73m2
33547277,SBP,149.45,SBP,2013-06,mmHg
29862344,SBP,107.4,SBP,2012-01,mmHg
157592,SBP,148.14,Systolic BP,2012-05,mmHg
115517,eGFR,82.34,LOINC: 33914-3,2016-03,mL/min/1.73m2
47952281,HbA1c,4.83,HbA1c,2012-05,%
18585632,HbA1c,22.15,Glycated haemoglobin,2012-07,mmol/mol
10773344,HbA1c,4.73,Hb A1c,2016-04,%
66016712,SBP,110.97,Systolic blood pressure,2014-07,mmHg
395576,eGFR,86.75,LOINC: 33914-3,2012-09,mL/min/1.73m2
66778841,HbA1c,6.49,Glycated haemoglobin,2013-08,%
4113992,SBP,127.89,SBP,2016-04,mmHg
68803832,HbA1c,41.78,Glycated haemoglobin,2014-01,mmol/mol
23018969,eGFR,83.01,eGFR,2014-12,mL/min/1.73m2
578432,SBP,131.18,SBP,2015-11,mmHg
68258969,eGFR,88.1,LOINC: 33914-3,2013-05,mL/min/1.73m2
347069,eGFR,84.78,LOINC: 33914-3,2016-09,mL/min/1.73m2
3650096,HbA1c,6.71,Glycated haemoglobin,2015-10,%
45747344,HbA1c,7.34,Glycated haemoglobin,2013-03,%
37488944,eGFR,78.45,LOINC: 33914-3,2015-04,mL/min/1.73m2
15595469,eGFR,98.12,Estimated GFR,2012-11,mL/min/1.73m2
19676432,SBP,144.75,Systolic BP,2016-01,mmHg
52618301,SBP,148.43,Systolic BP,2013-12,mmHg
40252976,HbA1c,5.04,Glycated haemoglobin,2016-09,%
35666381,SBP,109.37,Systolic blood pressure,2013-03,mmHg
98552,HbA1c,5.02,HbA1c,2012-06,%
3988496,HbA1c,4.71,Hb A1c,2015-07,%
62956952,SBP,106.54,SBP,2014-05,mmHg
73448381,eGFR,87.35,LOINC: 33914-3,2016-05,mL/min/1.73m2
9601832,HbA1c,4.93,Hb A1c,2015-11,%
2528441,HbA1c,3.9,HbA1c,2013-08,%
41292569,HbA1c,6.91,Glycated haemoglobin,2012-02,%
34456232,SBP,136.99,Systolic BP,2015-11,mmHg
37425341,SBP,141.84,Systolic BP,2015-02,mmHg
6562592,eGFR,87.73,eGFR,2014-12,mL/min/1.73m2
12000269,eGFR,85.55,LOINC: 33914-3,2013-07,mL/min/1.73m2
49110617,eGFR,88.04,LOINC: 33914-3,2012-10,mL/min/1.73m2
632312,SBP,153.22,Systolic blood pressure,2014-06,mmHg
42910841,HbA1c,5.32,Glycated haemoglobin,2014-06,%
13154777,eGFR,85.85,LOINC: 33914-3,2013-01,mL/min/1.73m2
50184569,SBP,116.8,Systolic blood pressure,2013-08,mmHg
57763901,eGFR,92.42,eGFR,2015-11,mL/min/1.73m2
37087037,SBP,148.51,Systolic BP,2015-10,mmHg
32591117,eGFR,87.14,eGFR,2015-03,mL/min/1.73m2
941069,SBP,145.28,Systolic BP,2016-10,mmHg
25526936,HbA1c,4.19,HbA1c,2013-05,%
40959344,HbA1c,5.14,Glycated haemoglobin,2013-10,%
2441081,eGFR,89.17,Estimated GFR,2013-10,mL/min/1.73m2
66722237,eGFR,93.25,Estimated GFR,2016-11,mL/min/1.73m2
428921,eGFR,90.67,eGFR,2013-06,mL/min/1.73m2
16050176,HbA1c,6.08,Glycated haemoglobin,2014-04,%
29016569,HbA1c,5.09,Glycated haemoglobin,2012-10,%
3844541,SBP,136.62,Systolic blood pressure,2014-02,mmHg
56950616,SBP,125.36,Systolic BP,2013-10,mmHg
23722301,SBP,148.49,Systolic blood pressure,2015-09,mmHg
12595472,HbA1c,5.6,HbA1c,2013-12,%
14586344,HbA1c,5.37,Hb A1c,2016-04,%
31395944,eGFR,90.17,eGFR,2016-09,mL/min/1.73m2
15214781,HbA1c,6.06,HbA1c,2015-01,%
4334681,eGFR,87.37,Estimated GFR,2016-10,mL/min/1.73m2
41314832,eGFR,87.3,LOINC: 33914-3,2014-03,mL/min/1.73m2
2994272,SBP,132.72,SBP,2012-02,mmHg
55780301,eGFR,90.48,LOINC: 33914-3,2012-02,mL/min/1.73m2
61074701,HbA1c,4.69,Glycated haemoglobin,2012-11,%
7198472,eGFR,75.08,eGFR,2014-12,mL/min/1.73m2
38966717,SBP,126.15,Systolic BP,2012-07,mmHg
49402361,HbA1c,7.16,Glycated haemoglobin,2016-01,%
9861176,SBP,134.14,SBP,2015-08,mmHg
4568537,SBP,113.71,Systolic BP,2014-05,mmHg
19876697,eGFR,88.33,LOINC: 33914-3,2013-05,mL/min/1.73m2
10146032,HbA1c,3.55,Hb A1c,2013-09,%
38945096,eGFR,89.31,Estimated GFR,2014-08,mL/min/1.73m2
42458201,eGFR,94.5,Estimated GFR,2014-08,mL/min/1.73m2
3473597,HbA1c,6.16,HbA1c,2014-09,%
59514617,SBP,142.52,SBP,2013-08,mmHg
73656344,HbA1c,5.58,Glycated haemoglobin,2014-12,%
44675912,SBP,125.77,Systolic BP,2013-12,mmHg
1236761,eGFR,97.91,Estimated GFR,2016-04,mL/min/1.73m2
1461881,HbA1c,6.6,HbA1c,2015-02,%
744281,SBP,121.48,Systolic blood pressure,2015-05,mmHg
4121021,eGFR,89.69,eGFR,2014-01,mL/min/1.73m2
35501069,SBP,105.21,SBP,2014-05,mmHg
51752,SBP,117.46,Systolic blood pressure,2014-07,mmHg
17569469,eGFR,88.32,LOINC: 33914-3,2013-06,mL/min/1.73m2
40451021,eGFR,70.04,LOINC: 33914-3,2014-05,mL/min/1.73m2
38106557,eGFR,88.62,LOINC: 33914-3,2015-01,mL/min/1.73m2
1616537,eGFR,88.22,Estimated GFR,2012-02,mL/min/1.73m2
2203616,SBP,110.66,SBP,2016-09,mmHg
29616761,eGFR,96.29,eGFR,2016-10,mL/min/1.73m2
5930777,SBP,114.22,Systolic BP,2014-08,mmHg
13803344,HbA1c,5.21,HbA1c,2013-09,%
1603352,SBP,108.98,SBP,2012-10,mmHg
28979261,HbA1c,6.83,Hb A1c,2012-05,%
640601,HbA1c,30.28,Hb A1c,2016-07,mmol/mol
296,eGFR,67.98,LOINC: 33914-3,2016-05,mL/min/1.73m2
70306112,SBP,153.87,Systolic BP,2016-11,mmHg
7844336,HbA1c,4.29,Hb A1c,2012-10,%
54417512,HbA1c,3.73,Hb A1c,2012-11,%
1992944,eGFR,91.28,eGFR,2013-02,mL/min/1.73m2
69755321,HbA1c,5.01,Hb A1c,2016-09,%
61155944,HbA1c,5.58,HbA1c,2014-02,%
1009469,eGFR,87.42,eGFR,2012-04,mL/min/1.73m2
13154777,SBP,98.95,SBP,2015-03,mmHg
56143097,eGFR,84.74,LOINC: 33914-3,2016-05,mL/min/1.73m2
72914969,eGFR,95.34,LOINC: 33914-3,2012-03,mL/min/1.73m2
60777272,SBP,131.57,Systolic BP,2015-09,mmHg
55058237,HbA1c,4.99,HbA1c,2015-11,%
41359376,eGFR,83.55,Estimated GFR,2014-08,mL/min/1.73m2
10390232,SBP,127.98,Systolic BP,2015-07,mmHg
193817,eGFR,88.82,Estimated GFR,2014-11,mL/min/1.73m2
74102969,HbA1c,4.61,Hb A1c,2012-05,%
38815496,SBP,109.46,Systolic BP,2012-02,mmHg
4961657,eGFR,82.07,LOINC: 33914-3,2013-11,mL/min/1.73m2
13906496,HbA1c,6.01,Glycated haemoglobin,2015-04,%
6456536,HbA1c,5.51,HbA1c,2015-07,%
22228121,eGFR,80.02,eGFR,2014-10,mL/min/1.73m2
31202144,SBP,102.84,Systolic BP,2014-08,mmHg
19278944,HbA1c,4.89,HbA1c,2013-09,%
52718861,HbA1c,3.4,HbA1c,2014-08,%
964736,SBP,129.76,SBP,2016-04,mmHg
376217,SBP,111.98,Systolic BP,2014-09,mmHg
42300344,SBP,132.37,Systolic BP,2012-08,mmHg
11892512,eGFR,83.52,eGFR,2016-03,mL/min/1.73m2
988697,HbA1c,4.9,HbA1c,2014-11,%
13751912,HbA1c,4.81,Hb A1c,2014-06,%
18332621,HbA1c,5.54,Glycated haemoglobin,2012-02,%
71619257,HbA1c,4.9,Hb A1c,2016-12,%
3531944,HbA1c,6.49,HbA1c,2015-10,%
61101776,SBP,143.61,Systolic BP,2013-07,mmHg
67573817,SBP,112.91,Systolic BP,2014-07,mmHg
1023437,eGFR,93.06,eGFR,2015-03,mL/min/1.73m2
2759312,HbA1c,5.75,Hb A1c,2012-05,%
13496192,HbA1c,6.88,Glycated haemoglobin,2015-02,%
269,SBP,105.18,Systolic blood pressure,2015-10,mmHg
1275581,SBP,131.91,SBP,2016-12,mmHg
207776,SBP,108.08,Systolic BP,2012-08,mmHg
6750269,SBP,96.53,Systolic BP,2013-02,mmHg
27852896,eGFR,79.36,LOINC: 33914-3,2012-12,mL/min/1.73m2
7235696,eGFR,85.98,eGFR,2014-09,mL/min/1.73m2
16384976,HbA1c,3.81,Glycated haemoglobin,2014-06,%
4291517,HbA1c,4.76,HbA1c,2012-09,%
53882201,HbA1c,4.74,HbA1c,2014-08,%
250832,eGFR,100.25,Estimated GFR,2016-09,mL/min/1.73m2
34864112,SBP,111.33,Systolic blood pressure,2014-12,mmHg
6660569,eGFR,85.66,LOINC: 33914-3,2015-06,mL/min/1.73m2
8680472,HbA1c,5.64,Glycated haemoglobin,2014-03,%
511976,SBP,124.73,Systolic BP,2012-04,mmHg
40627469,eGFR,91.77,LOINC: 33914-3,2012-04,mL/min/1.73m2
957944,eGFR,85.99,Estimated GFR,2013-08,mL/min/1.73m2
27433997,SBP,131.69,SBP,2013-01,mmHg
30566861,eGFR,87.6,Estimated GFR,2014-07,mL/min/1.73m2
9505469,SBP,111.24,SBP,2016-11,mmHg
1299161,SBP,101.18,SBP,2014-10,mmHg
5467769,HbA1c,4.36,Glycated haemoglobin,2014-07,%
2567144,HbA1c,4.57,Hb A1c,2012-05,%
347069,HbA1c,6.4,Hb A1c,2013-04,%
12423944,eGFR,81.62,LOINC: 33914-3,2014-05,mL/min/1.73m2
18056,SBP,115.98,SBP,2016-02,mmHg
16751576,SBP,129.93,SBP,2012-10,mmHg
12156776,eGFR,83.9,Estimated GFR,2015-02,mL/min/1.73m2
62490557,HbA1c,3.9,Hb A1c,2012-01,%
1487117,HbA1c,4.37,HbA1c,2015-09,%
11163392,SBP,148.23,SBP,2014-10,mmHg
49768256,eGFR,87.21,eGFR,2015-02,mL/min/1.73m2
36771272,eGFR,80.32,LOINC: 33914-3,2012-08,mL/min/1.73m2
2457344,HbA1c,5.27,Hb A1c,2013-10,%
1978301,SBP,116.78,Systolic BP,2012-07,mmHg
41918201,SBP,138.63,Systolic BP,2013-05,mmHg
1005992,eGFR,85.57,Estimated GFR,2012-07,mL/min/1.73m2
9030944,eGFR,89.57,Estimated GFR,2016-11,mL/min/1.73m2
4869497,SBP,105.44,Systolic blood pressure,2014-06,mmHg
28219736,HbA1c,5.34,Hb A1c,2015-01,%
9634061,eGFR,84.77,eGFR,2015-07,mL/min/1.73m2
51892112,eGFR,90.3,LOINC: 33914-3,2012-02,mL/min/1.73m2
4923152,HbA1c,5.48,HbA1c,2014-12,%
15527144,HbA1c,4.83,Glycated haemoglobin,2013-09,%
2371232,HbA1c,5.25,HbA1c,2014-05,%
31590344,eGFR,89.86,Estimated GFR,2013-02,mL/min/1.73m2
64255421,eGFR,82.29,Estimated GFR,2014-04,mL/min/1.73m2
5346944,eGFR,89.46,LOINC: 33914-3,2015-04,mL/min/1.73m2
4992569,SBP,103.88,SBP,2015-08,mmHg
38535437,eGFR,87.61,LOINC: 33914-3,2013-08,mL/min/1.73m2
1073081,SBP,144.17,SBP,2015-07,mmHg
74940281,SBP,125.37,Systolic blood pressure,2013-01,mmHg
6075056,eGFR,86.55,Estimated GFR,2015-08,mL/min/1.73m2
28570457,SBP,141.22,Systolic blood pressure,2013-04,mmHg
19784141,eGFR,88.64,Estimated GFR,2012-07,mL/min/1.73m2
10875917,HbA1c,4.39,Hb A1c,2014-04,%
1546841,SBP,114.94,SBP,2014-05,mmHg
31493069,HbA1c,5.03,Hb A1c,2014-09,%
2958416,eGFR,76.1,Estimated GFR,2013-07,mL/min/1.73m2
1742201,SBP,121.98,SBP,2014-09,mmHg
61183037,SBP,138.56,SBP,2015-09,mmHg
45349901,HbA1c,5.77,Glycated haemoglobin,2014-03,%
2511944,eGFR,78.95,eGFR,2016-03,mL/min/1.73m2
44977421,HbA1c,4.72,Hb A1c,2012-10,%
36792281,SBP,146.98,SBP,2015-03,mmHg
6831512,SBP,131.48,SBP,2014-07,mmHg
30854816,eGFR,94.31,Estimated GFR,2016-08,mL/min/1.73m2
4142144,SBP,142.02,Systolic blood pressure,2016-04,mmHg
7013792,SBP,104.2,Systolic BP,2014-03,mmHg
23218841,SBP,128.63,Systolic BP,2012-09,mmHg
7329176,SBP,125.64,Systolic BP,2016-10,mmHg
31707272,HbA1c,5.02,HbA1c,2012-02,%
49421,SBP,118.02,SBP,2016-09,mmHg
13167344,eGFR,96.91,eGFR,2012-07,mL/min/1.73m2
15773816,eGFR,86.79,Estimated GFR,2013-04,mL/min/1.73m2
16413032,HbA1c,5.71,HbA1c,2013-11,%
44560217,HbA1c,3.57,HbA1c,2014-05,%
2451917,eGFR,90.68,eGFR,2014-07,mL/min/1.73m2
2414096,eGFR,90.05,Estimated GFR,2016-02,mL/min/1.73m2
121472,HbA1c,5.42,Glycated haemoglobin,2016-04,%
104057,HbA1c,6.44,HbA1c,2016-11,%
1160921,eGFR,97.38,eGFR,2015-09,mL/min/1.73m2
48989312,eGFR,76.64,Estimated GFR,2014-01,mL/min/1.73m2
23501,SBP,142.88,SBP,2016-02,mmHg
49743821,HbA1c,5.79,Glycated haemoglobin,2015-09,%
47593136,SBP,126.57,Systolic BP,2012-08,mmHg
6438944,SBP,105.32,Systolic blood pressure,2014-10,mmHg
5606336,SBP,134.58,Systolic BP,2013-11,mmHg
38988344,HbA1c,5.59,HbA1c,2014-02,%
19111997,SBP,109.87,Systolic BP,2013-06,mmHg
51892112,SBP,109.27,Systolic blood pressure,2015-10,mmHg
15732569,eGFR,93.46,eGFR,2014-02,mL/min/1.73m2
46736696,SBP,138.56,Systolic blood pressure,2012-05,mmHg
15540797,SBP,119.25,Systolic blood pressure,2013-01,mmHg
66213881,eGFR,79.36,LOINC: 33914-3,2012-02,mL/min/1.73m2
174512,eGFR,97.18,LOINC: 33914-3,2013-04,mL/min/1.73m2
71883344,HbA1c,5.76,HbA1c,2013-01,%
6607037,eGFR,89.77,eGFR,2014-02,mL/min/1.73m2
23335832,HbA1c,5.48,Glycated haemoglobin,2016-04,%
4538969,SBP,117.36,SBP,2013-08,mmHg
17022041,SBP,144.38,SBP,2015-06,mmHg
138944,eGFR,81.75,eGFR,2012-05,mL/min/1.73m2
30605177,SBP,163.6,Systolic BP,2012-07,mmHg
2408717,SBP,160.46,Systolic blood pressure,2012-06,mmHg
330941,SBP,131.55,Systolic blood pressure,2015-08,mmHg
28904717,SBP,122.7,Systolic BP,2016-01,mmHg
13687757,eGFR,80.9,Estimated GFR,2012-05,mL/min/1.73m2
50192,HbA1c,3.68,Hb A1c,2014-08,%
20140112,eGFR,90.19,eGFR,2016-03,mL/min/1.73m2
48336857,SBP,133.45,Systolic BP,2015-04,mmHg
25004576,eGFR,75.05,eGFR,2015-02,mL/min/1.73m2
59061176,SBP,98.47,SBP,2015-04,mmHg
1271672,SBP,120.0,Systolic BP,2013-05,mmHg
56428976,HbA1c,4.42,Hb A1c,2012-07,%
70277069,SBP,117.83,Systolic blood pressure,2013-01,mmHg
5549069,SBP,129.96,SBP,2012-11,mmHg
61264352,SBP,120.36,Systolic BP,2013-11,mmHg
1765136,HbA1c,3.78,Glycated haemoglobin,2015-12,%
1820792,SBP,98.74,Systolic BP,2016-04,mmHg
957944,HbA1c,4.73,HbA1c,2012-06,%
3995417,HbA1c,5.08,Hb A1c,2015-03,%
8381,HbA1c,4.59,HbA1c,2016-12,%
3610496,HbA1c,4.89,Glycated haemoglobin,2013-05,%
1457696,HbA1c,4.58,Hb A1c,2014-10,%
11868632,eGFR,91.04,Estimated GFR,2015-10,mL/min/1.73m2
1283417,SBP,127.21,SBP,2012-06,mmHg
38063801,eGFR,78.48,Estimated GFR,2014-08,mL/min/1.73m2
26910344,SBP,117.67,SBP,2016-04,mmHg
52016957,SBP,117.02,Systolic blood pressure,2016-02,mmHg
26784701,SBP,133.85,Systolic blood pressure,2014-06,mmHg
135101,SBP,131.28,Systolic BP,2016-09,mmHg
3783656,HbA1c,4.68,Glycated haemoglobin,2013-12,%
3048461,eGFR,84.07,Estimated GFR,2015-07,mL/min/1.73m2
470717,eGFR,87.03,Estimated GFR,2015-04,mL/min/1.73m2
41783741,HbA1c,5.02,Hb A1c,2014-06,%
52718861,eGFR,83.84,eGFR,2012-09,mL/min/1.73m2
7661081,HbA1c,4.78,Glycated haemoglobin,2014-10,%
47187737,eGFR,81.4,LOINC: 33914-3,2012-01,mL/min/1.73m2
1202336,eGFR,90.72,eGFR,2016-11,mL/min/1.73m2
31454201,SBP,133.3,SBP,2013-05,mmHg
55987469,HbA1c,4.72,Hb A1c,2014-04,%
2017469,eGFR,92.28,LOINC: 33914-3,2015-07,mL/min/1.73m2
38449469,HbA1c,3.57,HbA1c,2016-01,%
7776569,HbA1c,4.18,HbA1c,2014-08,%
41761352,HbA1c,4.23,Glycated haemoglobin,2015-03,%
45373232,eGFR,89.23,Estimated GFR,2014-02,mL/min/1.73m2
11396072,eGFR,97.19,eGFR,2015-08,mL/min/1.73m2
458912,eGFR,85.45,LOINC: 33914-3,2014-11,mL/min/1.73m2
46099469,SBP,132.07,Systolic BP,2014-10,mmHg
68775101,SBP,126.08,Systolic BP,2016-03,mmHg
22572416,HbA1c,4.91,HbA1c,2012-07,%
51096656,SBP,129.92,SBP,2016-10,mmHg
62477,HbA1c,5.91,Hb A1c,2016-10,%
11047952,eGFR,91.01,LOINC: 33914-3,2013-03,mL/min/1.73m2
49232072,eGFR,75.93,Estimated GFR,2014-04,mL/min/1.73m2
34659872,eGFR,90.66,Estimated GFR,2016-10,mL/min/1.73m2
33147197,HbA1c,7.03,Hb A1c,2012-04,%
27524792,SBP,117.44,Systolic BP,2014-05,mmHg
16979192,SBP,133.54,Systolic BP,2012-04,mmHg
12289997,eGFR,84.31,eGFR,2013-12,mL/min/1.73m2
15079961,eGFR,89.84,LOINC: 33914-3,2016-05,mL/min/1.73m2
3060569,HbA1c,7.56,Glycated haemoglobin,2013-07,%
62627552,eGFR,72.96,LOINC: 33914-3,2012-05,mL/min/1.73m2
64951496,SBP,107.54,SBP,2015-08,mmHg
7951421,eGFR,87.95,LOINC: 33914-3,2016-01,mL/min/1.73m2
2468216,eGFR,80.58,Estimated GFR,2013-05,mL/min/1.73m2
63342344,HbA1c,4.45,HbA1c,2016-12,%
19248536,eGFR,85.86,LOINC: 33914-3,2012-01,mL/min/1.73m2
44167976,HbA1c,5.5,Glycated haemoglobin,2014-06,%
565337,HbA1c,5.07,Glycated haemoglobin,2014-07,%
48168416,eGFR,77.7,eGFR,2014-04,mL/min/1.73m2
31804877,HbA1c,4.82,Glycated haemoglobin,2014-02,%
127577,eGFR,88.81,LOINC: 33914-3,2016-08,mL/min/1.73m2
954557,SBP,139.06,Systolic BP,2016-11,mmHg
28681661,HbA1c,4.96,HbA1c,2012-03,%
11654792,HbA1c,4.59,HbA1c,2016-10,%
63728912,SBP,114.27,Systolic blood pressure,2014-01,mmHg
4620512,SBP,128.55,Systolic BP,2015-08,mmHg
39096569,eGFR,90.55,Estimated GFR,2014-07,mL/min/1.73m2
5771576,eGFR,77.86,eGFR,2014-07,mL/min/1.73m2
73478072,SBP,137.73,SBP,2015-11,mmHg
8937497,HbA1c,4.06,Glycated haemoglobin,2013-09,%
21676301,HbA1c,4.37,Glycated haemoglobin,2016-08,%
39880217,eGFR,86.53,LOINC: 33914-3,2014-01,mL/min/1.73m2
5054681,HbA1c,3.97,HbA1c,2013-10,%
24453344,HbA1c,4.57,Glycated haemoglobin,2013-06,%
8609177,HbA1c,4.0,Hb A1c,2012-06,%
5816,HbA1c,3.7,Glycated haemoglobin,2015-09,%
14969,HbA1c,7.0,HbA1c,2014-09,%
2446496,HbA1c,5.54,Glycated haemoglobin,2015-12,%
1896344,SBP,120.14,Systolic blood pressure,2014-11,mmHg
3072701,SBP,128.65,Systolic blood pressure,2016-07,mmHg
61372856,eGFR,72.59,LOINC: 33914-3,2013-10,mL/min/1.73m2
42097817,eGFR,92.97,Estimated GFR,2014-10,mL/min/1.73m2
50430269,HbA1c,4.79,HbA1c,2013-09,%
3617081,eGFR,86.21,Estimated GFR,2016-02,mL/min/1.73m2
7661081,eGFR,91.51,eGFR,2012-08,mL/min/1.73m2
43961021,eGFR,81.98,eGFR,2014-03,mL/min/1.73m2
2840456,HbA1c,6.37,Hb A1c,2012-11,%
16652477,HbA1c,4.22,HbA1c,2013-07,%
10712,HbA1c,4.45,Hb A1c,2015-01,%
1568456,SBP,141.36,Systolic blood pressure,2012-11,mmHg
16581872,SBP,95.05,SBP,2012-12,mmHg
1538237,SBP,160.66,Systolic BP,2015-03,mmHg
17064944,HbA1c,6.44,HbA1c,2014-05,%
26946296,HbA1c,4.29,Hb A1c,2015-04,%
22919357,HbA1c,14.76,HbA1c,2012-02,mmol/mol
2628557,SBP,107.9,Systolic blood pressure,2012-02,mmHg
74760461,HbA1c,4.57,Hb A1c,2016-08,%
57055232,HbA1c,3.76,Hb A1c,2013-08,%
594344,HbA1c,4.93,HbA1c,2012-06,%
4770632,SBP,132.61,Systolic BP,2014-06,mmHg
2281421,HbA1c,4.76,Hb A1c,2015-07,%
9796016,eGFR,86.61,eGFR,2014-10,mL/min/1.73m2
34070969,HbA1c,5.33,Glycated haemoglobin,2015-05,%
4546352,HbA1c,5.29,HbA1c,2013-05,%
3953981,eGFR,88.89,LOINC: 33914-3,2012-02,mL/min/1.73m2
24866192,eGFR,85.17,Estimated GFR,2012-04,mL/min/1.73m2
13867769,HbA1c,5.28,Hb A1c,2014-06,%
127577,HbA1c,53.7,Hb A1c,2014-03,mmol/mol
3544976,HbA1c,4.89,Hb A1c,2016-09,%
3006272,SBP,137.99,Systolic blood pressure,2012-08,mmHg
37404152,SBP,107.49,SBP,2012-11,mmHg
937712,eGFR,87.66,Estimated GFR,2013-10,mL/min/1.73m2
21227069,SBP,127.82,Systolic BP,2016-01,mmHg
5435417,eGFR,80.4,Estimated GFR,2012-09,mL/min/1.73m2
47952281,eGFR,86.31,eGFR,2014-10,mL/min/1.73m2
7680269,HbA1c,4.32,Glycated haemoglobin,2016-04,%
29672,HbA1c,5.2,Hb A1c,2012-12,%
17022041,eGFR,90.25,LOINC: 33914-3,2014-03,mL/min/1.73m2
397757,eGFR,85.37,eGFR,2016-05,mL/min/1.73m2
1037,eGFR,79.05,LOINC: 33914-3,2012-03,mL/min/1.73m2
17107901,SBP,144.69,Systolic BP,2015-12,mmHg
122681,SBP,129.11,Systolic BP,2013-08,mmHg
24693752,SBP,148.46,SBP,2015-06,mmHg
34172144,HbA1c,5.42,Glycated haemoglobin,2012-02,%
7718717,HbA1c,5.37,Hb A1c,2015-11,%
27743312,HbA1c,5.31,HbA1c,2015-02,%
24521912,HbA1c,32.32,HbA1c,2014-02,mmol/mol
17642144,HbA1c,4.29,HbA1c,2012-11,%
21211112,SBP,116.26,Systolic BP,2014-02,mmHg
18915632,SBP,110.08,Systolic BP,2012-02,mmHg
951176,HbA1c,6.98,HbA1c,2014-03,%
78032,HbA1c,5.16,Glycated haemoglobin,2016-05,%
6169337,eGFR,77.08,Estimated GFR,2013-11,mL/min/1.73m2
14918969,SBP,125.16,SBP,2014-11,mmHg
3152,HbA1c,5.62,HbA1c,2012-08,%
1834841,SBP,115.71,Systolic BP,2016-05,mmHg
47282969,SBP,126.22,Systolic BP,2016-12,mmHg
23118797,eGFR,85.25,eGFR,2013-05,mL/min/1.73m2
14467517,HbA1c,3.74,Glycated haemoglobin,2014-08,%
65876057,eGFR,87.89,LOINC: 33914-3,2016-03,mL/min/1.73m2
68430797,eGFR,84.4,Estimated GFR,2015-05,mL/min/1.73m2
1802144,eGFR,78.53,eGFR,2016-01,mL/min/1.73m2
6049469,eGFR,85.13,eGFR,2015-01,mL/min/1.73m2
70625981,HbA1c,5.51,Glycated haemoglobin,2015-07,%
21724712,eGFR,82.98,LOINC: 33914-3,2012-10,mL/min/1.73m2
22819961,SBP,136.61,SBP,2016-05,mmHg
16469216,eGFR,96.45,Estimated GFR,2015-06,mL/min/1.73m2
66892121,HbA1c,5.22,Hb A1c,2012-12,%
46170056,HbA1c,5.79,HbA1c,2016-09,%
59675069,HbA1c,4.81,HbA1c,2015-07,%
657341,SBP,155.65,Systolic blood pressure,2014-05,mmHg
14401712,SBP,124.51,Systolic blood pressure,2014-09,mmHg
14179097,SBP,119.15,SBP,2016-10,mmHg
9828569,HbA1c,5.98,Glycated haemoglobin,2012-04,%
30146969,SBP,106.61,Systolic BP,2015-12,mmHg
4832,eGFR,89.78,LOINC: 33914-3,2016-11,mL/min/1.73m2
5655656,eGFR,94.16,LOINC: 33914-3,2016-02,mL/min/1.73m2
68660237,eGFR,85.62,Estimated GFR,2015-04,mL/min/1.73m2
18930701,eGFR,89.8,Estimated GFR,2013-03,mL/min/1.73m2
1934696,SBP,119.56,SBP,2012-04,mmHg
28404056,HbA1c,4.14,HbA1c,2013-07,%
165944,HbA1c,6.32,HbA1c,2016-02,%
48457352,HbA1c,5.04,HbA1c,2016-10,%
9861176,HbA1c,4.18,HbA1c,2015-01,%
15856472,eGFR,90.28,Estimated GFR,2012-08,mL/min/1.73m2
61616,eGFR,72.87,LOINC: 33914-3,2014-05,mL/min/1.73m2
7432697,eGFR,87.54,eGFR,2016-12,mL/min/1.73m2
468344,SBP,97.31,Systolic BP,2015-10,mmHg
32571344,HbA1c,4.06,HbA1c,2012-02,%
156221,eGFR,76.54,eGFR,2016-12,mL/min/1.73m2
14772152,HbA1c,5.57,Glycated haemoglobin,2016-04,%
44791757,HbA1c,4.48,HbA1c,2012-11,%
2270969,HbA1c,7.46,Glycated haemoglobin,2016-01,%
19969469,HbA1c,36.21,HbA1c,2014-12,mmol/mol
19051469,eGFR,80.25,LOINC: 33914-3,2012-11,mL/min/1.73m2
28422521,eGFR,95.83,eGFR,2015-03,mL/min/1.73m2
39400397,SBP,140.64,Systolic blood pressure,2014-04,mmHg
22919357,eGFR,94.1,LOINC: 33914-3,2014-08,mL/min/1.73m2
1062344,HbA1c,4.61,Hb A1c,2014-02,%
15513497,eGFR,88.71,LOINC: 33914-3,2016-04,mL/min/1.73m2
54162272,eGFR,94.55,LOINC: 33914-3,2013-04,mL/min/1.73m2
351161,HbA1c,3.87,Glycated haemoglobin,2012-11,%
2012552,SBP,123.45,Systolic blood pressure,2016-01,mmHg
69379712,SBP,114.7,Systolic BP,2013-01,mmHg
2403344,HbA1c,4.21,HbA1c,2013-02,%
146792,HbA1c,4.64,Hb A1c,2013-05,%
60831296,SBP,104.53,Systolic blood pressure,2012-11,mmHg
225497,SBP,141.85,SBP,2015-02,mmHg
18051896,SBP,146.04,Systolic blood pressure,2012-10,mmHg
32334536,HbA1c,4.97,Hb A1c,2014-04,%
33027641,eGFR,85.0,LOINC: 33914-3,2015-02,mL/min/1.73m2
11666621,eGFR,84.15,LOINC: 33914-3,2014-01,mL/min/1.73m2
4509497,HbA1c,4.93,HbA1c,2016-05,%
27452144,eGFR,73.16,eGFR,2012-08,mL/min/1.73m2
9377741,SBP,140.28,Systolic blood pressure,2012-04,mmHg
22146536,SBP,110.58,Systolic blood pressure,2013-05,mmHg
27506621,SBP,113.12,SBP,2015-08,mmHg
7680269,SBP,136.33,Systolic blood pressure,2014-05,mmHg
40892861,HbA1c,5.7,HbA1c,2013-12,%
68230352,eGFR,83.89,Estimated GFR,2015-04,mL/min/1.73m2
52794344,eGFR,89.06,Estimated GFR,2015-02,mL/min/1.73m2
44490872,SBP,125.38,Systolic BP,2016-02,mmHg
20249081,SBP,126.55,Systolic blood pressure,2013-09,mmHg
43640057,SBP,146.27,SBP,2016-08,mmHg
11186552,eGFR,95.8,LOINC: 33914-3,2012-04,mL/min/1.73m2
20140112,SBP,126.77,Systolic BP,2012-01,mmHg
25702256,eGFR,82.22,Estimated GFR,2015-11,mL/min/1.73m2
13893581,eGFR,89.85,LOINC: 33914-3,2012-12,mL/min/1.73m2
23002352,eGFR,87.73,Estimated GFR,2014-09,mL/min/1.73m2
23202152,HbA1c,4.47,HbA1c,2012-08,%
34030541,SBP,135.06,SBP,2013-10,mmHg
35769896,HbA1c,3.17,HbA1c,2014-10,%
24419096,eGFR,91.47,LOINC: 33914-3,2015-07,mL/min/1.73m2
3358361,SBP,104.57,Systolic blood pressure,2015-07,mmHg
46500176,HbA1c,4.13,Hb A1c,2013-07,%
38576,HbA1c,4.45,Glycated haemoglobin,2015-05,%
24642137,SBP,144.06,Systolic blood pressure,2012-09,mmHg
11279432,eGFR,86.66,Estimated GFR,2012-05,mL/min/1.73m2
4755512,SBP,107.41,Systolic blood pressure,2015-09,mmHg
44191001,eGFR,79.75,Estimated GFR,2014-11,mL/min/1.73m2
25561952,eGFR,88.9,LOINC: 33914-3,2015-12,mL/min/1.73m2
20750969,HbA1c,4.04,Hb A1c,2012-07,%
29862344,eGFR,95.39,Estimated GFR,2015-06,mL/min/1.73m2
2765069,eGFR,81.42,eGFR,2014-05,mL/min/1.73m2
68918816,HbA1c,4.7,Hb A1c,2016-10,%
18406856,HbA1c,4.58,Hb A1c,2015-09,%
73033337,HbA1c,4.68,Glycated haemoglobin,2015-04,%
37531376,SBP,139.67,Systolic blood pressure,2013-07,mmHg
12411737,HbA1c,7.99,Glycated haemoglobin,2013-03,%
303641,SBP,120.06,Systolic BP,2013-09,mmHg
18511037,HbA1c,3.96,Glycated haemoglobin,2014-09,%
8407097,eGFR,82.84,Estimated GFR,2012-11,mL/min/1.73m2
5939216,HbA1c,5.2,Hb A1c,2014-10,%
26641469,HbA1c,4.21,Glycated haemoglobin,2014-11,%
22113944,SBP,119.79,SBP,2014-03,mmHg
732377,SBP,93.86,Systolic blood pressure,2016-10,mmHg
35048441,eGFR,83.89,LOINC: 33914-3,2015-02,mL/min/1.73m2
47306792,HbA1c,4.89,HbA1c,2013-08,%
8118344,SBP,163.57,Systolic blood pressure,2016-09,mmHg
36939512,HbA1c,5.9,HbA1c,2012-10,%
49499801,SBP,135.14,Systolic blood pressure,2014-02,mmHg
72089081,eGFR,77.28,eGFR,2014-03,mL/min/1.73m2
44052941,SBP,108.32,Systolic BP,2013-12,mmHg
9051776,HbA1c,4.49,Hb A1c,2013-05,%
32967944,HbA1c,4.31,Glycated haemoglobin,2013-08,%
12217241,SBP,107.99,SBP,2014-11,mmHg
7786232,eGFR,82.81,LOINC: 33914-3,2014-04,mL/min/1.73m2
382616,eGFR,78.79,LOINC: 33914-3,2014-06,mL/min/1.73m2
15828896,eGFR,89.2,Estimated GFR,2013-06,mL/min/1.73m2
16022432,eGFR,74.61,Estimated GFR,2013-05,mL/min/1.73m2
1983176,HbA1c,3.53,Hb A1c,2015-04,%
53172569,HbA1c,4.81,Glycated haemoglobin,2016-02,%
18960857,eGFR,98.38,Estimated GFR,2016-09,mL/min/1.73m2
34131656,HbA1c,4.43,HbA1c,2012-07,%
422144,HbA1c,4.51,HbA1c,2014-02,%
56507069,HbA1c,3.98,Hb A1c,2013-02,%
2349944,HbA1c,5.63,Glycated haemoglobin,2013-09,%
9314201,HbA1c,5.02,Glycated haemoglobin,2012-11,%
70219001,HbA1c,4.06,HbA1c,2014-03,%
7769,HbA1c,5.04,Hb A1c,2014-09,%
25112,eGFR,84.04,eGFR,2013-01,mL/min/1.73m2
125117,SBP,106.63,Systolic blood pressure,2016-11,mmHg
65342936,eGFR,66.49,Estimated GFR,2014-04,mL/min/1.73m2
30089936,HbA1c,41.08,Hb A1c,2013-02,mmol/mol
444944,HbA1c,3.4,HbA1c,2016-08,%
12168857,SBP,139.1,Systolic blood pressure,2016-02,mmHg
70335161,HbA1c,4.3,Glycated haemoglobin,2012-10,%
68344856,HbA1c,4.47,Hb A1c,2012-10,%
67232537,HbA1c,4.19,HbA1c,2012-11,%
12253592,HbA1c,4.88,HbA1c,2016-01,%
54264296,HbA1c,6.88,Glycated haemoglobin,2015-12,%
25579469,HbA1c,5.03,Glycated haemoglobin,2012-05,%
5913917,eGFR,79.73,eGFR,2012-09,mL/min/1.73m2
35728472,HbA1c,6.89,HbA1c,2015-12,%
25195481,eGFR,60.94,eGFR,2013-11,mL/min/1.73m2
8721344,SBP,132.44,Systolic blood pressure,2013-12,mmHg
47402144,eGFR,77.14,LOINC: 33914-3,2016-06,mL/min/1.73m2
1123901,eGFR,85.48,Estimated GFR,2013-07,mL/min/1.73m2
13649336,HbA1c,3.79,HbA1c,2015-09,%
717632,eGFR,96.35,LOINC: 33914-3,2012-11,mL/min/1.73m2
14035976,HbA1c,3.73,Hb A1c,2016-03,%
39226637,SBP,131.61,Systolic blood pressure,2014-10,mmHg
46099469,eGFR,88.81,eGFR,2015-07,mL/min/1.73m2
42120296,HbA1c,7.35,HbA1c,2016-10,%
60319037,HbA1c,5.22,Glycated haemoglobin,2016-05,%
51991976,HbA1c,4.67,HbA1c,2013-09,%
24077936,HbA1c,5.78,HbA1c,2014-11,%
992144,SBP,119.75,Systolic BP,2013-12,mmHg
41336,SBP,93.26,Systolic BP,2012-04,mmHg
55728569,HbA1c,37.18,HbA1c,2013-12,mmol/mol
58556441,SBP,102.38,Systolic blood pressure,2015-12,mmHg
17671256,SBP,117.42,SBP,2014-11,mmHg
1592,eGFR,85.73,Estimated GFR,2014-04,mL/min/1.73m2
1157192,HbA1c,4.39,Glycated haemoglobin,2016-05,%
59782157,SBP,114.0,Systolic blood pressure,2015-04,mmHg
10168112,SBP,98.29,Systolic BP,2016-11,mmHg
40583321,SBP,118.0,SBP,2015-04,mmHg
58265216,eGFR,86.22,LOINC: 33914-3,2012-07,mL/min/1.73m2
27234776,HbA1c,4.12,Glycated haemoglobin,2012-11,%
47235341,eGFR,89.24,eGFR,2016-03,mL/min/1.73m2
47976272,eGFR,97.62,Estimated GFR,2016-05,mL/min/1.73m2
72206777,eGFR,73.53,eGFR,2015-08,mL/min/1.73m2
8346941,SBP,119.96,SBP,2013-10,mmHg
57500921,HbA1c,6.6,Hb A1c,2013-03,%
21886472,SBP,100.18,Systolic BP,2012-07,mmHg
28146176,eGFR,91.02,Estimated GFR,2012-07,mL/min/1.73m2
24214112,SBP,111.93,Systolic BP,2013-06,mmHg
11478077,eGFR,81.48,eGFR,2016-04,mL/min/1.73m2
10944569,SBP,140.8,Systolic blood pressure,2016-03,mmHg
59514617,HbA1c,5.99,Hb A1c,2015-05,%
48216512,HbA1c,5.12,Glycated haemoglobin,2012-10,%
84941,HbA1c,4.87,Hb A1c,2013-05,%
39204944,HbA1c,5.86,Glycated haemoglobin,2014-10,%
37232,HbA1c,5.33,HbA1c,2013-08,%
9420221,SBP,140.09,SBP,2014-01,mmHg
59354381,SBP,115.95,Systolic blood pressure,2016-06,mmHg
10057952,eGFR,83.71,Estimated GFR,2012-08,mL/min/1.73m2
38385056,HbA1c,4.36,Hb A1c,2015-03,%
49475432,HbA1c,5.27,Glycated haemoglobin,2012-02,%
60858317,HbA1c,4.56,Glycated haemoglobin,2014-11,%
10910216,SBP,118.32,Systolic BP,2012-05,mmHg
30970376,eGFR,83.46,eGFR,2016-11,mL/min/1.73m2
1638632,eGFR,86.82,LOINC: 33914-3,2012-10,mL/min/1.73m2
38858672,SBP,136.46,Systolic BP,2014-06,mmHg
34823216,SBP,142.82,SBP,2016-06,mmHg
21020096,SBP,127.3,SBP,2016-10,mmHg
60588377,SBP,142.95,SBP,2014-11,mmHg
13331261,eGFR,92.83,Estimated GFR,2014-12,mL/min/1.73m2
5371001,SBP,117.6,SBP,2013-12,mmHg
28385597,HbA1c,5.82,Hb A1c,2015-07,%
338957,eGFR,89.14,eGFR,2016-03,mL/min/1.73m2
1350992,HbA1c,3.14,Glycated haemoglobin,2016-05,%
33346937,SBP,99.36,Systolic BP,2013-10,mmHg
11952317,SBP,133.39,SBP,2015-07,mmHg
605072,HbA1c,5.28,HbA1c,2012-08,%
74760461,eGFR,89.46,eGFR,2015-10,mL/min/1.73m2
63397496,SBP,123.92,Systolic BP,2014-07,mmHg
52895072,SBP,129.65,SBP,2013-06,mmHg
74521037,SBP,127.28,Systolic BP,2016-09,mmHg
42774797,SBP,153.05,SBP,2016-09,mmHg
3084857,HbA1c,4.28,Glycated haemoglobin,2016-02,%
49207769,eGFR,82.55,eGFR,2012-12,mL/min/1.73m2
55058237,SBP,123.15,Systolic blood pressure,2015-09,mmHg
35707769,HbA1c,5.13,HbA1c,2015-12,%
12229352,HbA1c,4.27,HbA1c,2014-09,%
4680272,HbA1c,6.39,HbA1c,2014-11,%
13255481,eGFR,85.85,eGFR,2014-12,mL/min/1.73m2
6633776,eGFR,83.42,Estimated GFR,2013-02,mL/min/1.73m2
25178096,SBP,146.8,Systolic BP,2013-06,mmHg
4992569,HbA1c,4.15,Hb A1c,2015-11,%
7263677,eGFR,89.18,eGFR,2015-08,mL/min/1.73m2
56091197,SBP,119.73,Systolic BP,2016-08,mmHg
5093696,HbA1c,7.02,Glycated haemoglobin,2014-03,%
154856,HbA1c,6.43,Glycated haemoglobin,2012-12,%
71795261,HbA1c,5.94,Hb A1c,2014-09,%
5008061,SBP,141.68,Systolic blood pressure,2012-12,mmHg
16008569,eGFR,86.64,LOINC: 33914-3,2015-08,mL/min/1.73m2
65511056,SBP,118.79,Systolic BP,2015-12,mmHg
2355257,SBP,115.45,Systolic blood pressure,2013-01,mmHg
14892221,eGFR,84.34,eGFR,2012-12,mL/min/1.73m2
36687296,SBP,144.69,SBP,2014-04,mmHg
2490032,HbA1c,4.97,HbA1c,2014-04,%
38599976,SBP,137.31,Systolic BP,2014-08,mmHg
112016,eGFR,88.56,Estimated GFR,2013-04,mL/min/1.73m2
2572697,SBP,128.02,Systolic blood pressure,2014-07,mmHg
489917,HbA1c,5.01,Hb A1c,2013-07,%
66807152,HbA1c,4.09,Glycated haemoglobin,2012-08,%
14905592,eGFR,93.79,Estimated GFR,2012-03,mL/min/1.73m2
54213272,SBP,132.41,SBP,2016-09,mmHg
62764697,eGFR,101.06,LOINC: 33914-3,2013-01,mL/min/1.73m2
14918969,eGFR,84.19,Estimated GFR,2012-12,mL/min/1.73m2
60885344,HbA1c,4.89,HbA1c,2015-08,%
19385561,HbA1c,4.83,HbA1c,2012-05,%
6553721,HbA1c,4.79,HbA1c,2014-11,%
47163944,HbA1c,3.82,Glycated haemoglobin,2016-03,%
56324936,eGFR,76.64,LOINC: 33914-3,2016-03,mL/min/1.73m2
35192144,eGFR,79.16,LOINC: 33914-3,2013-04,mL/min/1.73m2
5125016,eGFR,68.19,eGFR,2015-01,mL/min/1.73m2
51617981,SBP,92.73,Systolic blood pressure,2014-05,mmHg
4695272,HbA1c,4.05,Hb A1c,2015-07,%
1603352,HbA1c,25.95,Glycated haemoglobin,2013-08,mmol/mol
40143161,SBP,159.86,Systolic BP,2012-02,mmHg
24350672,eGFR,79.24,Estimated GFR,2013-09,mL/min/1.73m2
1355021,HbA1c,3.85,HbA1c,2016-07,%
9409592,eGFR,83.57,Estimated GFR,2015-11,mL/min/1.73m2
15026201,SBP,108.45,Systolic BP,2013-12,mmHg
23168792,eGFR,86.84,LOINC: 33914-3,2012-09,mL/min/1.73m2
65623256,eGFR,88.97,LOINC: 33914-3,2013-03,mL/min/1.73m2
3584216,eGFR,92.93,eGFR,2015-04,mL/min/1.73m2
759296,SBP,125.91,Systolic blood pressure,2016-09,mmHg
674297,eGFR,95.0,LOINC: 33914-3,2012-11,mL/min/1.73m2
3981581,HbA1c,3.84,Hb A1c,2016-11,%
26856461,HbA1c,4.16,Glycated haemoglobin,2013-08,%
29654477,HbA1c,4.85,Glycated haemoglobin,2012-03,%
1338941,eGFR,81.43,LOINC: 33914-3,2013-07,mL/min/1.73m2
2500976,HbA1c,4.14,Hb A1c,2014-10,%
16751576,eGFR,81.55,eGFR,2014-10,mL/min/1.73m2
336944,eGFR,85.46,Estimated GFR,2012-11,mL/min/1.73m2
20358344,eGFR,93.57,Estimated GFR,2016-08,mL/min/1.73m2
64616912,eGFR,88.2,eGFR,2012-03,mL/min/1.73m2
35583677,HbA1c,4.41,Hb A1c,2014-03,%
51717581,SBP,109.69,SBP,2014-03,mmHg
3422141,HbA1c,4.74,Hb A1c,2014-01,%
52693712,SBP,127.4,Systolic blood pressure,2012-06,mmHg
57159944,eGFR,98.17,eGFR,2013-09,mL/min/1.73m2
7951421,HbA1c,5.06,Glycated haemoglobin,2016-11,%
20530637,eGFR,89.76,LOINC: 33914-3,2015-07,mL/min/1.73m2
71355656,HbA1c,4.73,Hb A1c,2016-04,%
2881469,eGFR,82.55,Estimated GFR,2013-12,mL/min/1.73m2
309392,SBP,142.7,Systolic blood pressure,2016-03,mmHg
30854816,HbA1c,5.32,Hb A1c,2016-11,%
11442896,HbA1c,5.07,Hb A1c,2013-03,%
2224232,SBP,115.04,SBP,2013-02,mmHg
5427344,SBP,135.83,Systolic blood pressure,2015-10,mmHg
10569656,SBP,132.55,Systolic BP,2016-02,mmHg
30223097,eGFR,86.89,eGFR,2016-08,mL/min/1.73m2
10301096,eGFR,82.0,LOINC: 33914-3,2013-09,mL/min/1.73m2
54929792,HbA1c,4.44,HbA1c,2014-02,%
6562592,HbA1c,3.79,Hb A1c,2015-03,%
27999344,HbA1c,5.58,Glycated haemoglobin,2016-11,%
21944,HbA1c,3.86,Hb A1c,2016-04,%
50577977,HbA1c,4.02,HbA1c,2015-12,%
19984952,HbA1c,5.11,HbA1c,2013-04,%
6126392,eGFR,84.05,eGFR,2016-09,mL/min/1.73m2
16652477,SBP,133.04,Systolic BP,2015-04,mmHg
8128217,HbA1c,5.31,HbA1c,2016-01,%
18825344,HbA1c,4.32,Glycated haemoglobin,2012-02,%
12436157,HbA1c,40.32,HbA1c,2015-10,mmol/mol
40937177,SBP,120.34,SBP,2016-07,mmHg
2511944,SBP,110.83,Systolic BP,2013-06,mmHg
28588976,SBP,123.14,Systolic blood pressure,2016-05,mmHg
7207769,eGFR,90.42,LOINC: 33914-3,2016-10,mL/min/1.73m2
12036296,eGFR,82.15,Estimated GFR,2012-07,mL/min/1.73m2
22179152,eGFR,84.38,eGFR,2012-03,mL/min/1.73m2
36415037,eGFR,85.87,Estimated GFR,2015-04,mL/min/1.73m2
15527144,eGFR,88.13,LOINC: 33914-3,2012-06,mL/min/1.73m2
8147981,eGFR,93.92,LOINC: 33914-3,2012-03,mL/min/1.73m2
38750777,SBP,120.64,Systolic blood pressure,2015-04,mmHg
63480269,HbA1c,5.21,Hb A1c,2016-04,%
42390512,eGFR,97.47,Estimated GFR,2015-10,mL/min/1.73m2
1318976,HbA1c,6.56,Glycated haemoglobin,2014-05,%
81944,eGFR,89.3,LOINC: 33914-3,2015-12,mL/min/1.73m2
16189256,SBP,118.58,Systolic blood pressure,2013-03,mmHg
26107769,eGFR,81.28,eGFR,2014-02,mL/min/1.73m2
63867257,HbA1c,5.23,Hb A1c,2015-06,%
12362969,HbA1c,5.06,Glycated haemoglobin,2015-12,%
68976344,HbA1c,4.27,HbA1c,2014-12,%
33929576,SBP,126.55,Systolic BP,2015-12,mmHg
35233256,HbA1c,4.38,Hb A1c,2012-06,%
31922201,SBP,119.53,SBP,2015-08,mmHg
62381069,eGFR,91.64,Estimated GFR,2013-08,mL/min/1.73m2
12780557,HbA1c,6.34,Hb A1c,2012-08,%
10212344,HbA1c,7.25,Hb A1c,2014-05,%
41828537,SBP,75.97,Systolic blood pressure,2014-11,mmHg
7273016,eGFR,79.18,Estimated GFR,2015-06,mL/min/1.73m2
18377144,SBP,103.45,Systolic BP,2014-08,mmHg
35336141,eGFR,82.78,eGFR,2015-08,mL/min/1.73m2
64366541,SBP,133.4,Systolic BP,2014-05,mmHg
17007752,SBP,129.23,SBP,2013-09,mmHg
14428016,SBP,146.14,Systolic blood pressure,2014-10,mmHg
45233336,SBP,129.25,SBP,2013-05,mmHg
24710969,HbA1c,5.24,Glycated haemoglobin,2012-04,%
1901117,SBP,136.35,Systolic BP,2014-07,mmHg
858944,eGFR,91.54,eGFR,2012-08,mL/min/1.73m2
8999741,SBP,116.12,Systolic BP,2014-03,mmHg
53374841,SBP,123.8,Systolic blood pressure,2013-01,mmHg
68631536,SBP,140.24,SBP,2012-01,mmHg
17193977,SBP,134.31,Systolic blood pressure,2012-01,mmHg
26677241,eGFR,77.19,eGFR,2012-10,mL/min/1.73m2
1983176,eGFR,80.49,LOINC: 33914-3,2014-11,mL/min/1.73m2
21515321,SBP,136.63,Systolic BP,2015-10,mmHg
72708056,eGFR,82.84,eGFR,2012-09,mL/min/1.73m2
41940632,eGFR,79.97,LOINC: 33914-3,2013-09,mL/min/1.73m2
1572797,eGFR,91.8,eGFR,2016-01,mL/min/1.73m2
31357136,HbA1c,2.93,HbA1c,2015-09,%
9861176,eGFR,85.08,Estimated GFR,2013-02,mL/min/1.73m2
14166056,SBP,122.37,SBP,2015-05,mmHg
15650237,eGFR,68.06,Estimated GFR,2015-11,mL/min/1.73m2
45023897,SBP,120.28,Systolic BP,2013-05,mmHg
52618301,HbA1c,4.83,Glycated haemoglobin,2012-08,%
15554456,HbA1c,6.49,Glycated haemoglobin,2014-04,%
8366969,SBP,132.96,Systolic BP,2013-12,mmHg
34354637,HbA1c,6.07,Hb A1c,2013-03,%
21773177,SBP,130.78,Systolic BP,2016-07,mmHg
259577,eGFR,94.74,LOINC: 33914-3,2015-06,mL/min/1.73m2
59034557,eGFR,85.17,Estimated GFR,2015-10,mL/min/1.73m2
44629616,HbA1c,4.78,Glycated haemoglobin,2014-04,%
632,eGFR,89.34,LOINC: 33914-3,2015-01,mL/min/1.73m2
10614752,eGFR,93.94,eGFR,2016-10,mL/min/1.73m2
68173136,HbA1c,3.95,Hb A1c,2015-07,%
25230269,eGFR,84.76,LOINC: 33914-3,2015-02,mL/min/1.73m2
22853069,eGFR,84.49,eGFR,2012-09,mL/min/1.73m2
547256,SBP,117.62,SBP,2012-12,mmHg
33808616,HbA1c,4.5,HbA1c,2012-12,%
5140712,SBP,140.5,Systolic blood pressure,2015-06,mmHg
64283192,eGFR,80.08,Estimated GFR,2015-06,mL/min/1.73m2
10524656,HbA1c,4.64,Glycated haemoglobin,2016-02,%
71942096,SBP,143.17,SBP,2014-10,mmHg
34496912,SBP,128.14,Systolic blood pressure,2015-12,mmHg
29484944,HbA1c,4.6,Hb A1c,2016-11,%
18125561,eGFR,68.42,eGFR,2014-07,mL/min/1.73m2
1954016,SBP,119.83,Systolic BP,2014-05,mmHg
7282361,HbA1c,5.2,Glycated haemoglobin,2012-01,%
55161101,SBP,125.91,Systolic BP,2012-07,mmHg
5379032,SBP,145.36,SBP,2013-12,mmHg
31668272,eGFR,88.82,LOINC: 33914-3,2013-07,mL/min/1.73m2
643376,HbA1c,3.94,Hb A1c,2016-09,%
9303632,eGFR,77.84,Estimated GFR,2012-03,mL/min/1.73m2
68201741,HbA1c,3.73,Hb A1c,2013-07,%
7142816,SBP,120.38,SBP,2016-06,mmHg
626816,HbA1c,3.69,Hb A1c,2016-01,%
68672,eGFR,95.76,Estimated GFR,2013-03,mL/min/1.73m2
35563016,eGFR,83.64,Estimated GFR,2012-11,mL/min/1.73m2
2840456,eGFR,88.97,eGFR,2012-04,mL/min/1.73m2
17337917,eGFR,75.89,eGFR,2015-11,mL/min/1.73m2
64255421,SBP,107.24,Systolic blood pressure,2015-01,mmHg
5291021,eGFR,72.76,eGFR,2013-11,mL/min/1.73m2
62929469,SBP,107.28,SBP,2012-01,mmHg
28127801,HbA1c,4.63,HbA1c,2014-09,%
45256637,SBP,113.34,Systolic BP,2015-06,mmHg
19416077,HbA1c,3.64,Glycated haemoglobin,2012-12,%
286712,eGFR,77.55,Estimated GFR,2016-12,mL/min/1.73m2
36143792,eGFR,91.67,eGFR,2015-06,mL/min/1.73m2
40539197,HbA1c,4.8,Hb A1c,2016-07,%
58742144,eGFR,85.75,eGFR,2016-02,mL/min/1.73m2
74790416,HbA1c,4.76,Glycated haemoglobin,2014-02,%
5187944,eGFR,89.8,eGFR,2016-11,mL/min/1.73m2
17107901,HbA1c,5.34,Hb A1c,2013-06,%
2905037,SBP,148.56,SBP,2013-10,mmHg
11976281,HbA1c,4.72,Glycated haemoglobin,2012-01,%
42910841,SBP,158.72,Systolic BP,2013-09,mmHg
12350792,HbA1c,4.4,Hb A1c,2013-02,%
5846717,HbA1c,5.29,HbA1c,2012-08,%
10101944,eGFR,87.07,eGFR,2013-12,mL/min/1.73m2
60211469,HbA1c,5.23,Glycated haemoglobin,2013-09,%
50135501,eGFR,79.44,eGFR,2014-01,mL/min/1.73m2
8927144,SBP,108.27,Systolic blood pressure,2016-02,mmHg
17007752,eGFR,84.75,Estimated GFR,2014-06,mL/min/1.73m2
6931469,SBP,137.14,SBP,2012-07,mmHg
19923056,SBP,121.04,SBP,2014-08,mmHg
69379712,eGFR,88.17,LOINC: 33914-3,2012-01,mL/min/1.73m2
261344,SBP,109.43,Systolic BP,2012-09,mmHg
9591101,SBP,158.2,Systolic blood pressure,2014-07,mmHg
8257112,SBP,101.06,Systolic BP,2014-06,mmHg
570557,eGFR,70.91,LOINC: 33914-3,2014-04,mL/min/1.73m2
3320381,SBP,124.45,SBP,2014-01,mmHg
64310969,HbA1c,4.53,Glycated haemoglobin,2016-05,%
296057,eGFR,79.72,LOINC: 33914-3,2013-04,mL/min/1.73m2
17107901,eGFR,86.98,eGFR,2014-04,mL/min/1.73m2
34151897,HbA1c,5.11,Glycated haemoglobin,2015-06,%
17656697,SBP,134.25,Systolic BP,2014-03,mmHg
63314777,eGFR,88.37,LOINC: 33914-3,2014-01,mL/min/1.73m2
9388352,SBP,154.54,SBP,2015-09,mmHg
30261197,HbA1c,5.66,Hb A1c,2014-11,%
23959097,eGFR,94.51,LOINC: 33914-3,2016-10,mL/min/1.73m2
4747961,eGFR,88.51,Estimated GFR,2012-09,mL/min/1.73m2
13726232,HbA1c,4.3,HbA1c,2016-11,%
29072576,SBP,124.18,SBP,2015-10,mmHg
60761,HbA1c,4.61,HbA1c,2012-11,%
13919417,HbA1c,5.29,HbA1c,2013-04,%
22952537,HbA1c,3.7,HbA1c,2016-07,%
858944,HbA1c,4.41,HbA1c,2013-02,%
6967997,eGFR,71.32,LOINC: 33914-3,2015-08,mL/min/1.73m2
4363577,SBP,119.81,Systolic BP,2014-10,mmHg
2673677,HbA1c,5.13,Hb A1c,2012-05,%
8267069,HbA1c,5.72,Glycated haemoglobin,2012-12,%
55573517,HbA1c,4.53,HbA1c,2014-01,%
14918969,HbA1c,5.13,Glycated haemoglobin,2016-09,%
41092472,HbA1c,4.94,HbA1c,2016-06,%
7613216,SBP,122.87,Systolic blood pressure,2013-07,mmHg
4732877,eGFR,83.69,eGFR,2014-11,mL/min/1.73m2
6023936,SBP,114.42,Systolic BP,2016-12,mmHg
43206344,eGFR,88.79,Estimated GFR,2012-05,mL/min/1.73m2
18615512,HbA1c,5.21,HbA1c,2015-07,%
13687757,HbA1c,3.96,HbA1c,2016-05,%
42052877,HbA1c,5.35,Hb A1c,2015-01,%
14999357,SBP,140.32,SBP,2016-04,mmHg
1710344,HbA1c,4.03,Hb A1c,2014-03,%
31512512,HbA1c,5.02,Glycated haemoglobin,2015-10,%
29109944,SBP,147.45,Systolic BP,2013-09,mmHg
65539097,SBP,103.86,Systolic blood pressure,2012-05,mmHg
23252237,SBP,109.25,Systolic BP,2015-09,mmHg
599696,SBP,128.95,Systolic blood pressure,2013-12,mmHg
62408432,eGFR,80.69,Estimated GFR,2016-02,mL/min/1.73m2
10592192,HbA1c,4.56,HbA1c,2014-09,%
25387112,SBP,112.15,SBP,2015-04,mmHg
61155944,eGFR,92.82,Estimated GFR,2015-08,mL/min/1.73m2
1080269,HbA1c,4.93,HbA1c,2015-07,%
7291712,SBP,126.39,Systolic blood pressure,2013-05,mmHg
19923056,eGFR,84.32,LOINC: 33914-3,2016-07,mL/min/1.73m2
3282617,SBP,135.51,Systolic blood pressure,2016-07,mmHg
25073912,SBP,140.5,SBP,2012-08,mmHg
40649552,HbA1c,6.39,HbA1c,2012-06,%
22969136,HbA1c,5.14,Hb A1c,2012-04,%
60292136,eGFR,89.49,eGFR,2013-12,mL/min/1.73m2
7254344,eGFR,83.72,eGFR,2015-01,mL/min/1.73m2
56663417,SBP,129.85,SBP,2014-09,mmHg
34030541,eGFR,82.43,eGFR,2014-05,mL/min/1.73m2
50307344,SBP,130.77,SBP,2012-08,mmHg
65904176,eGFR,91.0,eGFR,2015-08,mL/min/1.73m2
46784072,HbA1c,4.04,Hb A1c,2014-09,%
14192144,eGFR,90.43,LOINC: 33914-3,2016-02,mL/min/1.73m2
26427341,eGFR,84.14,LOINC: 33914-3,2015-10,mL/min/1.73m2
40605392,eGFR,84.68,Estimated GFR,2014-07,mL/min/1.73m2
21451097,HbA1c,5.36,Hb A1c,2016-07,%
1058777,SBP,97.42,SBP,2014-12,mmHg
2550521,eGFR,89.45,LOINC: 33914-3,2012-08,mL/min/1.73m2
32236121,eGFR,98.41,LOINC: 33914-3,2012-03,mL/min/1.73m2
24231161,eGFR,96.05,eGFR,2015-02,mL/min/1.73m2
10068941,eGFR,94.57,eGFR,2012-09,mL/min/1.73m2
25108616,SBP,133.06,SBP,2014-03,mmHg
37786472,SBP,108.95,SBP,2014-06,mmHg
67687769,HbA1c,3.5,Glycated haemoglobin,2012-01,%
47425997,HbA1c,3.79,HbA1c,2015-12,%
20829944,SBP,132.64,Systolic blood pressure,2014-02,mmHg
1065917,HbA1c,4.83,HbA1c,2012-06,%
4023161,HbA1c,4.6,Hb A1c,2012-08,%
23756057,HbA1c,34.82,HbA1c,2014-08,mmol/mol
71677901,HbA1c,5.64,HbA1c,2016-08,%
3696569,eGFR,81.95,Estimated GFR,2016-09,mL/min/1.73m2
15309512,SBP,121.06,Systolic blood pressure,2014-12,mmHg
59728601,eGFR,81.76,Estimated GFR,2016-02,mL/min/1.73m2
2550521,HbA1c,5.14,Hb A1c,2016-12,%
5549069,eGFR,96.66,eGFR,2013-12,mL/min/1.73m2
70219001,eGFR,91.02,LOINC: 33914-3,2013-04,mL/min/1.73m2
9020537,eGFR,54.53,Estimated GFR,2016-10,mL/min/1.73m2
21437,HbA1c,4.61,Glycated haemoglobin,2013-01,%
34925501,SBP,99.09,Systolic BP,2013-12,mmHg
62545337,eGFR,87.35,eGFR,2015-10,mL/min/1.73m2
17525936,HbA1c,6.38,HbA1c,2013-09,%
9752696,HbA1c,5.16,Hb A1c,2013-12,%
13585421,eGFR,95.66,eGFR,2015-11,mL/min/1.73m2
60372857,eGFR,75.57,eGFR,2015-02,mL/min/1.73m2
49768256,HbA1c,3.99,HbA1c,2014-05,%
1399736,eGFR,84.8,LOINC: 33914-3,2015-12,mL/min/1.73m2
19127144,HbA1c,5.51,HbA1c,2015-12,%
3164456,eGFR,82.75,LOINC: 33914-3,2016-07,mL/min/1.73m2
67573817,eGFR,83.69,eGFR,2015-05,mL/min/1.73m2
59969792,SBP,134.27,Systolic BP,2013-05,mmHg
30394736,eGFR,81.29,LOINC: 33914-3,2012-11,mL/min/1.73m2
25039232,eGFR,95.13,eGFR,2013-02,mL/min/1.73m2
5846717,eGFR,84.76,Estimated GFR,2014-05,mL/min/1.73m2
56246969,SBP,115.0,SBP,2012-01,mmHg
487496,HbA1c,5.34,HbA1c,2014-12,%
50725901,eGFR,78.64,LOINC: 33914-3,2012-12,mL/min/1.73m2
71238656,HbA1c,6.94,HbA1c,2012-09,%
32393657,HbA1c,4.57,Hb A1c,2014-10,%
6589241,SBP,137.27,Systolic blood pressure,2016-01,mmHg
59755376,SBP,124.49,Systolic BP,2013-09,mmHg
3558032,SBP,123.88,SBP,2012-02,mmHg
28017677,SBP,128.93,SBP,2016-03,mmHg
32868569,HbA1c,6.15,Glycated haemoglobin,2013-01,%
35749181,HbA1c,6.23,Glycated haemoglobin,2015-08,%
41025881,SBP,116.7,Systolic blood pressure,2012-09,mmHg
23840552,HbA1c,4.79,Hb A1c,2015-06,%
1901117,HbA1c,4.66,HbA1c,2016-12,%
69668552,HbA1c,5.18,Hb A1c,2016-11,%
65175032,SBP,122.08,SBP,2013-01,mmHg
31961357,SBP,147.33,SBP,2015-09,mmHg
30547712,eGFR,90.24,eGFR,2016-07,mL/min/1.73m2
1466072,SBP,141.98,SBP,2014-06,mmHg
57606041,HbA1c,5.83,Hb A1c,2013-11,%
21627944,SBP,133.32,SBP,2015-07,mmHg
6351344,HbA1c,4.69,HbA1c,2012-01,%
3301472,SBP,98.96,Systolic blood pressure,2016-01,mmHg
71443469,SBP,130.13,SBP,2016-01,mmHg
74252144,eGFR,80.61,eGFR,2014-01,mL/min/1.73m2
42842792,SBP,106.94,Systolic BP,2015-03,mmHg
10580921,SBP,138.56,Systolic BP,2015-10,mmHg
25579469,eGFR,96.75,Estimated GFR,2012-07,mL/min/1.73m2
38729216,HbA1c,5.38,Hb A1c,2013-08,%
61318592,SBP,112.46,Systolic BP,2013-09,mmHg
32098592,eGFR,92.06,LOINC: 33914-3,2014-12,mL/min/1.73m2
16497344,HbA1c,5.63,Hb A1c,2015-01,%
16709069,HbA1c,7.68,Glycated haemoglobin,2015-06,%
46689344,eGFR,88.43,eGFR,2012-04,mL/min/1.73m2
42210272,HbA1c,4.23,HbA1c,2016-01,%
1508312,SBP,141.04,Systolic BP,2015-09,mmHg
64839872,HbA1c,5.99,HbA1c,2013-09,%
65763641,SBP,100.33,SBP,2015-09,mmHg
27325241,eGFR,80.26,LOINC: 33914-3,2012-06,mL/min/1.73m2
4184552,SBP,116.92,SBP,2012-11,mmHg
68030201,HbA1c,4.54,Hb A1c,2014-12,%
45070397,eGFR,85.86,eGFR,2012-05,mL/min/1.73m2
10179161,eGFR,80.5,eGFR,2016-11,mL/min/1.73m2
71707232,SBP,143.83,Systolic BP,2013-06,mmHg
512,eGFR,84.85,eGFR,2013-04,mL/min/1.73m2
454232,SBP,126.31,SBP,2012-12,mmHg
47187737,HbA1c,5.47,Glycated haemoglobin,2015-01,%
56143097,SBP,132.51,Systolic BP,2012-04,mmHg
27452144,HbA1c,5.71,Glycated haemoglobin,2015-11,%
55806176,eGFR,87.98,Estimated GFR,2015-12,mL/min/1.73m2
27000269,SBP,119.27,Systolic blood pressure,2013-03,mmHg
5395112,eGFR,82.48,Estimated GFR,2013-10,mL/min/1.73m2
19142297,eGFR,92.5,eGFR,2016-08,mL/min/1.73m2
3018296,eGFR,94.95,eGFR,2016-10,mL/min/1.73m2
8346941,eGFR,89.55,Estimated GFR,2013-12,mL/min/1.73m2
3944,eGFR,82.37,LOINC: 33914-3,2013-04,mL/min/1.73m2
52769177,eGFR,88.97,LOINC: 33914-3,2015-05,mL/min/1.73m2
37850381,HbA1c,4.84,HbA1c,2012-02,%
27270944,eGFR,91.93,eGFR,2016-05,mL/min/1.73m2
3967769,SBP,144.51,Systolic blood pressure,2014-08,mmHg
68087357,eGFR,81.4,LOINC: 33914-3,2012-06,mL/min/1.73m2
57212336,HbA1c,5.1,HbA1c,2012-11,%
1153469,eGFR,87.56,Estimated GFR,2015-12,mL/min/1.73m2
52392392,SBP,116.51,Systolic BP,2015-12,mmHg
70509581,HbA1c,5.03,Hb A1c,2012-05,%
16553672,eGFR,85.01,eGFR,2013-06,mL/min/1.73m2
16356944,SBP,126.41,SBP,2012-04,mmHg
21099581,SBP,113.07,Systolic blood pressure,2016-04,mmHg
142841,HbA1c,4.16,Hb A1c,2016-11,%
57948344,SBP,137.3,Systolic BP,2012-02,mmHg
43047101,eGFR,82.46,eGFR,2015-07,mL/min/1.73m2
22228121,SBP,130.77,SBP,2013-02,mmHg
14812121,SBP,127.41,Systolic BP,2014-12,mmHg
17467976,eGFR,83.59,Estimated GFR,2016-08,mL/min/1.73m2
48312776,SBP,122.82,Systolic blood pressure,2014-12,mmHg
37680077,HbA1c,4.6,Glycated haemoglobin,2012-10,%
55418681,eGFR,87.15,LOINC: 33914-3,2015-09,mL/min/1.73m2
328952,SBP,130.93,Systolic blood pressure,2012-05,mmHg
70393277,HbA1c,5.93,Hb A1c,2015-07,%
15187769,SBP,132.11,SBP,2012-01,mmHg
27379592,HbA1c,6.33,Hb A1c,2014-11,%
59247677,HbA1c,4.73,Hb A1c,2013-03,%
73389017,eGFR,91.23,Estimated GFR,2012-07,mL/min/1.73m2
24831656,SBP,123.81,Systolic BP,2016-08,mmHg
3402944,SBP,113.04,Systolic BP,2014-05,mmHg
583712,SBP,135.78,SBP,2013-12,mmHg
8978969,eGFR,83.16,eGFR,2012-05,mL/min/1.73m2
21854072,SBP,149.77,Systolic blood pressure,2014-04,mmHg
26285069,SBP,157.07,Systolic blood pressure,2013-08,mmHg
17352344,eGFR,91.48,Estimated GFR,2012-04,mL/min/1.73m2
8999741,eGFR,82.48,LOINC: 33914-3,2014-10,mL/min/1.73m2
1142336,eGFR,63.84,Estimated GFR,2012-06,mL/min/1.73m2
71326397,HbA1c,19.72,HbA1c,2016-09,mmol/mol
18228944,SBP,135.8,Systolic BP,2013-04,mmHg
67005497,eGFR,81.46,LOINC: 33914-3,2014-06,mL/min/1.73m2
30662696,eGFR,90.96,Estimated GFR,2015-01,mL/min/1.73m2
19187792,eGFR,86.9,eGFR,2013-07,mL/min/1.73m2
9345944,eGFR,82.36,Estimated GFR,2012-05,mL/min/1.73m2
6395069,HbA1c,5.6,Glycated haemoglobin,2013-01,%
1449344,eGFR,91.52,LOINC: 33914-3,2015-08,mL/min/1.73m2
621344,SBP,138.07,Systolic BP,2012-07,mmHg
21821696,eGFR,92.31,LOINC: 33914-3,2016-03,mL/min/1.73m2
72944552,HbA1c,34.84,Glycated haemoglobin,2012-04,mmol/mol
56402957,SBP,110.13,Systolic BP,2016-11,mmHg
1134944,SBP,124.1,Systolic BP,2014-01,mmHg
37002701,eGFR,78.5,Estimated GFR,2014-05,mL/min/1.73m2
1287344,eGFR,92.91,LOINC: 33914-3,2014-04,mL/min/1.73m2
17787944,HbA1c,6.71,Hb A1c,2014-12,%
1692272,HbA1c,3.66,Glycated haemoglobin,2012-10,%
416,eGFR,80.26,eGFR,2016-11,mL/min/1.73m2
67602296,SBP,127.55,Systolic BP,2014-03,mmHg
69062681,SBP,135.58,Systolic BP,2014-02,mmHg
33127256,SBP,130.4,Systolic BP,2013-01,mmHg
39944,eGFR,83.79,Estimated GFR,2016-03,mL/min/1.73m2
7670672,eGFR,93.79,Estimated GFR,2013-01,mL/min/1.73m2
68890061,SBP,136.78,Systolic blood pressure,2016-05,mmHg
2117069,SBP,121.1,Systolic blood pressure,2016-12,mmHg
324992,HbA1c,4.63,HbA1c,2014-01,%
9741881,HbA1c,6.69,Glycated haemoglobin,2016-04,%
6491792,SBP,139.1,Systolic blood pressure,2013-05,mmHg
21004217,eGFR,88.9,Estimated GFR,2013-08,mL/min/1.73m2
2572697,eGFR,76.14,Estimated GFR,2015-03,mL/min/1.73m2
10898777,SBP,100.37,Systolic BP,2016-04,mmHg
60912377,HbA1c,24.1,HbA1c,2015-01,mmol/mol
6117821,HbA1c,4.57,HbA1c,2016-02,%
4680272,SBP,140.87,SBP,2015-02,mmHg
16272992,SBP,160.98,Systolic BP,2012-08,mmHg
13919417,SBP,118.61,Systolic blood pressure,2016-08,mmHg
62477,eGFR,69.88,eGFR,2016-03,mL/min/1.73m2
52342256,SBP,133.59,SBP,2015-04,mmHg
52945472,eGFR,80.78,Estimated GFR,2013-09,mL/min/1.73m2
19569017,eGFR,89.87,LOINC: 33914-3,2014-07,mL/min/1.73m2
1194752,HbA1c,5.09,HbA1c,2016-07,%
343001,eGFR,93.67,eGFR,2014-08,mL/min/1.73m2
18391997,SBP,121.55,Systolic blood pressure,2014-06,mmHg
3276344,eGFR,85.37,eGFR,2016-09,mL/min/1.73m2
46028936,SBP,145.26,SBP,2012-07,mmHg
18481241,HbA1c,4.03,Hb A1c,2016-07,%
4227176,SBP,97.7,Systolic BP,2015-02,mmHg
68488121,SBP,177.45,SBP,2016-04,mmHg
4450841,eGFR,92.12,LOINC: 33914-3,2014-07,mL/min/1.73m2
16865192,HbA1c,5.03,HbA1c,2012-01,%
13104569,eGFR,76.84,eGFR,2016-01,mL/min/1.73m2
28607501,eGFR,86.9,Estimated GFR,2012-03,mL/min/1.73m2
38234969,HbA1c,4.05,Hb A1c,2014-05,%
9548237,HbA1c,3.79,Hb A1c,2014-11,%
4016216,HbA1c,5.54,Glycated haemoglobin,2013-01,%
67716272,SBP,121.05,Systolic BP,2012-12,mmHg
70451417,HbA1c,6.96,Hb A1c,2016-06,%
58582952,HbA1c,4.08,Hb A1c,2013-03,%
24180032,SBP,128.48,Systolic blood pressure,2014-04,mmHg
11904461,HbA1c,5.22,Hb A1c,2014-04,%
24487616,HbA1c,5.13,Hb A1c,2015-06,%
52794344,HbA1c,6.77,Glycated haemoglobin,2015-10,%
4808537,HbA1c,4.38,HbA1c,2012-12,%
7834637,HbA1c,3.93,Glycated haemoglobin,2013-02,%
23386061,HbA1c,7.05,Glycated haemoglobin,2012-06,%
18735272,HbA1c,4.06,Glycated haemoglobin,2014-05,%
25143344,eGFR,84.07,LOINC: 33914-3,2015-09,mL/min/1.73m2
27652157,HbA1c,4.47,HbA1c,2015-06,%
2742077,HbA1c,4.81,Hb A1c,2016-10,%
37658816,eGFR,81.15,eGFR,2012-09,mL/min/1.73m2
75161,eGFR,91.15,Estimated GFR,2013-07,mL/min/1.73m2
22130237,eGFR,85.54,Estimated GFR,2014-04,mL/min/1.73m2
272072,SBP,140.54,SBP,2016-04,mmHg
13041944,HbA1c,4.69,Glycated haemoglobin,2015-09,%
31376537,HbA1c,5.42,Hb A1c,2016-01,%
50602616,SBP,113.76,Systolic BP,2013-07,mmHg
24659336,eGFR,87.31,eGFR,2016-04,mL/min/1.73m2
1594592,eGFR,88.39,eGFR,2014-02,mL/min/1.73m2
12448376,HbA1c,4.88,Hb A1c,2016-03,%
40870712,HbA1c,5.67,HbA1c,2015-03,%
74401469,HbA1c,21.26,Hb A1c,2013-02,mmol/mol
43365881,SBP,134.82,Systolic BP,2013-04,mmHg
7161344,eGFR,83.46,LOINC: 33914-3,2014-05,mL/min/1.73m2
64616912,HbA1c,5.04,HbA1c,2012-07,%
602381,HbA1c,5.11,Hb A1c,2014-03,%
115517,HbA1c,5.13,Hb A1c,2015-03,%
71853977,SBP,115.06,Systolic blood pressure,2016-12,mmHg
1788221,HbA1c,4.97,Glycated haemoglobin,2012-07,%
286712,HbA1c,5.82,Hb A1c,2016-02,%
19081721,eGFR,88.73,LOINC: 33914-3,2016-06,mL/min/1.73m2
54238781,eGFR,87.28,eGFR,2012-01,mL/min/1.73m2
11036441,SBP,144.24,Systolic blood pressure,2012-01,mmHg
29466137,HbA1c,4.45,Hb A1c,2013-04,%
44098937,HbA1c,4.93,Hb A1c,2014-10,%
56637344,HbA1c,4.52,Hb A1c,2013-10,%
54827144,SBP,155.52,Systolic BP,2013-01,mmHg
6986297,eGFR,83.79,eGFR,2015-01,mL/min/1.73m2
8217344,HbA1c,4.77,Glycated haemoglobin,2012-10,%
15663944,eGFR,91.35,Estimated GFR,2013-04,mL/min/1.73m2
33326936,HbA1c,4.81,Hb A1c,2013-05,%
21083672,SBP,133.38,SBP,2014-07,mmHg
4298696,SBP,108.82,Systolic BP,2016-05,mmHg
57081401,HbA1c,5.84,Hb A1c,2013-11,%
22016312,eGFR,84.55,Estimated GFR,2016-07,mL/min/1.73m2
24883469,SBP,139.72,SBP,2012-09,mmHg
44652761,eGFR,84.4,LOINC: 33914-3,2012-06,mL/min/1.73m2
96392,eGFR,87.68,Estimated GFR,2014-10,mL/min/1.73m2
186272,eGFR,96.72,Estimated GFR,2016-01,mL/min/1.73m2
46618361,eGFR,86.47,eGFR,2013-07,mL/min/1.73m2
17193977,eGFR,86.38,LOINC: 33914-3,2015-02,mL/min/1.73m2
723512,SBP,121.64,Systolic BP,2016-02,mmHg
59167712,HbA1c,5.06,Hb A1c,2012-03,%
671456,SBP,136.27,Systolic BP,2013-02,mmHg
57816569,SBP,127.95,SBP,2014-03,mmHg
73270361,SBP,120.5,Systolic BP,2015-10,mmHg
9145817,eGFR,86.4,Estimated GFR,2012-10,mL/min/1.73m2
34884569,SBP,127.58,SBP,2016-05,mmHg
26143181,HbA1c,5.1,Glycated haemoglobin,2012-01,%
2899136,HbA1c,4.92,Hb A1c,2016-07,%
73300016,SBP,127.11,Systolic BP,2014-11,mmHg
16694912,eGFR,81.43,eGFR,2014-07,mL/min/1.73m2
4869497,eGFR,99.92,eGFR,2016-12,mL/min/1.73m2
8437256,HbA1c,5.38,Hb A1c,2014-02,%
32749517,HbA1c,7.22,Glycated haemoglobin,2015-12,%
8197496,HbA1c,4.61,Hb A1c,2013-10,%
3643481,SBP,106.71,SBP,2015-04,mmHg
44098937,SBP,148.0,Systolic blood pressure,2015-03,mmHg
3512441,HbA1c,4.67,HbA1c,2015-04,%
30269,SBP,127.39,Systolic BP,2016-02,mmHg
49841597,eGFR,84.97,LOINC: 33914-3,2014-04,mL/min/1.73m2
1083872,HbA1c,4.99,Hb A1c,2016-04,%
33828761,eGFR,76.65,LOINC: 33914-3,2013-10,mL/min/1.73m2
3797144,eGFR,80.34,LOINC: 33914-3,2016-06,mL/min/1.73m2
21531392,SBP,154.33,SBP,2016-02,mmHg
11291069,SBP,122.25,SBP,2013-03,mmHg
53678969,eGFR,90.58,LOINC: 33914-3,2013-01,mL/min/1.73m2
4198736,eGFR,85.77,LOINC: 33914-3,2012-01,mL/min/1.73m2
30032957,SBP,132.5,SBP,2014-05,mmHg
53856776,HbA1c,4.2,Glycated haemoglobin,2012-11,%
70496,eGFR,83.63,LOINC: 33914-3,2014-05,mL/min/1.73m2
19799552,HbA1c,19.69,HbA1c,2013-08,mmol/mol
2091944,HbA1c,24.25,Hb A1c,2013-01,mmol/mol
3899069,SBP,139.35,Systolic blood pressure,2013-12,mmHg
11868632,SBP,111.05,Systolic blood pressure,2013-10,mmHg
48650456,SBP,111.71,Systolic blood pressure,2015-06,mmHg
14166056,HbA1c,5.68,Hb A1c,2015-10,%
947801,eGFR,92.63,Estimated GFR,2014-07,mL/min/1.73m2
36039737,eGFR,92.07,eGFR,2012-01,mL/min/1.73m2
32295152,HbA1c,4.69,HbA1c,2015-12,%
4702781,HbA1c,5.23,Hb A1c,2015-02,%
71063336,SBP,101.38,SBP,2013-11,mmHg
2071952,eGFR,80.9,Estimated GFR,2015-11,mL/min/1.73m2
6447737,HbA1c,5.09,HbA1c,2013-10,%
29466137,SBP,146.32,SBP,2013-10,mmHg
238841,HbA1c,5.02,Glycated haemoglobin,2014-12,%
46217144,HbA1c,5.47,Hb A1c,2015-08,%
4284344,eGFR,88.07,eGFR,2015-10,mL/min/1.73m2
57238541,HbA1c,4.69,HbA1c,2014-01,%
11256176,SBP,124.41,Systolic blood pressure,2012-04,mmHg
456569,eGFR,75.08,Estimated GFR,2015-05,mL/min/1.73m2
47144,eGFR,89.37,LOINC: 33914-3,2013-03,mL/min/1.73m2
26231816,HbA1c,3.18,Hb A1c,2013-02,%
38042432,SBP,122.05,Systolic blood pressure,2016-12,mmHg
54775856,SBP,126.04,Systolic BP,2013-08,mmHg
33869069,SBP,124.45,SBP,2016-06,mmHg
13764761,eGFR,84.08,eGFR,2016-06,mL/min/1.73m2
4044032,SBP,114.05,Systolic BP,2016-01,mmHg
65988569,SBP,126.79,SBP,2014-10,mmHg
11761469,HbA1c,4.21,Glycated haemoglobin,2013-08,%
72914969,SBP,111.15,SBP,2013-10,mmHg
9261416,SBP,141.42,Systolic BP,2016-09,mmHg
43343072,SBP,139.38,Systolic blood pressure,2012-06,mmHg
52895072,HbA1c,4.87,Hb A1c,2012-01,%
34334336,SBP,112.21,SBP,2012-05,mmHg
58874969,eGFR,82.38,Estimated GFR,2012-12,mL/min/1.73m2
49353677,SBP,127.04,Systolic blood pressure,2012-09,mmHg
14520269,SBP,125.84,Systolic BP,2013-11,mmHg
25212872,eGFR,86.52,eGFR,2013-10,mL/min/1.73m2
29447336,eGFR,87.56,Estimated GFR,2016-11,mL/min/1.73m2
714701,eGFR,86.08,LOINC: 33914-3,2012-02,mL/min/1.73m2
494777,eGFR,88.28,LOINC: 33914-3,2013-05,mL/min/1.73m2
69379712,HbA1c,5.41,Glycated haemoglobin,2014-12,%
22179152,SBP,117.21,Systolic blood pressure,2013-03,mmHg
74790416,SBP,124.52,Systolic blood pressure,2015-11,mmHg
1665344,eGFR,85.33,Estimated GFR,2014-05,mL/min/1.73m2
57737576,HbA1c,7.08,Hb A1c,2012-08,%
26001677,SBP,135.64,Systolic BP,2014-10,mmHg
52819517,eGFR,90.42,Estimated GFR,2016-05,mL/min/1.73m2
43183577,eGFR,87.31,LOINC: 33914-3,2012-04,mL/min/1.73m2
206201,eGFR,91.2,Estimated GFR,2015-07,mL/min/1.73m2
15053069,HbA1c,5.81,HbA1c,2015-04,%
6571469,HbA1c,7.87,Glycated haemoglobin,2014-11,%
11892512,SBP,118.77,Systolic blood pressure,2012-03,mmHg
44144957,SBP,181.61,Systolic BP,2015-10,mmHg
54775856,HbA1c,4.33,Hb A1c,2013-12,%
11419472,HbA1c,5.03,HbA1c,2012-11,%
31980944,SBP,123.38,Systolic blood pressure,2012-04,mmHg
33266969,SBP,119.44,Systolic blood pressure,2015-08,mmHg
74216,eGFR,78.78,eGFR,2013-06,mL/min/1.73m2
35915069,SBP,104.76,SBP,2015-06,mmHg
65147069,eGFR,72.98,eGFR,2013-02,mL/min/1.73m2
31047536,SBP,147.39,Systolic BP,2013-03,mmHg
2969,HbA1c,4.2,Hb A1c,2012-12,%
19385561,eGFR,85.63,LOINC: 33914-3,2016-02,mL/min/1.73m2
61074701,eGFR,67.7,Estimated GFR,2014-08,mL/min/1.73m2
2076941,HbA1c,32.22,Glycated haemoglobin,2016-03,mmol/mol
68775101,HbA1c,5.72,HbA1c,2012-10,%
43457177,HbA1c,7.41,Hb A1c,2016-04,%
17758736,SBP,113.94,SBP,2014-11,mmHg
38772344,HbA1c,5.12,Hb A1c,2012-11,%
3352016,HbA1c,6.24,HbA1c,2014-10,%
38578457,HbA1c,6.55,Hb A1c,2015-11,%
38945096,SBP,139.54,Systolic BP,2016-04,mmHg
18915632,HbA1c,4.34,Hb A1c,2012-07,%
9828569,eGFR,85.11,LOINC: 33914-3,2013-01,mL/min/1.73m2
3251312,HbA1c,4.35,HbA1c,2012-04,%
71004944,HbA1c,4.48,HbA1c,2013-10,%
1692272,SBP,134.74,SBP,2016-05,mmHg
514457,HbA1c,4.59,Hb A1c,2016-05,%
1291277,SBP,129.45,Systolic blood pressure,2015-11,mmHg
59274344,SBP,119.05,SBP,2012-01,mmHg
33507161,eGFR,88.68,Estimated GFR,2013-01,mL/min/1.73m2
14732237,SBP,149.46,SBP,2016-04,mmHg
53374841,HbA1c,31.57,HbA1c,2013-01,mmol/mol
15445352,HbA1c,6.58,Glycated haemoglobin,2013-03,%
8487641,SBP,153.18,SBP,2016-02,mmHg
49329344,HbA1c,5.03,Glycated haemoglobin,2015-02,%
60966461,eGFR,86.91,Estimated GFR,2016-11,mL/min/1.73m2
449576,eGFR,86.58,Estimated GFR,2014-01,mL/min/1.73m2
24419096,SBP,120.24,Systolic blood pressure,2013-08,mmHg
4598201,SBP,131.0,Systolic BP,2012-02,mmHg
33728096,HbA1c,4.45,HbA1c,2014-07,%
5322941,HbA1c,4.72,Glycated haemoglobin,2014-01,%
8507837,HbA1c,5.28,Glycated haemoglobin,2015-03,%
18184601,eGFR,65.21,eGFR,2013-08,mL/min/1.73m2
626816,SBP,125.52,Systolic BP,2012-03,mmHg
40252976,SBP,117.13,Systolic BP,2012-12,mmHg
55341344,eGFR,82.52,LOINC: 33914-3,2015-08,mL/min/1.73m2
13419944,HbA1c,6.35,Hb A1c,2012-12,%
22737296,SBP,94.51,SBP,2014-12,mmHg
50651912,HbA1c,7.06,Glycated haemoglobin,2016-10,%
11501561,HbA1c,17.47,HbA1c,2015-11,mmol/mol
1997,eGFR,94.69,Estimated GFR,2012-03,mL/min/1.73m2
33977,HbA1c,3.65,Glycated haemoglobin,2016-03,%
22786877,SBP,83.07,Systolic blood pressure,2015-09,mmHg
37213721,HbA1c,4.32,Glycated haemoglobin,2015-02,%
59942969,SBP,104.12,Systolic blood pressure,2013-06,mmHg
6177944,eGFR,80.86,LOINC: 33914-3,2012-03,mL/min/1.73m2
17511437,eGFR,82.65,Estimated GFR,2015-11,mL/min/1.73m2
15513497,HbA1c,4.86,Glycated haemoglobin,2015-09,%
16272992,HbA1c,5.98,HbA1c,2016-06,%
9135344,SBP,151.37,SBP,2013-01,mmHg
43251896,eGFR,94.05,Estimated GFR,2016-11,mL/min/1.73m2
3473597,SBP,100.85,Systolic blood pressure,2015-10,mmHg
16064057,HbA1c,4.33,Glycated haemoglobin,2014-02,%
44930969,SBP,123.04,SBP,2013-08,mmHg
275696,SBP,138.37,SBP,2015-10,mmHg
1590221,eGFR,83.11,eGFR,2015-12,mL/min/1.73m2
10223417,SBP,124.69,Systolic blood pressure,2015-07,mmHg
10278872,eGFR,83.53,Estimated GFR,2016-05,mL/min/1.73m2
891344,SBP,122.86,Systolic BP,2013-10,mmHg
69697469,HbA1c,5.19,HbA1c,2013-06,%
29334656,SBP,136.88,Systolic BP,2015-12,mmHg
45841112,SBP,121.93,Systolic BP,2013-10,mmHg
114344,eGFR,90.71,eGFR,2016-07,mL/min/1.73m2
11856701,eGFR,82.02,Estimated GFR,2016-11,mL/min/1.73m2
39400397,HbA1c,4.8,HbA1c,2016-11,%
12558617,eGFR,91.46,eGFR,2012-04,mL/min/1.73m2
138944,HbA1c,4.3,Hb A1c,2014-06,%
294176,eGFR,84.24,LOINC: 33914-3,2016-09,mL/min/1.73m2
17787944,SBP,167.11,Systolic BP,2016-08,mmHg
34884569,eGFR,84.97,LOINC: 33914-3,2012-02,mL/min/1.73m2
2533952,SBP,123.0,Systolic blood pressure,2016-10,mmHg
16231097,SBP,152.84,Systolic BP,2014-06,mmHg
51443912,SBP,103.88,Systolic BP,2012-07,mmHg
58212344,SBP,114.36,Systolic blood pressure,2015-03,mmHg
12546344,SBP,97.76,Systolic blood pressure,2016-10,mmHg
26569997,SBP,128.91,Systolic BP,2012-04,mmHg
60507512,eGFR,79.86,eGFR,2015-08,mL/min/1.73m2
64811981,eGFR,66.05,eGFR,2015-02,mL/min/1.73m2
19952,HbA1c,3.78,HbA1c,2015-02,%
294176,HbA1c,6.37,Hb A1c,2012-11,%
22358969,eGFR,82.49,LOINC: 33914-3,2012-11,mL/min/1.73m2
47116376,HbA1c,3.23,HbA1c,2016-09,%
24009992,SBP,112.71,Systolic blood pressure,2016-03,mmHg
19477181,eGFR,82.48,LOINC: 33914-3,2012-03,mL/min/1.73m2
43092569,HbA1c,5.21,Hb A1c,2014-02,%
846152,SBP,114.93,Systolic blood pressure,2015-12,mmHg
65091161,HbA1c,4.32,HbA1c,2012-12,%
13636541,SBP,96.2,Systolic blood pressure,2016-01,mmHg
5581757,SBP,122.57,Systolic blood pressure,2016-03,mmHg
72648992,HbA1c,4.27,Glycated haemoglobin,2016-05,%
615896,SBP,116.26,SBP,2015-02,mmHg
22976,eGFR,85.04,Estimated GFR,2012-01,mL/min/1.73m2
35894312,SBP,147.22,SBP,2014-04,mmHg
42322877,eGFR,78.95,eGFR,2014-03,mL/min/1.73m2
646157,HbA1c,4.38,Glycated haemoglobin,2013-12,%
53425469,SBP,125.06,Systolic BP,2015-07,mmHg
29166041,SBP,114.48,Systolic blood pressure,2015-05,mmHg
8187581,SBP,101.79,SBP,2016-08,mmHg
18795296,HbA1c,4.66,Glycated haemoglobin,2014-06,%
41203577,HbA1c,5.35,Hb A1c,2014-01,%
68316221,SBP,150.79,SBP,2015-03,mmHg
22391741,eGFR,82.16,Estimated GFR,2013-10,mL/min/1.73m2
57606041,eGFR,80.07,LOINC: 33914-3,2016-03,mL/min/1.73m2
43069832,HbA1c,4.38,HbA1c,2014-06,%
10524656,SBP,117.72,Systolic blood pressure,2012-07,mmHg
426656,SBP,120.58,SBP,2016-08,mmHg
70364216,HbA1c,4.97,HbA1c,2013-04,%
58423976,HbA1c,4.34,HbA1c,2015-01,%
3428552,HbA1c,4.73,Hb A1c,2016-06,%
4262861,eGFR,82.09,LOINC: 33914-3,2012-08,mL/min/1.73m2
2162672,SBP,122.55,Systolic blood pressure,2015-03,mmHg
42367961,eGFR,87.87,eGFR,2012-07,mL/min/1.73m2
5069,SBP,130.9,SBP,2012-10,mmHg
4755512,eGFR,88.45,LOINC: 33914-3,2014-08,mL/min/1.73m2
7479992,eGFR,81.8,eGFR,2014-11,mL/min/1.73m2
1019936,SBP,126.48,Systolic blood pressure,2014-04,mmHg
20577752,eGFR,84.02,LOINC: 33914-3,2015-02,mL/min/1.73m2
34639481,eGFR,80.56,eGFR,2012-03,mL/min/1.73m2
45349901,eGFR,90.53,LOINC: 33914-3,2012-09,mL/min/1.73m2
47259152,HbA1c,4.44,Hb A1c,2012-05,%
71297144,HbA1c,5.47,HbA1c,2013-05,%
8639696,HbA1c,5.24,Glycated haemoglobin,2014-06,%
8609177,SBP,135.61,Systolic BP,2015-12,mmHg
7198472,SBP,142.56,Systolic BP,2016-04,mmHg
4946237,SBP,131.93,Systolic blood pressure,2014-06,mmHg
30337469,SBP,125.59,Systolic BP,2016-06,mmHg
34966457,SBP,128.16,Systolic blood pressure,2013-04,mmHg
27018272,eGFR,78.61,LOINC: 33914-3,2014-12,mL/min/1.73m2
941069,eGFR,88.78,eGFR,2015-07,mL/min/1.73m2
30528569,HbA1c,5.59,HbA1c,2012-09,%
20373977,HbA1c,5.38,Hb A1c,2016-12,%
23068856,eGFR,89.03,Estimated GFR,2012-12,mL/min/1.73m2
58080269,SBP,117.3,SBP,2016-08,mmHg
774461,HbA1c,20.62,HbA1c,2014-12,mmol/mol
73567181,SBP,134.35,Systolic blood pressure,2016-11,mmHg
48656,HbA1c,4.9,HbA1c,2016-11,%
51394232,eGFR,94.88,LOINC: 33914-3,2013-04,mL/min/1.73m2
6117821,SBP,113.77,Systolic blood pressure,2016-12,mmHg
16105736,HbA1c,3.9,HbA1c,2015-02,%
2522936,SBP,144.67,SBP,2015-07,mmHg
10818872,HbA1c,5.39,Hb A1c,2012-10,%
21035981,SBP,117.13,Systolic BP,2016-11,mmHg
24918041,eGFR,83.87,eGFR,2013-11,mL/min/1.73m2
17395661,eGFR,86.98,eGFR,2015-01,mL/min/1.73m2
9548237,SBP,142.21,SBP,2015-10,mmHg
1858376,HbA1c,4.64,Glycated haemoglobin,2013-02,%
402137,HbA1c,5.11,HbA1c,2013-07,%
38492441,eGFR,94.44,eGFR,2015-01,mL/min/1.73m2
629561,SBP,123.27,SBP,2012-08,mmHg
10367912,SBP,128.72,Systolic blood pressure,2013-06,mmHg
43251896,HbA1c,3.91,HbA1c,2014-08,%
58318112,eGFR,94.73,Estimated GFR,2012-06,mL/min/1.73m2
29729981,HbA1c,5.12,Hb A1c,2014-02,%
13736,HbA1c,4.8,Glycated haemoglobin,2015-08,%
15160781,eGFR,85.69,Estimated GFR,2012-04,mL/min/1.73m2
3127592,HbA1c,5.53,Glycated haemoglobin,2014-05,%
13041944,SBP,124.65,Systolic BP,2012-10,mmHg
15746312,HbA1c,6.13,HbA1c,2016-04,%
61726157,HbA1c,5.18,HbA1c,2012-08,%
1445177,eGFR,91.47,LOINC: 33914-3,2014-02,mL/min/1.73m2
15160781,SBP,134.05,SBP,2014-06,mmHg
15787577,SBP,104.79,Systolic blood pressure,2016-03,mmHg
35935832,SBP,149.94,Systolic blood pressure,2012-03,mmHg
207776,eGFR,82.7,eGFR,2015-08,mL/min/1.73m2
995597,SBP,147.66,SBP,2014-03,mmHg
11880569,HbA1c,5.2,Glycated haemoglobin,2014-12,%
41627144,eGFR,83.63,LOINC: 33914-3,2012-06,mL/min/1.73m2
12096461,HbA1c,6.88,Hb A1c,2014-05,%
2905037,HbA1c,59.23,HbA1c,2014-11,mmol/mol
60130856,SBP,133.99,SBP,2013-07,mmHg
5581757,HbA1c,4.17,Hb A1c,2016-01,%
49597337,SBP,119.54,Systolic blood pressure,2013-12,mmHg
69206696,HbA1c,5.05,Glycated haemoglobin,2012-02,%
57790232,SBP,134.35,Systolic BP,2014-09,mmHg
6281696,eGFR,94.62,Estimated GFR,2013-11,mL/min/1.73m2
43640057,HbA1c,4.84,Glycated haemoglobin,2013-03,%
40848569,HbA1c,3.61,Glycated haemoglobin,2016-08,%
12485069,eGFR,89.83,LOINC: 33914-3,2016-10,mL/min/1.73m2
9537536,SBP,139.54,Systolic blood pressure,2016-10,mmHg
69033896,eGFR,87.67,LOINC: 33914-3,2012-08,mL/min/1.73m2
3505952,SBP,141.51,SBP,2016-07,mmHg
1958861,eGFR,88.84,LOINC: 33914-3,2015-06,mL/min/1.73m2
69784256,SBP,108.7,SBP,2016-10,mmHg
64422137,SBP,123.71,SBP,2013-10,mmHg
36268856,SBP,126.07,SBP,2016-09,mmHg
16483277,HbA1c,5.41,Glycated haemoglobin,2013-01,%
43365881,eGFR,85.7,eGFR,2014-12,mL/min/1.73m2
69149072,eGFR,87.55,eGFR,2013-06,mL/min/1.73m2
28440992,SBP,137.13,SBP,2013-02,mmHg
58106672,eGFR,78.72,LOINC: 33914-3,2014-12,mL/min/1.73m2
46665677,HbA1c,4.35,Hb A1c,2013-01,%
49159181,eGFR,102.3,Estimated GFR,2014-08,mL/min/1.73m2
544697,eGFR,84.65,eGFR,2013-12,mL/min/1.73m2
16723232,HbA1c,4.63,HbA1c,2016-08,%
20814137,HbA1c,4.6,Glycated haemoglobin,2016-10,%
42978944,eGFR,88.54,LOINC: 33914-3,2015-08,mL/min/1.73m2
51121421,eGFR,85.61,Estimated GFR,2013-03,mL/min/1.73m2
44954192,HbA1c,4.37,Glycated haemoglobin,2013-07,%
1742201,eGFR,87.21,eGFR,2016-04,mL/min/1.73m2
26910344,eGFR,95.6,LOINC: 33914-3,2016-02,mL/min/1.73m2
11631152,eGFR,78.17,eGFR,2012-03,mL/min/1.73m2
46831472,SBP,120.03,SBP,2013-06,mmHg
25719821,SBP,126.88,Systolic BP,2013-11,mmHg
57422144,SBP,129.72,SBP,2013-09,mmHg
57401,HbA1c,3.5,Glycated haemoglobin,2016-02,%
42187769,SBP,157.77,Systolic BP,2014-08,mmHg
27871181,HbA1c,6.22,Glycated haemoglobin,2013-01,%
51096656,HbA1c,4.22,Hb A1c,2013-07,%
7254344,HbA1c,4.83,HbA1c,2013-02,%
23654861,eGFR,101.28,LOINC: 33914-3,2016-09,mL/min/1.73m2
16993469,eGFR,88.88,LOINC: 33914-3,2014-06,mL/min/1.73m2
27889472,HbA1c,4.95,Hb A1c,2016-02,%
63922637,SBP,121.27,Systolic blood pressure,2014-03,mmHg
14972537,eGFR,80.25,Estimated GFR,2013-03,mL/min/1.73m2
17949017,HbA1c,6.58,HbA1c,2013-07,%
53425469,eGFR,76.22,LOINC: 33914-3,2013-12,mL/min/1.73m2
492344,SBP,130.26,Systolic BP,2014-08,mmHg
2822969,HbA1c,6.36,Glycated haemoglobin,2013-02,%
6403832,HbA1c,4.86,HbA1c,2012-04,%
70073936,HbA1c,4.63,Hb A1c,2015-02,%
5387069,eGFR,67.83,Estimated GFR,2013-04,mL/min/1.73m2
17337917,HbA1c,3.89,HbA1c,2014-04,%
51518477,HbA1c,5.84,Glycated haemoglobin,2015-12,%
9882944,SBP,129.95,Systolic BP,2013-01,mmHg
7863752,HbA1c,6.83,HbA1c,2014-04,%
21131417,SBP,133.43,SBP,2012-11,mmHg
1755944,HbA1c,5.1,Hb A1c,2013-05,%
635069,SBP,94.99,Systolic BP,2013-02,mmHg
3054512,HbA1c,6.53,HbA1c,2015-10,%
48024272,HbA1c,4.14,HbA1c,2012-03,%
66693944,eGFR,79.43,Estimated GFR,2013-09,mL/min/1.73m2
32610896,eGFR,87.23,Estimated GFR,2013-03,mL/min/1.73m2
54929792,SBP,141.56,Systolic BP,2014-08,mmHg
55832057,eGFR,91.05,LOINC: 33914-3,2012-08,mL/min/1.73m2
14454344,SBP,126.05,Systolic BP,2014-11,mmHg
3109241,HbA1c,4.51,HbA1c,2014-06,%
18007769,eGFR,81.78,LOINC: 33914-3,2014-06,mL/min/1.73m2
12942056,HbA1c,4.26,Glycated haemoglobin,2015-09,%
44490872,eGFR,95.43,eGFR,2014-03,mL/min/1.73m2
37087037,HbA1c,4.0,Hb A1c,2013-07,%
1198541,eGFR,86.56,LOINC: 33914-3,2016-09,mL/min/1.73m2
87992,HbA1c,5.21,Glycated haemoglobin,2012-06,%
34619096,HbA1c,4.06,Glycated haemoglobin,2013-03,%
62792144,SBP,146.55,SBP,2016-01,mmHg
6395069,eGFR,81.25,Estimated GFR,2014-10,mL/min/1.73m2
605072,eGFR,89.14,eGFR,2016-02,mL/min/1.73m2
29091257,HbA1c,6.14,Glycated haemoglobin,2014-02,%
5746637,eGFR,88.58,Estimated GFR,2012-11,mL/min/1.73m2
27670376,eGFR,89.38,Estimated GFR,2013-02,mL/min/1.73m2
1499816,SBP,142.87,Systolic blood pressure,2016-11,mmHg
48771341,eGFR,92.87,LOINC: 33914-3,2016-05,mL/min/1.73m2
26037017,eGFR,81.94,LOINC: 33914-3,2016-11,mL/min/1.73m2
1019936,HbA1c,4.74,Hb A1c,2012-01,%
26713037,HbA1c,5.7,Glycated haemoglobin,2015-12,%
93197,SBP,135.81,Systolic BP,2012-09,mmHg
3736637,HbA1c,6.4,HbA1c,2012-06,%
4695272,SBP,139.74,Systolic BP,2016-10,mmHg
9915641,HbA1c,4.67,Glycated haemoglobin,2015-09,%
6307769,HbA1c,3.86,HbA1c,2016-05,%
1647512,SBP,127.6,Systolic BP,2016-04,mmHg
73062944,SBP,130.4,Systolic blood pressure,2012-10,mmHg
33607496,HbA1c,3.64,Glycated haemoglobin,2015-12,%
10978976,HbA1c,4.24,Glycated haemoglobin,2016-04,%
48674621,eGFR,90.23,Estimated GFR,2016-07,mL/min/1.73m2
32888432,SBP,150.13,Systolic BP,2015-02,mmHg
7301069,SBP,126.54,Systolic BP,2012-09,mmHg
67716272,eGFR,87.75,eGFR,2016-06,mL/min/1.73m2
542144,HbA1c,4.94,Glycated haemoglobin,2012-06,%
245657,HbA1c,6.13,HbA1c,2013-04,%
40561256,HbA1c,4.31,Glycated haemoglobin,2015-11,%
43662944,HbA1c,5.18,Glycated haemoglobin,2014-04,%
4800944,eGFR,80.27,LOINC: 33914-3,2013-02,mL/min/1.73m2
49256381,HbA1c,5.78,HbA1c,2015-04,%
27981017,eGFR,84.25,Estimated GFR,2013-10,mL/min/1.73m2
15079961,SBP,133.03,SBP,2013-10,mmHg
35130521,SBP,138.29,Systolic BP,2012-04,mmHg
17700392,SBP,112.87,SBP,2012-06,mmHg
1026944,eGFR,84.94,LOINC: 33914-3,2016-01,mL/min/1.73m2
51792344,SBP,127.3,Systolic BP,2012-04,mmHg
39902096,SBP,132.33,SBP,2013-05,mmHg
24569,eGFR,89.38,eGFR,2016-09,mL/min/1.73m2
58768697,eGFR,83.66,eGFR,2016-04,mL/min/1.73m2
586361,eGFR,81.21,eGFR,2012-01,mL/min/1.73m2
116696,HbA1c,6.93,Glycated haemoglobin,2016-06,%
10569656,HbA1c,4.19,Hb A1c,2016-02,%
20155661,eGFR,89.49,Estimated GFR,2012-05,mL/min/1.73m2
65981,HbA1c,5.48,Hb A1c,2015-03,%
5140712,HbA1c,3.89,HbA1c,2012-08,%
28348697,SBP,146.89,Systolic blood pressure,2014-08,mmHg
35912,eGFR,70.73,Estimated GFR,2016-11,mL/min/1.73m2
8069069,HbA1c,5.25,Hb A1c,2012-02,%
52242056,HbA1c,6.11,Glycated haemoglobin,2012-09,%
363581,eGFR,80.1,eGFR,2016-07,mL/min/1.73m2
15012776,eGFR,81.7,eGFR,2012-07,mL/min/1.73m2
19370312,eGFR,85.46,Estimated GFR,2015-07,mL/min/1.73m2
42277817,HbA1c,3.95,HbA1c,2012-11,%
9893837,eGFR,84.19,LOINC: 33914-3,2012-11,mL/min/1.73m2
3390176,eGFR,89.55,Estimated GFR,2014-10,mL/min/1.73m2
249101,HbA1c,3.08,Glycated haemoglobin,2016-06,%
10135001,eGFR,69.42,Estimated GFR,2014-03,mL/min/1.73m2
10592192,eGFR,83.35,LOINC: 33914-3,2014-06,mL/min/1.73m2
10693901,HbA1c,6.94,Glycated haemoglobin,2015-03,%
51344576,HbA1c,7.12,HbA1c,2013-02,%
53526797,eGFR,89.83,LOINC: 33914-3,2014-09,mL/min/1.73m2
35397944,HbA1c,4.64,HbA1c,2013-10,%
68030201,SBP,124.16,SBP,2014-09,mmHg
9992144,HbA1c,4.63,Hb A1c,2016-09,%
38643032,HbA1c,29.59,Glycated haemoglobin,2015-03,mmol/mol
1213757,eGFR,92.32,Estimated GFR,2015-12,mL/min/1.73m2
15160781,HbA1c,4.98,HbA1c,2014-01,%
49939469,eGFR,92.99,LOINC: 33914-3,2012-01,mL/min/1.73m2
68947577,eGFR,87.77,eGFR,2016-04,mL/min/1.73m2
792857,HbA1c,4.12,HbA1c,2013-03,%
46689344,HbA1c,4.0,Hb A1c,2015-04,%
2863856,eGFR,84.94,eGFR,2012-10,mL/min/1.73m2
49256381,eGFR,82.23,Estimated GFR,2012-08,mL/min/1.73m2
1867832,SBP,122.63,Systolic BP,2013-08,mmHg
2617337,SBP,115.33,Systolic BP,2013-11,mmHg
17758736,HbA1c,4.94,Glycated haemoglobin,2014-09,%
43388696,eGFR,82.92,eGFR,2015-05,mL/min/1.73m2
59728601,HbA1c,5.48,HbA1c,2014-08,%
59069,HbA1c,4.7,Glycated haemoglobin,2015-03,%
22162841,SBP,138.37,SBP,2016-09,mmHg
18184601,SBP,144.13,Systolic blood pressure,2015-11,mmHg
51369401,SBP,104.68,Systolic BP,2014-04,mmHg
4177469,SBP,125.81,Systolic BP,2012-09,mmHg
279344,SBP,109.85,Systolic blood pressure,2014-03,mmHg
12168857,eGFR,74.24,eGFR,2016-03,mL/min/1.73m2
16342937,SBP,139.35,Systolic BP,2012-06,mmHg
58954736,HbA1c,3.94,Glycated haemoglobin,2014-02,%
16483277,SBP,126.43,Systolic BP,2012-09,mmHg
51817277,SBP,124.14,Systolic BP,2016-10,mmHg
1164656,eGFR,77.1,eGFR,2015-02,mL/min/1.73m2
61616,HbA1c,7.22,Glycated haemoglobin,2016-01,%
49451069,eGFR,79.75,eGFR,2015-05,mL/min/1.73m2
404336,HbA1c,18.83,Hb A1c,2015-02,mmol/mol
6066521,eGFR,79.86,eGFR,2016-04,mL/min/1.73m2
37999712,SBP,119.55,Systolic BP,2013-06,mmHg
70306112,HbA1c,7.33,Glycated haemoglobin,2012-11,%
23135456,HbA1c,3.78,Glycated haemoglobin,2016-06,%
3953981,HbA1c,7.32,Hb A1c,2015-04,%
49232072,HbA1c,5.13,Hb A1c,2013-06,%
3109241,SBP,125.3,Systolic BP,2014-03,mmHg
49062077,eGFR,85.19,eGFR,2015-12,mL/min/1.73m2
47045069,eGFR,85.79,eGFR,2016-04,mL/min/1.73m2
55909736,HbA1c,5.55,HbA1c,2014-06,%
37382969,eGFR,101.2,LOINC: 33914-3,2013-08,mL/min/1.73m2
56376944,HbA1c,5.05,Hb A1c,2015-08,%
18991037,SBP,131.36,Systolic BP,2015-05,mmHg
5211641,SBP,130.78,SBP,2012-02,mmHg
18735272,eGFR,68.26,LOINC: 33914-3,2012-10,mL/min/1.73m2
26427341,HbA1c,3.7,Glycated haemoglobin,2012-10,%
3650096,SBP,134.85,Systolic blood pressure,2013-06,mmHg
36729272,eGFR,81.32,eGFR,2012-04,mL/min/1.73m2
5930777,eGFR,80.88,Estimated GFR,2015-04,mL/min/1.73m2
1002521,SBP,112.19,Systolic blood pressure,2014-12,mmHg
27198632,eGFR,88.32,LOINC: 33914-3,2013-05,mL/min/1.73m2
53122061,SBP,134.58,Systolic BP,2012-12,mmHg
35336141,HbA1c,6.5,HbA1c,2012-03,%
90056,SBP,143.0,Systolic BP,2013-09,mmHg
4142144,eGFR,87.11,Estimated GFR,2014-08,mL/min/1.73m2
40077344,SBP,148.61,Systolic BP,2013-02,mmHg
16836752,SBP,149.71,Systolic BP,2016-04,mmHg
6705344,eGFR,82.77,eGFR,2015-08,mL/min/1.73m2
6403832,eGFR,97.83,LOINC: 33914-3,2014-09,mL/min/1.73m2
42752144,eGFR,92.42,eGFR,2012-12,mL/min/1.73m2
3030344,SBP,111.79,SBP,2015-06,mmHg
2994272,eGFR,82.06,eGFR,2012-06,mL/min/1.73m2
71326397,SBP,111.88,Systolic blood pressure,2013-02,mmHg
27072317,eGFR,81.57,LOINC: 33914-3,2015-09,mL/min/1.73m2
42888152,SBP,129.0,SBP,2012-10,mmHg
24900752,eGFR,79.7,LOINC: 33914-3,2012-10,mL/min/1.73m2
1069496,HbA1c,5.29,Hb A1c,2013-01,%
5312,eGFR,87.91,LOINC: 33914-3,2016-06,mL/min/1.73m2
37807769,SBP,128.29,Systolic blood pressure,2016-04,mmHg
7442144,SBP,109.85,Systolic BP,2013-09,mmHg
3072701,eGFR,87.55,LOINC: 33914-3,2012-06,mL/min/1.73m2
16133552,HbA1c,4.36,Hb A1c,2015-07,%
2828792,SBP,130.75,SBP,2012-02,mmHg
54596537,HbA1c,4.61,Hb A1c,2012-06,%
13598192,SBP,136.05,Systolic blood pressure,2013-02,mmHg
1482896,HbA1c,4.67,HbA1c,2013-10,%
11326016,eGFR,89.19,eGFR,2012-10,mL/min/1.73m2
73537472,HbA1c,4.74,HbA1c,2016-08,%
48771341,SBP,108.53,Systolic blood pressure,2015-10,mmHg
70335161,eGFR,79.09,LOINC: 33914-3,2015-10,mL/min/1.73m2
63397496,eGFR,91.62,Estimated GFR,2014-09,mL/min/1.73m2
8558432,eGFR,88.12,LOINC: 33914-3,2015-06,mL/min/1.73m2
31028237,eGFR,85.13,Estimated GFR,2013-06,mL/min/1.73m2
1026944,HbA1c,5.59,HbA1c,2016-12,%
4770632,HbA1c,4.82,HbA1c,2016-06,%
38449469,eGFR,91.12,Estimated GFR,2016-12,mL/min/1.73m2
10853081,HbA1c,3.99,HbA1c,2013-06,%
58662521,eGFR,80.18,eGFR,2014-04,mL/min/1.73m2
361496,SBP,136.8,Systolic blood pressure,2014-08,mmHg
30242144,SBP,126.28,Systolic blood pressure,2013-09,mmHg
24231161,SBP,110.79,Systolic BP,2013-04,mmHg
59996621,eGFR,83.11,eGFR,2016-10,mL/min/1.73m2
57029069,HbA1c,5.25,HbA1c,2016-03,%
11976281,eGFR,87.51,eGFR,2012-08,mL/min/1.73m2
621344,eGFR,87.22,LOINC: 33914-3,2016-04,mL/min/1.73m2
34741496,HbA1c,6.13,Glycated haemoglobin,2016-05,%
22309856,HbA1c,4.88,Hb A1c,2013-04,%
8316944,HbA1c,5.29,HbA1c,2012-02,%
36102152,HbA1c,5.34,Hb A1c,2012-05,%
31163456,SBP,114.47,Systolic blood pressure,2015-06,mmHg
7301069,eGFR,88.79,LOINC: 33914-3,2016-12,mL/min/1.73m2
1461881,SBP,138.34,Systolic BP,2014-08,mmHg
1221401,SBP,132.61,SBP,2012-03,mmHg
15821,SBP,140.06,SBP,2016-07,mmHg
68402144,eGFR,87.08,LOINC: 33914-3,2012-10,mL/min/1.73m2
32717,HbA1c,4.04,HbA1c,2015-12,%
8517944,HbA1c,3.9,Hb A1c,2012-09,%
5905496,eGFR,81.54,eGFR,2014-08,mL/min/1.73m2
3837752,HbA1c,4.96,Glycated haemoglobin,2014-07,%
417656,HbA1c,4.55,Hb A1c,2015-07,%
1160921,HbA1c,4.6,HbA1c,2012-07,%
58450457,eGFR,81.46,eGFR,2015-09,mL/min/1.73m2
2479112,SBP,117.3,Systolic BP,2015-01,mmHg
29711096,HbA1c,6.07,Hb A1c,2014-10,%
30662696,HbA1c,5.58,HbA1c,2013-03,%
6589241,HbA1c,5.98,Glycated haemoglobin,2013-04,%
59701832,eGFR,91.57,eGFR,2016-06,mL/min/1.73m2
4220057,eGFR,88.58,eGFR,2016-02,mL/min/1.73m2
10289981,eGFR,82.22,Estimated GFR,2015-10,mL/min/1.73m2
26480792,eGFR,66.25,Estimated GFR,2012-11,mL/min/1.73m2
69408569,HbA1c,4.04,Glycated haemoglobin,2014-11,%
3571112,eGFR,83.43,LOINC: 33914-3,2016-08,mL/min/1.73m2
21902681,HbA1c,7.23,Glycated haemoglobin,2016-06,%
28182944,HbA1c,4.42,Glycated haemoglobin,2015-03,%
3518936,eGFR,81.1,LOINC: 33914-3,2014-05,mL/min/1.73m2
51792344,eGFR,91.07,eGFR,2015-04,mL/min/1.73m2
50454872,eGFR,84.62,Estimated GFR,2016-09,mL/min/1.73m2
33167144,SBP,121.43,Systolic BP,2014-08,mmHg
7461056,HbA1c,5.56,HbA1c,2013-08,%
792857,SBP,99.18,Systolic BP,2016-06,mmHg
7970969,eGFR,87.25,eGFR,2012-12,mL/min/1.73m2
13029437,HbA1c,4.11,Hb A1c,2012-02,%
2286656,eGFR,83.13,LOINC: 33914-3,2016-09,mL/min/1.73m2
2852144,SBP,108.95,SBP,2015-02,mmHg
13945277,SBP,145.83,SBP,2014-03,mmHg
19553696,SBP,108.15,Systolic blood pressure,2013-11,mmHg
66722237,HbA1c,5.11,Glycated haemoglobin,2012-04,%
14322944,eGFR,72.24,LOINC: 33914-3,2014-10,mL/min/1.73m2
52267097,SBP,132.73,Systolic BP,2014-09,mmHg
30720269,HbA1c,4.68,HbA1c,2016-11,%
177416,HbA1c,5.58,Glycated haemoglobin,2012-03,%
5078072,eGFR,76.19,Estimated GFR,2014-03,mL/min/1.73m2
10712,eGFR,85.67,Estimated GFR,2012-07,mL/min/1.73m2
504569,eGFR,86.67,Estimated GFR,2012-01,mL/min/1.73m2
14113952,HbA1c,3.96,Glycated haemoglobin,2013-02,%
1896344,HbA1c,5.15,Glycated haemoglobin,2015-09,%
1647512,eGFR,88.35,eGFR,2013-10,mL/min/1.73m2
8138096,SBP,128.04,Systolic BP,2016-11,mmHg
380477,HbA1c,4.83,Hb A1c,2016-12,%
94256,SBP,103.75,Systolic blood pressure,2014-07,mmHg
27397721,eGFR,84.31,LOINC: 33914-3,2014-03,mL/min/1.73m2
30989657,SBP,152.94,Systolic BP,2015-02,mmHg
30528569,SBP,131.38,SBP,2014-08,mmHg
17150912,SBP,107.71,SBP,2014-11,mmHg
186272,HbA1c,4.34,HbA1c,2013-10,%
52794344,SBP,145.45,Systolic blood pressure,2016-04,mmHg
482672,eGFR,96.33,eGFR,2014-08,mL/min/1.73m2
35604344,SBP,149.67,Systolic blood pressure,2013-02,mmHg
27108377,SBP,134.88,Systolic blood pressure,2016-10,mmHg
19294157,eGFR,78.91,eGFR,2014-04,mL/min/1.73m2
64033469,eGFR,76.44,LOINC: 33914-3,2012-11,mL/min/1.73m2
586361,SBP,123.06,SBP,2013-06,mmHg
7273016,SBP,145.6,Systolic blood pressure,2015-06,mmHg
42706856,eGFR,91.29,LOINC: 33914-3,2012-07,mL/min/1.73m2
7815257,eGFR,83.25,Estimated GFR,2014-04,mL/min/1.73m2
19799552,eGFR,83.16,Estimated GFR,2016-04,mL/min/1.73m2
3339344,SBP,111.66,SBP,2016-05,mmHg
20467901,HbA1c,5.52,Hb A1c,2012-03,%
3844541,HbA1c,5.03,HbA1c,2015-01,%
78032,SBP,120.58,Systolic blood pressure,2013-08,mmHg
12979469,SBP,140.36,Systolic BP,2014-12,mmHg
45958457,eGFR,92.23,LOINC: 33914-3,2013-02,mL/min/1.73m2
58053872,SBP,99.9,Systolic blood pressure,2014-02,mmHg
12669344,SBP,119.77,Systolic blood pressure,2012-02,mmHg
281,HbA1c,3.72,HbA1c,2014-01,%
15268877,SBP,125.49,Systolic BP,2013-04,mmHg
15282416,HbA1c,3.77,Glycated haemoglobin,2015-09,%
18630461,eGFR,90.07,LOINC: 33914-3,2012-05,mL/min/1.73m2
27725069,SBP,105.86,Systolic blood pressure,2012-09,mmHg
40892861,eGFR,87.59,eGFR,2015-05,mL/min/1.73m2
33027641,HbA1c,5.04,Glycated haemoglobin,2016-02,%
24163001,eGFR,95.94,LOINC: 33914-3,2014-05,mL/min/1.73m2
42525944,HbA1c,4.94,Glycated haemoglobin,2012-07,%
10135001,HbA1c,6.53,Glycated haemoglobin,2015-06,%
4363577,eGFR,87.9,Estimated GFR,2014-11,mL/min/1.73m2
1905896,eGFR,76.12,eGFR,2012-08,mL/min/1.73m2
13054457,eGFR,87.42,LOINC: 33914-3,2014-02,mL/min/1.73m2
61101776,eGFR,66.31,eGFR,2012-11,mL/min/1.73m2
703037,eGFR,89.12,LOINC: 33914-3,2013-04,mL/min/1.73m2
20814137,SBP,139.6,SBP,2015-03,mmHg
18750269,SBP,119.14,Systolic BP,2012-04,mmHg
30777896,HbA1c,4.85,Hb A1c,2012-02,%
48048281,HbA1c,4.33,Glycated haemoglobin,2016-03,%
67545344,eGFR,81.11,eGFR,2015-09,mL/min/1.73m2
544697,SBP,114.86,SBP,2014-01,mmHg
23789837,SBP,105.24,Systolic blood pressure,2012-09,mmHg
1660877,eGFR,96.32,eGFR,2013-02,mL/min/1.73m2
4884797,HbA1c,4.28,Glycated haemoglobin,2012-04,%
13394576,HbA1c,5.2,Glycated haemoglobin,2015-05,%
1026944,SBP,128.34,Systolic blood pressure,2014-10,mmHg
9473456,HbA1c,3.61,HbA1c,2012-04,%
7394969,HbA1c,5.95,HbA1c,2015-04,%
19984952,SBP,102.32,Systolic BP,2014-04,mmHg
2052056,eGFR,76.51,LOINC: 33914-3,2013-02,mL/min/1.73m2
5998457,eGFR,93.28,eGFR,2013-10,mL/min/1.73m2
27108377,HbA1c,5.63,Glycated haemoglobin,2012-12,%
29109944,HbA1c,6.72,Glycated haemoglobin,2012-08,%
55315577,HbA1c,5.04,HbA1c,2012-01,%
72059672,eGFR,88.68,eGFR,2015-02,mL/min/1.73m2
42752144,HbA1c,2.91,HbA1c,2013-09,%
203069,eGFR,81.87,Estimated GFR,2015-05,mL/min/1.73m2
50528717,SBP,128.09,Systolic blood pressure,2014-03,mmHg
23218841,eGFR,84.69,eGFR,2012-07,mL/min/1.73m2
44398496,SBP,117.98,Systolic BP,2014-11,mmHg
1259981,SBP,126.83,Systolic blood pressure,2013-06,mmHg
48288701,HbA1c,7.1,Hb A1c,2013-09,%
69005117,SBP,131.96,Systolic blood pressure,2013-12,mmHg
67744781,SBP,129.86,SBP,2013-07,mmHg
48553856,SBP,140.76,SBP,2015-09,mmHg
50381081,SBP,148.49,Systolic BP,2012-09,mmHg
57107576,HbA1c,4.74,Glycated haemoglobin,2012-12,%
72324569,SBP,105.54,Systolic BP,2012-02,mmHg
5680397,HbA1c,5.15,HbA1c,2016-04,%
1521101,SBP,104.47,SBP,2015-08,mmHg
43160816,SBP,137.24,Systolic BP,2016-04,mmHg
59167712,SBP,138.5,Systolic blood pressure,2015-05,mmHg
12180944,eGFR,86.72,Estimated GFR,2013-03,mL/min/1.73m2
60265241,eGFR,85.11,Estimated GFR,2012-11,mL/min/1.73m2
50331917,SBP,131.06,Systolic blood pressure,2012-12,mmHg
22440944,HbA1c,6.75,Glycated haemoglobin,2013-11,%
424397,eGFR,84.61,eGFR,2013-02,mL/min/1.73m2
83936,HbA1c,3.65,Hb A1c,2016-11,%
39530969,eGFR,90.98,LOINC: 33914-3,2013-06,mL/min/1.73m2
21035981,eGFR,86.47,LOINC: 33914-3,2013-04,mL/min/1.73m2
7689872,eGFR,88.28,eGFR,2015-02,mL/min/1.73m2
75161,HbA1c,4.65,Glycated haemoglobin,2015-12,%
5125016,HbA1c,5.03,HbA1c,2016-09,%
184781,eGFR,81.72,LOINC: 33914-3,2012-09,mL/min/1.73m2
24197069,eGFR,76.26,Estimated GFR,2013-04,mL/min/1.73m2
40165112,SBP,121.01,Systolic BP,2015-11,mmHg
73953944,HbA1c,4.77,Hb A1c,2015-03,%
17136569,eGFR,97.38,eGFR,2013-05,mL/min/1.73m2
44699069,SBP,118.52,SBP,2015-06,mmHg
15187769,HbA1c,4.43,Hb A1c,2014-08,%
5101517,eGFR,93.75,eGFR,2013-10,mL/min/1.73m2
60777272,eGFR,88.14,eGFR,2012-02,mL/min/1.73m2
12375152,eGFR,101.56,eGFR,2016-03,mL/min/1.73m2
591677,eGFR,95.34,eGFR,2016-10,mL/min/1.73m2
51742496,HbA1c,4.41,HbA1c,2013-08,%
69495176,HbA1c,5.26,Glycated haemoglobin,2016-01,%
6049469,HbA1c,7.31,Glycated haemoglobin,2014-11,%
12755801,HbA1c,2.5,HbA1c,2016-07,%
3689912,eGFR,84.57,Estimated GFR,2013-10,mL/min/1.73m2
1954016,eGFR,83.32,Estimated GFR,2013-03,mL/min/1.73m2
40693736,SBP,143.2,Systolic blood pressure,2012-07,mmHg
50454872,SBP,127.09,Systolic BP,2013-05,mmHg
315197,eGFR,86.31,LOINC: 33914-3,2016-04,mL/min/1.73m2
34616,HbA1c,5.4,Hb A1c,2015-12,%
711776,SBP,97.84,Systolic blood pressure,2012-06,mmHg
44884541,eGFR,94.9,eGFR,2015-09,mL/min/1.73m2
5829977,eGFR,90.12,LOINC: 33914-3,2015-03,mL/min/1.73m2
2376569,HbA1c,3.79,Hb A1c,2015-12,%
27344,eGFR,93.47,LOINC: 33914-3,2015-07,mL/min/1.73m2
5956112,eGFR,87.06,eGFR,2015-04,mL/min/1.73m2
47688776,eGFR,86.26,Estimated GFR,2015-05,mL/min/1.73m2
19309376,SBP,127.94,SBP,2016-01,mmHg
41985512,SBP,125.75,SBP,2012-12,mmHg
31804877,eGFR,82.12,eGFR,2015-11,mL/min/1.73m2
20015936,eGFR,74.74,eGFR,2015-01,mL/min/1.73m2
13829096,SBP,133.31,SBP,2013-11,mmHg
16595981,eGFR,86.26,eGFR,2015-04,mL/min/1.73m2
26605721,SBP,79.42,Systolic BP,2016-04,mmHg
301736,HbA1c,5.19,Hb A1c,2012-02,%
11678456,eGFR,83.06,Estimated GFR,2015-09,mL/min/1.73m2
19737944,HbA1c,3.99,Hb A1c,2016-03,%
8588861,eGFR,88.21,eGFR,2016-09,mL/min/1.73m2
22523069,HbA1c,5.31,Hb A1c,2013-12,%
4524221,eGFR,95.71,eGFR,2014-10,mL/min/1.73m2
3564569,eGFR,85.29,Estimated GFR,2014-11,mL/min/1.73m2
64477757,SBP,114.12,Systolic BP,2014-09,mmHg
10637336,HbA1c,5.55,Glycated haemoglobin,2012-01,%
30299321,SBP,126.09,SBP,2013-07,mmHg
7059737,HbA1c,5.1,Glycated haemoglobin,2015-10,%
1705817,eGFR,81.97,Estimated GFR,2014-10,mL/min/1.73m2
13534397,eGFR,64.85,eGFR,2014-11,mL/min/1.73m2
26766776,eGFR,81.31,LOINC: 33914-3,2013-02,mL/min/1.73m2
3207737,eGFR,81.05,Estimated GFR,2015-01,mL/min/1.73m2
56428976,eGFR,83.57,eGFR,2014-02,mL/min/1.73m2
49421,HbA1c,31.49,Glycated haemoglobin,2014-04,mmol/mol
5291021,HbA1c,4.66,Glycated haemoglobin,2015-09,%
18810317,HbA1c,5.96,HbA1c,2014-09,%
45817661,eGFR,80.51,Estimated GFR,2016-05,mL/min/1.73m2
73277,SBP,141.24,Systolic BP,2013-08,mmHg
32717,eGFR,90.48,LOINC: 33914-3,2013-05,mL/min/1.73m2
69697469,SBP,119.02,Systolic BP,2016-04,mmHg
9062201,eGFR,83.58,Estimated GFR,2016-03,mL/min/1.73m2
836621,HbA1c,4.97,Glycated haemoglobin,2013-03,%
69235517,eGFR,82.01,eGFR,2015-01,mL/min/1.73m2
9114416,SBP,137.29,Systolic blood pressure,2014-01,mmHg
5039117,HbA1c,4.79,Hb A1c,2016-09,%
1992944,HbA1c,4.31,Glycated haemoglobin,2016-07,%
17642144,eGFR,85.06,Estimated GFR,2014-04,mL/min/1.73m2
6580352,SBP,133.64,Systolic blood pressure,2012-07,mmHg
6977144,HbA1c,4.37,HbA1c,2014-10,%
19461896,eGFR,67.65,Estimated GFR,2015-12,mL/min/1.73m2
21099581,eGFR,82.4,Estimated GFR,2016-10,mL/min/1.73m2
18391997,eGFR,90.92,eGFR,2016-11,mL/min/1.73m2
41270312,eGFR,90.28,Estimated GFR,2012-11,mL/min/1.73m2
48336857,HbA1c,3.5,HbA1c,2012-05,%
34091192,HbA1c,2.83,Glycated haemoglobin,2014-12,%
65651321,eGFR,84.48,eGFR,2014-01,mL/min/1.73m2
66778841,SBP,107.71,Systolic BP,2012-12,mmHg
11302712,eGFR,80.47,Estimated GFR,2016-12,mL/min/1.73m2
25195481,HbA1c,5.68,Glycated haemoglobin,2015-04,%
9177272,HbA1c,36.03,Glycated haemoglobin,2016-06,mmol/mol
32078969,HbA1c,7.47,Hb A1c,2015-08,%
57264752,SBP,109.27,Systolic blood pressure,2012-04,mmHg
9452144,HbA1c,3.29,Hb A1c,2013-02,%
32888432,HbA1c,5.21,HbA1c,2014-10,%
33768344,eGFR,95.69,eGFR,2012-08,mL/min/1.73m2
42367961,HbA1c,4.98,Glycated haemoglobin,2012-06,%
51917069,eGFR,83.07,eGFR,2015-08,mL/min/1.73m2
9763517,SBP,105.79,SBP,2012-04,mmHg
38923481,eGFR,90.91,eGFR,2015-02,mL/min/1.73m2
45700496,eGFR,88.29,eGFR,2015-11,mL/min/1.73m2
58742144,HbA1c,30.83,HbA1c,2015-02,mmol/mol
3213944,eGFR,92.19,LOINC: 33914-3,2016-11,mL/min/1.73m2
69929021,SBP,146.49,SBP,2016-04,mmHg
18720281,HbA1c,4.9,Glycated haemoglobin,2015-04,%
2137277,SBP,112.71,Systolic BP,2012-01,mmHg
31376537,SBP,125.67,Systolic BP,2016-09,mmHg
3716576,HbA1c,3.77,Hb A1c,2012-04,%
66637376,SBP,134.06,Systolic blood pressure,2013-03,mmHg
72885392,SBP,122.52,Systolic BP,2015-02,mmHg
23268944,HbA1c,3.99,Glycated haemoglobin,2012-12,%
178877,SBP,99.47,SBP,2016-07,mmHg
27289037,eGFR,78.88,Estimated GFR,2014-08,mL/min/1.73m2
5070269,SBP,123.41,SBP,2014-12,mmHg
35397944,SBP,117.04,Systolic BP,2012-05,mmHg
46099469,HbA1c,4.61,HbA1c,2012-01,%
31512512,eGFR,94.51,eGFR,2014-01,mL/min/1.73m2
16256,eGFR,90.11,LOINC: 33914-3,2015-06,mL/min/1.73m2
2556056,eGFR,81.04,LOINC: 33914-3,2012-10,mL/min/1.73m2
6083597,HbA1c,5.43,Glycated haemoglobin,2013-10,%
38966717,HbA1c,5.37,Hb A1c,2016-04,%
60480569,SBP,132.36,Systolic BP,2013-11,mmHg
68516792,SBP,113.36,Systolic BP,2012-04,mmHg
68287592,HbA1c,6.59,Glycated haemoglobin,2013-03,%
964736,HbA1c,6.63,HbA1c,2016-12,%
22704272,HbA1c,4.12,Hb A1c,2013-09,%
64867769,HbA1c,4.37,Glycated haemoglobin,2012-03,%
12694016,eGFR,82.01,Estimated GFR,2015-02,mL/min/1.73m2
23671712,SBP,122.1,SBP,2012-07,mmHg
19907597,HbA1c,26.91,Glycated haemoglobin,2014-07,mmol/mol
4170392,HbA1c,5.55,HbA1c,2016-06,%
12644696,eGFR,90.91,Estimated GFR,2016-10,mL/min/1.73m2
51369401,eGFR,94.61,eGFR,2013-08,mL/min/1.73m2
18317792,SBP,147.23,Systolic blood pressure,2012-03,mmHg
28551944,eGFR,86.11,eGFR,2014-02,mL/min/1.73m2
17875712,eGFR,95.96,LOINC: 33914-3,2012-12,mL/min/1.73m2
50233661,HbA1c,5.01,Glycated haemoglobin,2016-06,%
41403944,SBP,126.42,SBP,2016-11,mmHg
60534461,HbA1c,3.06,Hb A1c,2016-06,%
22786877,HbA1c,5.19,Hb A1c,2013-04,%
28700216,SBP,124.41,SBP,2016-11,mmHg
40274957,eGFR,96.17,Estimated GFR,2016-04,mL/min/1.73m2
15554456,SBP,152.96,Systolic BP,2012-10,mmHg
73359344,eGFR,69.06,Estimated GFR,2012-08,mL/min/1.73m2
5540912,SBP,119.15,Systolic BP,2016-05,mmHg
74910296,SBP,107.82,Systolic BP,2016-09,mmHg
22326221,eGFR,81.54,LOINC: 33914-3,2013-06,mL/min/1.73m2
8937497,eGFR,84.13,eGFR,2013-04,mL/min/1.73m2
64477757,HbA1c,3.84,Hb A1c,2014-07,%
52066937,SBP,123.1,Systolic blood pressure,2015-08,mmHg
47880344,HbA1c,4.8,Hb A1c,2013-11,%
6669512,HbA1c,5.78,Hb A1c,2012-03,%
38858672,HbA1c,5.54,Hb A1c,2016-02,%
67488416,SBP,138.84,Systolic BP,2013-12,mmHg
9937469,HbA1c,5.22,Hb A1c,2014-03,%
21051872,HbA1c,5.74,HbA1c,2015-04,%
20483576,HbA1c,5.0,Hb A1c,2013-01,%
2456,HbA1c,5.21,Glycated haemoglobin,2012-06,%
1055216,SBP,133.67,SBP,2016-04,mmHg
19722557,SBP,144.19,Systolic BP,2013-06,mmHg
45630269,HbA1c,5.25,HbA1c,2014-12,%
14218256,SBP,138.57,Systolic BP,2012-03,mmHg
64644761,eGFR,60.84,LOINC: 33914-3,2014-05,mL/min/1.73m2
1267769,HbA1c,5.17,Glycated haemoglobin,2016-06,%
37171469,SBP,105.06,Systolic BP,2015-03,mmHg
60103997,SBP,125.84,Systolic blood pressure,2013-03,mmHg
65175032,eGFR,87.13,eGFR,2012-04,mL/min/1.73m2
1009469,HbA1c,5.59,Hb A1c,2015-12,%
7413821,SBP,150.24,Systolic blood pressure,2015-09,mmHg
18960857,HbA1c,5.17,Glycated haemoglobin,2012-03,%
1929881,HbA1c,7.0,Glycated haemoglobin,2013-03,%
22408136,SBP,124.06,SBP,2015-09,mmHg
11713997,SBP,147.43,Systolic BP,2016-08,mmHg
13445336,HbA1c,4.17,Hb A1c,2016-05,%
24282344,HbA1c,4.32,Hb A1c,2014-06,%
47897,HbA1c,39.51,Hb A1c,2014-03,mmol/mol
2403344,SBP,133.61,Systolic BP,2014-01,mmHg
58635992,eGFR,94.54,LOINC: 33914-3,2014-11,mL/min/1.73m2
61264352,eGFR,77.61,eGFR,2013-09,mL/min/1.73m2
1559792,HbA1c,24.6,Hb A1c,2013-03,mmol/mol
33929576,HbA1c,7.25,Hb A1c,2013-04,%
54085817,SBP,145.76,SBP,2014-10,mmHg
2611736,SBP,158.89,SBP,2014-08,mmHg
16384976,SBP,113.26,Systolic blood pressure,2014-08,mmHg
34823216,eGFR,87.95,Estimated GFR,2015-01,mL/min/1.73m2
40340936,eGFR,90.61,eGFR,2013-04,mL/min/1.73m2
25004576,HbA1c,5.9,HbA1c,2014-06,%
4568537,eGFR,91.83,eGFR,2016-04,mL/min/1.73m2
2940569,HbA1c,5.4,HbA1c,2016-02,%
3054512,eGFR,77.02,LOINC: 33914-3,2012-01,mL/min/1.73m2
52568057,eGFR,90.66,LOINC: 33914-3,2015-01,mL/min/1.73m2
30108941,HbA1c,4.19,Hb A1c,2013-05,%
54009416,HbA1c,5.36,Glycated haemoglobin,2014-02,%
288569,HbA1c,3.89,Hb A1c,2013-11,%
2007641,eGFR,83.06,eGFR,2014-07,mL/min/1.73m2
3257561,eGFR,88.55,LOINC: 33914-3,2013-04,mL/min/1.73m2
67289357,HbA1c,5.43,HbA1c,2012-03,%
26802632,SBP,137.35,Systolic blood pressure,2015-07,mmHg
93197,eGFR,84.85,Estimated GFR,2016-02,mL/min/1.73m2
16147469,HbA1c,4.6,Glycated haemoglobin,2012-02,%
28348697,HbA1c,4.33,Glycated haemoglobin,2015-03,%
16680761,eGFR,93.09,eGFR,2014-02,mL/min/1.73m2
20420912,HbA1c,5.71,Glycated haemoglobin,2012-09,%
60858317,eGFR,91.52,Estimated GFR,2016-05,mL/min/1.73m2
5771576,SBP,136.0,Systolic BP,2016-03,mmHg
13079501,eGFR,77.23,LOINC: 33914-3,2015-05,mL/min/1.73m2
1491344,SBP,125.81,Systolic blood pressure,2016-12,mmHg
23993021,SBP,116.11,SBP,2016-04,mmHg
60696281,HbA1c,3.81,Glycated haemoglobin,2014-05,%
47211536,SBP,141.21,Systolic BP,2014-12,mmHg
51394232,HbA1c,4.19,Hb A1c,2015-03,%
175961,SBP,92.69,SBP,2016-07,mmHg
28830269,SBP,121.33,SBP,2015-12,mmHg
39096569,HbA1c,5.62,Glycated haemoglobin,2014-11,%
43138061,SBP,138.8,Systolic BP,2012-12,mmHg
2506457,eGFR,84.91,Estimated GFR,2015-12,mL/min/1.73m2
243944,HbA1c,4.91,Glycated haemoglobin,2015-11,%
33848912,eGFR,86.27,Estimated GFR,2012-12,mL/min/1.73m2
22016312,HbA1c,19.48,HbA1c,2013-07,mmol/mol
4635416,SBP,164.98,SBP,2014-11,mmHg
694352,SBP,127.81,Systolic BP,2012-09,mmHg
61562969,SBP,118.02,Systolic blood pressure,2016-12,mmHg
45981944,SBP,102.36,Systolic BP,2012-09,mmHg
53983961,HbA1c,5.24,Glycated haemoglobin,2012-01,%
9839432,eGFR,82.26,LOINC: 33914-3,2016-06,mL/min/1.73m2
272072,HbA1c,5.3,Glycated haemoglobin,2012-04,%
51692672,HbA1c,4.26,Glycated haemoglobin,2016-04,%
19400816,SBP,120.25,Systolic BP,2016-10,mmHg
18690317,eGFR,86.05,eGFR,2014-04,mL/min/1.73m2
15856472,HbA1c,5.34,Hb A1c,2013-11,%
16993469,SBP,136.08,Systolic blood pressure,2014-03,mmHg
26982272,HbA1c,4.4,Hb A1c,2014-04,%
6876857,eGFR,86.59,LOINC: 33914-3,2014-11,mL/min/1.73m2
28811672,HbA1c,4.94,Hb A1c,2013-03,%
7245017,HbA1c,5.1,Glycated haemoglobin,2012-05,%
3245069,HbA1c,27.34,Glycated haemoglobin,2014-07,mmol/mol
4450841,SBP,135.87,Systolic blood pressure,2015-02,mmHg
29881277,SBP,118.66,Systolic BP,2014-09,mmHg
2656712,eGFR,87.53,LOINC: 33914-3,2016-12,mL/min/1.73m2
4320269,HbA1c,5.05,Hb A1c,2014-12,%
1660877,HbA1c,4.78,HbA1c,2014-11,%
3899069,eGFR,82.33,eGFR,2012-09,mL/min/1.73m2
69900056,HbA1c,4.43,HbA1c,2016-09,%
44907752,HbA1c,6.57,HbA1c,2014-01,%
148121,SBP,120.95,Systolic BP,2012-06,mmHg
5532761,eGFR,89.13,LOINC: 33914-3,2012-05,mL/min/1.73m2
57343421,eGFR,89.84,eGFR,2012-07,mL/min/1.73m2
8019944,eGFR,93.05,LOINC: 33914-3,2013-02,mL/min/1.73m2
70946576,SBP,139.24,Systolic blood pressure,2016-07,mmHg
917696,HbA1c,4.16,Hb A1c,2012-07,%
24624944,HbA1c,5.77,HbA1c,2012-02,%
4149197,HbA1c,5.68,Glycated haemoglobin,2014-02,%
10003097,eGFR,93.29,LOINC: 33914-3,2015-10,mL/min/1.73m2
31863512,HbA1c,5.17,Glycated haemoglobin,2014-04,%
4687769,eGFR,78.7,Estimated GFR,2016-12,mL/min/1.73m2
1303112,SBP,121.84,Systolic BP,2012-11,mmHg
64199897,HbA1c,4.45,Glycated haemoglobin,2016-12,%
32630681,eGFR,88.44,LOINC: 33914-3,2014-12,mL/min/1.73m2
2634176,SBP,138.83,Systolic blood pressure,2016-04,mmHg
4808537,SBP,120.52,SBP,2013-04,mmHg
52718861,SBP,121.71,Systolic blood pressure,2015-11,mmHg
13394576,eGFR,86.96,Estimated GFR,2013-05,mL/min/1.73m2
32255792,SBP,104.25,Systolic blood pressure,2016-06,mmHg
48722969,eGFR,66.83,Estimated GFR,2015-10,mL/min/1.73m2
59916152,HbA1c,5.04,HbA1c,2012-11,%
43571432,eGFR,88.65,eGFR,2012-09,mL/min/1.73m2
4575944,eGFR,78.78,Estimated GFR,2012-06,mL/min/1.73m2
63507872,eGFR,91.3,LOINC: 33914-3,2014-11,mL/min/1.73m2
6169337,SBP,125.76,SBP,2013-07,mmHg
29222192,HbA1c,4.83,Glycated haemoglobin,2015-03,%
62299016,HbA1c,3.77,Glycated haemoglobin,2014-01,%
59141069,HbA1c,4.65,HbA1c,2015-06,%
1872569,HbA1c,5.04,HbA1c,2013-04,%
3492992,eGFR,80.92,Estimated GFR,2015-05,mL/min/1.73m2
218969,HbA1c,4.81,Hb A1c,2016-10,%
2544992,SBP,127.43,Systolic BP,2014-06,mmHg
4255712,SBP,129.43,SBP,2014-12,mmHg
64061192,SBP,124.44,Systolic BP,2015-10,mmHg
1101977,eGFR,95.89,Estimated GFR,2014-08,mL/min/1.73m2
60696281,eGFR,89.93,Estimated GFR,2016-01,mL/min/1.73m2
37871696,SBP,133.49,Systolic blood pressure,2016-07,mmHg
18258536,SBP,150.05,SBP,2013-04,mmHg
18056,HbA1c,3.87,Hb A1c,2015-08,%
18288152,HbA1c,5.58,Hb A1c,2013-01,%
46264256,HbA1c,4.7,Hb A1c,2014-06,%
42865469,SBP,133.39,Systolic BP,2016-02,mmHg
7670672,SBP,135.35,Systolic blood pressure,2016-02,mmHg
18406856,eGFR,86.29,Estimated GFR,2015-05,mL/min/1.73m2
1751357,eGFR,93.3,eGFR,2013-05,mL/min/1.73m2
1412057,HbA1c,4.14,HbA1c,2014-03,%
5696921,eGFR,73.9,LOINC: 33914-3,2016-06,mL/min/1.73m2
37319456,eGFR,81.17,eGFR,2016-04,mL/min/1.73m2
14126969,SBP,135.37,SBP,2013-08,mmHg
53349536,HbA1c,5.16,Glycated haemoglobin,2012-06,%
665792,HbA1c,4.73,Hb A1c,2014-01,%
1179656,SBP,128.44,Systolic BP,2016-07,mmHg
18840377,SBP,150.16,SBP,2016-11,mmHg
64449944,eGFR,76.86,LOINC: 33914-3,2013-11,mL/min/1.73m2
924344,SBP,107.5,Systolic blood pressure,2014-04,mmHg
66101177,SBP,132.31,SBP,2014-07,mmHg
4262861,HbA1c,4.74,HbA1c,2013-11,%
1263872,SBP,125.55,SBP,2012-10,mmHg
50701232,eGFR,87.93,LOINC: 33914-3,2014-09,mL/min/1.73m2
36268856,eGFR,82.38,Estimated GFR,2013-01,mL/min/1.73m2
8477552,HbA1c,4.14,HbA1c,2013-12,%
66920456,HbA1c,4.94,HbA1c,2013-08,%
64255421,HbA1c,5.02,Glycated haemoglobin,2013-04,%
8989352,SBP,149.25,Systolic BP,2015-02,mmHg
36185456,HbA1c,5.0,HbA1c,2014-09,%
25632056,SBP,122.73,Systolic BP,2015-08,mmHg
26196344,eGFR,85.42,LOINC: 33914-3,2015-11,mL/min/1.73m2
33977,SBP,129.07,SBP,2012-09,mmHg
50923469,eGFR,78.39,LOINC: 33914-3,2013-12,mL/min/1.73m2
45536717,eGFR,85.78,eGFR,2016-11,mL/min/1.73m2
2881469,HbA1c,5.47,Hb A1c,2015-06,%
42593741,HbA1c,5.42,Hb A1c,2012-05,%
10090937,SBP,139.59,SBP,2012-02,mmHg
157592,HbA1c,4.04,Hb A1c,2015-12,%
273881,SBP,139.21,SBP,2015-05,mmHg
66609101,eGFR,89.71,LOINC: 33914-3,2015-09,mL/min/1.73m2
64533401,eGFR,86.87,Estimated GFR,2012-02,mL/min/1.73m2
38988344,SBP,138.75,Systolic BP,2013-03,mmHg
10312217,SBP,141.88,Systolic BP,2013-09,mmHg
2047097,HbA1c,3.92,Hb A1c,2014-01,%
33067469,SBP,102.89,Systolic blood pressure,2013-01,mmHg
34131656,SBP,107.2,Systolic blood pressure,2012-02,mmHg
29109944,eGFR,71.47,Estimated GFR,2013-02,mL/min/1.73m2
14679101,eGFR,96.14,LOINC: 33914-3,2015-08,mL/min/1.73m2
59434472,eGFR,81.32,LOINC: 33914-3,2016-12,mL/min/1.73m2
3345677,eGFR,89.32,LOINC: 33914-3,2012-05,mL/min/1.73m2
11964296,SBP,137.82,Systolic blood pressure,2014-10,mmHg
149456,eGFR,100.61,Estimated GFR,2013-07,mL/min/1.73m2
2250137,eGFR,90.51,eGFR,2016-06,mL/min/1.73m2
4085936,eGFR,95.67,LOINC: 33914-3,2014-12,mL/min/1.73m2
10412576,HbA1c,6.29,Hb A1c,2016-07,%
56169056,SBP,123.24,Systolic blood pressure,2013-12,mmHg
17237096,HbA1c,6.37,Hb A1c,2012-09,%
665792,SBP,113.44,Systolic blood pressure,2015-03,mmHg
8207417,HbA1c,4.54,HbA1c,2015-01,%
14959136,eGFR,64.66,LOINC: 33914-3,2014-12,mL/min/1.73m2
26982272,eGFR,86.3,eGFR,2014-05,mL/min/1.73m2
29957069,HbA1c,5.77,Glycated haemoglobin,2016-12,%
5164301,HbA1c,4.64,Glycated haemoglobin,2013-06,%
40121216,HbA1c,5.1,HbA1c,2012-12,%
57869261,SBP,102.87,Systolic BP,2014-08,mmHg
3345677,SBP,101.92,Systolic blood pressure,2016-11,mmHg
44306216,HbA1c,7.47,Hb A1c,2016-03,%
17744141,HbA1c,5.98,Hb A1c,2016-10,%
363581,SBP,137.79,Systolic BP,2015-11,mmHg
41850944,HbA1c,7.19,HbA1c,2013-06,%
45888032,HbA1c,3.25,HbA1c,2014-12,%
74880317,HbA1c,7.1,Hb A1c,2014-04,%
69120269,SBP,132.18,SBP,2014-08,mmHg
50676569,HbA1c,4.87,HbA1c,2016-12,%
44768576,HbA1c,4.89,Glycated haemoglobin,2014-02,%
62025896,HbA1c,5.06,Glycated haemoglobin,2013-02,%
7863752,SBP,125.82,Systolic blood pressure,2012-02,mmHg
14375432,eGFR,81.75,eGFR,2013-02,mL/min/1.73m2
31609817,HbA1c,5.99,Glycated haemoglobin,2016-06,%
52542944,eGFR,59.17,eGFR,2014-10,mL/min/1.73m2
55625177,eGFR,78.98,eGFR,2015-05,mL/min/1.73m2
2817152,eGFR,94.16,Estimated GFR,2013-07,mL/min/1.73m2
74700569,eGFR,89.96,LOINC: 33914-3,2016-11,mL/min/1.73m2
23621177,HbA1c,4.52,HbA1c,2012-06,%
27524792,eGFR,86.23,eGFR,2015-06,mL/min/1.73m2
15568121,eGFR,88.37,Estimated GFR,2012-10,mL/min/1.73m2
3084857,eGFR,72.61,LOINC: 33914-3,2013-01,mL/min/1.73m2
2645432,HbA1c,5.05,Hb A1c,2016-09,%
19599677,SBP,121.86,Systolic BP,2014-04,mmHg
28496441,HbA1c,3.97,Hb A1c,2014-07,%
13192496,SBP,153.51,Systolic blood pressure,2015-08,mmHg
156221,SBP,154.77,Systolic BP,2014-03,mmHg
6876857,SBP,138.08,SBP,2013-01,mmHg
3603917,eGFR,82.67,LOINC: 33914-3,2016-06,mL/min/1.73m2
13610969,eGFR,90.61,Estimated GFR,2012-11,mL/min/1.73m2
1546841,eGFR,83.67,LOINC: 33914-3,2016-11,mL/min/1.73m2
27361469,eGFR,70.63,eGFR,2016-12,mL/min/1.73m2
40274957,SBP,119.75,Systolic BP,2016-09,mmHg
2081936,SBP,132.59,SBP,2012-03,mmHg
31883069,eGFR,84.12,LOINC: 33914-3,2014-05,mL/min/1.73m2
68746376,HbA1c,7.38,HbA1c,2016-12,%
565337,eGFR,79.14,Estimated GFR,2014-02,mL/min/1.73m2
1127576,HbA1c,4.59,HbA1c,2014-05,%
5023577,eGFR,96.76,LOINC: 33914-3,2015-09,mL/min/1.73m2
20452232,SBP,125.45,Systolic BP,2013-04,mmHg
42097817,HbA1c,5.38,Hb A1c,2016-04,%
24987257,SBP,137.29,Systolic blood pressure,2014-12,mmHg
48626297,HbA1c,4.85,HbA1c,2014-08,%
13700576,HbA1c,3.73,Glycated haemoglobin,2015-03,%
55109657,HbA1c,4.87,Glycated haemoglobin,2016-10,%
10468541,SBP,118.22,SBP,2016-07,mmHg
68574152,HbA1c,4.51,Glycated haemoglobin,2013-12,%
290432,SBP,151.71,Systolic BP,2012-06,mmHg
225497,eGFR,78.43,eGFR,2012-04,mL/min/1.73m2
1138637,eGFR,79.58,Estimated GFR,2013-09,mL/min/1.73m2
21243032,HbA1c,4.11,Hb A1c,2014-12,%
64217,HbA1c,2.81,Hb A1c,2012-02,%
55289816,eGFR,93.25,LOINC: 33914-3,2016-04,mL/min/1.73m2
4392569,eGFR,87.66,LOINC: 33914-3,2016-11,mL/min/1.73m2
632,HbA1c,5.12,HbA1c,2013-07,%
17079257,HbA1c,5.74,HbA1c,2014-07,%
3012281,eGFR,92.43,LOINC: 33914-3,2015-08,mL/min/1.73m2
988697,SBP,102.05,SBP,2012-08,mmHg
18243737,SBP,97.98,SBP,2014-03,mmHg
7385552,HbA1c,3.67,Glycated haemoglobin,2014-06,%
51642872,HbA1c,4.46,Glycated haemoglobin,2016-05,%
4509497,SBP,136.13,Systolic blood pressure,2015-05,mmHg
54162272,HbA1c,5.07,HbA1c,2016-11,%
61617341,eGFR,80.88,Estimated GFR,2016-08,mL/min/1.73m2
11094056,HbA1c,3.75,Glycated haemoglobin,2015-02,%
4163321,HbA1c,4.6,Hb A1c,2013-12,%
36310592,eGFR,68.41,LOINC: 33914-3,2014-04,mL/min/1.73m2
62709821,eGFR,99.43,LOINC: 33914-3,2016-05,mL/min/1.73m2
820856,SBP,155.64,Systolic blood pressure,2014-12,mmHg
9208781,SBP,136.68,Systolic blood pressure,2016-11,mmHg
34761917,eGFR,84.33,Estimated GFR,2012-08,mL/min/1.73m2
51692672,SBP,168.43,SBP,2012-06,mmHg
119072,HbA1c,4.5,HbA1c,2014-02,%
252569,SBP,106.07,Systolic blood pressure,2013-10,mmHg
42480776,eGFR,83.8,LOINC: 33914-3,2016-08,mL/min/1.73m2
39902096,eGFR,76.51,Estimated GFR,2012-07,mL/min/1.73m2
63535481,HbA1c,5.81,Glycated haemoglobin,2014-07,%
18022472,eGFR,93.02,LOINC: 33914-3,2015-12,mL/min/1.73m2
494777,HbA1c,5.79,Glycated haemoglobin,2014-09,%
1839536,SBP,124.06,SBP,2015-07,mmHg
71765912,HbA1c,5.4,HbA1c,2014-05,%
11525069,eGFR,93.7,Estimated GFR,2012-09,mL/min/1.73m2
36834317,SBP,143.24,Systolic blood pressure,2015-10,mmHg
74102969,eGFR,89.91,Estimated GFR,2014-03,mL/min/1.73m2
7226381,eGFR,82.7,eGFR,2015-09,mL/min/1.73m2
9409592,HbA1c,5.3,Glycated haemoglobin,2015-09,%
3024317,HbA1c,4.04,Glycated haemoglobin,2016-09,%
9398969,eGFR,93.66,Estimated GFR,2016-04,mL/min/1.73m2
2328752,eGFR,84.43,LOINC: 33914-3,2014-07,mL/min/1.73m2
67118969,eGFR,92.13,eGFR,2015-01,mL/min/1.73m2
38837081,HbA1c,7.03,Glycated haemoglobin,2012-10,%
28830269,HbA1c,3.71,Glycated haemoglobin,2012-02,%
21083672,eGFR,91.99,eGFR,2015-06,mL/min/1.73m2
53400152,HbA1c,5.23,HbA1c,2013-08,%
5109344,eGFR,88.03,eGFR,2013-05,mL/min/1.73m2
57395897,HbA1c,4.94,Glycated haemoglobin,2015-07,%
14349176,SBP,124.65,Systolic BP,2013-01,mmHg
16370957,eGFR,77.22,eGFR,2012-06,mL/min/1.73m2
3933344,SBP,117.36,SBP,2016-03,mmHg
67175741,SBP,123.09,Systolic blood pressure,2016-05,mmHg
15801344,SBP,153.9,SBP,2016-02,mmHg
95321,eGFR,85.72,eGFR,2015-03,mL/min/1.73m2
395576,SBP,131.86,SBP,2013-11,mmHg
38513936,HbA1c,6.41,Hb A1c,2016-06,%
13167344,HbA1c,3.91,Hb A1c,2014-10,%
68230352,HbA1c,4.94,HbA1c,2013-05,%
1058777,HbA1c,34.35,Hb A1c,2013-04,mmol/mol
1634201,eGFR,84.68,LOINC: 33914-3,2014-05,mL/min/1.73m2
42041,eGFR,85.75,LOINC: 33914-3,2016-05,mL/min/1.73m2
12731069,eGFR,86.59,LOINC: 33914-3,2012-06,mL/min/1.73m2
9677117,SBP,116.05,Systolic BP,2013-02,mmHg
1355021,eGFR,85.91,Estimated GFR,2014-08,mL/min/1.73m2
35832077,eGFR,93.09,eGFR,2015-02,mL/min/1.73m2
16765757,eGFR,90.74,LOINC: 33914-3,2012-03,mL/min/1.73m2
14798792,SBP,127.44,SBP,2015-08,mmHg
11244557,HbA1c,5.54,HbA1c,2012-12,%
557552,eGFR,92.29,LOINC: 33914-3,2012-03,mL/min/1.73m2
9970256,HbA1c,4.07,HbA1c,2014-12,%
26214077,SBP,144.07,Systolic blood pressure,2012-09,mmHg
5259197,eGFR,95.35,eGFR,2014-04,mL/min/1.73m2
30739472,eGFR,82.62,Estimated GFR,2016-05,mL/min/1.73m2
18228944,eGFR,81.16,LOINC: 33914-3,2016-12,mL/min/1.73m2
7152077,SBP,105.22,Systolic blood pressure,2015-04,mmHg
415421,HbA1c,4.48,Glycated haemoglobin,2013-07,%
19477181,SBP,119.2,Systolic blood pressure,2012-06,mmHg
62135072,SBP,119.86,SBP,2014-05,mmHg
2244944,SBP,127.58,SBP,2015-12,mmHg
2457344,SBP,131.0,Systolic blood pressure,2015-05,mmHg
23503472,eGFR,98.17,Estimated GFR,2014-10,mL/min/1.73m2
1009469,SBP,118.97,Systolic blood pressure,2014-02,mmHg
1236761,SBP,102.2,SBP,2015-03,mmHg
71297144,eGFR,92.87,eGFR,2012-05,mL/min/1.73m2
8649881,eGFR,90.63,Estimated GFR,2012-04,mL/min/1.73m2
10289981,SBP,124.01,Systolic BP,2014-09,mmHg
487496,SBP,122.8,Systolic BP,2016-03,mmHg
72944552,SBP,131.16,SBP,2014-03,mmHg
795944,HbA1c,4.67,HbA1c,2014-03,%
4590776,SBP,126.25,Systolic blood pressure,2014-02,mmHg
50160032,eGFR,79.29,eGFR,2013-10,mL/min/1.73m2
58232,HbA1c,4.6,Glycated haemoglobin,2012-01,%
39902096,HbA1c,6.86,Glycated haemoglobin,2016-06,%
41716592,SBP,109.61,SBP,2015-01,mmHg
1259981,HbA1c,4.76,HbA1c,2012-08,%
12460601,eGFR,67.22,eGFR,2013-08,mL/min/1.73m2
11337677,eGFR,80.49,LOINC: 33914-3,2012-08,mL/min/1.73m2
30872,HbA1c,5.02,Hb A1c,2012-06,%
76112,eGFR,76.07,eGFR,2015-06,mL/min/1.73m2
19814969,SBP,146.21,Systolic BP,2015-04,mmHg
13598192,HbA1c,5.54,Hb A1c,2014-12,%
68430797,SBP,145.63,Systolic BP,2013-05,mmHg
254312,HbA1c,30.57,HbA1c,2014-11,mmol/mol
74073152,eGFR,82.12,Estimated GFR,2012-02,mL/min/1.73m2
24350672,SBP,132.13,Systolic blood pressure,2016-03,mmHg
16836752,eGFR,79.09,Estimated GFR,2014-01,mL/min/1.73m2
29672,SBP,103.01,SBP,2016-10,mmHg
12176,HbA1c,5.42,HbA1c,2013-05,%
12743432,eGFR,80.28,eGFR,2012-08,mL/min/1.73m2
22886201,eGFR,88.82,LOINC: 33914-3,2014-03,mL/min/1.73m2
217352,SBP,145.28,Systolic blood pressure,2016-12,mmHg
217352,eGFR,77.76,eGFR,2016-09,mL/min/1.73m2
6186557,SBP,146.42,Systolic blood pressure,2015-02,mmHg
29091257,SBP,154.23,Systolic BP,2012-05,mmHg
22244456,eGFR,75.12,eGFR,2013-03,mL/min/1.73m2
29597912,HbA1c,4.32,HbA1c,2013-04,%
3736637,SBP,126.37,Systolic BP,2015-09,mmHg
66270269,SBP,125.04,Systolic blood pressure,2016-06,mmHg
37901,HbA1c,5.06,Hb A1c,2012-11,%
51767417,SBP,129.9,Systolic BP,2016-04,mmHg
45373232,HbA1c,4.63,Glycated haemoglobin,2012-08,%
29503757,eGFR,80.91,eGFR,2015-06,mL/min/1.73m2
18481241,SBP,125.78,Systolic BP,2012-12,mmHg
15828896,SBP,121.63,Systolic blood pressure,2015-01,mmHg
15066512,HbA1c,4.36,Glycated haemoglobin,2016-06,%
1112912,HbA1c,5.16,Hb A1c,2012-10,%
6040952,eGFR,82.52,Estimated GFR,2016-12,mL/min/1.73m2
10025021,HbA1c,4.68,HbA1c,2013-11,%
19599677,eGFR,89.48,eGFR,2014-12,mL/min/1.73m2
7757261,SBP,138.01,Systolic blood pressure,2012-11,mmHg
37467737,HbA1c,5.9,Glycated haemoglobin,2013-01,%
3220157,SBP,125.72,Systolic BP,2012-05,mmHg
10079936,SBP,128.44,Systolic blood pressure,2013-02,mmHg
12632381,SBP,122.21,Systolic blood pressure,2014-07,mmHg
49548557,SBP,144.27,SBP,2016-06,mmHg
38556944,HbA1c,4.98,Glycated haemoglobin,2016-11,%
29315897,SBP,128.96,SBP,2012-09,mmHg
15527144,SBP,140.55,Systolic blood pressure,2012-09,mmHg
14048957,SBP,122.35,Systolic BP,2012-07,mmHg
16161392,SBP,148.6,Systolic blood pressure,2013-11,mmHg
67659272,SBP,131.02,Systolic BP,2015-03,mmHg
58556441,eGFR,83.44,eGFR,2012-05,mL/min/1.73m2
19111997,HbA1c,6.02,HbA1c,2015-05,%
24453344,eGFR,93.19,eGFR,2016-03,mL/min/1.73m2
13508921,HbA1c,3.48,HbA1c,2013-06,%
16581872,eGFR,86.78,Estimated GFR,2015-09,mL/min/1.73m2
15746312,SBP,133.41,Systolic blood pressure,2013-07,mmHg
65147069,HbA1c,5.62,Glycated haemoglobin,2015-12,%
26748857,SBP,135.43,SBP,2016-08,mmHg
41806136,SBP,103.79,Systolic BP,2013-05,mmHg
18511037,eGFR,90.66,LOINC: 33914-3,2014-04,mL/min/1.73m2
50086457,SBP,119.94,SBP,2013-05,mmHg
18496136,eGFR,86.18,Estimated GFR,2016-05,mL/min/1.73m2
13945277,eGFR,80.52,Estimated GFR,2016-03,mL/min/1.73m2
9030944,SBP,117.74,SBP,2016-07,mmHg
7527437,HbA1c,4.51,HbA1c,2012-12,%
20124569,HbA1c,4.62,Glycated haemoglobin,2016-03,%
48120344,SBP,129.43,Systolic blood pressure,2013-09,mmHg
64839872,SBP,127.07,Systolic blood pressure,2012-04,mmHg
44467769,eGFR,80.97,Estimated GFR,2016-04,mL/min/1.73m2
38277821,eGFR,95.02,eGFR,2016-09,mL/min/1.73m2
857,eGFR,81.03,eGFR,2016-10,mL/min/1.73m2
2265752,eGFR,84.1,eGFR,2013-09,mL/min/1.73m2
12830141,SBP,112.89,SBP,2014-01,mmHg
45116921,eGFR,85.01,LOINC: 33914-3,2016-01,mL/min/1.73m2
123896,HbA1c,5.67,HbA1c,2012-06,%
1371197,SBP,111.16,Systolic BP,2013-10,mmHg
54009416,eGFR,93.05,Estimated GFR,2013-10,mL/min/1.73m2
1271672,eGFR,88.3,Estimated GFR,2014-03,mL/min/1.73m2
1134944,eGFR,89.25,Estimated GFR,2015-01,mL/min/1.73m2
8916797,eGFR,91.69,Estimated GFR,2013-02,mL/min/1.73m2
2032256,SBP,121.58,SBP,2013-09,mmHg
621344,HbA1c,7.52,Glycated haemoglobin,2015-07,%
72354032,eGFR,81.78,Estimated GFR,2014-08,mL/min/1.73m2
50528717,eGFR,86.42,LOINC: 33914-3,2014-12,mL/min/1.73m2
14559896,HbA1c,4.08,HbA1c,2016-03,%
31240856,HbA1c,4.98,Hb A1c,2012-06,%
3115352,SBP,134.88,Systolic blood pressure,2012-04,mmHg
14454344,eGFR,87.39,LOINC: 33914-3,2016-01,mL/min/1.73m2
16455161,SBP,121.26,SBP,2014-11,mmHg
27917,SBP,132.47,Systolic BP,2014-09,mmHg
35521712,SBP,122.2,SBP,2016-12,mmHg
1424432,SBP,156.53,Systolic BP,2016-09,mmHg
2976317,eGFR,89.4,LOINC: 33914-3,2015-01,mL/min/1.73m2
406541,SBP,114.02,Systolic BP,2012-01,mmHg
43915097,eGFR,85.69,Estimated GFR,2014-06,mL/min/1.73m2
3878576,HbA1c,4.37,HbA1c,2014-11,%
1978301,HbA1c,5.33,Hb A1c,2014-10,%
39683576,SBP,95.48,SBP,2013-04,mmHg
744281,HbA1c,5.19,Hb A1c,2014-12,%
60319037,eGFR,87.46,eGFR,2015-10,mL/min/1.73m2
1016441,SBP,130.61,Systolic blood pressure,2012-05,mmHg
29560232,HbA1c,4.7,HbA1c,2015-01,%
20233496,HbA1c,4.89,HbA1c,2016-07,%
21740861,HbA1c,4.96,Glycated haemoglobin,2016-03,%
72344,HbA1c,6.16,Hb A1c,2016-05,%
18037181,eGFR,81.71,eGFR,2013-08,mL/min/1.73m2
40715837,SBP,125.04,SBP,2014-02,mmHg
51568217,eGFR,85.42,eGFR,2015-11,mL/min/1.73m2
4538969,HbA1c,6.14,HbA1c,2013-09,%
1533944,HbA1c,3.86,Hb A1c,2015-01,%
7892921,SBP,130.92,Systolic blood pressure,2013-01,mmHg
61020569,HbA1c,4.37,Glycated haemoglobin,2015-05,%
8958221,HbA1c,4.96,Hb A1c,2012-11,%
67459961,HbA1c,5.43,Hb A1c,2013-09,%
7517936,SBP,110.05,Systolic BP,2014-04,mmHg
50775257,HbA1c,4.0,Hb A1c,2013-08,%
50405672,HbA1c,6.5,Hb A1c,2016-08,%
79001,SBP,104.61,Systolic BP,2013-05,mmHg
28459469,eGFR,79.42,eGFR,2016-08,mL/min/1.73m2
16922144,SBP,122.71,Systolic blood pressure,2012-09,mmHg
537056,HbA1c,4.7,Hb A1c,2014-02,%
68976344,eGFR,85.77,LOINC: 33914-3,2013-03,mL/min/1.73m2
18096077,HbA1c,4.47,HbA1c,2012-06,%
8059232,HbA1c,5.61,Hb A1c,2016-05,%
48024272,eGFR,91.5,eGFR,2015-06,mL/min/1.73m2
30643517,SBP,143.88,Systolic blood pressure,2012-05,mmHg
14692376,SBP,132.12,Systolic blood pressure,2014-05,mmHg
70567769,HbA1c,5.29,Hb A1c,2015-08,%
14878856,SBP,118.11,Systolic blood pressure,2012-04,mmHg
21902681,SBP,155.43,Systolic blood pressure,2014-12,mmHg
393401,eGFR,86.99,LOINC: 33914-3,2015-05,mL/min/1.73m2
1190969,HbA1c,5.49,Glycated haemoglobin,2013-05,%
53071577,eGFR,94.92,eGFR,2012-03,mL/min/1.73m2
47425997,SBP,122.76,Systolic BP,2015-02,mmHg
2788157,HbA1c,5.9,HbA1c,2014-01,%
11256176,HbA1c,4.56,HbA1c,2015-08,%
18975944,eGFR,91.44,Estimated GFR,2016-10,mL/min/1.73m2
23386061,eGFR,70.51,eGFR,2015-03,mL/min/1.73m2
14283641,SBP,138.14,SBP,2015-08,mmHg
23218841,HbA1c,4.53,Glycated haemoglobin,2013-11,%
44329277,eGFR,84.51,LOINC: 33914-3,2014-02,mL/min/1.73m2
6333896,eGFR,85.72,LOINC: 33914-3,2012-05,mL/min/1.73m2
4877144,eGFR,87.43,LOINC: 33914-3,2012-11,mL/min/1.73m2
8296976,eGFR,74.45,Estimated GFR,2016-12,mL/min/1.73m2
37108136,HbA1c,6.42,HbA1c,2015-09,%
311321,HbA1c,4.62,Glycated haemoglobin,2012-01,%
59407769,HbA1c,4.83,Hb A1c,2015-01,%
270269,SBP,127.74,Systolic BP,2016-03,mmHg
19952,eGFR,92.2,eGFR,2014-04,mL/min/1.73m2
33977,eGFR,89.8,Estimated GFR,2014-08,mL/min/1.73m2
28330256,SBP,135.36,Systolic BP,2013-06,mmHg
42052877,eGFR,83.06,eGFR,2015-12,mL/min/1.73m2
13739069,eGFR,79.9,Estimated GFR,2015-06,mL/min/1.73m2
31473632,HbA1c,5.42,HbA1c,2013-05,%
1412057,eGFR,63.29,LOINC: 33914-3,2014-09,mL/min/1.73m2
30835577,HbA1c,4.79,Hb A1c,2012-05,%
71355656,eGFR,83.3,LOINC: 33914-3,2014-08,mL/min/1.73m2
463616,HbA1c,4.41,HbA1c,2016-10,%
4672781,HbA1c,3.83,HbA1c,2014-02,%
38106557,SBP,133.82,SBP,2014-03,mmHg
2719181,SBP,146.17,SBP,2013-03,mmHg
63894944,HbA1c,5.12,Glycated haemoglobin,2014-05,%
311321,SBP,119.66,SBP,2012-03,mmHg
65483021,SBP,121.51,Systolic blood pressure,2015-01,mmHg
42706856,SBP,130.83,Systolic blood pressure,2014-04,mmHg
33087392,HbA1c,3.04,Glycated haemoglobin,2015-10,%
27270944,SBP,110.99,Systolic blood pressure,2016-04,mmHg
62819597,HbA1c,4.97,Hb A1c,2013-01,%
2668016,eGFR,89.81,Estimated GFR,2013-07,mL/min/1.73m2
141536,SBP,122.14,SBP,2013-07,mmHg
55961552,eGFR,80.28,eGFR,2014-10,mL/min/1.73m2
263117,SBP,126.55,Systolic blood pressure,2015-12,mmHg
51294944,SBP,136.45,SBP,2016-08,mmHg
74311856,eGFR,83.31,eGFR,2014-09,mL/min/1.73m2
2468216,HbA1c,4.68,HbA1c,2014-06,%
195344,eGFR,84.62,LOINC: 33914-3,2012-03,mL/min/1.73m2
72974141,eGFR,83.6,LOINC: 33914-3,2013-11,mL/min/1.73m2
5730041,eGFR,63.71,Estimated GFR,2012-06,mL/min/1.73m2
12265721,HbA1c,4.41,Hb A1c,2013-01,%
72118496,eGFR,89.0,Estimated GFR,2014-12,mL/min/1.73m2
765344,SBP,149.73,Systolic blood pressure,2012-07,mmHg
55547696,SBP,126.73,Systolic blood pressure,2015-04,mmHg
61481456,eGFR,91.76,eGFR,2012-10,mL/min/1.73m2
74610776,eGFR,88.09,eGFR,2012-02,mL/min/1.73m2
44467769,HbA1c,4.22,HbA1c,2014-06,%
17122232,HbA1c,4.57,Hb A1c,2012-11,%
29315897,eGFR,96.37,eGFR,2012-11,mL/min/1.73m2
7922144,eGFR,87.14,eGFR,2014-10,mL/min/1.73m2
47306792,eGFR,79.02,LOINC: 33914-3,2012-10,mL/min/1.73m2
53907632,SBP,137.09,Systolic blood pressure,2015-02,mmHg
70496,HbA1c,5.3,Hb A1c,2013-03,%
23018969,HbA1c,5.28,HbA1c,2013-06,%
53336,HbA1c,4.43,Glycated haemoglobin,2016-03,%
48795536,SBP,143.05,SBP,2016-12,mmHg
19661069,eGFR,86.98,LOINC: 33914-3,2015-05,mL/min/1.73m2
44537096,HbA1c,5.12,Glycated haemoglobin,2013-10,%
7105832,eGFR,85.1,Estimated GFR,2013-10,mL/min/1.73m2
16709069,SBP,111.98,SBP,2012-01,mmHg
61944077,SBP,121.26,SBP,2015-11,mmHg
27917,HbA1c,5.85,Hb A1c,2013-04,%
31240856,eGFR,78.81,LOINC: 33914-3,2015-05,mL/min/1.73m2
9698681,SBP,107.8,Systolic BP,2012-04,mmHg
32809016,SBP,115.32,SBP,2013-11,mmHg
30951101,eGFR,88.07,eGFR,2016-08,mL/min/1.73m2
46476557,eGFR,84.21,eGFR,2015-01,mL/min/1.73m2
73181432,SBP,151.04,Systolic BP,2014-08,mmHg
17036336,SBP,126.92,SBP,2014-10,mmHg
18466352,SBP,139.29,SBP,2012-08,mmHg
1363097,HbA1c,5.73,HbA1c,2013-03,%
23857469,eGFR,88.43,LOINC: 33914-3,2014-09,mL/min/1.73m2
53501456,eGFR,84.48,eGFR,2013-09,mL/min/1.73m2
10784717,eGFR,85.29,Estimated GFR,2016-12,mL/min/1.73m2
36834317,eGFR,90.42,LOINC: 33914-3,2016-03,mL/min/1.73m2
51892112,HbA1c,5.04,Glycated haemoglobin,2014-05,%
27779816,SBP,143.08,SBP,2016-12,mmHg
20249081,eGFR,86.95,eGFR,2016-03,mL/min/1.73m2
2157581,HbA1c,4.8,HbA1c,2016-08,%
32059352,eGFR,93.2,LOINC: 33914-3,2013-11,mL/min/1.73m2
8896121,eGFR,64.99,LOINC: 33914-3,2012-06,mL/min/1.73m2
37277144,SBP,141.5,SBP,2012-09,mmHg
39618137,HbA1c,33.75,HbA1c,2013-06,mmol/mol
16384976,eGFR,75.85,LOINC: 33914-3,2016-04,mL/min/1.73m2
69842144,eGFR,85.29,eGFR,2012-03,mL/min/1.73m2
34010336,HbA1c,5.1,HbA1c,2015-07,%
597017,HbA1c,4.67,Hb A1c,2015-09,%
44722232,eGFR,86.35,eGFR,2016-01,mL/min/1.73m2
24436217,SBP,128.3,Systolic blood pressure,2015-10,mmHg
26820569,eGFR,90.36,LOINC: 33914-3,2013-05,mL/min/1.73m2
3656717,eGFR,84.48,LOINC: 33914-3,2014-05,mL/min/1.73m2
4575944,HbA1c,4.03,HbA1c,2012-06,%
68201741,SBP,124.53,Systolic BP,2016-02,mmHg
52945472,HbA1c,28.05,Hb A1c,2012-09,mmol/mol
37467737,eGFR,77.43,Estimated GFR,2014-02,mL/min/1.73m2
2479112,HbA1c,20.17,HbA1c,2012-01,mmol/mol
33167144,HbA1c,4.52,HbA1c,2015-03,%
43800392,SBP,94.96,Systolic blood pressure,2013-09,mmHg
4085936,SBP,112.2,Systolic BP,2012-11,mmHg
168776,HbA1c,5.39,HbA1c,2012-05,%
46452944,SBP,101.25,Systolic blood pressure,2012-08,mmHg
43469,SBP,152.44,Systolic BP,2016-01,mmHg
7385552,SBP,118.53,Systolic BP,2016-11,mmHg
55058237,eGFR,76.96,eGFR,2013-09,mL/min/1.73m2
19111997,eGFR,96.19,Estimated GFR,2016-06,mL/min/1.73m2
15350201,HbA1c,5.53,HbA1c,2015-02,%
35790617,HbA1c,4.85,Hb A1c,2013-04,%
38213552,eGFR,85.77,LOINC: 33914-3,2014-06,mL/min/1.73m2
32137856,HbA1c,4.14,Hb A1c,2015-06,%
22342592,eGFR,83.58,Estimated GFR,2016-03,mL/min/1.73m2
45256637,eGFR,85.36,eGFR,2012-09,mL/min/1.73m2
64283192,SBP,147.51,SBP,2014-03,mmHg
16808336,eGFR,74.22,eGFR,2014-03,mL/min/1.73m2
5187944,SBP,135.87,SBP,2015-05,mmHg
25790141,HbA1c,4.81,Glycated haemoglobin,2015-02,%
86969,SBP,116.69,Systolic blood pressure,2014-11,mmHg
58001096,eGFR,97.24,LOINC: 33914-3,2015-08,mL/min/1.73m2
62217017,HbA1c,4.26,Glycated haemoglobin,2015-12,%
74550944,HbA1c,4.65,Hb A1c,2015-01,%
2012552,eGFR,82.47,eGFR,2013-01,mL/min/1.73m2
25895801,eGFR,84.82,eGFR,2016-04,mL/min/1.73m2
1299161,HbA1c,37.66,Hb A1c,2014-09,mmol/mol
15650237,HbA1c,5.43,Glycated haemoglobin,2013-08,%
16203197,SBP,141.92,Systolic BP,2015-10,mmHg
33848912,SBP,137.73,Systolic blood pressure,2015-10,mmHg
52292144,HbA1c,4.84,Glycated haemoglobin,2015-12,%
37232,eGFR,84.23,Estimated GFR,2016-01,mL/min/1.73m2
12632381,eGFR,89.01,eGFR,2016-11,mL/min/1.73m2
3145997,eGFR,85.63,eGFR,2013-05,mL/min/1.73m2
1844237,eGFR,82.27,LOINC: 33914-3,2015-02,mL/min/1.73m2
52292144,eGFR,74.75,LOINC: 33914-3,2012-01,mL/min/1.73m2
9926552,HbA1c,4.34,HbA1c,2013-12,%
48892376,eGFR,74.92,eGFR,2016-04,mL/min/1.73m2
7922144,SBP,116.37,Systolic BP,2016-04,mmHg
6238361,eGFR,81.73,Estimated GFR,2016-08,mL/min/1.73m2
63922637,HbA1c,3.46,HbA1c,2015-03,%
64338752,HbA1c,28.61,Hb A1c,2014-02,mmol/mol
7050536,HbA1c,4.07,HbA1c,2015-12,%
53552144,HbA1c,5.15,Hb A1c,2013-04,%
6777296,eGFR,97.21,LOINC: 33914-3,2016-03,mL/min/1.73m2
20672144,HbA1c,5.43,Glycated haemoglobin,2013-05,%
14179097,eGFR,79.4,eGFR,2013-07,mL/min/1.73m2
72767144,eGFR,79.59,Estimated GFR,2012-05,mL/min/1.73m2
330941,eGFR,93.49,eGFR,2014-04,mL/min/1.73m2
13217672,SBP,120.21,Systolic BP,2012-01,mmHg
27725069,eGFR,87.71,eGFR,2014-08,mL/min/1.73m2
21499256,HbA1c,5.06,HbA1c,2016-04,%
35171597,SBP,157.46,SBP,2014-11,mmHg
44144957,eGFR,85.27,Estimated GFR,2014-01,mL/min/1.73m2
65960432,HbA1c,4.42,Hb A1c,2014-07,%
2776601,SBP,108.48,Systolic BP,2015-10,mmHg
1352,eGFR,86.07,eGFR,2012-02,mL/min/1.73m2
6768281,HbA1c,6.65,Glycated haemoglobin,2014-04,%
9114416,eGFR,78.54,Estimated GFR,2012-11,mL/min/1.73m2
61590152,SBP,134.05,Systolic blood pressure,2016-08,mmHg
59808944,SBP,93.02,SBP,2012-04,mmHg
18302969,HbA1c,4.34,Glycated haemoglobin,2012-09,%
6732281,SBP,114.42,Systolic BP,2015-09,mmHg
24676541,eGFR,86.36,eGFR,2015-01,mL/min/1.73m2
6395069,SBP,97.73,SBP,2014-05,mmHg
35068952,HbA1c,3.83,Hb A1c,2012-05,%
24745421,HbA1c,5.76,Hb A1c,2013-06,%
74850344,eGFR,96.23,LOINC: 33914-3,2016-10,mL/min/1.73m2
31765817,HbA1c,5.55,Glycated haemoglobin,2013-11,%
43708736,HbA1c,5.72,Hb A1c,2016-06,%
56898344,eGFR,89.0,LOINC: 33914-3,2014-04,mL/min/1.73m2
4458152,HbA1c,3.31,Glycated haemoglobin,2016-02,%
33687872,HbA1c,24.24,Hb A1c,2015-12,mmol/mol
13547144,HbA1c,3.15,HbA1c,2016-12,%
17165261,eGFR,75.28,Estimated GFR,2015-08,mL/min/1.73m2
10234496,eGFR,79.23,Estimated GFR,2013-12,mL/min/1.73m2
8467469,eGFR,89.67,LOINC: 33914-3,2012-11,mL/min/1.73m2
42503357,HbA1c,33.04,Hb A1c,2012-12,mmol/mol
53602856,HbA1c,4.55,HbA1c,2013-11,%
5796569,HbA1c,5.53,Hb A1c,2016-11,%
204632,HbA1c,6.45,Hb A1c,2015-05,%
1307069,SBP,121.34,Systolic BP,2014-07,mmHg
47640944,SBP,115.1,Systolic blood pressure,2014-09,mmHg
1175897,HbA1c,5.6,Glycated haemoglobin,2013-08,%
35151056,HbA1c,4.6,Glycated haemoglobin,2015-01,%
10057952,HbA1c,6.88,Hb A1c,2014-05,%
1839536,eGFR,77.64,LOINC: 33914-3,2014-05,mL/min/1.73m2
53780537,eGFR,82.27,LOINC: 33914-3,2016-09,mL/min/1.73m2
24094937,eGFR,85.91,eGFR,2013-08,mL/min/1.73m2
45700496,SBP,113.54,SBP,2013-01,mmHg
3797144,SBP,135.3,Systolic blood pressure,2015-03,mmHg
24797144,SBP,109.45,Systolic blood pressure,2015-06,mmHg
12718712,HbA1c,4.98,Hb A1c,2015-11,%
29409752,HbA1c,3.42,Glycated haemoglobin,2013-08,%
7423256,SBP,121.82,Systolic blood pressure,2016-09,mmHg
19753337,eGFR,92.74,eGFR,2015-04,mL/min/1.73m2
17150912,HbA1c,5.32,Hb A1c,2016-03,%
67346201,SBP,126.89,Systolic BP,2012-06,mmHg
7432697,SBP,116.0,Systolic BP,2015-06,mmHg
5346944,SBP,113.32,Systolic blood pressure,2013-06,mmHg
58901552,eGFR,90.0,LOINC: 33914-3,2016-04,mL/min/1.73m2
17831801,HbA1c,25.95,HbA1c,2016-01,mmol/mol
1997,HbA1c,4.55,Hb A1c,2014-06,%
30989657,eGFR,83.96,LOINC: 33914-3,2013-04,mL/min/1.73m2
15201272,eGFR,89.39,LOINC: 33914-3,2012-08,mL/min/1.73m2
55315577,eGFR,94.86,LOINC: 33914-3,2015-06,mL/min/1.73m2
59568077,eGFR,89.57,Estimated GFR,2012-05,mL/min/1.73m2
7661081,SBP,116.34,Systolic BP,2015-04,mmHg
16610096,SBP,146.47,SBP,2012-05,mmHg
161741,SBP,143.79,SBP,2014-05,mmHg
73151801,HbA1c,5.55,Hb A1c,2015-04,%
485081,eGFR,78.92,LOINC: 33914-3,2012-02,mL/min/1.73m2
4057976,HbA1c,5.58,Glycated haemoglobin,2016-10,%
58397501,SBP,123.29,SBP,2012-11,mmHg
51752,eGFR,78.96,Estimated GFR,2016-11,mL/min/1.73m2
101837,HbA1c,4.56,Hb A1c,2015-09,%
73478072,HbA1c,3.39,HbA1c,2014-05,%
2349944,SBP,107.41,Systolic BP,2013-09,mmHg
13997069,HbA1c,6.33,Hb A1c,2012-12,%
27852896,HbA1c,5.92,HbA1c,2015-08,%
35459801,HbA1c,5.5,HbA1c,2016-02,%
2381912,HbA1c,4.96,Glycated haemoglobin,2013-08,%
72324569,eGFR,86.26,eGFR,2016-04,mL/min/1.73m2
349112,SBP,134.54,Systolic blood pressure,2015-10,mmHg
11536832,HbA1c,4.83,Hb A1c,2015-01,%
35068952,eGFR,87.97,LOINC: 33914-3,2014-10,mL/min/1.73m2
63563096,SBP,133.38,Systolic BP,2016-06,mmHg
65230976,SBP,118.15,Systolic BP,2012-11,mmHg
44838137,eGFR,87.76,eGFR,2015-06,mL/min/1.73m2
8072,SBP,135.07,Systolic BP,2016-03,mmHg
1997837,SBP,135.41,Systolic blood pressure,2015-03,mmHg
7013792,eGFR,82.88,eGFR,2016-08,mL/min/1.73m2
74132792,SBP,140.53,Systolic BP,2013-08,mmHg
27379592,eGFR,90.86,Estimated GFR,2015-09,mL/min/1.73m2
44167976,SBP,138.56,SBP,2016-11,mmHg
39356921,HbA1c,6.5,Glycated haemoglobin,2016-11,%
13117112,eGFR,80.51,eGFR,2012-08,mL/min/1.73m2
25931069,eGFR,89.14,Estimated GFR,2013-10,mL/min/1.73m2
13470752,SBP,123.89,Systolic blood pressure,2016-10,mmHg
717632,HbA1c,4.51,HbA1c,2015-08,%
46926344,SBP,137.92,Systolic blood pressure,2012-05,mmHg
16217144,HbA1c,4.29,Glycated haemoglobin,2016-10,%
53450792,eGFR,70.26,eGFR,2012-02,mL/min/1.73m2
13636541,eGFR,96.56,Estimated GFR,2016-12,mL/min/1.73m2
9494792,SBP,126.41,Systolic blood pressure,2015-01,mmHg
11820944,SBP,147.39,Systolic BP,2012-08,mmHg
11880569,SBP,108.52,SBP,2013-07,mmHg
13458041,eGFR,84.19,Estimated GFR,2015-08,mL/min/1.73m2
36687296,eGFR,86.8,eGFR,2013-04,mL/min/1.73m2
65483021,eGFR,85.74,eGFR,2014-11,mL/min/1.73m2
71883344,eGFR,100.66,LOINC: 33914-3,2013-01,mL/min/1.73m2
371981,HbA1c,4.08,Hb A1c,2014-05,%
66496061,SBP,90.44,Systolic blood pressure,2012-10,mmHg
59194361,eGFR,91.27,LOINC: 33914-3,2012-10,mL/min/1.73m2
54904121,HbA1c,6.81,HbA1c,2015-11,%
14665832,HbA1c,6.45,Glycated haemoglobin,2013-06,%
37023776,HbA1c,4.65,HbA1c,2016-12,%
6786317,eGFR,88.23,eGFR,2015-11,mL/min/1.73m2
10648637,HbA1c,4.02,Glycated haemoglobin,2013-04,%
2107001,SBP,153.11,SBP,2012-01,mmHg
63287216,SBP,101.18,Systolic blood pressure,2012-05,mmHg
42933536,eGFR,85.27,LOINC: 33914-3,2012-12,mL/min/1.73m2
32908301,eGFR,93.97,LOINC: 33914-3,2015-10,mL/min/1.73m2
8741816,HbA1c,4.47,HbA1c,2015-01,%
61183037,HbA1c,4.57,Hb A1c,2016-01,%
607769,SBP,132.94,SBP,2016-12,mmHg
10818872,eGFR,91.93,LOINC: 33914-3,2012-11,mL/min/1.73m2
55264061,eGFR,85.07,eGFR,2012-04,mL/min/1.73m2
13142216,SBP,134.16,SBP,2013-03,mmHg
10513421,HbA1c,4.96,Glycated haemoglobin,2012-01,%
814592,SBP,143.43,Systolic BP,2014-06,mmHg
9229817,HbA1c,5.3,Glycated haemoglobin,2014-01,%
24539069,eGFR,86.9,eGFR,2012-07,mL/min/1.73m2
8237216,HbA1c,5.69,HbA1c,2013-02,%
3066632,eGFR,98.58,LOINC: 33914-3,2012-10,mL/min/1.73m2
11094056,eGFR,86.92,Estimated GFR,2016-09,mL/min/1.73m2
66863792,eGFR,93.37,Estimated GFR,2014-08,mL/min/1.73m2
27379592,SBP,145.04,SBP,2012-08,mmHg
2027321,HbA1c,5.04,HbA1c,2013-01,%
32630681,HbA1c,4.23,Hb A1c,2016-06,%
70742477,HbA1c,4.97,Hb A1c,2014-11,%
36855344,HbA1c,4.97,HbA1c,2015-04,%
27361469,HbA1c,7.0,Glycated haemoglobin,2013-10,%
3072701,HbA1c,5.93,Glycated haemoglobin,2015-04,%
64895672,SBP,123.47,Systolic BP,2015-02,mmHg
25509437,eGFR,79.95,Estimated GFR,2015-08,mL/min/1.73m2
57816569,HbA1c,4.37,HbA1c,2013-07,%
49378016,eGFR,86.95,eGFR,2012-08,mL/min/1.73m2
4341896,SBP,104.23,SBP,2013-09,mmHg
46217144,eGFR,83.45,eGFR,2012-11,mL/min/1.73m2
37616312,SBP,129.69,Systolic blood pressure,2014-09,mmHg
46665677,SBP,124.95,Systolic BP,2012-12,mmHg
74341721,SBP,160.0,Systolic BP,2013-12,mmHg
52141952,HbA1c,5.72,Hb A1c,2012-10,%
2255336,HbA1c,5.55,Hb A1c,2013-01,%
49694969,eGFR,73.08,eGFR,2016-01,mL/min/1.73m2
40231001,SBP,123.93,Systolic BP,2016-03,mmHg
17714969,HbA1c,4.91,Hb A1c,2015-01,%
24299417,HbA1c,5.4,Glycated haemoglobin,2014-08,%
31008944,HbA1c,5.22,HbA1c,2013-11,%
8010137,SBP,135.96,Systolic BP,2012-11,mmHg
3858137,HbA1c,5.15,HbA1c,2014-11,%
149456,HbA1c,5.15,Glycated haemoglobin,2012-04,%
53526797,SBP,128.95,Systolic BP,2016-12,mmHg
29081,SBP,141.69,SBP,2012-09,mmHg
46855181,SBP,115.87,Systolic BP,2014-10,mmHg
54944,SBP,101.64,Systolic BP,2014-03,mmHg
74970272,HbA1c,4.72,Glycated haemoglobin,2016-01,%
41270312,HbA1c,5.04,Glycated haemoglobin,2015-04,%
833456,SBP,124.37,Systolic blood pressure,2013-07,mmHg
25143344,HbA1c,4.34,Glycated haemoglobin,2013-08,%
31765817,eGFR,87.32,Estimated GFR,2012-01,mL/min/1.73m2
72442457,HbA1c,6.17,HbA1c,2012-03,%
13674944,eGFR,92.15,Estimated GFR,2016-07,mL/min/1.73m2
74640701,HbA1c,4.23,Glycated haemoglobin,2016-01,%
17802557,eGFR,100.6,Estimated GFR,2015-01,mL/min/1.73m2
5411216,HbA1c,5.9,Glycated haemoglobin,2013-11,%
55264061,HbA1c,5.67,Hb A1c,2015-04,%
4900121,HbA1c,7.4,Hb A1c,2016-08,%
6032441,HbA1c,4.42,Glycated haemoglobin,2016-05,%
61237241,HbA1c,6.49,Glycated haemoglobin,2015-01,%
21854072,HbA1c,6.49,Hb A1c,2014-04,%
61047632,HbA1c,4.61,HbA1c,2012-02,%
68746376,eGFR,86.2,LOINC: 33914-3,2015-12,mL/min/1.73m2
22457,SBP,100.7,Systolic blood pressure,2014-04,mmHg
12241469,HbA1c,5.12,HbA1c,2015-01,%
431192,SBP,121.89,Systolic BP,2012-12,mmHg
8407097,SBP,128.3,Systolic blood pressure,2014-05,mmHg
6299072,HbA1c,4.58,HbA1c,2013-12,%
40473056,HbA1c,3.98,Glycated haemoglobin,2015-04,%
45770777,eGFR,82.08,eGFR,2014-06,mL/min/1.73m2
6077,SBP,135.17,Systolic blood pressure,2016-05,mmHg
7941656,SBP,125.93,Systolic BP,2015-10,mmHg
23386061,SBP,159.12,SBP,2014-11,mmHg
66467816,eGFR,82.23,LOINC: 33914-3,2014-01,mL/min/1.73m2
927677,HbA1c,5.37,HbA1c,2014-01,%
32000537,eGFR,81.34,Estimated GFR,2013-08,mL/min/1.73m2
20015936,HbA1c,4.48,HbA1c,2013-02,%
426656,eGFR,83.19,LOINC: 33914-3,2015-02,mL/min/1.73m2
181817,eGFR,75.6,eGFR,2015-05,mL/min/1.73m2
19615016,SBP,122.43,Systolic blood pressure,2013-10,mmHg
5046896,SBP,124.02,SBP,2014-06,mmHg
180344,HbA1c,4.47,Hb A1c,2012-07,%
24745421,eGFR,86.87,Estimated GFR,2013-04,mL/min/1.73m2
25439501,HbA1c,3.8,HbA1c,2016-11,%
18022472,HbA1c,4.8,Glycated haemoglobin,2013-12,%
45864569,SBP,117.21,SBP,2014-04,mmHg
49256381,SBP,137.74,Systolic blood pressure,2014-03,mmHg
53122061,eGFR,83.44,LOINC: 33914-3,2012-08,mL/min/1.73m2
8599016,SBP,124.96,Systolic blood pressure,2012-03,mmHg
326969,eGFR,93.43,eGFR,2015-04,mL/min/1.73m2
4770632,eGFR,96.97,eGFR,2015-03,mL/min/1.73m2
67887416,HbA1c,4.97,Hb A1c,2015-08,%
6229712,HbA1c,6.19,Hb A1c,2015-12,%
20342717,HbA1c,4.71,Hb A1c,2012-05,%
20405261,eGFR,67.51,Estimated GFR,2016-10,mL/min/1.73m2
1968569,HbA1c,5.21,Glycated haemoglobin,2016-02,%
11407769,HbA1c,6.3,HbA1c,2015-02,%
66129344,eGFR,94.77,LOINC: 33914-3,2012-08,mL/min/1.73m2
10190216,eGFR,88.13,LOINC: 33914-3,2015-09,mL/min/1.73m2
44421581,eGFR,89.5,eGFR,2012-08,mL/min/1.73m2
242237,SBP,113.2,Systolic BP,2015-07,mmHg
1797497,HbA1c,6.42,HbA1c,2016-02,%
1232912,SBP,141.12,SBP,2014-09,mmHg
20093501,SBP,117.09,Systolic BP,2014-06,mmHg
1012952,SBP,119.74,SBP,2012-02,mmHg
8397056,HbA1c,4.59,HbA1c,2016-03,%
22130237,SBP,139.39,Systolic blood pressure,2015-12,mmHg
56298941,SBP,142.67,Systolic blood pressure,2013-11,mmHg
9558944,HbA1c,4.78,HbA1c,2014-02,%
12350792,eGFR,88.29,LOINC: 33914-3,2013-12,mL/min/1.73m2
3663344,HbA1c,5.41,Glycated haemoglobin,2015-10,%
9872057,eGFR,95.23,eGFR,2015-03,mL/min/1.73m2
63452672,HbA1c,4.18,Hb A1c,2016-03,%
9344,SBP,119.45,Systolic BP,2016-07,mmHg
7394969,eGFR,89.88,Estimated GFR,2013-01,mL/min/1.73m2
50110976,SBP,106.71,SBP,2014-08,mmHg
59755376,HbA1c,3.58,HbA1c,2013-10,%
53501456,HbA1c,5.07,Glycated haemoglobin,2016-08,%
5371001,eGFR,80.63,LOINC: 33914-3,2013-03,mL/min/1.73m2
11302712,SBP,130.06,Systolic BP,2012-03,mmHg
45023897,HbA1c,5.05,HbA1c,2016-11,%
45279944,eGFR,84.14,LOINC: 33914-3,2015-09,mL/min/1.73m2
48409136,SBP,110.1,Systolic BP,2014-08,mmHg
968141,HbA1c,31.47,Glycated haemoglobin,2013-05,mmol/mol
18720281,eGFR,89.73,Estimated GFR,2016-10,mL/min/1.73m2
1564121,SBP,126.68,Systolic blood pressure,2012-10,mmHg
8558432,HbA1c,4.77,Hb A1c,2012-05,%
12979469,eGFR,83.21,Estimated GFR,2016-05,mL/min/1.73m2
65203001,eGFR,78.43,LOINC: 33914-3,2014-04,mL/min/1.73m2
54570944,eGFR,97.29,LOINC: 33914-3,2016-11,mL/min/1.73m2
1112912,eGFR,89.47,eGFR,2014-06,mL/min/1.73m2
6768281,eGFR,80.03,LOINC: 33914-3,2013-04,mL/min/1.73m2
13751912,SBP,100.4,Systolic BP,2015-04,mmHg
6430157,HbA1c,4.01,Glycated haemoglobin,2013-10,%
23453117,HbA1c,4.67,Glycated haemoglobin,2013-07,%
63894944,SBP,123.34,Systolic BP,2015-12,mmHg
931016,HbA1c,4.6,HbA1c,2016-07,%
4414376,SBP,107.49,Systolic BP,2013-06,mmHg
45653672,eGFR,90.76,Estimated GFR,2013-12,mL/min/1.73m2
70248032,SBP,124.61,Systolic blood pressure,2015-04,mmHg
23654861,SBP,122.02,SBP,2013-03,mmHg
22342592,HbA1c,4.26,Glycated haemoglobin,2012-03,%
64172144,eGFR,79.0,eGFR,2013-12,mL/min/1.73m2
58821821,eGFR,78.87,LOINC: 33914-3,2014-04,mL/min/1.73m2
12314297,HbA1c,6.32,HbA1c,2015-01,%
17978381,eGFR,88.51,LOINC: 33914-3,2014-07,mL/min/1.73m2
23772944,eGFR,88.56,Estimated GFR,2016-07,mL/min/1.73m2
35625017,SBP,148.89,Systolic blood pressure,2014-04,mmHg
39618137,eGFR,87.94,Estimated GFR,2014-06,mL/min/1.73m2
281,SBP,130.86,Systolic BP,2013-09,mmHg
50012936,eGFR,84.67,eGFR,2012-02,mL/min/1.73m2
36477776,HbA1c,5.62,Hb A1c,2013-06,%
23402816,SBP,124.31,Systolic BP,2014-11,mmHg
5069,eGFR,86.88,eGFR,2015-10,mL/min/1.73m2
42820121,HbA1c,5.03,HbA1c,2013-09,%
53755136,SBP,104.95,Systolic BP,2015-07,mmHg
29541401,HbA1c,5.32,Glycated haemoglobin,2016-12,%
33227021,eGFR,84.8,eGFR,2012-12,mL/min/1.73m2
9020537,SBP,97.6,Systolic blood pressure,2015-10,mmHg
55521881,HbA1c,5.1,Hb A1c,2014-09,%
70771616,SBP,137.16,SBP,2016-03,mmHg
7489469,eGFR,80.35,LOINC: 33914-3,2012-08,mL/min/1.73m2
63756569,SBP,137.72,Systolic blood pressure,2014-04,mmHg
451901,SBP,136.52,Systolic blood pressure,2015-08,mmHg
43024376,SBP,123.57,Systolic BP,2014-09,mmHg
40011581,SBP,117.81,SBP,2015-06,mmHg
10446137,HbA1c,4.73,HbA1c,2013-04,%
20499257,SBP,128.2,Systolic BP,2015-01,mmHg
28256552,HbA1c,3.94,Hb A1c,2014-12,%
12558617,SBP,101.31,Systolic blood pressure,2014-11,mmHg
14257469,SBP,150.73,Systolic BP,2015-10,mmHg
5243321,SBP,107.94,SBP,2014-07,mmHg
44283161,SBP,102.51,SBP,2013-01,mmHg
63369917,eGFR,85.93,Estimated GFR,2013-04,mL/min/1.73m2
43708736,SBP,140.2,Systolic BP,2015-11,mmHg
70625981,eGFR,87.24,LOINC: 33914-3,2013-05,mL/min/1.73m2
3012281,HbA1c,3.42,Hb A1c,2016-06,%
6100697,HbA1c,5.03,Glycated haemoglobin,2014-02,%
729416,SBP,133.6,Systolic BP,2016-09,mmHg
58662521,HbA1c,5.06,Glycated haemoglobin,2013-02,%
7776569,eGFR,94.0,Estimated GFR,2014-04,mL/min/1.73m2
55909736,SBP,132.59,Systolic BP,2013-01,mmHg
64116656,eGFR,89.14,LOINC: 33914-3,2015-11,mL/min/1.73m2
37701344,SBP,108.76,Systolic BP,2015-05,mmHg
52267097,eGFR,90.41,LOINC: 33914-3,2014-08,mL/min/1.73m2
66326681,eGFR,81.36,eGFR,2012-02,mL/min/1.73m2
8588861,HbA1c,4.22,HbA1c,2012-12,%
12084416,HbA1c,4.41,HbA1c,2012-06,%
8538176,SBP,130.55,Systolic BP,2015-07,mmHg
21918896,HbA1c,4.74,Hb A1c,2014-11,%
18521,eGFR,79.97,Estimated GFR,2014-06,mL/min/1.73m2
726461,eGFR,81.7,LOINC: 33914-3,2014-04,mL/min/1.73m2
5829977,SBP,139.8,Systolic blood pressure,2015-11,mmHg
7254344,SBP,114.44,Systolic BP,2014-01,mmHg
4531592,SBP,116.9,Systolic BP,2014-07,mmHg
18945776,HbA1c,3.85,Glycated haemoglobin,2013-06,%
50381081,eGFR,100.06,Estimated GFR,2016-04,mL/min/1.73m2
6687416,HbA1c,3.9,Glycated haemoglobin,2013-04,%
3630269,HbA1c,4.97,Hb A1c,2012-06,%
9666344,HbA1c,4.93,Glycated haemoglobin,2013-08,%
4106969,HbA1c,5.16,Glycated haemoglobin,2015-06,%
116696,SBP,142.71,Systolic blood pressure,2013-04,mmHg
57684944,SBP,157.55,Systolic blood pressure,2013-05,mmHg
9441497,HbA1c,3.72,HbA1c,2014-08,%
70946576,eGFR,61.06,LOINC: 33914-3,2012-12,mL/min/1.73m2
43731641,eGFR,80.7,LOINC: 33914-3,2012-11,mL/min/1.73m2
19492472,HbA1c,7.02,HbA1c,2012-09,%
40915016,eGFR,86.06,LOINC: 33914-3,2014-09,mL/min/1.73m2
1620944,SBP,109.92,Systolic BP,2015-01,mmHg
529469,SBP,97.14,Systolic BP,2012-05,mmHg
257816,eGFR,83.75,eGFR,2013-05,mL/min/1.73m2
39161576,SBP,118.46,SBP,2013-10,mmHg
56611277,eGFR,81.74,eGFR,2012-03,mL/min/1.73m2
29748872,eGFR,79.12,Estimated GFR,2015-07,mL/min/1.73m2
61998617,HbA1c,4.94,Glycated haemoglobin,2014-11,%
61835069,SBP,111.6,SBP,2014-04,mmHg
50258216,eGFR,76.07,Estimated GFR,2013-09,mL/min/1.73m2
69581837,eGFR,89.03,Estimated GFR,2016-09,mL/min/1.73m2
4832,HbA1c,4.88,HbA1c,2013-08,%
31047536,eGFR,85.41,Estimated GFR,2014-11,mL/min/1.73m2
4370816,HbA1c,6.83,HbA1c,2015-09,%
54289817,SBP,136.57,Systolic blood pressure,2015-01,mmHg
5387069,HbA1c,4.81,Glycated haemoglobin,2014-08,%
28274969,HbA1c,5.32,Glycated haemoglobin,2012-08,%
41403944,eGFR,89.92,LOINC: 33914-3,2012-10,mL/min/1.73m2
68144537,SBP,136.45,Systolic blood pressure,2014-01,mmHg
1322957,HbA1c,5.29,Hb A1c,2012-06,%
18125561,HbA1c,49.91,Glycated haemoglobin,2014-04,mmol/mol
19324601,HbA1c,4.56,HbA1c,2012-05,%
63784232,SBP,137.55,Systolic blood pressure,2016-05,mmHg
9430856,HbA1c,3.96,HbA1c,2013-06,%
57658637,eGFR,91.92,LOINC: 33914-3,2014-01,mL/min/1.73m2
46382141,eGFR,90.29,Estimated GFR,2013-04,mL/min/1.73m2
296057,HbA1c,5.88,Glycated haemoglobin,2016-05,%
54315344,SBP,140.59,Systolic blood pressure,2012-12,mmHg
1669817,SBP,122.9,Systolic blood pressure,2015-12,mmHg
48698792,SBP,128.34,SBP,2014-05,mmHg
37616312,eGFR,94.65,LOINC: 33914-3,2014-10,mL/min/1.73m2
31221497,SBP,119.08,Systolic BP,2015-11,mmHg
626816,eGFR,95.09,eGFR,2014-09,mL/min/1.73m2
34578344,SBP,137.66,SBP,2015-06,mmHg
944,SBP,111.34,SBP,2014-08,mmHg
65035277,SBP,139.36,Systolic BP,2016-04,mmHg
218969,eGFR,83.96,LOINC: 33914-3,2016-03,mL/min/1.73m2
28219736,SBP,140.68,SBP,2012-06,mmHg
34517261,eGFR,81.82,LOINC: 33914-3,2012-03,mL/min/1.73m2
50209112,eGFR,95.65,Estimated GFR,2016-12,mL/min/1.73m2
18496136,SBP,110.07,Systolic blood pressure,2016-03,mmHg
42345416,HbA1c,5.39,HbA1c,2015-07,%
10179161,HbA1c,4.23,HbA1c,2012-12,%
27198632,HbA1c,4.08,HbA1c,2012-12,%
3689912,SBP,127.18,Systolic BP,2013-11,mmHg
38256392,SBP,105.03,Systolic BP,2015-02,mmHg
40539197,SBP,122.5,SBP,2016-07,mmHg
511976,HbA1c,3.35,Hb A1c,2014-07,%
4531592,HbA1c,3.98,Hb A1c,2015-06,%
41025881,eGFR,88.48,LOINC: 33914-3,2014-03,mL/min/1.73m2
59114432,eGFR,82.23,eGFR,2016-07,mL/min/1.73m2
14552,eGFR,81.59,LOINC: 33914-3,2012-04,mL/min/1.73m2
5267144,eGFR,87.22,eGFR,2016-01,mL/min/1.73m2
49353677,eGFR,87.67,LOINC: 33914-3,2012-01,mL/min/1.73m2
6360077,eGFR,79.1,LOINC: 33914-3,2012-12,mL/min/1.73m2
30912569,SBP,128.74,Systolic BP,2012-08,mmHg
61616,SBP,171.2,Systolic BP,2014-01,mmHg
22902776,SBP,129.38,Systolic BP,2012-07,mmHg
29466137,eGFR,83.78,eGFR,2013-04,mL/min/1.73m2
6040952,HbA1c,6.28,HbA1c,2015-08,%
29692217,SBP,144.05,SBP,2012-11,mmHg
54944,HbA1c,4.55,Hb A1c,2015-01,%
1853657,SBP,109.39,Systolic blood pressure,2014-08,mmHg
13585421,HbA1c,5.28,HbA1c,2014-11,%
38513936,SBP,122.73,SBP,2012-08,mmHg
454232,HbA1c,3.94,Hb A1c,2013-03,%
58715597,HbA1c,5.28,Glycated haemoglobin,2014-07,%
28367144,eGFR,97.24,Estimated GFR,2014-04,mL/min/1.73m2
1719416,eGFR,83.7,LOINC: 33914-3,2013-10,mL/min/1.73m2
64756217,eGFR,82.21,eGFR,2016-09,mL/min/1.73m2
56576,HbA1c,4.52,HbA1c,2016-08,%
43548569,eGFR,91.39,Estimated GFR,2014-01,mL/min/1.73m2
15066512,SBP,106.28,Systolic blood pressure,2016-03,mmHg
71180192,HbA1c,4.78,Glycated haemoglobin,2014-04,%
1217576,SBP,113.65,SBP,2012-11,mmHg
11666621,HbA1c,4.8,Glycated haemoglobin,2016-05,%
14552,HbA1c,5.55,Glycated haemoglobin,2012-03,%
36310592,SBP,130.59,Systolic BP,2016-01,mmHg
33808616,eGFR,84.16,LOINC: 33914-3,2015-10,mL/min/1.73m2
39661757,HbA1c,7.32,Glycated haemoglobin,2013-01,%
67005497,HbA1c,3.78,HbA1c,2016-10,%
58371032,HbA1c,4.24,Hb A1c,2012-12,%
43434344,eGFR,92.47,eGFR,2013-11,mL/min/1.73m2
42593741,SBP,97.26,Systolic BP,2016-11,mmHg
9219296,SBP,122.99,Systolic BP,2012-04,mmHg
688592,HbA1c,5.09,Glycated haemoglobin,2012-04,%
4763069,eGFR,76.74,LOINC: 33914-3,2016-11,mL/min/1.73m2
16794137,HbA1c,4.44,Glycated haemoglobin,2014-02,%
13496192,SBP,113.38,Systolic BP,2016-11,mmHg
72383501,eGFR,84.45,LOINC: 33914-3,2012-09,mL/min/1.73m2
15458969,SBP,107.33,Systolic BP,2012-11,mmHg
47354456,HbA1c,41.65,Hb A1c,2012-12,mmol/mol
44606477,SBP,92.07,SBP,2013-10,mmHg
4191641,HbA1c,5.99,Glycated haemoglobin,2012-11,%
292301,eGFR,89.12,eGFR,2014-07,mL/min/1.73m2
961337,eGFR,89.32,Estimated GFR,2016-04,mL/min/1.73m2
2076941,SBP,140.31,Systolic blood pressure,2012-12,mmHg
59862536,eGFR,86.39,LOINC: 33914-3,2016-07,mL/min/1.73m2
1934696,HbA1c,22.83,Glycated haemoglobin,2014-12,mmol/mol
8138096,eGFR,75.97,Estimated GFR,2015-05,mL/min/1.73m2
8467469,HbA1c,5.32,Hb A1c,2013-06,%
1508312,HbA1c,4.82,HbA1c,2012-03,%
63177032,HbA1c,6.33,HbA1c,2012-12,%
71417,HbA1c,4.11,HbA1c,2015-05,%
19172621,SBP,145.63,SBP,2012-04,mmHg
29635616,eGFR,97.67,eGFR,2014-08,mL/min/1.73m2
62654969,SBP,113.81,Systolic BP,2013-09,mmHg
66863792,SBP,106.42,SBP,2013-01,mmHg
25178096,HbA1c,26.05,Hb A1c,2015-01,mmol/mol
9752696,eGFR,81.84,eGFR,2016-12,mL/min/1.73m2
2651069,eGFR,88.49,Estimated GFR,2014-12,mL/min/1.73m2
51419069,HbA1c,4.15,Hb A1c,2012-02,%
69350861,eGFR,74.86,LOINC: 33914-3,2015-08,mL/min/1.73m2
59568077,HbA1c,5.06,HbA1c,2014-02,%
20171216,eGFR,92.38,Estimated GFR,2013-06,mL/min/1.73m2
37298297,HbA1c,4.62,Hb A1c,2015-08,%
51344576,SBP,140.24,Systolic blood pressure,2013-11,mmHg
21595736,eGFR,82.27,eGFR,2013-07,mL/min/1.73m2
277517,SBP,115.37,Systolic blood pressure,2013-01,mmHg
7931897,eGFR,83.03,LOINC: 33914-3,2013-08,mL/min/1.73m2
4071944,SBP,145.28,Systolic blood pressure,2016-05,mmHg
35811344,HbA1c,3.93,HbA1c,2013-12,%
1886816,HbA1c,6.65,Hb A1c,2012-07,%
37658816,SBP,121.55,Systolic blood pressure,2012-01,mmHg
6732281,HbA1c,4.49,Hb A1c,2016-07,%
58265216,HbA1c,5.32,HbA1c,2012-03,%
4156256,eGFR,75.81,eGFR,2012-04,mL/min/1.73m2
3307769,HbA1c,5.81,Glycated haemoglobin,2015-07,%
326969,HbA1c,5.92,HbA1c,2015-03,%
477872,HbA1c,6.07,Hb A1c,2014-12,%
9612569,HbA1c,4.06,Hb A1c,2015-08,%
13649336,SBP,112.6,SBP,2013-09,mmHg
9634061,HbA1c,4.56,HbA1c,2015-07,%
361496,eGFR,82.2,LOINC: 33914-3,2013-12,mL/min/1.73m2
71765912,SBP,118.28,SBP,2013-03,mmHg
594344,eGFR,88.53,Estimated GFR,2012-12,mL/min/1.73m2
11349344,HbA1c,4.31,Hb A1c,2016-05,%
23202152,eGFR,86.41,Estimated GFR,2015-08,mL/min/1.73m2
24316496,eGFR,91.62,eGFR,2016-01,mL/min/1.73m2
47736632,HbA1c,4.24,Glycated haemoglobin,2014-03,%
4284344,SBP,122.63,SBP,2013-09,mmHg
30261197,SBP,143.72,Systolic BP,2015-11,mmHg
34639481,HbA1c,4.63,Hb A1c,2015-09,%
171632,eGFR,82.16,Estimated GFR,2013-04,mL/min/1.73m2
68030201,eGFR,85.47,eGFR,2012-02,mL/min/1.73m2
13534397,SBP,145.7,SBP,2012-09,mmHg
11489816,SBP,109.99,Systolic BP,2014-09,mmHg
11454617,HbA1c,6.15,Glycated haemoglobin,2015-01,%
117881,HbA1c,3.41,Glycated haemoglobin,2014-06,%
36582461,SBP,114.82,Systolic BP,2013-11,mmHg
36081341,HbA1c,5.17,HbA1c,2015-09,%
1992944,SBP,126.01,SBP,2014-02,mmHg
7709096,HbA1c,5.19,Glycated haemoglobin,2012-10,%
43001657,HbA1c,3.78,Hb A1c,2016-12,%
29786672,eGFR,83.17,LOINC: 33914-3,2013-03,mL/min/1.73m2
402137,SBP,137.14,Systolic BP,2014-04,mmHg
297944,HbA1c,4.57,Glycated haemoglobin,2015-06,%
3905912,SBP,116.66,Systolic blood pressure,2012-02,mmHg
39257,SBP,141.24,SBP,2015-08,mmHg
19066592,HbA1c,4.93,Hb A1c,2013-08,%
29938112,eGFR,84.48,LOINC: 33914-3,2016-04,mL/min/1.73m2
4953944,eGFR,64.32,Estimated GFR,2012-04,mL/min/1.73m2
56793872,SBP,160.28,Systolic blood pressure,2014-10,mmHg
1048112,SBP,135.17,Systolic blood pressure,2013-10,mmHg
61971344,HbA1c,5.05,Hb A1c,2012-11,%
59061176,eGFR,89.64,Estimated GFR,2015-09,mL/min/1.73m2
26784701,eGFR,82.18,Estimated GFR,2012-01,mL/min/1.73m2
4212944,eGFR,79.34,LOINC: 33914-3,2013-04,mL/min/1.73m2
7565501,SBP,117.01,Systolic BP,2016-08,mmHg
13331261,SBP,99.09,SBP,2016-11,mmHg
44398496,HbA1c,5.12,Glycated haemoglobin,2015-10,%
3238832,eGFR,89.12,LOINC: 33914-3,2015-05,mL/min/1.73m2
67260944,HbA1c,4.53,HbA1c,2015-09,%
1048112,eGFR,85.97,eGFR,2015-11,mL/min/1.73m2
1719416,HbA1c,5.16,HbA1c,2013-04,%
120269,SBP,140.43,Systolic blood pressure,2015-07,mmHg
19799552,SBP,108.63,Systolic blood pressure,2013-08,mmHg
24745421,SBP,131.12,Systolic BP,2015-10,mmHg
40715837,eGFR,94.7,Estimated GFR,2012-06,mL/min/1.73m2
72000872,HbA1c,5.12,Hb A1c,2015-10,%
53324237,HbA1c,5.72,Hb A1c,2015-10,%
62764697,HbA1c,4.07,Hb A1c,2013-02,%
74431352,HbA1c,5.48,Hb A1c,2015-04,%
5589944,SBP,167.33,Systolic blood pressure,2016-06,mmHg
359417,eGFR,77.41,Estimated GFR,2015-01,mL/min/1.73m2
17511437,HbA1c,4.78,HbA1c,2015-02,%
31318352,SBP,140.25,SBP,2015-08,mmHg
20389616,HbA1c,3.48,HbA1c,2013-12,%
671456,HbA1c,3.56,Glycated haemoglobin,2016-11,%
56715581,SBP,134.82,SBP,2015-09,mmHg
28960616,SBP,130.95,Systolic blood pressure,2012-02,mmHg
45279944,HbA1c,4.38,Glycated haemoglobin,2013-08,%
62517944,eGFR,84.84,LOINC: 33914-3,2015-08,mL/min/1.73m2
2027321,eGFR,91.7,eGFR,2014-07,mL/min/1.73m2
48602144,eGFR,82.34,eGFR,2016-10,mL/min/1.73m2
13700576,eGFR,82.91,eGFR,2015-04,mL/min/1.73m2
39335192,eGFR,89.69,eGFR,2016-07,mL/min/1.73m2
15980861,eGFR,68.67,eGFR,2013-07,mL/min/1.73m2
17381216,eGFR,80.62,Estimated GFR,2015-12,mL/min/1.73m2
512,HbA1c,3.65,Hb A1c,2016-09,%
8578712,SBP,92.12,SBP,2014-08,mmHg
41738969,HbA1c,5.07,Hb A1c,2015-09,%
27036281,HbA1c,4.79,Hb A1c,2014-02,%
9367136,eGFR,86.95,eGFR,2013-10,mL/min/1.73m2
14546681,HbA1c,6.61,Glycated haemoglobin,2013-03,%
1168397,HbA1c,4.01,Glycated haemoglobin,2016-02,%
43938056,eGFR,88.12,Estimated GFR,2015-06,mL/min/1.73m2
47593136,eGFR,93.46,LOINC: 33914-3,2013-04,mL/min/1.73m2
660152,eGFR,74.41,Estimated GFR,2012-08,mL/min/1.73m2
9698681,HbA1c,4.71,Hb A1c,2013-06,%
59301017,SBP,111.55,SBP,2012-03,mmHg
59247677,SBP,132.48,Systolic blood pressure,2013-02,mmHg
63839576,SBP,121.45,Systolic BP,2016-04,mmHg
62874521,SBP,134.24,Systolic blood pressure,2015-09,mmHg
186272,SBP,123.6,Systolic BP,2016-11,mmHg
45210041,SBP,114.2,SBP,2012-05,mmHg
33326936,eGFR,79.15,Estimated GFR,2016-05,mL/min/1.73m2
79976,HbA1c,5.5,Glycated haemoglobin,2016-03,%
65007344,eGFR,82.92,LOINC: 33914-3,2013-09,mL/min/1.73m2
1240616,HbA1c,3.84,HbA1c,2013-11,%
39031616,HbA1c,6.7,HbA1c,2014-02,%
65539097,eGFR,74.74,LOINC: 33914-3,2014-03,mL/min/1.73m2
37192592,SBP,127.03,Systolic blood pressure,2013-10,mmHg
12842552,SBP,132.59,SBP,2012-04,mmHg
34395257,eGFR,77.97,Estimated GFR,2013-09,mL/min/1.73m2
55780301,HbA1c,5.79,HbA1c,2016-10,%
2473661,eGFR,70.94,Estimated GFR,2015-10,mL/min/1.73m2
11059469,eGFR,75.26,Estimated GFR,2015-04,mL/min/1.73m2
29919161,eGFR,86.44,eGFR,2016-01,mL/min/1.73m2
113177,HbA1c,4.7,Hb A1c,2012-01,%
19953992,SBP,125.97,SBP,2016-04,mmHg
8366969,HbA1c,5.22,Hb A1c,2013-11,%
13880672,HbA1c,4.92,Glycated haemoglobin,2016-07,%
67459961,SBP,111.27,Systolic blood pressure,2015-09,mmHg
1863101,eGFR,84.39,LOINC: 33914-3,2014-04,mL/min/1.73m2
58318112,HbA1c,4.64,Glycated haemoglobin,2012-12,%
24607757,eGFR,88.0,LOINC: 33914-3,2014-05,mL/min/1.73m2
14758841,eGFR,75.79,Estimated GFR,2014-05,mL/min/1.73m2
1083872,eGFR,95.77,Estimated GFR,2014-05,mL/min/1.73m2
14309837,eGFR,89.82,LOINC: 33914-3,2012-09,mL/min/1.73m2
45934976,eGFR,92.2,Estimated GFR,2016-06,mL/min/1.73m2
1424432,HbA1c,5.16,Glycated haemoglobin,2016-10,%
21163277,SBP,107.33,Systolic blood pressure,2013-04,mmHg
1395641,SBP,155.63,Systolic blood pressure,2016-09,mmHg
37743896,HbA1c,3.88,Glycated haemoglobin,2015-12,%
58238777,SBP,134.41,SBP,2015-08,mmHg
60912377,eGFR,88.58,eGFR,2016-10,mL/min/1.73m2
59221016,eGFR,89.13,LOINC: 33914-3,2016-11,mL/min/1.73m2
58689056,SBP,107.25,SBP,2013-05,mmHg
57055232,SBP,106.82,Systolic BP,2012-05,mmHg
65398952,HbA1c,4.67,HbA1c,2013-11,%
39639944,eGFR,74.16,Estimated GFR,2013-09,mL/min/1.73m2
1326944,SBP,110.11,Systolic blood pressure,2012-02,mmHg
3919616,eGFR,74.74,Estimated GFR,2014-04,mL/min/1.73m2
10479752,eGFR,96.77,LOINC: 33914-3,2013-04,mL/min/1.73m2
5540912,eGFR,80.84,Estimated GFR,2012-10,mL/min/1.73m2
747272,HbA1c,5.32,HbA1c,2014-10,%
53374841,eGFR,67.0,eGFR,2014-04,mL/min/1.73m2
711776,HbA1c,4.7,Glycated haemoglobin,2012-11,%
44838137,HbA1c,4.62,HbA1c,2014-05,%
11749592,eGFR,88.29,Estimated GFR,2015-02,mL/min/1.73m2
1420301,HbA1c,38.79,HbA1c,2012-07,mmol/mol
37002701,HbA1c,4.54,HbA1c,2014-03,%
12892256,HbA1c,4.96,Hb A1c,2012-06,%
34616,eGFR,80.09,eGFR,2012-06,mL/min/1.73m2
67232537,eGFR,79.46,LOINC: 33914-3,2012-10,mL/min/1.73m2
39422144,eGFR,73.94,Estimated GFR,2015-09,mL/min/1.73m2
2291897,SBP,106.87,Systolic blood pressure,2014-03,mmHg
15663944,HbA1c,3.9,Hb A1c,2014-12,%
24248216,SBP,125.64,SBP,2014-06,mmHg
54340877,HbA1c,4.67,HbA1c,2015-07,%
48481469,SBP,118.23,Systolic blood pressure,2015-12,mmHg
51195752,eGFR,91.49,Estimated GFR,2013-05,mL/min/1.73m2
21870269,SBP,153.76,SBP,2016-02,mmHg
36498701,eGFR,85.87,LOINC: 33914-3,2013-11,mL/min/1.73m2
33187097,SBP,150.96,SBP,2016-01,mmHg
38342144,SBP,119.05,Systolic blood pressure,2014-10,mmHg
34232921,SBP,164.48,SBP,2013-04,mmHg
65286944,SBP,118.43,Systolic blood pressure,2013-10,mmHg
6822461,HbA1c,4.94,Glycated haemoglobin,2015-10,%
69986969,HbA1c,6.51,HbA1c,2015-09,%
1229069,HbA1c,5.24,Glycated haemoglobin,2015-03,%
18570701,HbA1c,5.25,HbA1c,2012-06,%
70015952,HbA1c,5.38,Hb A1c,2012-09,%
50725901,SBP,124.26,Systolic BP,2014-08,mmHg
562736,HbA1c,4.48,HbA1c,2013-06,%
827144,HbA1c,6.55,Glycated haemoglobin,2013-05,%
1665344,SBP,148.33,Systolic blood pressure,2013-10,mmHg
23840552,eGFR,89.02,eGFR,2012-11,mL/min/1.73m2
33567344,SBP,108.07,Systolic blood pressure,2013-11,mmHg
29259656,eGFR,72.19,LOINC: 33914-3,2012-12,mL/min/1.73m2
34761917,HbA1c,6.19,Hb A1c,2012-02,%
42842792,eGFR,83.33,eGFR,2016-01,mL/min/1.73m2
67659272,eGFR,88.41,Estimated GFR,2015-08,mL/min/1.73m2
16511417,eGFR,98.09,LOINC: 33914-3,2016-11,mL/min/1.73m2
61889561,HbA1c,4.9,Hb A1c,2012-05,%
67090592,eGFR,85.85,eGFR,2012-02,mL/min/1.73m2
5746637,SBP,130.91,Systolic BP,2012-03,mmHg
34476569,HbA1c,5.52,HbA1c,2012-08,%
37087037,eGFR,83.07,Estimated GFR,2014-11,mL/min/1.73m2
374096,HbA1c,4.83,HbA1c,2016-04,%
32196797,eGFR,89.59,Estimated GFR,2013-11,mL/min/1.73m2
14825456,HbA1c,4.54,Hb A1c,2016-03,%
14705657,eGFR,90.57,Estimated GFR,2015-08,mL/min/1.73m2
70625981,SBP,151.72,Systolic blood pressure,2015-07,mmHg
42165272,eGFR,88.49,eGFR,2016-11,mL/min/1.73m2
16808336,SBP,102.08,Systolic blood pressure,2012-12,mmHg
1206137,SBP,127.92,SBP,2013-06,mmHg
28422521,SBP,130.3,Systolic blood pressure,2012-06,mmHg
21419021,SBP,148.98,Systolic blood pressure,2014-07,mmHg
63867257,SBP,124.16,Systolic BP,2012-03,mmHg
3030344,HbA1c,4.91,Hb A1c,2015-08,%
12024281,SBP,123.81,Systolic blood pressure,2015-11,mmHg
36456857,eGFR,73.85,Estimated GFR,2014-12,mL/min/1.73m2
888077,HbA1c,5.47,HbA1c,2012-01,%
72295112,SBP,137.42,Systolic blood pressure,2014-11,mmHg
24043952,HbA1c,4.97,Glycated haemoglobin,2013-11,%
60426701,HbA1c,5.56,Hb A1c,2014-02,%
10345616,HbA1c,5.0,HbA1c,2014-04,%
4538969,eGFR,82.29,LOINC: 33914-3,2013-11,mL/min/1.73m2
10490969,eGFR,83.5,Estimated GFR,2012-04,mL/min/1.73m2
71502041,HbA1c,4.51,HbA1c,2014-10,%
21179216,eGFR,90.56,eGFR,2014-06,mL/min/1.73m2
9763517,HbA1c,5.45,HbA1c,2013-09,%
9548237,eGFR,79.48,Estimated GFR,2014-11,mL/min/1.73m2
32472569,HbA1c,4.6,Glycated haemoglobin,2016-04,%
58981337,SBP,148.27,Systolic blood pressure,2014-07,mmHg
3544976,eGFR,77.39,LOINC: 33914-3,2016-11,mL/min/1.73m2
7489469,HbA1c,5.03,Glycated haemoglobin,2014-10,%
34802777,SBP,134.8,Systolic BP,2016-06,mmHg
36708281,HbA1c,4.85,Hb A1c,2016-02,%
4051001,HbA1c,4.79,HbA1c,2012-09,%
45326576,eGFR,81.46,Estimated GFR,2014-08,mL/min/1.73m2
39335192,SBP,139.81,SBP,2016-02,mmHg
9612569,SBP,134.8,Systolic BP,2016-01,mmHg
6768281,SBP,139.38,Systolic blood pressure,2014-04,mmHg
73775312,eGFR,82.3,eGFR,2013-07,mL/min/1.73m2
13508921,SBP,133.21,Systolic blood pressure,2014-02,mmHg
11560376,eGFR,88.46,Estimated GFR,2012-10,mL/min/1.73m2
3164456,SBP,142.63,Systolic blood pressure,2014-01,mmHg
830297,eGFR,87.92,Estimated GFR,2014-03,mL/min/1.73m2
64895672,HbA1c,4.16,Hb A1c,2013-03,%
35480432,SBP,121.12,SBP,2013-06,mmHg
45677081,SBP,121.22,SBP,2012-01,mmHg
1311032,eGFR,83.68,LOINC: 33914-3,2012-03,mL/min/1.73m2
15268877,eGFR,84.55,eGFR,2013-04,mL/min/1.73m2
944432,eGFR,74.18,eGFR,2013-06,mL/min/1.73m2
17831801,eGFR,96.7,eGFR,2014-08,mL/min/1.73m2
771416,eGFR,85.01,eGFR,2013-04,mL/min/1.73m2
11832857,eGFR,85.07,eGFR,2015-01,mL/min/1.73m2
323021,HbA1c,4.67,Hb A1c,2014-08,%
8467469,SBP,107.72,SBP,2012-12,mmHg
2057021,HbA1c,4.55,Hb A1c,2016-03,%
3352016,eGFR,81.96,eGFR,2015-06,mL/min/1.73m2
7613216,eGFR,75.5,eGFR,2012-03,mL/min/1.73m2
56350937,HbA1c,4.78,Glycated haemoglobin,2014-10,%
36122969,SBP,112.94,Systolic BP,2016-02,mmHg
2224232,eGFR,87.0,eGFR,2013-04,mL/min/1.73m2
10967501,eGFR,86.52,eGFR,2014-09,mL/min/1.73m2
17598521,eGFR,84.63,eGFR,2015-04,mL/min/1.73m2
24762656,SBP,121.0,Systolic blood pressure,2015-01,mmHg
344,SBP,130.18,Systolic BP,2012-11,mmHg
1585856,SBP,132.78,Systolic BP,2016-07,mmHg
59461181,eGFR,94.41,LOINC: 33914-3,2013-07,mL/min/1.73m2
73003736,HbA1c,5.24,Glycated haemoglobin,2013-04,%
22704272,eGFR,83.37,eGFR,2015-02,mL/min/1.73m2
26409536,SBP,131.05,Systolic blood pressure,2014-12,mmHg
56246969,eGFR,97.53,Estimated GFR,2013-09,mL/min/1.73m2
61345721,HbA1c,6.91,Glycated haemoglobin,2015-01,%
8457392,SBP,128.21,Systolic BP,2014-06,mmHg
41761352,eGFR,84.74,eGFR,2014-07,mL/min/1.73m2
7152077,HbA1c,4.18,Hb A1c,2013-12,%
3630269,eGFR,82.85,LOINC: 33914-3,2013-07,mL/min/1.73m2
42978944,SBP,140.22,Systolic BP,2016-12,mmHg
5614541,eGFR,73.35,LOINC: 33914-3,2016-04,mL/min/1.73m2
32709881,HbA1c,28.27,Glycated haemoglobin,2013-06,mmol/mol
74491136,SBP,115.13,SBP,2012-09,mmHg
38729216,eGFR,91.24,Estimated GFR,2016-01,mL/min/1.73m2
13483469,HbA1c,5.69,Glycated haemoglobin,2014-10,%
786701,eGFR,84.4,eGFR,2014-08,mL/min/1.73m2
16286969,HbA1c,4.7,Glycated haemoglobin,2014-04,%
25614521,SBP,102.88,SBP,2013-07,mmHg
68890061,HbA1c,4.81,HbA1c,2014-06,%
13919417,eGFR,80.24,eGFR,2016-10,mL/min/1.73m2
974969,HbA1c,4.75,Hb A1c,2012-11,%
37446536,SBP,112.75,SBP,2013-05,mmHg
71092541,eGFR,92.12,eGFR,2013-09,mL/min/1.73m2
60130856,HbA1c,5.61,HbA1c,2016-08,%
17237096,SBP,129.68,Systolic BP,2012-11,mmHg
560141,HbA1c,4.43,HbA1c,2015-01,%
30816344,SBP,133.19,SBP,2014-10,mmHg
3441392,eGFR,84.09,LOINC: 33914-3,2016-01,mL/min/1.73m2
32948057,HbA1c,4.78,Glycated haemoglobin,2015-09,%
521936,SBP,142.18,Systolic blood pressure,2012-12,mmHg
48240569,HbA1c,3.55,HbA1c,2015-10,%
28367144,HbA1c,5.6,HbA1c,2012-04,%
15953177,eGFR,86.09,eGFR,2015-05,mL/min/1.73m2
2600552,HbA1c,4.65,Hb A1c,2012-04,%
1466072,eGFR,92.71,Estimated GFR,2013-12,mL/min/1.73m2
45466616,HbA1c,4.87,HbA1c,2016-10,%
34843661,HbA1c,4.94,HbA1c,2012-03,%
20766752,HbA1c,4.18,Hb A1c,2012-10,%
50192,eGFR,86.83,Estimated GFR,2013-02,mL/min/1.73m2
2940569,eGFR,82.29,Estimated GFR,2015-03,mL/min/1.73m2
71063336,HbA1c,4.58,HbA1c,2012-10,%
68144537,HbA1c,4.45,Glycated haemoglobin,2014-09,%
29334656,HbA1c,7.25,Hb A1c,2016-02,%
13636541,HbA1c,6.15,Glycated haemoglobin,2016-10,%
57159944,SBP,106.64,Systolic BP,2012-09,mmHg
55599344,eGFR,67.37,Estimated GFR,2015-07,mL/min/1.73m2
3912761,HbA1c,52.42,Glycated haemoglobin,2012-01,mmol/mol
168776,SBP,128.06,Systolic BP,2016-03,mmHg
393401,SBP,124.38,Systolic blood pressure,2012-08,mmHg
2167769,HbA1c,7.67,Hb A1c,2015-12,%
18675344,SBP,93.12,Systolic BP,2016-04,mmHg
6741272,eGFR,72.28,eGFR,2016-10,mL/min/1.73m2
1407944,eGFR,89.39,Estimated GFR,2013-08,mL/min/1.73m2
3683261,HbA1c,3.98,Hb A1c,2012-07,%
19892144,HbA1c,6.61,HbA1c,2016-04,%
77069,eGFR,87.5,LOINC: 33914-3,2013-01,mL/min/1.73m2
49792697,eGFR,81.26,LOINC: 33914-3,2016-11,mL/min/1.73m2
12012272,HbA1c,5.32,HbA1c,2013-12,%
59675069,eGFR,88.76,Estimated GFR,2014-01,mL/min/1.73m2
9441497,eGFR,94.8,Estimated GFR,2014-08,mL/min/1.73m2
13242872,eGFR,81.38,eGFR,2014-03,mL/min/1.73m2
2167769,SBP,141.41,SBP,2016-01,mmHg
62627552,HbA1c,48.89,HbA1c,2016-08,mmol/mol
2776601,eGFR,89.93,Estimated GFR,2016-04,mL/min/1.73m2
48072296,HbA1c,5.04,Hb A1c,2014-12,%
28681661,SBP,149.32,SBP,2015-12,mmHg
21020096,HbA1c,4.14,Hb A1c,2014-05,%
50969,eGFR,95.4,LOINC: 33914-3,2014-04,mL/min/1.73m2
2107001,HbA1c,4.45,Hb A1c,2016-11,%
23874392,eGFR,81.08,LOINC: 33914-3,2013-05,mL/min/1.73m2
2621,eGFR,77.08,Estimated GFR,2012-09,mL/min/1.73m2
17597,HbA1c,5.49,Glycated haemoglobin,2013-01,%
25352216,HbA1c,35.89,Hb A1c,2016-09,mmol/mol
66552569,SBP,114.81,Systolic BP,2014-11,mmHg
4969376,HbA1c,5.33,Glycated haemoglobin,2014-02,%
21179216,SBP,116.78,SBP,2012-01,mmHg
888077,SBP,166.78,Systolic BP,2014-09,mmHg
43480016,SBP,129.5,Systolic BP,2015-11,mmHg
9677,HbA1c,4.68,HbA1c,2012-04,%
13521656,SBP,137.87,Systolic blood pressure,2015-03,mmHg
53907632,HbA1c,4.62,Glycated haemoglobin,2014-09,%
1136,eGFR,86.07,eGFR,2013-04,mL/min/1.73m2
45000656,eGFR,96.02,eGFR,2015-10,mL/min/1.73m2
3480056,SBP,133.53,Systolic blood pressure,2016-12,mmHg
232121,SBP,118.18,Systolic blood pressure,2015-12,mmHg
8177672,HbA1c,4.57,HbA1c,2015-08,%
705944,SBP,114.85,Systolic BP,2013-02,mmHg
14322944,HbA1c,25.16,Hb A1c,2013-05,mmol/mol
37743896,eGFR,87.7,eGFR,2012-10,mL/min/1.73m2
72147917,eGFR,87.5,eGFR,2016-08,mL/min/1.73m2
38320697,SBP,125.73,Systolic blood pressure,2015-09,mmHg
32928176,eGFR,94.6,LOINC: 33914-3,2016-04,mL/min/1.73m2
55961552,SBP,135.77,Systolic blood pressure,2014-10,mmHg
65230976,HbA1c,5.97,HbA1c,2013-04,%
17569469,HbA1c,4.16,Hb A1c,2015-11,%
49548557,HbA1c,4.29,HbA1c,2013-06,%
170201,eGFR,87.14,Estimated GFR,2012-05,mL/min/1.73m2
8128217,eGFR,78.04,Estimated GFR,2014-05,mL/min/1.73m2
14972537,HbA1c,5.47,HbA1c,2012-12,%
5211641,eGFR,87.51,LOINC: 33914-3,2014-03,mL/min/1.73m2
5015816,HbA1c,4.21,Hb A1c,2015-03,%
66016712,eGFR,89.23,eGFR,2015-01,mL/min/1.73m2
21935117,eGFR,91.37,Estimated GFR,2015-01,mL/min/1.73m2
12817736,eGFR,88.35,Estimated GFR,2013-05,mL/min/1.73m2
1774352,HbA1c,5.94,Glycated haemoglobin,2015-10,%
26480792,HbA1c,4.64,Glycated haemoglobin,2013-02,%
14087936,HbA1c,4.12,Glycated haemoglobin,2015-02,%
17222717,HbA1c,4.55,Hb A1c,2012-07,%
65791736,eGFR,87.64,LOINC: 33914-3,2013-07,mL/min/1.73m2
1778969,HbA1c,4.76,Glycated haemoglobin,2016-06,%
49232072,SBP,134.0,SBP,2013-04,mmHg
21886472,eGFR,92.39,eGFR,2015-09,mL/min/1.73m2
53172569,eGFR,83.19,Estimated GFR,2014-05,mL/min/1.73m2
5109344,HbA1c,4.92,Glycated haemoglobin,2013-11,%
12944,eGFR,92.14,LOINC: 33914-3,2014-07,mL/min/1.73m2
386912,eGFR,85.39,Estimated GFR,2016-02,mL/min/1.73m2
305552,HbA1c,5.83,Glycated haemoglobin,2013-03,%
3656717,SBP,158.21,SBP,2015-04,mmHg
47497592,eGFR,81.87,LOINC: 33914-3,2016-07,mL/min/1.73m2
9335357,SBP,140.33,Systolic BP,2012-02,mmHg
24401981,eGFR,76.18,eGFR,2012-01,mL/min/1.73m2
29372192,eGFR,83.86,LOINC: 33914-3,2015-02,mL/min/1.73m2
4142144,HbA1c,4.05,Glycated haemoglobin,2016-04,%
2724896,SBP,131.31,Systolic BP,2013-04,mmHg
28737344,SBP,103.64,Systolic blood pressure,2012-04,mmHg
63011936,eGFR,92.17,LOINC: 33914-3,2013-06,mL/min/1.73m2
64144397,eGFR,94.23,LOINC: 33914-3,2013-05,mL/min/1.73m2
14559896,eGFR,84.06,Estimated GFR,2015-10,mL/min/1.73m2
62162381,HbA1c,4.42,HbA1c,2014-09,%
14414861,HbA1c,4.26,Glycated haemoglobin,2013-10,%
43297472,HbA1c,4.16,Hb A1c,2015-03,%
46500176,eGFR,84.43,Estimated GFR,2013-04,mL/min/1.73m2
57133757,HbA1c,4.51,HbA1c,2013-01,%
3301472,eGFR,86.28,Estimated GFR,2012-05,mL/min/1.73m2
7050536,eGFR,94.99,eGFR,2012-06,mL/min/1.73m2
868601,HbA1c,5.15,HbA1c,2013-12,%
46476557,HbA1c,5.21,HbA1c,2015-01,%
74820377,eGFR,91.6,eGFR,2014-07,mL/min/1.73m2
14718944,HbA1c,5.43,HbA1c,2012-10,%
49207769,HbA1c,36.77,Hb A1c,2012-07,mmol/mol
72236216,eGFR,82.19,eGFR,2013-01,mL/min/1.73m2
62792144,HbA1c,5.33,Glycated haemoglobin,2014-02,%
315197,HbA1c,4.04,Hb A1c,2013-05,%
21083672,HbA1c,4.78,HbA1c,2012-05,%
57684944,HbA1c,6.65,Glycated haemoglobin,2015-10,%
33547277,HbA1c,5.19,Glycated haemoglobin,2013-03,%
10875917,eGFR,90.16,Estimated GFR,2013-09,mL/min/1.73m2
20420912,SBP,123.23,SBP,2016-10,mmHg
69293177,HbA1c,5.04,HbA1c,2015-05,%
4672781,eGFR,89.53,eGFR,2016-06,mL/min/1.73m2
33889232,eGFR,100.55,eGFR,2014-07,mL/min/1.73m2
8752061,SBP,120.63,Systolic blood pressure,2016-12,mmHg
61971344,eGFR,88.83,eGFR,2015-09,mL/min/1.73m2
74252144,SBP,114.57,SBP,2014-12,mmHg
6922352,HbA1c,6.56,Glycated haemoglobin,2016-07,%
11372696,HbA1c,5.2,Hb A1c,2015-02,%
9537536,eGFR,82.5,Estimated GFR,2014-11,mL/min/1.73m2
3409337,HbA1c,4.03,HbA1c,2012-07,%
54136781,eGFR,86.63,eGFR,2012-01,mL/min/1.73m2
60750269,eGFR,85.88,LOINC: 33914-3,2013-01,mL/min/1.73m2
13893581,HbA1c,5.17,Glycated haemoglobin,2014-11,%
40605392,SBP,128.91,Systolic BP,2012-08,mmHg
33969944,SBP,147.71,Systolic BP,2013-02,mmHg
911072,SBP,122.15,SBP,2016-02,mmHg
59274344,eGFR,87.19,eGFR,2013-02,mL/min/1.73m2
55676861,eGFR,86.81,eGFR,2014-08,mL/min/1.73m2
25807736,HbA1c,7.33,HbA1c,2013-05,%
41649497,eGFR,87.95,Estimated GFR,2014-06,mL/min/1.73m2
67403069,eGFR,87.67,Estimated GFR,2013-09,mL/min/1.73m2
16907897,SBP,112.23,Systolic blood pressure,2013-05,mmHg
51096656,eGFR,85.92,Estimated GFR,2016-10,mL/min/1.73m2
48120344,HbA1c,4.96,Glycated haemoglobin,2016-09,%
69437432,SBP,121.73,Systolic blood pressure,2015-04,mmHg
374096,SBP,136.13,Systolic BP,2012-04,mmHg
51319757,SBP,127.54,SBP,2013-09,mmHg
50160032,SBP,136.24,Systolic blood pressure,2012-03,mmHg
8721344,HbA1c,4.22,Hb A1c,2016-08,%
16300952,HbA1c,6.6,Glycated haemoglobin,2012-12,%
15870269,SBP,103.69,Systolic blood pressure,2015-03,mmHg
195344,SBP,155.69,SBP,2013-12,mmHg
27633944,HbA1c,5.98,Hb A1c,2015-06,%
40981517,SBP,127.16,Systolic BP,2016-12,mmHg
25895801,SBP,120.97,Systolic blood pressure,2012-09,mmHg
105176,eGFR,88.83,Estimated GFR,2014-05,mL/min/1.73m2
9709472,eGFR,64.77,eGFR,2013-06,mL/min/1.73m2
3441392,SBP,123.84,SBP,2013-07,mmHg
8447321,SBP,105.14,Systolic BP,2016-09,mmHg
24316496,SBP,125.14,Systolic blood pressure,2016-12,mmHg
13217672,HbA1c,5.74,Hb A1c,2013-12,%
6109256,SBP,117.6,Systolic blood pressure,2016-02,mmHg
39009977,eGFR,91.17,LOINC: 33914-3,2016-08,mL/min/1.73m2
971552,HbA1c,6.14,HbA1c,2013-05,%
36206297,eGFR,99.55,eGFR,2016-07,mL/min/1.73m2
16022432,HbA1c,52.97,Hb A1c,2014-06,mmol/mol
1105616,SBP,129.74,Systolic BP,2016-03,mmHg
6580352,HbA1c,5.04,Hb A1c,2012-07,%
41470841,HbA1c,26.37,HbA1c,2013-02,mmol/mol
7142816,eGFR,89.0,eGFR,2012-02,mL/min/1.73m2
16595981,SBP,104.87,Systolic blood pressure,2013-01,mmHg
14812121,eGFR,90.74,eGFR,2015-02,mL/min/1.73m2
41159117,SBP,100.48,SBP,2016-06,mmHg
17583992,SBP,107.6,SBP,2014-07,mmHg
3000269,HbA1c,6.3,HbA1c,2013-04,%
249101,eGFR,81.26,Estimated GFR,2012-03,mL/min/1.73m2
67289357,eGFR,81.94,LOINC: 33914-3,2014-12,mL/min/1.73m2
13984112,SBP,143.16,SBP,2015-01,mmHg
21499256,SBP,112.55,SBP,2013-01,mmHg
78032,eGFR,81.37,LOINC: 33914-3,2016-02,mL/min/1.73m2
45656,HbA1c,5.05,HbA1c,2015-08,%
8417144,SBP,113.51,Systolic blood pressure,2016-04,mmHg
1424432,eGFR,82.97,LOINC: 33914-3,2013-09,mL/min/1.73m2
34050752,eGFR,82.99,eGFR,2016-04,mL/min/1.73m2
9083069,SBP,93.71,Systolic BP,2013-06,mmHg
59916152,SBP,131.01,Systolic blood pressure,2016-11,mmHg
359417,HbA1c,4.86,Glycated haemoglobin,2013-04,%
9484121,eGFR,85.13,Estimated GFR,2016-01,mL/min/1.73m2
26072381,SBP,110.44,SBP,2012-07,mmHg
40737944,HbA1c,6.0,Glycated haemoglobin,2016-04,%
7632344,eGFR,83.2,Estimated GFR,2015-03,mL/min/1.73m2
31163456,HbA1c,6.02,Glycated haemoglobin,2012-02,%
4740416,HbA1c,8.06,Glycated haemoglobin,2015-07,%
3643481,HbA1c,4.25,Glycated haemoglobin,2012-04,%
8731577,eGFR,72.55,eGFR,2016-05,mL/min/1.73m2
74162621,HbA1c,5.83,Hb A1c,2012-12,%
4071944,HbA1c,5.27,HbA1c,2012-09,%
43731641,SBP,113.22,Systolic blood pressure,2016-10,mmHg
53805944,eGFR,85.22,Estimated GFR,2012-05,mL/min/1.73m2
23369312,eGFR,91.54,Estimated GFR,2012-03,mL/min/1.73m2
26320601,eGFR,89.86,Estimated GFR,2012-07,mL/min/1.73m2
18795296,SBP,113.78,SBP,2013-11,mmHg
19461896,HbA1c,4.56,Glycated haemoglobin,2014-12,%
24935336,SBP,104.47,SBP,2013-01,mmHg
31105469,eGFR,94.44,eGFR,2012-10,mL/min/1.73m2
51991976,eGFR,92.07,Estimated GFR,2014-12,mL/min/1.73m2
3447821,eGFR,90.53,eGFR,2014-08,mL/min/1.73m2
49037816,eGFR,94.5,LOINC: 33914-3,2013-11,mL/min/1.73m2
28109432,HbA1c,3.94,Hb A1c,2012-06,%
3207737,HbA1c,4.91,Glycated haemoglobin,2013-09,%
2012552,HbA1c,5.16,Glycated haemoglobin,2015-02,%
49694969,HbA1c,3.6,HbA1c,2014-04,%
377,eGFR,80.61,LOINC: 33914-3,2015-12,mL/min/1.73m2
145469,HbA1c,4.45,Hb A1c,2016-06,%
8844536,SBP,127.19,Systolic BP,2014-07,mmHg
18155069,HbA1c,6.65,HbA1c,2014-11,%
21515321,eGFR,88.43,eGFR,2014-03,mL/min/1.73m2
22048832,SBP,131.16,SBP,2013-04,mmHg
51468761,HbA1c,33.61,Hb A1c,2015-09,mmol/mol
489917,eGFR,80.76,eGFR,2016-04,mL/min/1.73m2
4846592,eGFR,95.1,LOINC: 33914-3,2015-08,mL/min/1.73m2
66467816,HbA1c,4.88,HbA1c,2013-11,%
61753376,eGFR,74.96,eGFR,2016-04,mL/min/1.73m2
44167976,eGFR,89.69,Estimated GFR,2012-08,mL/min/1.73m2
22539512,SBP,147.64,Systolic blood pressure,2016-12,mmHg
321056,eGFR,91.58,Estimated GFR,2015-05,mL/min/1.73m2
6474152,eGFR,97.63,LOINC: 33914-3,2016-06,mL/min/1.73m2
43640057,eGFR,81.64,eGFR,2016-05,mL/min/1.73m2
2435672,HbA1c,4.6,HbA1c,2012-01,%
28054361,SBP,130.01,Systolic BP,2012-08,mmHg
15133817,HbA1c,4.32,HbA1c,2014-11,%
10345616,eGFR,75.1,Estimated GFR,2016-04,mL/min/1.73m2
30413837,HbA1c,5.92,Glycated haemoglobin,2013-12,%
26019344,SBP,132.09,SBP,2013-09,mmHg
22985741,SBP,132.44,Systolic blood pressure,2013-06,mmHg
1997837,HbA1c,6.85,Glycated haemoglobin,2013-11,%
52970681,HbA1c,5.49,Hb A1c,2015-06,%
47760569,SBP,123.35,Systolic BP,2014-07,mmHg
48843944,HbA1c,4.58,HbA1c,2012-03,%
2037197,SBP,129.92,SBP,2015-08,mmHg
811469,SBP,103.75,Systolic blood pressure,2015-12,mmHg
5630969,eGFR,93.05,Estimated GFR,2015-11,mL/min/1.73m2
8968592,SBP,87.86,Systolic BP,2012-02,mmHg
6195176,HbA1c,4.93,Hb A1c,2015-09,%
73596896,SBP,125.62,SBP,2012-01,mmHg
27018272,HbA1c,6.05,Glycated haemoglobin,2012-03,%
31785344,eGFR,84.01,LOINC: 33914-3,2014-01,mL/min/1.73m2
68976344,SBP,117.79,Systolic blood pressure,2016-09,mmHg
7536944,HbA1c,4.68,Glycated haemoglobin,2015-06,%
7622777,SBP,100.6,Systolic BP,2012-05,mmHg
42232781,HbA1c,6.18,Glycated haemoglobin,2016-04,%
7555976,HbA1c,7.34,Hb A1c,2016-10,%
7795901,eGFR,87.04,Estimated GFR,2013-08,mL/min/1.73m2
61101776,HbA1c,7.59,Hb A1c,2014-11,%
5443496,eGFR,80.73,eGFR,2016-12,mL/min/1.73m2
4823741,HbA1c,6.28,Glycated haemoglobin,2015-01,%
40671641,SBP,132.69,SBP,2016-11,mmHg
13854872,SBP,138.92,Systolic blood pressure,2013-03,mmHg
3584216,HbA1c,28.56,Hb A1c,2016-03,mmol/mol
45560096,HbA1c,4.96,HbA1c,2015-09,%
35915069,eGFR,84.15,eGFR,2012-07,mL/min/1.73m2
27488456,eGFR,82.67,eGFR,2012-07,mL/min/1.73m2
42413069,HbA1c,3.53,HbA1c,2015-06,%
11291069,eGFR,84.78,eGFR,2015-12,mL/min/1.73m2
44444672,SBP,134.19,Systolic BP,2016-03,mmHg
1882061,HbA1c,7.63,Glycated haemoglobin,2013-06,%
59996621,HbA1c,5.63,Glycated haemoglobin,2016-11,%
38021069,HbA1c,4.55,HbA1c,2013-05,%
56689496,eGFR,67.27,Estimated GFR,2013-05,mL/min/1.73m2
66948797,eGFR,91.12,eGFR,2012-07,mL/min/1.73m2
3263816,HbA1c,4.37,Glycated haemoglobin,2015-08,%
1041032,SBP,157.56,SBP,2013-06,mmHg
64867769,SBP,134.43,Systolic blood pressure,2015-05,mmHg
24900752,SBP,122.8,Systolic blood pressure,2014-04,mmHg
8147981,HbA1c,4.94,Hb A1c,2014-07,%
42277817,eGFR,91.0,LOINC: 33914-3,2012-08,mL/min/1.73m2
21944,SBP,93.87,Systolic BP,2013-09,mmHg
8497736,SBP,148.68,Systolic BP,2013-08,mmHg
30893312,SBP,111.58,Systolic blood pressure,2016-09,mmHg
281177,eGFR,89.61,Estimated GFR,2012-02,mL/min/1.73m2
31590344,SBP,163.88,SBP,2016-06,mmHg
4657817,HbA1c,4.35,Glycated haemoglobin,2016-07,%
25772552,HbA1c,4.35,Glycated haemoglobin,2014-03,%
40870712,eGFR,90.28,LOINC: 33914-3,2014-04,mL/min/1.73m2
39031616,eGFR,94.7,Estimated GFR,2016-04,mL/min/1.73m2
44560217,eGFR,85.31,eGFR,2016-11,mL/min/1.73m2
8227277,eGFR,90.65,eGFR,2015-01,mL/min/1.73m2
14401712,eGFR,81.01,LOINC: 33914-3,2016-01,mL/min/1.73m2
1512569,eGFR,93.04,Estimated GFR,2016-10,mL/min/1.73m2
62381069,SBP,130.64,Systolic BP,2016-06,mmHg
212537,eGFR,81.88,LOINC: 33914-3,2014-02,mL/min/1.73m2
27180569,eGFR,86.91,Estimated GFR,2013-09,mL/min/1.73m2
40209032,eGFR,89.47,LOINC: 33914-3,2016-07,mL/min/1.73m2
58529936,eGFR,83.69,Estimated GFR,2016-04,mL/min/1.73m2
10401401,HbA1c,6.91,Hb A1c,2012-04,%
43548569,SBP,123.87,Systolic BP,2012-10,mmHg
53958512,SBP,121.73,Systolic blood pressure,2012-01,mmHg
1867832,eGFR,83.42,eGFR,2012-07,mL/min/1.73m2
12929597,HbA1c,24.61,HbA1c,2012-02,mmol/mol
31922201,eGFR,94.77,LOINC: 33914-3,2014-10,mL/min/1.73m2
22408136,HbA1c,5.23,Hb A1c,2012-10,%
11001944,SBP,118.24,Systolic BP,2015-10,mmHg
23268944,eGFR,91.75,LOINC: 33914-3,2016-11,mL/min/1.73m2
212537,SBP,123.67,Systolic blood pressure,2014-08,mmHg
61399997,SBP,118.15,SBP,2015-10,mmHg
40055417,SBP,130.86,SBP,2014-06,mmHg
39270041,eGFR,94.25,LOINC: 33914-3,2012-05,mL/min/1.73m2
4156256,SBP,139.77,Systolic BP,2013-09,mmHg
3288896,SBP,106.19,Systolic BP,2012-04,mmHg
67801817,eGFR,92.51,Estimated GFR,2013-10,mL/min/1.73m2
21354941,HbA1c,5.2,Hb A1c,2012-09,%
64088921,HbA1c,4.28,HbA1c,2015-04,%
41337101,eGFR,92.76,LOINC: 33914-3,2015-11,mL/min/1.73m2
41537792,HbA1c,5.08,Hb A1c,2016-08,%
24333581,SBP,121.18,Systolic blood pressure,2012-01,mmHg
31493069,eGFR,75.43,eGFR,2012-11,mL/min/1.73m2
43846256,SBP,154.29,SBP,2013-10,mmHg
29278397,HbA1c,5.16,HbA1c,2016-05,%
209357,SBP,136.38,SBP,2016-03,mmHg
7980752,SBP,117.26,Systolic BP,2013-12,mmHg
15980861,HbA1c,6.33,Hb A1c,2015-06,%
32059352,HbA1c,5.39,Hb A1c,2015-02,%
9166781,eGFR,79.8,Estimated GFR,2014-12,mL/min/1.73m2
14322944,SBP,153.6,Systolic BP,2012-03,mmHg
16893656,HbA1c,6.33,Glycated haemoglobin,2013-02,%
13293344,SBP,133.01,SBP,2012-06,mmHg
11773352,HbA1c,4.26,Hb A1c,2016-10,%
27252857,HbA1c,4.69,HbA1c,2012-02,%
64672616,eGFR,85.47,Estimated GFR,2016-12,mL/min/1.73m2
65819837,SBP,115.55,Systolic blood pressure,2015-02,mmHg
55212569,HbA1c,4.72,HbA1c,2014-12,%
865376,SBP,124.07,Systolic blood pressure,2013-12,mmHg
42097817,SBP,112.0,SBP,2015-09,mmHg
16680761,HbA1c,4.7,Hb A1c,2015-06,%
27144461,SBP,131.59,Systolic BP,2012-06,mmHg
2334041,eGFR,91.21,eGFR,2013-12,mL/min/1.73m2
34151897,eGFR,86.3,eGFR,2015-06,mL/min/1.73m2
27307136,HbA1c,4.2,Glycated haemoglobin,2013-07,%
12644696,HbA1c,4.55,HbA1c,2015-06,%
21419021,HbA1c,6.95,Hb A1c,2016-09,%
53273657,eGFR,87.28,Estimated GFR,2013-09,mL/min/1.73m2
70248032,HbA1c,4.15,HbA1c,2015-03,%
26302832,HbA1c,4.67,Glycated haemoglobin,2013-03,%
44513981,SBP,143.18,Systolic blood pressure,2014-12,mmHg
62984441,HbA1c,4.97,Hb A1c,2016-01,%
53197832,HbA1c,4.41,HbA1c,2014-12,%
65511056,HbA1c,18.68,HbA1c,2014-06,mmol/mol
3176792,eGFR,90.74,eGFR,2016-09,mL/min/1.73m2
2302397,eGFR,87.18,Estimated GFR,2012-04,mL/min/1.73m2
6687416,SBP,119.92,Systolic BP,2014-01,mmHg
26516456,eGFR,73.74,LOINC: 33914-3,2012-06,mL/min/1.73m2
61562969,HbA1c,4.28,HbA1c,2015-06,%
46382141,HbA1c,4.59,HbA1c,2012-05,%
22342592,SBP,115.31,SBP,2016-04,mmHg
24384872,HbA1c,13.64,HbA1c,2016-10,mmol/mol
52517837,HbA1c,6.68,Glycated haemoglobin,2015-06,%
2183096,SBP,125.57,SBP,2014-11,mmHg
1094717,SBP,110.46,SBP,2015-02,mmHg
5989976,eGFR,93.26,Estimated GFR,2014-08,mL/min/1.73m2
2127161,SBP,118.2,SBP,2012-05,mmHg
2193344,SBP,92.59,Systolic BP,2013-11,mmHg
48457352,eGFR,76.84,Estimated GFR,2013-04,mL/min/1.73m2
35048441,HbA1c,6.52,Glycated haemoglobin,2016-03,%
19278944,eGFR,83.1,eGFR,2014-01,mL/min/1.73m2
43138061,eGFR,85.74,eGFR,2016-11,mL/min/1.73m2
1905896,HbA1c,5.06,Glycated haemoglobin,2013-12,%
66637376,HbA1c,3.83,HbA1c,2014-05,%
72471944,eGFR,89.1,Estimated GFR,2014-08,mL/min/1.73m2
6904136,HbA1c,5.83,Glycated haemoglobin,2015-05,%
64366541,eGFR,81.91,eGFR,2014-06,mL/min/1.73m2
9970256,SBP,149.69,SBP,2013-06,mmHg
21179216,HbA1c,6.07,HbA1c,2016-06,%
17222717,SBP,115.05,SBP,2014-01,mmHg
4458152,SBP,117.32,SBP,2012-07,mmHg
1183421,SBP,130.43,Systolic blood pressure,2014-04,mmHg
1190969,SBP,153.21,SBP,2012-04,mmHg
461261,HbA1c,4.61,Hb A1c,2015-03,%
46005437,HbA1c,6.21,Hb A1c,2013-07,%
73715816,SBP,139.32,Systolic BP,2014-11,mmHg
6126392,HbA1c,4.53,Glycated haemoglobin,2016-02,%
27907769,eGFR,90.99,Estimated GFR,2012-12,mL/min/1.73m2
2091944,eGFR,82.53,LOINC: 33914-3,2015-12,mL/min/1.73m2
2307656,eGFR,88.16,LOINC: 33914-3,2015-06,mL/min/1.73m2
43869197,SBP,121.35,Systolic blood pressure,2014-12,mmHg
13268096,SBP,158.52,SBP,2016-01,mmHg
58874969,HbA1c,5.33,HbA1c,2012-12,%
3603917,SBP,117.32,Systolic BP,2012-11,mmHg
51493616,SBP,127.01,Systolic BP,2014-04,mmHg
35998157,eGFR,77.85,eGFR,2013-11,mL/min/1.73m2
105176,HbA1c,6.33,HbA1c,2014-01,%
73983737,SBP,164.27,Systolic BP,2012-11,mmHg
36897416,HbA1c,4.71,HbA1c,2014-05,%
9345944,SBP,150.09,Systolic BP,2012-05,mmHg
12583181,eGFR,75.32,LOINC: 33914-3,2014-12,mL/min/1.73m2
1338941,SBP,143.83,Systolic BP,2015-01,mmHg
71912717,SBP,135.34,Systolic BP,2014-09,mmHg
5888672,eGFR,84.54,LOINC: 33914-3,2013-04,mL/min/1.73m2
26605721,HbA1c,5.22,Hb A1c,2014-09,%
74341721,HbA1c,6.61,Glycated haemoglobin,2013-12,%
58397501,eGFR,91.08,eGFR,2015-11,mL/min/1.73m2
17208344,HbA1c,5.52,Glycated haemoglobin,2012-05,%
20577752,HbA1c,4.15,Glycated haemoglobin,2016-11,%
47784512,eGFR,88.58,Estimated GFR,2015-04,mL/min/1.73m2
9981197,HbA1c,4.73,Hb A1c,2012-09,%
36081341,eGFR,94.18,Estimated GFR,2016-10,mL/min/1.73m2
41873357,SBP,122.98,Systolic BP,2014-05,mmHg
24935336,HbA1c,3.52,HbA1c,2013-04,%
23806736,HbA1c,4.49,HbA1c,2012-06,%
64310969,eGFR,88.62,LOINC: 33914-3,2013-03,mL/min/1.73m2
6264344,SBP,112.58,SBP,2015-06,mmHg
14270552,HbA1c,4.46,Glycated haemoglobin,2015-05,%
10580921,eGFR,70.53,LOINC: 33914-3,2013-04,mL/min/1.73m2
28496,SBP,125.28,Systolic blood pressure,2015-10,mmHg
54187769,HbA1c,5.18,Glycated haemoglobin,2014-12,%
26462969,HbA1c,5.17,HbA1c,2012-07,%
3892232,eGFR,86.1,LOINC: 33914-3,2015-07,mL/min/1.73m2
8629517,eGFR,84.58,LOINC: 33914-3,2013-07,mL/min/1.73m2
2456,eGFR,94.47,LOINC: 33914-3,2013-11,mL/min/1.73m2
59301017,HbA1c,5.12,Hb A1c,2015-06,%
56976761,eGFR,76.84,LOINC: 33914-3,2015-01,mL/min/1.73m2
18645416,SBP,128.39,SBP,2014-01,mmHg
7883192,eGFR,87.88,Estimated GFR,2015-09,mL/min/1.73m2
61889561,eGFR,87.15,eGFR,2016-12,mL/min/1.73m2
2887352,SBP,123.71,SBP,2014-10,mmHg
65679392,HbA1c,4.5,Glycated haemoglobin,2015-05,%
7689872,SBP,118.23,SBP,2012-06,mmHg
1120232,eGFR,83.23,LOINC: 33914-3,2015-01,mL/min/1.73m2
6598136,eGFR,86.42,Estimated GFR,2014-11,mL/min/1.73m2
7824944,SBP,128.55,Systolic blood pressure,2012-10,mmHg
259577,HbA1c,4.96,Glycated haemoglobin,2015-01,%
35832077,SBP,140.04,Systolic blood pressure,2014-12,mmHg
68516792,HbA1c,6.6,Hb A1c,2016-04,%
71912717,eGFR,88.01,LOINC: 33914-3,2013-09,mL/min/1.73m2
55935641,HbA1c,4.78,HbA1c,2013-07,%
19984952,eGFR,73.99,Estimated GFR,2013-11,mL/min/1.73m2
63978041,eGFR,86.48,Estimated GFR,2014-11,mL/min/1.73m2
69842144,SBP,134.13,Systolic blood pressure,2012-07,mmHg
35151056,eGFR,87.56,LOINC: 33914-3,2016-03,mL/min/1.73m2
32828861,SBP,130.13,Systolic BP,2015-11,mmHg
50061944,eGFR,92.9,LOINC: 33914-3,2012-04,mL/min/1.73m2
33547277,eGFR,87.71,eGFR,2015-12,mL/min/1.73m2
41694221,SBP,117.65,Systolic blood pressure,2016-04,mmHg
12375152,SBP,119.04,Systolic blood pressure,2012-10,mmHg
10921661,eGFR,86.06,eGFR,2016-05,mL/min/1.73m2
537056,SBP,146.07,Systolic blood pressure,2016-03,mmHg
852536,eGFR,70.92,LOINC: 33914-3,2016-05,mL/min/1.73m2
23419577,SBP,121.79,SBP,2015-01,mmHg
13559897,HbA1c,4.75,Glycated haemoglobin,2016-12,%
119072,eGFR,100.53,Estimated GFR,2016-01,mL/min/1.73m2
4198736,HbA1c,4.8,Hb A1c,2012-01,%
43138061,HbA1c,6.22,Glycated haemoglobin,2014-01,%
63066944,eGFR,78.39,eGFR,2015-06,mL/min/1.73m2
72059672,SBP,126.57,Systolic blood pressure,2015-02,mmHg
307469,SBP,139.52,Systolic blood pressure,2016-01,mmHg
607769,HbA1c,6.24,Glycated haemoglobin,2012-07,%
2188217,HbA1c,4.95,Glycated haemoglobin,2013-02,%
1934696,eGFR,92.72,Estimated GFR,2014-02,mL/min/1.73m2
589016,eGFR,82.46,LOINC: 33914-3,2012-03,mL/min/1.73m2
3617081,HbA1c,6.2,Hb A1c,2016-11,%
34925501,eGFR,97.69,eGFR,2015-09,mL/min/1.73m2
26267312,eGFR,73.15,LOINC: 33914-3,2014-09,mL/min/1.73m2
3145997,SBP,142.92,Systolic BP,2014-10,mmHg
43320269,HbA1c,4.94,HbA1c,2014-12,%
33246992,eGFR,84.59,LOINC: 33914-3,2013-07,mL/min/1.73m2
1886816,eGFR,90.4,eGFR,2012-01,mL/min/1.73m2
63121976,eGFR,89.6,Estimated GFR,2015-02,mL/min/1.73m2
69524057,eGFR,80.84,eGFR,2016-05,mL/min/1.73m2
4938536,SBP,129.11,SBP,2015-11,mmHg
4740416,SBP,150.15,Systolic blood pressure,2016-11,mmHg
6066521,HbA1c,5.91,Hb A1c,2014-08,%
63701261,HbA1c,4.55,Glycated haemoglobin,2016-11,%
15053069,SBP,140.84,SBP,2015-11,mmHg
16077944,eGFR,84.05,eGFR,2016-07,mL/min/1.73m2
18555776,eGFR,85.77,Estimated GFR,2015-05,mL/min/1.73m2
33788477,eGFR,85.4,Estimated GFR,2015-06,mL/min/1.73m2
750269,eGFR,84.79,eGFR,2015-07,mL/min/1.73m2
1048112,HbA1c,3.86,Hb A1c,2014-03,%
37914344,HbA1c,6.14,Glycated haemoglobin,2013-09,%
50627261,eGFR,81.79,LOINC: 33914-3,2015-08,mL/min/1.73m2
20750969,eGFR,84.44,Estimated GFR,2013-06,mL/min/1.73m2
68832569,eGFR,98.9,Estimated GFR,2012-10,mL/min/1.73m2
58265216,SBP,106.45,Systolic BP,2015-10,mmHg
68402144,HbA1c,4.77,Hb A1c,2012-02,%
66383117,eGFR,77.2,eGFR,2014-05,mL/min/1.73m2
138944,SBP,112.56,SBP,2016-03,mmHg
41873357,HbA1c,3.59,Glycated haemoglobin,2016-07,%
60588377,HbA1c,4.7,Glycated haemoglobin,2014-09,%
8619344,SBP,133.54,SBP,2012-05,mmHg
52920269,eGFR,87.43,eGFR,2016-02,mL/min/1.73m2
45723917,eGFR,89.52,Estimated GFR,2012-10,mL/min/1.73m2
4305881,eGFR,89.11,eGFR,2014-12,mL/min/1.73m2
4778201,SBP,132.19,Systolic BP,2014-11,mmHg
2934632,SBP,143.31,SBP,2014-05,mmHg
1213757,HbA1c,22.57,HbA1c,2012-12,mmol/mol
4234301,SBP,105.08,Systolic BP,2012-12,mmHg
3538457,HbA1c,4.62,Glycated haemoglobin,2013-08,%
4392569,HbA1c,4.49,Glycated haemoglobin,2016-07,%
44791757,eGFR,84.07,Estimated GFR,2012-09,mL/min/1.73m2
36373241,eGFR,89.76,Estimated GFR,2013-07,mL/min/1.73m2
4977101,SBP,146.66,Systolic blood pressure,2012-06,mmHg
43274681,eGFR,85.78,eGFR,2014-12,mL/min/1.73m2
7769,SBP,112.07,Systolic BP,2012-12,mmHg
66129344,SBP,121.14,Systolic blood pressure,2013-07,mmHg
49988441,HbA1c,4.48,Hb A1c,2014-06,%
29428541,eGFR,76.77,eGFR,2012-09,mL/min/1.73m2
55935641,SBP,77.13,SBP,2014-10,mmHg
41806136,HbA1c,4.08,HbA1c,2016-04,%
38170736,HbA1c,4.87,Glycated haemoglobin,2014-02,%
28256552,eGFR,57.3,LOINC: 33914-3,2014-04,mL/min/1.73m2
23553881,eGFR,90.79,LOINC: 33914-3,2012-02,mL/min/1.73m2
15012776,SBP,130.62,Systolic blood pressure,2013-10,mmHg
62901992,eGFR,81.47,Estimated GFR,2015-02,mL/min/1.73m2
44606477,eGFR,87.51,eGFR,2014-04,mL/min/1.73m2
55757,HbA1c,4.26,Hb A1c,2014-07,%
799037,SBP,133.65,Systolic BP,2012-08,mmHg
41426237,SBP,127.14,Systolic blood pressure,2012-07,mmHg
296057,SBP,134.7,Systolic BP,2014-06,mmHg
55444472,HbA1c,5.74,Glycated haemoglobin,2014-01,%
33949757,HbA1c,4.67,Hb A1c,2016-02,%
54060344,HbA1c,4.4,HbA1c,2014-05,%
8700896,eGFR,94.32,Estimated GFR,2015-04,mL/min/1.73m2
456569,HbA1c,4.76,HbA1c,2016-04,%
29579069,HbA1c,5.15,Hb A1c,2014-02,%
20124569,SBP,120.99,SBP,2015-10,mmHg
23168792,HbA1c,5.49,HbA1c,2012-01,%
2662361,eGFR,85.51,Estimated GFR,2016-08,mL/min/1.73m2
52668569,SBP,153.19,Systolic BP,2013-08,mmHg
22605344,eGFR,80.21,eGFR,2014-08,mL/min/1.73m2
49426712,HbA1c,4.73,Hb A1c,2014-09,%
6109256,HbA1c,5.68,HbA1c,2013-02,%
30471176,SBP,140.83,Systolic blood pressure,2015-09,mmHg
34843661,SBP,134.01,Systolic blood pressure,2014-02,mmHg
21322937,SBP,103.6,Systolic blood pressure,2012-08,mmHg
29995001,SBP,124.43,Systolic blood pressure,2015-08,mmHg
581069,HbA1c,4.8,HbA1c,2016-11,%
8000336,eGFR,78.51,LOINC: 33914-3,2016-01,mL/min/1.73m2
27397721,HbA1c,5.95,Glycated haemoglobin,2013-07,%
4665296,SBP,107.94,Systolic BP,2014-11,mmHg
62901992,HbA1c,3.65,Hb A1c,2012-06,%
3536,eGFR,86.07,eGFR,2016-02,mL/min/1.73m2
43708736,eGFR,88.97,LOINC: 33914-3,2014-11,mL/min/1.73m2
26391737,eGFR,80.81,LOINC: 33914-3,2012-05,mL/min/1.73m2
73359344,SBP,143.55,Systolic BP,2015-08,mmHg
48965069,SBP,122.82,Systolic blood pressure,2015-08,mmHg
70771616,HbA1c,48.31,Glycated haemoglobin,2015-04,mmol/mol
1470269,SBP,140.8,Systolic BP,2015-01,mmHg
28644569,SBP,126.92,Systolic BP,2014-01,mmHg
12362969,eGFR,84.89,LOINC: 33914-3,2013-11,mL/min/1.73m2
32670269,eGFR,84.76,eGFR,2013-02,mL/min/1.73m2
10807481,SBP,128.56,SBP,2013-07,mmHg
45958457,HbA1c,4.5,Glycated haemoglobin,2015-02,%
447257,HbA1c,5.01,HbA1c,2015-08,%
68717657,HbA1c,4.52,Hb A1c,2016-03,%
18362297,HbA1c,4.27,Glycated haemoglobin,2012-04,%
46146521,SBP,150.9,Systolic blood pressure,2016-07,mmHg
29560232,eGFR,88.58,LOINC: 33914-3,2014-05,mL/min/1.73m2
15499856,SBP,117.13,Systolic BP,2015-01,mmHg
42956237,HbA1c,4.99,HbA1c,2014-08,%
33487112,eGFR,83.81,Estimated GFR,2013-07,mL/min/1.73m2
11583944,eGFR,70.14,Estimated GFR,2013-10,mL/min/1.73m2
2349944,eGFR,70.23,LOINC: 33914-3,2015-11,mL/min/1.73m2
3824192,SBP,146.65,SBP,2016-07,mmHg
6160736,HbA1c,5.49,Glycated haemoglobin,2016-11,%
2572697,HbA1c,5.72,Glycated haemoglobin,2013-09,%
55186832,HbA1c,4.45,HbA1c,2014-05,%
21195161,eGFR,83.3,eGFR,2014-07,mL/min/1.73m2
277517,HbA1c,5.4,Hb A1c,2012-05,%
59087801,eGFR,86.78,Estimated GFR,2014-11,mL/min/1.73m2
18081344,HbA1c,3.99,HbA1c,2015-07,%
1723961,eGFR,88.76,LOINC: 33914-3,2015-08,mL/min/1.73m2
21692432,eGFR,80.5,LOINC: 33914-3,2013-02,mL/min/1.73m2
158969,HbA1c,4.29,Hb A1c,2016-01,%
8217344,SBP,138.28,SBP,2016-09,mmHg
3314072,HbA1c,4.81,HbA1c,2014-07,%
35253821,eGFR,85.94,eGFR,2014-11,mL/min/1.73m2
8568569,HbA1c,4.88,Glycated haemoglobin,2016-01,%
9282512,SBP,122.67,SBP,2014-06,mmHg
36666317,HbA1c,4.41,Glycated haemoglobin,2013-07,%
18645416,eGFR,79.5,Estimated GFR,2014-04,mL/min/1.73m2
3729944,HbA1c,43.18,Hb A1c,2016-04,mmol/mol
37023776,eGFR,82.61,eGFR,2016-10,mL/min/1.73m2
15039632,eGFR,95.92,Estimated GFR,2014-12,mL/min/1.73m2
4553741,SBP,127.73,Systolic BP,2015-06,mmHg
5298992,SBP,115.45,Systolic blood pressure,2014-06,mmHg
4212944,SBP,143.88,Systolic BP,2016-01,mmHg
27706832,HbA1c,4.59,Glycated haemoglobin,2013-07,%
35274392,HbA1c,4.67,Glycated haemoglobin,2014-06,%
5322941,eGFR,88.96,LOINC: 33914-3,2012-06,mL/min/1.73m2
20656397,SBP,124.52,Systolic BP,2013-09,mmHg
39945872,SBP,116.42,SBP,2014-07,mmHg
33127256,HbA1c,3.65,HbA1c,2014-05,%
5371001,HbA1c,5.63,Hb A1c,2015-04,%
3709901,HbA1c,5.76,Glycated haemoglobin,2012-02,%
26445152,HbA1c,3.82,Glycated haemoglobin,2012-12,%
46405736,eGFR,88.7,LOINC: 33914-3,2013-05,mL/min/1.73m2
3066632,HbA1c,4.71,HbA1c,2014-10,%
53805944,SBP,142.78,SBP,2012-01,mmHg
38363597,HbA1c,37.62,Hb A1c,2012-07,mmol/mol
2736344,HbA1c,4.53,Hb A1c,2012-10,%
554969,eGFR,81.04,LOINC: 33914-3,2013-01,mL/min/1.73m2
42797456,HbA1c,4.39,Hb A1c,2012-03,%
33107321,SBP,112.32,Systolic blood pressure,2012-04,mmHg
17265872,SBP,127.43,Systolic BP,2015-06,mmHg
42322877,HbA1c,4.64,HbA1c,2013-04,%
7689872,HbA1c,4.43,Hb A1c,2014-06,%
67687769,SBP,115.07,Systolic blood pressure,2016-07,mmHg
836621,eGFR,92.58,Estimated GFR,2016-12,mL/min/1.73m2
9398969,HbA1c,5.57,Glycated haemoglobin,2013-08,%
19584344,HbA1c,5.92,Glycated haemoglobin,2012-05,%
27652157,SBP,137.84,Systolic BP,2013-10,mmHg
45070397,SBP,104.85,Systolic blood pressure,2013-08,mmHg
53147312,eGFR,90.46,eGFR,2013-04,mL/min/1.73m2
1839536,HbA1c,5.06,Hb A1c,2012-05,%
56039321,eGFR,86.15,LOINC: 33914-3,2013-08,mL/min/1.73m2
70800761,SBP,121.36,Systolic BP,2015-05,mmHg
47402144,HbA1c,5.23,HbA1c,2016-11,%
61698944,eGFR,77.6,Estimated GFR,2016-11,mL/min/1.73m2
235469,SBP,110.63,SBP,2016-03,mmHg
73240712,HbA1c,5.41,Glycated haemoglobin,2012-08,%
1101977,HbA1c,4.9,Hb A1c,2013-06,%
29128637,HbA1c,5.04,HbA1c,2013-02,%
54852797,HbA1c,5.26,HbA1c,2012-01,%
16539581,SBP,131.22,SBP,2013-05,mmHg
22869632,SBP,119.48,SBP,2012-05,mmHg
65063216,HbA1c,4.73,Glycated haemoglobin,2014-11,%
21467144,eGFR,89.98,LOINC: 33914-3,2013-01,mL/min/1.73m2
49597337,eGFR,83.52,eGFR,2013-12,mL/min/1.73m2
44675912,HbA1c,4.28,Glycated haemoglobin,2015-04,%
41604797,SBP,133.94,Systolic blood pressure,2016-04,mmHg
31902632,eGFR,83.54,eGFR,2013-01,mL/min/1.73m2
1172144,eGFR,89.74,LOINC: 33914-3,2015-05,mL/min/1.73m2
5125016,SBP,140.22,Systolic BP,2013-06,mmHg
189272,HbA1c,4.68,Glycated haemoglobin,2015-08,%
71472752,eGFR,88.33,Estimated GFR,2016-08,mL/min/1.73m2
7536944,SBP,127.1,Systolic BP,2012-04,mmHg
3232601,eGFR,88.26,LOINC: 33914-3,2016-01,mL/min/1.73m2
11267801,eGFR,83.26,eGFR,2013-08,mL/min/1.73m2
54570944,HbA1c,5.1,Glycated haemoglobin,2015-03,%
16907897,eGFR,80.31,LOINC: 33914-3,2015-06,mL/min/1.73m2
16666616,SBP,123.29,SBP,2013-11,mmHg
24487616,eGFR,85.84,eGFR,2016-05,mL/min/1.73m2
12966992,SBP,168.22,Systolic blood pressure,2012-05,mmHg
3960872,HbA1c,20.47,Glycated haemoglobin,2014-12,mmol/mol
31941776,SBP,133.46,SBP,2013-04,mmHg
44444672,eGFR,87.25,LOINC: 33914-3,2014-04,mL/min/1.73m2
70044941,eGFR,90.81,eGFR,2015-02,mL/min/1.73m2
3182969,HbA1c,5.37,HbA1c,2012-03,%
26730944,SBP,99.45,Systolic blood pressure,2016-09,mmHg
2730617,HbA1c,4.09,Hb A1c,2013-05,%
72530936,eGFR,92.54,LOINC: 33914-3,2016-03,mL/min/1.73m2
1244477,HbA1c,5.06,Glycated haemoglobin,2014-03,%
34354637,SBP,123.11,SBP,2014-11,mmHg
170201,HbA1c,5.25,Glycated haemoglobin,2013-02,%
14362301,HbA1c,5.56,HbA1c,2012-10,%
63784232,HbA1c,4.34,Hb A1c,2016-10,%
33667769,SBP,143.0,Systolic blood pressure,2012-12,mmHg
201512,HbA1c,4.67,HbA1c,2012-03,%
23002352,SBP,121.23,Systolic blood pressure,2013-03,mmHg
62107769,HbA1c,5.13,Glycated haemoglobin,2014-02,%
20000441,eGFR,90.08,eGFR,2016-01,mL/min/1.73m2
32531816,SBP,137.44,Systolic blood pressure,2012-11,mmHg
39858344,eGFR,87.06,LOINC: 33914-3,2013-02,mL/min/1.73m2
21499256,eGFR,89.34,Estimated GFR,2016-06,mL/min/1.73m2
68602841,HbA1c,4.83,HbA1c,2015-01,%
23553881,SBP,130.16,Systolic blood pressure,2014-05,mmHg
59407769,eGFR,84.2,eGFR,2014-02,mL/min/1.73m2
27834617,HbA1c,4.97,Glycated haemoglobin,2013-04,%
1988057,HbA1c,4.54,Hb A1c,2015-02,%
31570877,HbA1c,3.88,Hb A1c,2012-10,%
9367136,SBP,149.51,Systolic BP,2013-10,mmHg
7980752,eGFR,88.67,Estimated GFR,2016-02,mL/min/1.73m2
47904317,HbA1c,4.7,Glycated haemoglobin,2013-04,%
27889472,SBP,138.9,Systolic BP,2012-06,mmHg
7961192,HbA1c,4.46,HbA1c,2013-09,%
4465469,HbA1c,5.5,Glycated haemoglobin,2012-05,%
9850301,HbA1c,5.22,HbA1c,2013-09,%
50898752,eGFR,93.12,eGFR,2012-05,mL/min/1.73m2
3245069,SBP,148.79,SBP,2015-05,mmHg
5459672,eGFR,82.42,LOINC: 33914-3,2014-08,mL/min/1.73m2
74550944,eGFR,104.1,eGFR,2014-11,mL/min/1.73m2
187769,eGFR,86.97,eGFR,2015-04,mL/min/1.73m2
26695136,HbA1c,4.52,Hb A1c,2012-07,%
30165992,SBP,119.75,SBP,2012-02,mmHg
502112,eGFR,90.01,eGFR,2014-06,mL/min/1.73m2
50209112,SBP,121.07,Systolic blood pressure,2013-08,mmHg
52819517,SBP,127.01,SBP,2015-02,mmHg
4838969,SBP,133.05,Systolic blood pressure,2012-06,mmHg
13945277,HbA1c,5.22,Hb A1c,2015-11,%
196877,eGFR,96.07,LOINC: 33914-3,2013-10,mL/min/1.73m2
6995456,HbA1c,5.42,HbA1c,2015-08,%
54622136,SBP,129.08,Systolic BP,2012-06,mmHg
4428944,HbA1c,3.84,Glycated haemoglobin,2012-05,%
1988057,SBP,127.44,SBP,2015-03,mmHg
31028237,SBP,152.01,SBP,2015-07,mmHg
4984832,SBP,123.11,SBP,2013-06,mmHg
66383117,HbA1c,3.23,Hb A1c,2016-10,%
668621,HbA1c,3.54,Hb A1c,2016-01,%
15174272,SBP,115.03,Systolic blood pressure,2016-07,mmHg
17993072,SBP,120.91,Systolic BP,2016-12,mmHg
6867776,eGFR,75.17,eGFR,2012-07,mL/min/1.73m2
30242144,eGFR,85.88,eGFR,2012-05,mL/min/1.73m2
17949017,eGFR,80.63,LOINC: 33914-3,2013-06,mL/min/1.73m2
21354941,eGFR,87.91,eGFR,2016-12,mL/min/1.73m2
24728192,SBP,132.97,Systolic BP,2015-08,mmHg
1529657,SBP,136.83,Systolic BP,2016-12,mmHg
46122992,HbA1c,4.88,Hb A1c,2012-12,%
5330936,eGFR,83.92,LOINC: 33914-3,2016-09,mL/min/1.73m2
685721,SBP,138.08,Systolic BP,2012-11,mmHg
8927144,eGFR,86.59,eGFR,2014-10,mL/min/1.73m2
33667769,eGFR,93.93,eGFR,2016-08,mL/min/1.73m2
72974141,HbA1c,5.94,Hb A1c,2012-10,%
6491792,HbA1c,4.88,Glycated haemoglobin,2013-02,%
22770344,SBP,120.17,Systolic blood pressure,2014-06,mmHg
5964569,eGFR,84.23,Estimated GFR,2016-08,mL/min/1.73m2
3703232,eGFR,90.93,LOINC: 33914-3,2012-01,mL/min/1.73m2
694352,eGFR,65.08,Estimated GFR,2015-03,mL/min/1.73m2
23052221,SBP,106.57,Systolic blood pressure,2013-02,mmHg
58609469,HbA1c,5.88,Hb A1c,2014-07,%
68660237,SBP,130.02,Systolic blood pressure,2014-09,mmHg
61183037,eGFR,91.22,Estimated GFR,2016-06,mL/min/1.73m2
57763901,SBP,119.42,Systolic BP,2012-01,mmHg
7498952,eGFR,90.53,LOINC: 33914-3,2014-02,mL/min/1.73m2
59996621,SBP,122.52,Systolic BP,2015-09,mmHg
8844536,eGFR,71.68,LOINC: 33914-3,2014-04,mL/min/1.73m2
15363776,eGFR,81.27,Estimated GFR,2015-06,mL/min/1.73m2
33467069,SBP,116.41,SBP,2013-01,mmHg
7555976,eGFR,80.41,Estimated GFR,2016-07,mL/min/1.73m2
42774797,eGFR,64.89,Estimated GFR,2016-11,mL/min/1.73m2
11489816,eGFR,93.21,eGFR,2014-10,mL/min/1.73m2
7546457,HbA1c,4.67,Glycated haemoglobin,2014-12,%
49792697,SBP,109.69,Systolic BP,2013-05,mmHg
63784232,eGFR,84.37,Estimated GFR,2015-06,mL/min/1.73m2
33909401,HbA1c,4.82,Glycated haemoglobin,2014-12,%
6795344,eGFR,74.21,LOINC: 33914-3,2016-10,mL/min/1.73m2
26054696,SBP,138.87,Systolic blood pressure,2012-02,mmHg
10580921,HbA1c,7.95,Hb A1c,2016-01,%
60534461,eGFR,81.49,Estimated GFR,2015-04,mL/min/1.73m2
76112,HbA1c,5.94,HbA1c,2016-06,%
66872,SBP,121.93,SBP,2013-12,mmHg
440336,eGFR,86.9,eGFR,2012-12,mL/min/1.73m2
18140312,HbA1c,4.21,HbA1c,2014-07,%
32314841,SBP,114.33,Systolic blood pressure,2015-05,mmHg
30566861,SBP,123.13,Systolic blood pressure,2014-05,mmHg
30835577,SBP,108.82,Systolic BP,2014-09,mmHg
25684697,HbA1c,5.05,Hb A1c,2015-06,%
55032536,SBP,131.67,Systolic blood pressure,2015-04,mmHg
51991976,SBP,114.92,Systolic blood pressure,2014-05,mmHg
33647672,eGFR,81.4,eGFR,2014-03,mL/min/1.73m2
1098344,SBP,116.94,Systolic BP,2015-12,mmHg
8700896,HbA1c,5.19,HbA1c,2015-12,%
34354637,eGFR,83.67,Estimated GFR,2015-05,mL/min/1.73m2
60507512,SBP,129.18,Systolic blood pressure,2014-04,mmHg
1367144,SBP,131.71,SBP,2013-05,mmHg
1311032,SBP,126.72,SBP,2015-07,mmHg
69466301,SBP,166.93,SBP,2012-02,mmHg
256061,eGFR,88.1,LOINC: 33914-3,2016-04,mL/min/1.73m2
42255296,SBP,136.84,SBP,2015-02,mmHg
9124877,eGFR,82.62,LOINC: 33914-3,2012-12,mL/min/1.73m2
26777,HbA1c,5.68,Hb A1c,2015-04,%
34782344,HbA1c,5.15,Glycated haemoglobin,2015-03,%
20233496,eGFR,86.16,Estimated GFR,2012-06,mL/min/1.73m2
16893656,eGFR,85.86,Estimated GFR,2013-10,mL/min/1.73m2
70422344,SBP,116.88,SBP,2012-02,mmHg
3121469,eGFR,98.72,LOINC: 33914-3,2016-08,mL/min/1.73m2
23152121,SBP,130.57,Systolic blood pressure,2015-09,mmHg
21821696,SBP,116.08,Systolic BP,2015-07,mmHg
46642016,eGFR,84.14,LOINC: 33914-3,2012-11,mL/min/1.73m2
461261,eGFR,85.13,LOINC: 33914-3,2016-11,mL/min/1.73m2
8088761,HbA1c,4.52,HbA1c,2013-05,%
2651069,HbA1c,4.5,Hb A1c,2012-03,%
54647741,SBP,133.92,Systolic BP,2014-04,mmHg
66892121,eGFR,84.19,eGFR,2016-07,mL/min/1.73m2
55367117,SBP,120.67,SBP,2015-04,mmHg
39248336,HbA1c,7.17,HbA1c,2016-02,%
46452944,eGFR,87.62,eGFR,2016-08,mL/min/1.73m2
65426969,eGFR,87.67,eGFR,2014-08,mL/min/1.73m2
59621561,HbA1c,4.87,Hb A1c,2013-10,%
9580376,SBP,143.49,Systolic BP,2013-12,mmHg
59782157,eGFR,77.12,LOINC: 33914-3,2016-06,mL/min/1.73m2
974969,eGFR,88.75,LOINC: 33914-3,2014-03,mL/min/1.73m2
42480776,SBP,154.58,Systolic blood pressure,2014-04,mmHg
575801,HbA1c,23.51,HbA1c,2014-05,mmol/mol
61210136,HbA1c,3.73,Hb A1c,2016-03,%
4838969,eGFR,91.91,eGFR,2012-06,mL/min/1.73m2
67118969,HbA1c,4.04,Hb A1c,2015-07,%
13407257,eGFR,99.39,Estimated GFR,2015-09,mL/min/1.73m2
38277821,HbA1c,5.27,Hb A1c,2016-04,%
14454344,HbA1c,4.59,HbA1c,2016-06,%
70975757,eGFR,87.56,Estimated GFR,2013-09,mL/min/1.73m2
18056,eGFR,72.66,LOINC: 33914-3,2012-12,mL/min/1.73m2
17208344,SBP,123.85,Systolic BP,2012-12,mmHg
18992,HbA1c,5.62,HbA1c,2012-03,%
6527144,HbA1c,4.08,HbA1c,2014-06,%
43754552,eGFR,84.9,Estimated GFR,2013-06,mL/min/1.73m2
23772944,SBP,118.78,Systolic blood pressure,2013-01,mmHg
21099581,HbA1c,5.12,Hb A1c,2014-12,%
4284344,HbA1c,4.7,Glycated haemoglobin,2014-12,%
1825469,eGFR,86.21,Estimated GFR,2013-11,mL/min/1.73m2
57658637,HbA1c,4.92,Glycated haemoglobin,2014-01,%
5172176,SBP,143.77,SBP,2013-02,mmHg
40637,HbA1c,4.15,Glycated haemoglobin,2015-07,%
16624217,eGFR,85.82,eGFR,2014-10,mL/min/1.73m2
1669817,eGFR,83.2,LOINC: 33914-3,2014-09,mL/min/1.73m2
2611736,HbA1c,7.3,HbA1c,2012-11,%
40209032,HbA1c,4.88,Glycated haemoglobin,2016-01,%
10716569,HbA1c,5.36,Hb A1c,2016-06,%
11844776,eGFR,94.22,eGFR,2013-06,mL/min/1.73m2
60507512,HbA1c,6.71,Hb A1c,2012-01,%
16779944,eGFR,74.21,eGFR,2013-12,mL/min/1.73m2
28459469,HbA1c,6.82,HbA1c,2016-11,%
36289721,SBP,112.98,Systolic BP,2015-08,mmHg
36981632,SBP,102.19,SBP,2012-09,mmHg
25456976,eGFR,89.13,eGFR,2015-09,mL/min/1.73m2
72383501,SBP,126.38,Systolic blood pressure,2012-11,mmHg
41828537,eGFR,83.59,eGFR,2015-06,mL/min/1.73m2
4732877,HbA1c,3.95,Hb A1c,2015-05,%
7217072,SBP,131.95,Systolic BP,2013-02,mmHg
11761469,eGFR,95.58,Estimated GFR,2014-09,mL/min/1.73m2
3295181,SBP,134.42,Systolic blood pressure,2016-02,mmHg
5630969,SBP,99.41,Systolic BP,2013-07,mmHg
6360077,SBP,109.27,Systolic BP,2012-11,mmHg
3663344,SBP,133.44,Systolic blood pressure,2014-08,mmHg
66835469,HbA1c,4.08,Hb A1c,2014-08,%
39705401,SBP,110.02,Systolic blood pressure,2016-03,mmHg
67118969,SBP,116.14,Systolic blood pressure,2012-11,mmHg
8118344,HbA1c,6.32,HbA1c,2013-12,%
8813657,eGFR,79.38,Estimated GFR,2012-04,mL/min/1.73m2
39183257,HbA1c,5.59,Hb A1c,2013-11,%
2355257,eGFR,98.13,Estimated GFR,2016-10,mL/min/1.73m2
14061944,SBP,120.94,Systolic BP,2016-02,mmHg
71092541,HbA1c,4.7,Glycated haemoglobin,2016-03,%
45513344,SBP,134.06,Systolic BP,2012-11,mmHg
31961357,eGFR,84.64,Estimated GFR,2014-03,mL/min/1.73m2
16723232,eGFR,89.52,Estimated GFR,2014-04,mL/min/1.73m2
28293392,SBP,130.7,Systolic blood pressure,2016-10,mmHg
17122232,SBP,109.49,Systolic BP,2012-03,mmHg
62080472,eGFR,81.36,LOINC: 33914-3,2014-04,mL/min/1.73m2
1572797,HbA1c,4.57,Glycated haemoglobin,2016-10,%
19661069,SBP,105.4,Systolic BP,2013-07,mmHg
30490301,HbA1c,5.69,Glycated haemoglobin,2015-11,%
8782832,SBP,139.26,Systolic blood pressure,2012-03,mmHg
15039632,HbA1c,4.82,HbA1c,2013-05,%
6544856,SBP,122.88,Systolic BP,2015-02,mmHg
37065944,eGFR,78.9,eGFR,2016-09,mL/min/1.73m2
16539581,eGFR,76.8,Estimated GFR,2015-08,mL/min/1.73m2
38492441,SBP,119.78,Systolic BP,2016-04,mmHg
32848712,HbA1c,5.33,Hb A1c,2016-09,%
22260797,eGFR,86.18,eGFR,2016-11,mL/min/1.73m2
25984016,HbA1c,4.67,Glycated haemoglobin,2012-04,%
30070937,eGFR,87.95,eGFR,2012-10,mL/min/1.73m2
71209421,SBP,146.92,SBP,2015-08,mmHg
47449856,SBP,107.37,Systolic blood pressure,2016-10,mmHg
66439577,SBP,126.38,Systolic blood pressure,2012-01,mmHg
16175321,eGFR,91.25,LOINC: 33914-3,2012-10,mL/min/1.73m2
1625357,SBP,140.7,Systolic BP,2012-03,mmHg
70946576,HbA1c,5.16,HbA1c,2014-08,%
43754552,HbA1c,4.68,Hb A1c,2015-09,%
51319757,eGFR,81.68,LOINC: 33914-3,2014-07,mL/min/1.73m2
39944,SBP,143.48,Systolic BP,2013-12,mmHg
28848872,HbA1c,4.98,Glycated haemoglobin,2015-03,%
28941977,eGFR,86.42,eGFR,2014-04,mL/min/1.73m2
18214157,HbA1c,4.15,Hb A1c,2016-08,%
43469,eGFR,86.56,Estimated GFR,2016-07,mL/min/1.73m2
27144461,eGFR,89.84,Estimated GFR,2015-12,mL/min/1.73m2
26874416,eGFR,80.99,Estimated GFR,2013-03,mL/min/1.73m2
71180192,eGFR,81.49,eGFR,2014-07,mL/min/1.73m2
35027936,HbA1c,5.35,HbA1c,2014-03,%
31843961,SBP,144.87,Systolic BP,2016-02,mmHg
16231097,eGFR,91.13,Estimated GFR,2014-05,mL/min/1.73m2
7217072,eGFR,82.94,eGFR,2016-10,mL/min/1.73m2
61726157,SBP,109.49,Systolic blood pressure,2014-07,mmHg
20441,SBP,153.15,Systolic BP,2016-10,mmHg
288569,SBP,127.51,Systolic blood pressure,2014-09,mmHg
15691376,eGFR,79.41,LOINC: 33914-3,2014-11,mL/min/1.73m2
30432944,HbA1c,5.83,Hb A1c,2012-09,%
3295181,eGFR,84.18,eGFR,2012-07,mL/min/1.73m2
23402816,HbA1c,4.76,Hb A1c,2014-10,%
60238352,eGFR,90.92,eGFR,2014-08,mL/min/1.73m2
4823741,eGFR,92.99,LOINC: 33914-3,2014-09,mL/min/1.73m2
7310432,SBP,117.75,Systolic BP,2016-07,mmHg
16314941,SBP,107.07,SBP,2012-04,mmHg
1271672,HbA1c,5.53,Glycated haemoglobin,2013-05,%
48843944,SBP,133.91,SBP,2016-04,mmHg
19492472,SBP,151.6,SBP,2016-05,mmHg
470717,HbA1c,4.42,Glycated haemoglobin,2016-05,%
4092941,HbA1c,5.29,Hb A1c,2014-08,%
53476121,HbA1c,5.2,Glycated haemoglobin,2012-02,%
4977101,eGFR,96.4,Estimated GFR,2012-12,mL/min/1.73m2
6705344,SBP,139.9,SBP,2014-11,mmHg
2887352,eGFR,80.03,eGFR,2013-05,mL/min/1.73m2
35274392,SBP,115.67,SBP,2015-11,mmHg
42165272,HbA1c,4.2,Hb A1c,2012-11,%
53831357,SBP,97.39,SBP,2015-02,mmHg
33728096,eGFR,85.29,LOINC: 33914-3,2015-12,mL/min/1.73m2
4884797,eGFR,81.03,LOINC: 33914-3,2013-11,mL/min/1.73m2
23993021,HbA1c,23.73,Hb A1c,2013-07,mmol/mol
2922776,HbA1c,6.1,Glycated haemoglobin,2014-03,%
1755944,SBP,142.12,Systolic blood pressure,2016-05,mmHg
132569,eGFR,72.84,eGFR,2012-01,mL/min/1.73m2
29484944,SBP,95.55,SBP,2012-05,mmHg
846152,eGFR,86.99,LOINC: 33914-3,2016-07,mL/min/1.73m2
10412576,SBP,154.27,SBP,2015-05,mmHg
811469,eGFR,89.26,Estimated GFR,2014-07,mL/min/1.73m2
7087376,HbA1c,3.66,Hb A1c,2013-10,%
72324569,HbA1c,4.52,Hb A1c,2012-02,%
18675344,HbA1c,7.83,Glycated haemoglobin,2013-03,%
7922144,HbA1c,4.69,Hb A1c,2014-11,%
64477757,eGFR,75.06,Estimated GFR,2015-02,mL/min/1.73m2
5721752,HbA1c,4.63,Glycated haemoglobin,2015-09,%
148121,HbA1c,6.26,Hb A1c,2012-01,%
16413032,SBP,114.25,Systolic blood pressure,2013-06,mmHg
2916857,HbA1c,4.43,Hb A1c,2012-01,%
13458041,HbA1c,7.01,Hb A1c,2015-09,%
7594112,eGFR,81.36,LOINC: 33914-3,2013-12,mL/min/1.73m2
3189152,SBP,145.84,Systolic BP,2016-10,mmHg
51195752,HbA1c,6.26,Hb A1c,2013-05,%
14141,eGFR,83.68,Estimated GFR,2012-08,mL/min/1.73m2
613181,SBP,149.24,SBP,2014-11,mmHg
2265752,SBP,132.16,Systolic blood pressure,2013-07,mmHg
41537792,SBP,122.79,Systolic blood pressure,2013-10,mmHg
146792,SBP,121.04,SBP,2016-08,mmHg
33647672,SBP,137.68,Systolic BP,2015-05,mmHg
2360576,SBP,127.42,SBP,2015-01,mmHg
720569,HbA1c,5.42,Hb A1c,2012-06,%
5754944,eGFR,86.71,Estimated GFR,2012-04,mL/min/1.73m2
5964569,SBP,119.06,Systolic blood pressure,2016-03,mmHg
7161344,SBP,125.84,Systolic blood pressure,2015-11,mmHg
9655577,eGFR,91.12,Estimated GFR,2014-10,mL/min/1.73m2
49743821,SBP,131.66,Systolic blood pressure,2013-05,mmHg
36876377,SBP,128.4,Systolic BP,2013-01,mmHg
13004441,eGFR,89.98,Estimated GFR,2015-09,mL/min/1.73m2
1033976,HbA1c,3.86,Hb A1c,2013-12,%
336944,SBP,105.79,SBP,2016-03,mmHg
23102144,HbA1c,6.55,Hb A1c,2016-04,%
79001,HbA1c,5.17,HbA1c,2014-10,%
71648576,eGFR,79.25,Estimated GFR,2016-09,mL/min/1.73m2
55832057,HbA1c,4.26,Glycated haemoglobin,2015-02,%
44930969,eGFR,81.8,eGFR,2014-01,mL/min/1.73m2
29635616,HbA1c,6.51,Glycated haemoglobin,2015-05,%
6482969,SBP,109.49,Systolic BP,2013-09,mmHg
1696781,eGFR,83.71,eGFR,2012-10,mL/min/1.73m2
5078072,SBP,139.2,Systolic blood pressure,2016-04,mmHg
33788477,HbA1c,4.59,HbA1c,2016-01,%
924344,HbA1c,5.21,Hb A1c,2015-11,%
59969792,eGFR,69.08,LOINC: 33914-3,2016-08,mL/min/1.73m2
3558032,HbA1c,5.13,Glycated haemoglobin,2016-06,%
26107769,HbA1c,4.82,Glycated haemoglobin,2012-11,%
15513497,SBP,122.75,Systolic blood pressure,2014-12,mmHg
5981501,SBP,136.15,Systolic BP,2013-03,mmHg
52920269,HbA1c,6.54,Glycated haemoglobin,2015-12,%
60184592,eGFR,79.06,LOINC: 33914-3,2015-02,mL/min/1.73m2
1142336,SBP,126.78,Systolic BP,2012-11,mmHg
207776,HbA1c,5.25,HbA1c,2014-03,%
74281997,HbA1c,4.46,HbA1c,2014-07,%
25491944,SBP,146.78,Systolic BP,2013-05,mmHg
70917401,SBP,132.35,Systolic blood pressure,2014-10,mmHg
2528441,SBP,142.65,Systolic blood pressure,2013-09,mmHg
5195837,SBP,105.92,SBP,2013-06,mmHg
12289997,SBP,112.1,SBP,2013-04,mmHg
67830344,HbA1c,45.43,HbA1c,2014-02,mmol/mol
11256176,eGFR,79.15,Estimated GFR,2013-09,mL/min/1.73m2
17554952,HbA1c,5.52,HbA1c,2014-11,%
4009277,HbA1c,5.24,HbA1c,2012-12,%
14586344,eGFR,87.53,eGFR,2014-05,mL/min/1.73m2
3885401,HbA1c,4.44,Hb A1c,2015-02,%
29147336,SBP,126.84,SBP,2016-09,mmHg
56039321,HbA1c,5.21,HbA1c,2013-07,%
6325181,eGFR,78.8,eGFR,2016-02,mL/min/1.73m2
68545469,eGFR,93.58,Estimated GFR,2016-06,mL/min/1.73m2
855737,eGFR,85.15,eGFR,2015-07,mL/min/1.73m2
50381081,HbA1c,19.88,Hb A1c,2014-07,mmol/mol
4938536,eGFR,77.61,Estimated GFR,2014-04,mL/min/1.73m2
26730944,eGFR,95.69,LOINC: 33914-3,2012-04,mL/min/1.73m2
45864569,eGFR,93.21,LOINC: 33914-3,2016-02,mL/min/1.73m2
4665296,HbA1c,4.4,Hb A1c,2012-10,%
64561232,SBP,116.97,Systolic BP,2014-11,mmHg
512,SBP,120.35,Systolic BP,2014-01,mmHg
2719181,HbA1c,5.43,Hb A1c,2014-02,%
64784096,SBP,130.88,Systolic blood pressure,2012-07,mmHg
1355021,SBP,120.71,Systolic BP,2013-09,mmHg
67915961,HbA1c,4.17,HbA1c,2016-10,%
8167769,HbA1c,4.92,Glycated haemoglobin,2016-05,%
36939512,SBP,172.72,Systolic blood pressure,2014-03,mmHg
39967769,HbA1c,5.48,Hb A1c,2015-12,%
5492096,HbA1c,5.22,HbA1c,2013-06,%
2127161,HbA1c,6.14,Hb A1c,2012-12,%
941069,HbA1c,7.08,Hb A1c,2013-07,%
17050637,eGFR,95.67,eGFR,2012-05,mL/min/1.73m2
35027936,SBP,122.94,Systolic blood pressure,2015-06,mmHg
14100941,HbA1c,4.48,Glycated haemoglobin,2016-10,%
56481032,eGFR,86.96,eGFR,2013-09,mL/min/1.73m2
442637,SBP,111.72,Systolic blood pressure,2012-07,mmHg
3383801,SBP,143.21,Systolic blood pressure,2012-05,mmHg
47736632,eGFR,77.65,Estimated GFR,2012-10,mL/min/1.73m2
69929021,eGFR,83.07,eGFR,2016-04,mL/min/1.73m2
24521912,SBP,119.21,Systolic blood pressure,2016-04,mmHg
1387469,SBP,133.97,SBP,2013-03,mmHg
981821,eGFR,88.06,LOINC: 33914-3,2016-09,mL/min/1.73m2
27907769,HbA1c,4.67,Glycated haemoglobin,2012-03,%
4135097,eGFR,84.92,eGFR,2014-05,mL/min/1.73m2
19876697,SBP,155.2,SBP,2015-11,mmHg
71619257,eGFR,82.0,Estimated GFR,2013-06,mL/min/1.73m2
74640701,eGFR,84.89,eGFR,2014-12,mL/min/1.73m2
71238656,SBP,123.32,SBP,2016-11,mmHg
8118344,eGFR,80.91,LOINC: 33914-3,2012-06,mL/min/1.73m2
42684221,HbA1c,4.64,Hb A1c,2013-12,%
57711257,SBP,138.54,SBP,2014-06,mmHg
14010032,eGFR,89.96,LOINC: 33914-3,2016-07,mL/min/1.73m2
26125472,HbA1c,4.49,HbA1c,2014-05,%
2360576,HbA1c,4.16,Hb A1c,2012-08,%
1882061,SBP,138.49,Systolic BP,2015-05,mmHg
8588861,SBP,144.71,Systolic blood pressure,2016-02,mmHg
3776921,SBP,120.54,SBP,2012-01,mmHg
22244456,SBP,117.42,Systolic blood pressure,2014-08,mmHg
41560121,SBP,118.57,Systolic blood pressure,2015-12,mmHg
3133721,eGFR,88.19,Estimated GFR,2012-02,mL/min/1.73m2
3544976,SBP,116.75,SBP,2016-08,mmHg
7179896,SBP,145.43,Systolic blood pressure,2016-04,mmHg
7032152,HbA1c,5.68,Hb A1c,2012-03,%
19446617,HbA1c,5.05,HbA1c,2012-07,%
101837,SBP,119.75,Systolic blood pressure,2014-08,mmHg
18466352,HbA1c,4.48,Hb A1c,2015-07,%
32809016,HbA1c,4.46,HbA1c,2015-08,%
66411344,HbA1c,33.68,Glycated haemoglobin,2016-12,mmol/mol
11070992,SBP,148.85,SBP,2012-12,mmHg
9452144,eGFR,82.42,eGFR,2014-07,mL/min/1.73m2
28146176,HbA1c,4.56,Hb A1c,2012-07,%
39836477,eGFR,84.25,LOINC: 33914-3,2015-07,mL/min/1.73m2
33107321,HbA1c,4.29,Hb A1c,2012-11,%
39291752,HbA1c,6.03,Glycated haemoglobin,2016-08,%
10468541,eGFR,79.41,LOINC: 33914-3,2016-08,mL/min/1.73m2
9017,SBP,134.6,Systolic BP,2013-05,mmHg
8069069,eGFR,84.51,eGFR,2015-04,mL/min/1.73m2
23959097,HbA1c,4.95,Hb A1c,2015-09,%
42888152,HbA1c,5.32,HbA1c,2015-03,%
1877312,HbA1c,6.62,HbA1c,2014-04,%
20280269,HbA1c,4.87,HbA1c,2013-02,%
46028936,HbA1c,4.28,Hb A1c,2015-11,%
44352344,eGFR,88.58,Estimated GFR,2015-09,mL/min/1.73m2
57606041,SBP,125.38,SBP,2013-03,mmHg
22819961,HbA1c,4.67,HbA1c,2015-09,%
7990541,eGFR,90.54,eGFR,2013-07,mL/min/1.73m2
21821696,HbA1c,4.44,Hb A1c,2012-07,%
1065917,eGFR,90.19,Estimated GFR,2016-07,mL/min/1.73m2
61780601,HbA1c,4.72,HbA1c,2014-11,%
73418696,eGFR,92.19,Estimated GFR,2016-01,mL/min/1.73m2
1194752,SBP,139.16,SBP,2016-01,mmHg
9601832,SBP,118.54,SBP,2014-09,mmHg
64589069,HbA1c,4.86,HbA1c,2015-10,%
53096816,HbA1c,6.35,HbA1c,2015-10,%
228797,eGFR,83.8,Estimated GFR,2012-11,mL/min/1.73m2
24693752,HbA1c,7.44,Hb A1c,2013-12,%
22146536,HbA1c,4.28,HbA1c,2012-09,%
281,eGFR,76.07,LOINC: 33914-3,2015-03,mL/min/1.73m2
4334681,SBP,101.94,SBP,2012-09,mmHg
50160032,HbA1c,4.62,HbA1c,2012-07,%
11105597,HbA1c,2.3,Hb A1c,2013-06,%
2365901,SBP,100.33,Systolic BP,2012-12,mmHg
37277144,eGFR,87.67,LOINC: 33914-3,2016-03,mL/min/1.73m2
55289816,SBP,96.45,SBP,2014-04,mmHg
48000269,eGFR,87.61,Estimated GFR,2013-10,mL/min/1.73m2
80957,HbA1c,7.78,HbA1c,2012-05,%
11773352,SBP,124.87,Systolic blood pressure,2012-07,mmHg
48433241,eGFR,93.38,LOINC: 33914-3,2012-12,mL/min/1.73m2
59194361,SBP,150.67,SBP,2016-09,mmHg
26072381,eGFR,90.35,eGFR,2014-05,mL/min/1.73m2
40760057,SBP,159.18,SBP,2015-05,mmHg
53958512,HbA1c,5.61,Hb A1c,2014-08,%
21805517,eGFR,85.25,Estimated GFR,2012-09,mL/min/1.73m2
71150969,eGFR,91.99,LOINC: 33914-3,2014-11,mL/min/1.73m2
18140312,eGFR,82.27,LOINC: 33914-3,2016-06,mL/min/1.73m2
2793944,SBP,149.66,Systolic blood pressure,2013-09,mmHg
3288896,eGFR,94.62,LOINC: 33914-3,2015-05,mL/min/1.73m2
12072377,HbA1c,4.9,HbA1c,2012-06,%
38643032,eGFR,87.21,Estimated GFR,2014-09,mL/min/1.73m2
1044569,SBP,123.83,Systolic blood pressure,2014-01,mmHg
8167769,SBP,149.21,SBP,2015-04,mmHg
70131944,SBP,143.52,Systolic BP,2012-10,mmHg
13534397,HbA1c,7.07,Hb A1c,2014-07,%
2234576,SBP,128.46,SBP,2014-11,mmHg
73894376,SBP,138.99,Systolic BP,2015-06,mmHg
11337677,HbA1c,6.21,Glycated haemoglobin,2013-07,%
395576,HbA1c,3.68,Glycated haemoglobin,2014-11,%
23185469,SBP,125.32,SBP,2012-11,mmHg
3597344,SBP,116.8,Systolic BP,2016-04,mmHg
55135376,HbA1c,5.24,Glycated haemoglobin,2013-05,%
20956616,eGFR,90.97,eGFR,2015-06,mL/min/1.73m2
2250137,HbA1c,4.81,Glycated haemoglobin,2015-06,%
17309081,SBP,127.39,Systolic BP,2012-07,mmHg
17525936,SBP,99.96,Systolic BP,2014-07,mmHg
53147312,HbA1c,4.82,Hb A1c,2012-05,%
40715837,HbA1c,4.46,Glycated haemoglobin,2012-10,%
17165261,SBP,110.0,SBP,2013-11,mmHg
46052441,HbA1c,4.96,HbA1c,2015-04,%
2719181,eGFR,88.01,Estimated GFR,2012-02,mL/min/1.73m2
13205081,HbA1c,4.27,Glycated haemoglobin,2015-06,%
55599344,HbA1c,4.79,Hb A1c,2013-01,%
7115069,eGFR,77.17,eGFR,2015-04,mL/min/1.73m2
32630681,SBP,151.39,Systolic BP,2016-10,mmHg
14507072,eGFR,90.02,Estimated GFR,2014-08,mL/min/1.73m2
252569,eGFR,80.94,LOINC: 33914-3,2014-03,mL/min/1.73m2
13305977,HbA1c,4.15,Glycated haemoglobin,2012-01,%
67033856,SBP,132.16,SBP,2016-06,mmHg
8019944,HbA1c,5.1,Hb A1c,2015-11,%
6958856,eGFR,93.45,LOINC: 33914-3,2014-10,mL/min/1.73m2
34578344,HbA1c,5.47,Hb A1c,2016-08,%
21547469,eGFR,88.24,eGFR,2014-11,mL/min/1.73m2
71414192,HbA1c,6.56,Hb A1c,2016-10,%
6075056,SBP,156.01,SBP,2016-03,mmHg
17179616,SBP,105.11,Systolic blood pressure,2014-05,mmHg
17861069,HbA1c,4.32,Hb A1c,2012-08,%
12944,SBP,97.1,SBP,2014-03,mmHg
13343912,eGFR,93.58,eGFR,2014-11,mL/min/1.73m2
63756569,eGFR,83.84,eGFR,2013-09,mL/min/1.73m2
63204569,eGFR,80.89,eGFR,2015-04,mL/min/1.73m2
5132861,HbA1c,4.1,Glycated haemoglobin,2013-01,%
32551577,HbA1c,5.69,HbA1c,2015-04,%
7863752,eGFR,76.23,LOINC: 33914-3,2016-05,mL/min/1.73m2
46784072,eGFR,62.85,eGFR,2016-01,mL/min/1.73m2
36939512,eGFR,84.38,eGFR,2012-05,mL/min/1.73m2
31182797,HbA1c,3.6,HbA1c,2015-07,%
17831801,SBP,113.25,Systolic blood pressure,2013-05,mmHg
21531392,eGFR,80.9,eGFR,2016-01,mL/min/1.73m2
40340936,SBP,120.68,Systolic BP,2015-12,mmHg
21402992,SBP,98.05,Systolic blood pressure,2015-04,mmHg
11174969,HbA1c,4.26,Hb A1c,2016-07,%
827144,eGFR,89.11,eGFR,2012-11,mL/min/1.73m2
7479992,SBP,134.91,Systolic blood pressure,2015-12,mmHg
54827144,eGFR,83.53,Estimated GFR,2012-03,mL/min/1.73m2
23202152,SBP,105.35,Systolic BP,2012-08,mmHg
4800944,SBP,106.72,SBP,2012-03,mmHg
61318592,eGFR,75.41,eGFR,2015-06,mL/min/1.73m2
73864601,eGFR,87.98,LOINC: 33914-3,2016-09,mL/min/1.73m2
67973069,HbA1c,5.12,Glycated haemoglobin,2012-12,%
25790141,eGFR,86.71,LOINC: 33914-3,2012-03,mL/min/1.73m2
51867161,eGFR,94.11,LOINC: 33914-3,2016-07,mL/min/1.73m2
2645432,eGFR,82.94,LOINC: 33914-3,2016-10,mL/min/1.73m2
28348697,eGFR,84.14,Estimated GFR,2015-06,mL/min/1.73m2
247376,eGFR,90.76,LOINC: 33914-3,2013-09,mL/min/1.73m2
38042432,HbA1c,5.04,Hb A1c,2013-01,%
56924477,SBP,121.71,Systolic BP,2014-12,mmHg
26928317,eGFR,81.29,Estimated GFR,2016-11,mL/min/1.73m2
32650472,SBP,125.37,Systolic BP,2016-02,mmHg
1030457,SBP,106.17,SBP,2013-02,mmHg
34925501,HbA1c,4.43,HbA1c,2015-04,%
65679392,eGFR,90.18,eGFR,2015-08,mL/min/1.73m2
21227069,HbA1c,4.49,HbA1c,2012-01,%
56819981,SBP,117.86,Systolic blood pressure,2015-01,mmHg
20441,HbA1c,4.14,Hb A1c,2016-11,%
20750969,SBP,104.53,Systolic blood pressure,2016-09,mmHg
30269,HbA1c,4.91,Hb A1c,2016-12,%
37488944,SBP,109.29,Systolic BP,2013-01,mmHg
43092569,eGFR,87.06,Estimated GFR,2014-08,mL/min/1.73m2
21211112,HbA1c,4.42,Hb A1c,2014-09,%
52492736,SBP,146.34,Systolic blood pressure,2014-04,mmHg
7115069,SBP,140.79,SBP,2014-05,mmHg
45163469,eGFR,55.67,LOINC: 33914-3,2012-11,mL/min/1.73m2
209357,eGFR,84.83,LOINC: 33914-3,2016-02,mL/min/1.73m2
34192397,eGFR,83.47,LOINC: 33914-3,2016-09,mL/min/1.73m2
9516152,HbA1c,4.36,HbA1c,2012-02,%
34864112,HbA1c,4.85,HbA1c,2016-02,%
68001632,SBP,119.49,SBP,2016-08,mmHg
30375641,eGFR,86.74,eGFR,2014-02,mL/min/1.73m2
16161392,eGFR,84.24,Estimated GFR,2016-02,mL/min/1.73m2
20719421,SBP,116.02,SBP,2016-03,mmHg
50969,HbA1c,4.48,Hb A1c,2016-07,%
12253592,SBP,122.99,Systolic blood pressure,2015-07,mmHg
65258957,SBP,135.2,Systolic BP,2013-03,mmHg
40099277,eGFR,67.79,eGFR,2014-09,mL/min/1.73m2
1387469,HbA1c,4.6,Glycated haemoglobin,2016-03,%
70073936,eGFR,87.42,eGFR,2016-05,mL/min/1.73m2
73300016,HbA1c,4.37,HbA1c,2012-04,%
569,eGFR,82.88,eGFR,2012-04,mL/min/1.73m2
1326944,HbA1c,4.62,Hb A1c,2015-12,%
49963952,eGFR,93.52,eGFR,2015-05,mL/min/1.73m2
50504096,HbA1c,6.51,Hb A1c,2014-07,%
46287821,SBP,130.95,SBP,2015-12,mmHg
67545344,SBP,139.64,Systolic BP,2012-10,mmHg
44814944,eGFR,82.36,eGFR,2012-01,mL/min/1.73m2
10267769,eGFR,96.04,Estimated GFR,2013-07,mL/min/1.73m2
26302832,eGFR,84.66,LOINC: 33914-3,2015-12,mL/min/1.73m2
14023001,eGFR,84.93,Estimated GFR,2016-04,mL/min/1.73m2
45888032,SBP,128.21,Systolic BP,2012-12,mmHg
502112,HbA1c,4.04,HbA1c,2012-06,%
24814397,eGFR,92.55,LOINC: 33914-3,2012-06,mL/min/1.73m2
74820377,HbA1c,33.64,Hb A1c,2014-03,mmol/mol
39465656,SBP,129.9,SBP,2015-09,mmHg
2869721,eGFR,59.87,LOINC: 33914-3,2015-09,mL/min/1.73m2
30394736,HbA1c,6.47,HbA1c,2012-05,%
3736637,eGFR,79.82,LOINC: 33914-3,2015-10,mL/min/1.73m2
72501437,eGFR,96.02,LOINC: 33914-3,2012-04,mL/min/1.73m2
27597536,eGFR,84.58,Estimated GFR,2012-08,mL/min/1.73m2
232121,eGFR,88.12,Estimated GFR,2016-03,mL/min/1.73m2
63344,eGFR,77.07,eGFR,2014-06,mL/min/1.73m2
201512,SBP,122.06,Systolic blood pressure,2015-08,mmHg
41671856,SBP,119.85,Systolic BP,2015-08,mmHg
51842216,SBP,127.17,Systolic BP,2016-08,mmHg
10278872,SBP,116.06,SBP,2014-01,mmHg
71942096,HbA1c,33.86,HbA1c,2013-10,mmol/mol
4436237,SBP,122.63,Systolic blood pressure,2013-02,mmHg
44029952,HbA1c,6.3,Hb A1c,2015-06,%
11478077,SBP,138.62,SBP,2013-04,mmHg
22671272,HbA1c,7.63,HbA1c,2013-07,%
52217021,eGFR,89.02,Estimated GFR,2014-01,mL/min/1.73m2
39770912,eGFR,84.82,eGFR,2014-12,mL/min/1.73m2
34986944,SBP,123.5,SBP,2012-10,mmHg
47092601,HbA1c,4.16,Glycated haemoglobin,2014-08,%
42729497,SBP,135.4,Systolic BP,2016-10,mmHg
3817421,SBP,101.17,Systolic BP,2016-05,mmHg
20389616,SBP,105.0,Systolic blood pressure,2015-06,mmHg
8326937,SBP,160.73,SBP,2012-12,mmHg
11513312,SBP,136.1,Systolic BP,2013-12,mmHg
27542969,SBP,114.62,SBP,2012-07,mmHg
58238777,HbA1c,19.97,Glycated haemoglobin,2015-07,mmol/mol
41627144,SBP,123.54,SBP,2012-11,mmHg
37978361,eGFR,87.86,LOINC: 33914-3,2012-09,mL/min/1.73m2
20000441,HbA1c,4.87,HbA1c,2012-01,%
24607757,HbA1c,6.59,Hb A1c,2013-04,%
18169832,SBP,143.0,Systolic blood pressure,2013-02,mmHg
2255336,eGFR,84.74,eGFR,2015-04,mL/min/1.73m2
73122176,HbA1c,4.58,Glycated haemoglobin,2012-12,%
19969469,SBP,145.54,Systolic BP,2012-07,mmHg
6732281,eGFR,94.61,Estimated GFR,2016-08,mL/min/1.73m2
365672,HbA1c,4.7,Hb A1c,2015-12,%
41225816,SBP,129.48,Systolic blood pressure,2014-05,mmHg
24624944,SBP,124.56,Systolic BP,2015-08,mmHg
823997,SBP,150.42,Systolic BP,2013-05,mmHg
2828792,HbA1c,8.12,HbA1c,2013-09,%
3617081,SBP,143.11,Systolic BP,2015-11,mmHg
369872,eGFR,83.01,Estimated GFR,2013-03,mL/min/1.73m2
68373497,SBP,119.01,Systolic blood pressure,2012-04,mmHg
8010137,eGFR,87.5,eGFR,2016-03,mL/min/1.73m2
833456,eGFR,75.37,Estimated GFR,2014-06,mL/min/1.73m2
44606477,HbA1c,4.44,HbA1c,2013-09,%
64672616,HbA1c,4.71,Hb A1c,2012-08,%
6212432,eGFR,76.06,eGFR,2012-05,mL/min/1.73m2
29240921,eGFR,84.99,Estimated GFR,2016-11,mL/min/1.73m2
4191641,eGFR,88.32,Estimated GFR,2016-06,mL/min/1.73m2
34496912,HbA1c,4.47,Glycated haemoglobin,2016-11,%
35728472,eGFR,78.2,Estimated GFR,2015-02,mL/min/1.73m2
6958856,HbA1c,4.92,Hb A1c,2016-01,%
73537472,SBP,88.91,Systolic BP,2014-06,mmHg
54750221,HbA1c,4.92,Hb A1c,2016-09,%
36876377,HbA1c,5.15,Glycated haemoglobin,2014-12,%
71531336,SBP,122.24,SBP,2012-12,mmHg
9904736,eGFR,98.23,Estimated GFR,2013-01,mL/min/1.73m2
62874521,eGFR,84.82,Estimated GFR,2013-04,mL/min/1.73m2
46950077,SBP,90.49,Systolic BP,2014-12,mmHg
6777296,SBP,116.71,Systolic BP,2015-11,mmHg
13337,HbA1c,5.21,Glycated haemoglobin,2013-10,%
16427069,SBP,150.18,SBP,2014-02,mmHg
52141952,eGFR,82.19,Estimated GFR,2015-06,mL/min/1.73m2
28848872,eGFR,90.6,eGFR,2013-08,mL/min/1.73m2
741296,SBP,98.24,Systolic blood pressure,2013-04,mmHg
6896,HbA1c,5.18,Hb A1c,2016-05,%
41515469,SBP,164.1,SBP,2012-08,mmHg
41359376,SBP,130.56,Systolic blood pressure,2016-10,mmHg
6264344,eGFR,70.11,LOINC: 33914-3,2016-03,mL/min/1.73m2
68660237,HbA1c,5.37,HbA1c,2014-10,%
36018944,eGFR,86.72,eGFR,2016-03,mL/min/1.73m2
3597344,eGFR,87.77,Estimated GFR,2014-03,mL/min/1.73m2
26641469,eGFR,82.64,LOINC: 33914-3,2016-01,mL/min/1.73m2
29353421,eGFR,78.21,Estimated GFR,2014-08,mL/min/1.73m2
8000336,HbA1c,8.11,HbA1c,2016-03,%
1705817,SBP,137.25,SBP,2015-02,mmHg
102944,eGFR,75.37,LOINC: 33914-3,2014-04,mL/min/1.73m2
20295872,eGFR,77.09,eGFR,2016-02,mL/min/1.73m2
1792856,eGFR,86.66,LOINC: 33914-3,2012-07,mL/min/1.73m2
15336632,HbA1c,5.6,Hb A1c,2014-09,%
35687072,HbA1c,5.28,HbA1c,2012-01,%
7461056,eGFR,102.71,Estimated GFR,2016-09,mL/min/1.73m2
3263816,SBP,102.38,Systolic blood pressure,2015-07,mmHg
6904136,SBP,138.33,Systolic blood pressure,2012-09,mmHg
73745561,eGFR,83.79,Estimated GFR,2015-12,mL/min/1.73m2
41292569,eGFR,81.12,eGFR,2016-03,mL/min/1.73m2
5939216,eGFR,95.93,Estimated GFR,2013-01,mL/min/1.73m2
16147469,SBP,137.6,SBP,2013-08,mmHg
13255481,HbA1c,4.75,HbA1c,2014-07,%
39923981,eGFR,83.32,LOINC: 33914-3,2014-03,mL/min/1.73m2
173069,HbA1c,6.31,HbA1c,2013-10,%
507032,SBP,110.82,SBP,2013-09,mmHg
384761,eGFR,94.68,eGFR,2015-11,mL/min/1.73m2
14705657,HbA1c,5.02,Glycated haemoglobin,2015-03,%
23570696,eGFR,89.52,LOINC: 33914-3,2013-06,mL/min/1.73m2
4407101,HbA1c,53.17,Hb A1c,2013-12,mmol/mol
17846432,SBP,114.58,Systolic blood pressure,2015-10,mmHg
2117069,HbA1c,4.1,HbA1c,2013-02,%
14141,SBP,143.48,SBP,2012-11,mmHg
39443897,eGFR,87.08,Estimated GFR,2014-06,mL/min/1.73m2
26214077,HbA1c,6.21,HbA1c,2012-09,%
24607757,SBP,130.03,Systolic BP,2012-02,mmHg
4494797,eGFR,89.26,eGFR,2014-06,mL/min/1.73m2
53172569,SBP,112.74,Systolic BP,2014-05,mmHg
47163944,eGFR,86.11,Estimated GFR,2016-03,mL/min/1.73m2
26838512,eGFR,91.02,LOINC: 33914-3,2015-02,mL/min/1.73m2
5156432,eGFR,90.66,Estimated GFR,2015-05,mL/min/1.73m2
22097657,HbA1c,6.7,Glycated haemoglobin,2016-04,%
35521712,eGFR,100.3,LOINC: 33914-3,2014-05,mL/min/1.73m2
37129241,HbA1c,4.76,Glycated haemoglobin,2012-09,%
27944381,HbA1c,4.61,Glycated haemoglobin,2015-07,%
4710296,HbA1c,5.39,Glycated haemoglobin,2012-09,%
19021241,HbA1c,4.74,Hb A1c,2014-07,%
10135001,SBP,130.13,Systolic BP,2015-03,mmHg
4356344,eGFR,85.59,Estimated GFR,2014-03,mL/min/1.73m2
4740416,eGFR,83.82,Estimated GFR,2013-04,mL/min/1.73m2
45396569,eGFR,65.51,Estimated GFR,2012-11,mL/min/1.73m2
44861336,eGFR,74.9,Estimated GFR,2014-03,mL/min/1.73m2
158969,SBP,142.8,SBP,2012-10,mmHg
2250137,SBP,116.7,Systolic BP,2015-06,mmHg
10796096,eGFR,85.06,LOINC: 33914-3,2016-12,mL/min/1.73m2
2702072,eGFR,93.66,LOINC: 33914-3,2015-04,mL/min/1.73m2
2982296,SBP,145.51,Systolic BP,2013-04,mmHg
4320269,SBP,139.87,SBP,2014-06,mmHg
17251481,HbA1c,5.45,Glycated haemoglobin,2013-06,%
68115944,eGFR,76.43,LOINC: 33914-3,2015-06,mL/min/1.73m2
14126969,HbA1c,5.0,Glycated haemoglobin,2012-06,%
27798077,HbA1c,4.53,HbA1c,2015-07,%
38127944,SBP,114.82,Systolic blood pressure,2012-02,mmHg
5156432,HbA1c,5.54,Glycated haemoglobin,2015-03,%
477872,SBP,109.23,SBP,2015-06,mmHg
46264256,SBP,119.15,Systolic BP,2014-03,mmHg
8326937,eGFR,89.34,Estimated GFR,2013-07,mL/min/1.73m2
34314041,SBP,118.14,SBP,2012-02,mmHg
1949177,SBP,129.04,SBP,2015-09,mmHg
40605392,HbA1c,5.39,Glycated haemoglobin,2013-06,%
5330936,SBP,122.88,SBP,2012-10,mmHg
14048957,eGFR,85.77,Estimated GFR,2016-05,mL/min/1.73m2
52317197,eGFR,64.16,eGFR,2014-06,mL/min/1.73m2
4553741,eGFR,86.95,Estimated GFR,2016-04,mL/min/1.73m2
21467144,SBP,137.35,Systolic blood pressure,2016-11,mmHg
19036352,eGFR,97.62,eGFR,2012-05,mL/min/1.73m2
65651321,SBP,109.9,SBP,2016-06,mmHg
67317776,SBP,124.0,Systolic blood pressure,2013-03,mmHg
8568569,SBP,113.78,Systolic blood pressure,2016-12,mmHg
28700216,eGFR,80.88,Estimated GFR,2014-12,mL/min/1.73m2
67744781,HbA1c,5.37,HbA1c,2016-01,%
20514944,SBP,105.19,Systolic blood pressure,2013-06,mmHg
2435672,eGFR,78.6,eGFR,2012-02,mL/min/1.73m2
10025021,SBP,108.97,Systolic BP,2014-05,mmHg
38385056,SBP,112.97,Systolic BP,2014-09,mmHg
1612136,eGFR,75.77,eGFR,2014-07,mL/min/1.73m2
5195837,HbA1c,5.54,Hb A1c,2012-01,%
45210041,eGFR,77.51,Estimated GFR,2012-10,mL/min/1.73m2
72354032,SBP,105.32,SBP,2013-01,mmHg
67602296,eGFR,87.71,Estimated GFR,2013-12,mL/min/1.73m2
29541401,SBP,105.74,SBP,2013-10,mmHg
5062472,SBP,124.69,Systolic BP,2012-08,mmHg
10301096,HbA1c,6.55,HbA1c,2014-08,%
43457177,SBP,125.35,Systolic BP,2014-12,mmHg
1157192,SBP,148.61,Systolic blood pressure,2012-06,mmHg
8326937,HbA1c,6.47,HbA1c,2013-04,%
67204136,SBP,113.69,SBP,2013-03,mmHg
18600569,HbA1c,5.68,HbA1c,2014-09,%
1929881,eGFR,73.51,eGFR,2016-12,mL/min/1.73m2
14878856,HbA1c,7.51,Hb A1c,2016-07,%
2112032,eGFR,84.63,Estimated GFR,2014-08,mL/min/1.73m2
50282777,SBP,108.43,Systolic blood pressure,2014-08,mmHg
10603469,eGFR,84.77,LOINC: 33914-3,2012-11,mL/min/1.73m2
43411517,HbA1c,6.83,Glycated haemoglobin,2015-06,%
49670552,SBP,97.76,Systolic blood pressure,2014-04,mmHg
22000061,eGFR,83.91,eGFR,2016-02,mL/min/1.73m2
3097037,SBP,152.34,SBP,2013-02,mmHg
29522576,eGFR,80.1,eGFR,2013-02,mL/min/1.73m2
47784512,HbA1c,4.89,Glycated haemoglobin,2012-11,%
15801344,HbA1c,7.29,Glycated haemoglobin,2016-05,%
3919616,HbA1c,3.84,Glycated haemoglobin,2016-10,%
774461,SBP,131.34,Systolic BP,2012-11,mmHg
35977376,HbA1c,5.27,HbA1c,2014-08,%
74013536,SBP,137.92,Systolic BP,2012-09,mmHg
10796096,HbA1c,5.36,HbA1c,2016-11,%
10727912,eGFR,81.18,eGFR,2013-10,mL/min/1.73m2
9558944,SBP,131.47,Systolic blood pressure,2016-08,mmHg
1721,HbA1c,4.78,HbA1c,2013-06,%
69149072,SBP,129.8,SBP,2016-09,mmHg
5443496,SBP,132.82,SBP,2013-11,mmHg
3152,SBP,143.24,Systolic BP,2016-01,mmHg
30681881,eGFR,91.24,eGFR,2016-01,mL/min/1.73m2
8660072,HbA1c,4.58,Hb A1c,2015-01,%
57474656,eGFR,93.72,eGFR,2012-04,mL/min/1.73m2
29976032,eGFR,92.18,LOINC: 33914-3,2014-10,mL/min/1.73m2
1149752,SBP,151.95,SBP,2015-09,mmHg
30452057,eGFR,92.93,LOINC: 33914-3,2013-03,mL/min/1.73m2
20015936,SBP,120.13,Systolic blood pressure,2014-11,mmHg
64951496,eGFR,91.02,LOINC: 33914-3,2014-12,mL/min/1.73m2
36750269,HbA1c,4.79,HbA1c,2013-05,%
5483981,eGFR,91.27,eGFR,2015-04,mL/min/1.73m2
73033337,eGFR,84.65,Estimated GFR,2013-11,mL/min/1.73m2
24573401,HbA1c,6.89,HbA1c,2013-12,%
4157,eGFR,80.04,Estimated GFR,2015-09,mL/min/1.73m2
21195161,SBP,124.54,SBP,2013-10,mmHg
14309837,SBP,107.98,Systolic blood pressure,2014-06,mmHg
46855181,eGFR,92.27,LOINC: 33914-3,2014-05,mL/min/1.73m2
31279592,HbA1c,5.29,Glycated haemoglobin,2012-02,%
9580376,eGFR,91.74,eGFR,2015-04,mL/min/1.73m2
2441081,SBP,130.9,SBP,2012-03,mmHg
74461241,eGFR,84.59,LOINC: 33914-3,2014-12,mL/min/1.73m2
15705101,SBP,128.64,SBP,2014-03,mmHg
2621,HbA1c,4.69,HbA1c,2013-03,%
6696377,HbA1c,4.01,Hb A1c,2016-02,%
39031616,SBP,132.29,SBP,2015-09,mmHg
24848921,SBP,133.25,Systolic blood pressure,2016-05,mmHg
4220057,HbA1c,4.73,Glycated haemoglobin,2013-10,%
332936,HbA1c,4.88,HbA1c,2014-01,%
4930841,eGFR,93.24,eGFR,2014-06,mL/min/1.73m2
54545357,HbA1c,4.18,HbA1c,2012-08,%
19248536,SBP,101.04,SBP,2013-07,mmHg
12743432,SBP,128.73,Systolic blood pressure,2012-10,mmHg
74281997,eGFR,74.96,eGFR,2015-02,mL/min/1.73m2
14892221,SBP,127.55,Systolic BP,2016-04,mmHg
27944381,eGFR,79.67,eGFR,2015-02,mL/min/1.73m2
22803416,SBP,112.66,SBP,2014-03,mmHg
31922201,HbA1c,6.32,Hb A1c,2013-07,%
25754969,eGFR,78.28,eGFR,2016-03,mL/min/1.73m2
73686077,eGFR,90.15,LOINC: 33914-3,2016-08,mL/min/1.73m2
1958861,HbA1c,5.35,Glycated haemoglobin,2012-02,%
38621501,SBP,146.34,SBP,2012-10,mmHg
15363776,HbA1c,7.61,HbA1c,2013-10,%
49421,eGFR,93.83,eGFR,2015-07,mL/min/1.73m2
14852144,eGFR,86.09,LOINC: 33914-3,2016-08,mL/min/1.73m2
25544441,SBP,139.79,Systolic blood pressure,2014-10,mmHg
26285069,HbA1c,5.46,Hb A1c,2012-11,%
39661757,eGFR,88.7,LOINC: 33914-3,2014-09,mL/min/1.73m2
3042416,HbA1c,4.81,HbA1c,2012-02,%
33467069,eGFR,82.57,eGFR,2016-04,mL/min/1.73m2
32177144,eGFR,82.19,eGFR,2016-10,mL/min/1.73m2
256061,HbA1c,4.49,Glycated haemoglobin,2012-05,%
73418696,HbA1c,4.88,Glycated haemoglobin,2016-08,%
54340877,SBP,139.51,Systolic BP,2016-02,mmHg
64839872,eGFR,85.98,LOINC: 33914-3,2013-06,mL/min/1.73m2
32137856,eGFR,86.1,Estimated GFR,2013-03,mL/min/1.73m2
26356157,SBP,114.76,Systolic blood pressure,2013-12,mmHg
57029069,SBP,139.75,SBP,2014-12,mmHg
53983961,SBP,120.41,Systolic BP,2015-03,mmHg
2462777,eGFR,89.04,eGFR,2013-10,mL/min/1.73m2
10479752,HbA1c,4.51,Hb A1c,2012-12,%
19553696,eGFR,80.37,eGFR,2013-08,mL/min/1.73m2
777512,HbA1c,4.37,Glycated haemoglobin,2012-12,%
11988272,eGFR,84.75,LOINC: 33914-3,2015-10,mL/min/1.73m2
106301,SBP,119.75,Systolic BP,2014-09,mmHg
72412976,SBP,148.59,Systolic BP,2014-10,mmHg
46334969,HbA1c,31.17,HbA1c,2016-06,mmol/mol
21451097,eGFR,80.72,eGFR,2012-12,mL/min/1.73m2
5015816,SBP,116.72,Systolic BP,2014-03,mmHg
2066969,HbA1c,5.25,HbA1c,2013-10,%
52066937,eGFR,82.23,eGFR,2015-02,mL/min/1.73m2
33147197,SBP,123.64,SBP,2012-10,mmHg
41582456,eGFR,89.39,Estimated GFR,2015-11,mL/min/1.73m2
54981152,HbA1c,6.42,HbA1c,2013-05,%
51022397,SBP,127.91,SBP,2014-04,mmHg
52091936,HbA1c,4.67,Glycated haemoglobin,2016-07,%
36729272,SBP,116.97,Systolic BP,2012-08,mmHg
10502192,HbA1c,4.69,Hb A1c,2015-04,%
53324237,eGFR,93.67,LOINC: 33914-3,2015-08,mL/min/1.73m2
15897881,HbA1c,4.97,HbA1c,2015-03,%
40209032,SBP,124.64,Systolic blood pressure,2012-10,mmHg
34435901,eGFR,83.09,LOINC: 33914-3,2015-06,mL/min/1.73m2
72648992,eGFR,88.85,LOINC: 33914-3,2014-04,mL/min/1.73m2
48698792,HbA1c,32.34,HbA1c,2012-08,mmol/mol
25544441,eGFR,87.4,LOINC: 33914-3,2015-11,mL/min/1.73m2
32452832,SBP,139.45,Systolic BP,2015-03,mmHg
13726232,eGFR,82.53,LOINC: 33914-3,2014-06,mL/min/1.73m2
10301096,SBP,147.79,Systolic BP,2012-09,mmHg
49963952,HbA1c,5.63,Hb A1c,2015-11,%
19066592,SBP,125.12,Systolic blood pressure,2014-05,mmHg
38880269,eGFR,84.61,eGFR,2012-11,mL/min/1.73m2
41248061,SBP,111.98,Systolic blood pressure,2015-02,mmHg
46831472,HbA1c,6.99,Glycated haemoglobin,2013-09,%
3878576,SBP,132.36,Systolic blood pressure,2013-06,mmHg
42007961,HbA1c,4.52,HbA1c,2016-06,%
65567144,eGFR,87.86,eGFR,2014-05,mL/min/1.73m2
8427197,eGFR,85.08,Estimated GFR,2013-11,mL/min/1.73m2
30089936,SBP,159.0,Systolic blood pressure,2015-12,mmHg
161741,HbA1c,4.78,HbA1c,2012-02,%
52367321,HbA1c,3.93,Hb A1c,2014-11,%
61726157,eGFR,77.37,eGFR,2016-01,mL/min/1.73m2
52593176,eGFR,63.6,LOINC: 33914-3,2012-03,mL/min/1.73m2
33748217,SBP,108.98,Systolic BP,2014-06,mmHg
54596537,eGFR,92.39,eGFR,2013-11,mL/min/1.73m2
20766752,SBP,141.3,Systolic BP,2014-08,mmHg
1491344,HbA1c,5.99,Glycated haemoglobin,2015-01,%
46973816,HbA1c,4.76,Glycated haemoglobin,2014-11,%
3084857,SBP,132.22,SBP,2013-05,mmHg
42142781,eGFR,93.6,Estimated GFR,2015-12,mL/min/1.73m2
150797,HbA1c,4.56,Hb A1c,2015-07,%
20877401,HbA1c,4.85,HbA1c,2016-12,%
2239757,SBP,146.29,Systolic BP,2015-03,mmHg
3623672,HbA1c,4.48,HbA1c,2014-10,%
64644761,HbA1c,6.69,HbA1c,2012-03,%
51917069,HbA1c,5.2,Hb A1c,2016-03,%
5411216,SBP,112.02,Systolic blood pressure,2013-10,mmHg
27162512,eGFR,90.74,LOINC: 33914-3,2012-12,mL/min/1.73m2
11607536,eGFR,95.34,eGFR,2015-09,mL/min/1.73m2
15925517,eGFR,76.85,Estimated GFR,2012-04,mL/min/1.73m2
11151821,eGFR,88.77,LOINC: 33914-3,2014-05,mL/min/1.73m2
65876057,HbA1c,4.0,Hb A1c,2016-09,%
222221,SBP,134.45,SBP,2012-05,mmHg
6867776,SBP,154.78,SBP,2013-12,mmHg
475481,SBP,137.26,SBP,2012-06,mmHg
31298969,SBP,128.66,Systolic BP,2016-04,mmHg
18436592,HbA1c,6.23,Hb A1c,2014-08,%
7728344,SBP,144.74,SBP,2013-08,mmHg
5093696,eGFR,75.22,Estimated GFR,2014-01,mL/min/1.73m2
28774496,SBP,100.53,Systolic BP,2012-07,mmHg
47449856,eGFR,80.75,eGFR,2015-09,mL/min/1.73m2
9677,SBP,127.34,SBP,2014-03,mmHg
1322957,eGFR,94.3,Estimated GFR,2014-09,mL/min/1.73m2
4378061,eGFR,87.15,Estimated GFR,2013-03,mL/min/1.73m2
12472832,eGFR,88.17,LOINC: 33914-3,2014-04,mL/min/1.73m2
59808944,eGFR,79.52,LOINC: 33914-3,2016-11,mL/min/1.73m2
57422144,HbA1c,4.6,HbA1c,2013-11,%
82937,eGFR,88.09,eGFR,2012-01,mL/min/1.73m2
12120569,SBP,137.79,Systolic BP,2014-06,mmHg
16936397,eGFR,87.91,eGFR,2013-04,mL/min/1.73m2
57527192,HbA1c,6.45,HbA1c,2012-04,%
3176792,SBP,121.42,Systolic blood pressure,2014-04,mmHg
10978976,SBP,118.91,Systolic blood pressure,2012-01,mmHg
45186752,eGFR,84.17,LOINC: 33914-3,2016-09,mL/min/1.73m2
12096461,SBP,130.8,Systolic BP,2014-05,mmHg
10168112,HbA1c,4.81,HbA1c,2015-12,%
33306941,HbA1c,5.62,Glycated haemoglobin,2015-12,%
56402957,eGFR,82.26,eGFR,2014-12,mL/min/1.73m2
5291021,SBP,128.03,Systolic BP,2015-05,mmHg
25317344,eGFR,82.53,LOINC: 33914-3,2012-07,mL/min/1.73m2
71531336,HbA1c,5.31,HbA1c,2013-07,%
47760569,HbA1c,4.82,HbA1c,2012-10,%
71267897,HbA1c,17.42,HbA1c,2014-03,mmol/mol
45841112,eGFR,82.88,eGFR,2012-02,mL/min/1.73m2
64449944,SBP,152.28,Systolic blood pressure,2014-07,mmHg
1350992,eGFR,84.95,eGFR,2014-04,mL/min/1.73m2
871832,HbA1c,5.03,HbA1c,2015-12,%
3364712,HbA1c,3.84,HbA1c,2014-07,%
15431741,HbA1c,6.13,HbA1c,2012-03,%
13932344,eGFR,78.67,Estimated GFR,2014-03,mL/min/1.73m2
70888232,SBP,127.71,Systolic BP,2016-09,mmHg
60453632,eGFR,93.21,LOINC: 33914-3,2012-10,mL/min/1.73m2
660152,HbA1c,6.34,HbA1c,2012-12,%
50331917,eGFR,85.07,eGFR,2015-11,mL/min/1.73m2
10223417,eGFR,86.39,Estimated GFR,2014-09,mL/min/1.73m2
15323069,eGFR,91.34,eGFR,2016-10,mL/min/1.73m2
22473776,SBP,133.05,Systolic blood pressure,2012-07,mmHg
70975757,SBP,101.23,SBP,2014-12,mmHg
73181432,HbA1c,6.0,HbA1c,2016-01,%
22490201,HbA1c,39.82,Glycated haemoglobin,2014-01,mmol/mol
146792,eGFR,92.73,eGFR,2012-01,mL/min/1.73m2
301736,SBP,117.31,Systolic blood pressure,2012-10,mmHg
69005117,HbA1c,6.04,Glycated haemoglobin,2016-04,%
14023001,HbA1c,4.3,Glycated haemoglobin,2015-02,%
19202969,SBP,131.28,Systolic blood pressure,2016-04,mmHg
41985512,HbA1c,4.16,HbA1c,2015-08,%
73715816,eGFR,69.11,LOINC: 33914-3,2014-08,mL/min/1.73m2
7423256,HbA1c,5.47,Hb A1c,2014-05,%
780569,HbA1c,46.11,Hb A1c,2012-03,mmol/mol
11198141,HbA1c,5.22,Glycated haemoglobin,2012-04,%
41381657,eGFR,87.81,LOINC: 33914-3,2014-02,mL/min/1.73m2
688592,SBP,86.08,SBP,2015-04,mmHg
28700216,HbA1c,5.09,Hb A1c,2013-04,%
17934344,eGFR,97.59,eGFR,2012-12,mL/min/1.73m2
8772569,SBP,115.34,SBP,2013-04,mmHg
33909401,eGFR,82.42,eGFR,2014-11,mL/min/1.73m2
34253192,SBP,130.81,SBP,2015-07,mmHg
4135097,HbA1c,4.11,Glycated haemoglobin,2012-02,%
34435901,SBP,104.69,SBP,2016-02,mmHg
2893241,eGFR,82.51,eGFR,2012-04,mL/min/1.73m2
25667144,HbA1c,5.4,Glycated haemoglobin,2016-12,%
74162621,SBP,124.85,Systolic BP,2015-06,mmHg
944,eGFR,93.73,eGFR,2013-05,mL/min/1.73m2
52995896,eGFR,87.83,eGFR,2013-05,mL/min/1.73m2
19584344,eGFR,84.93,LOINC: 33914-3,2014-05,mL/min/1.73m2
24145976,HbA1c,4.88,HbA1c,2014-12,%
465977,HbA1c,4.63,HbA1c,2015-02,%
30835577,eGFR,101.96,eGFR,2014-11,mL/min/1.73m2
14865497,eGFR,87.09,eGFR,2015-11,mL/min/1.73m2
58238777,eGFR,76.55,LOINC: 33914-3,2013-05,mL/min/1.73m2
1797497,eGFR,86.13,Estimated GFR,2012-01,mL/min/1.73m2
72089081,HbA1c,5.3,HbA1c,2015-04,%
1432712,eGFR,94.63,Estimated GFR,2014-10,mL/min/1.73m2
68947577,SBP,109.11,SBP,2012-03,mmHg
6509456,HbA1c,5.78,Hb A1c,2014-02,%
7479992,HbA1c,6.85,Hb A1c,2015-10,%
14612816,SBP,128.39,SBP,2014-03,mmHg
65763641,eGFR,86.72,eGFR,2015-12,mL/min/1.73m2
61128857,SBP,136.09,SBP,2015-12,mmHg
71297144,SBP,132.27,Systolic BP,2012-06,mmHg
57500921,eGFR,86.4,LOINC: 33914-3,2015-11,mL/min/1.73m2
42210272,eGFR,80.42,eGFR,2015-03,mL/min/1.73m2
8793101,eGFR,69.23,eGFR,2016-12,mL/min/1.73m2
12460601,HbA1c,4.36,Hb A1c,2014-08,%
18705296,eGFR,89.26,eGFR,2015-07,mL/min/1.73m2
53324237,SBP,96.88,Systolic blood pressure,2016-12,mmHg
8823944,SBP,113.55,Systolic blood pressure,2012-10,mmHg
2583821,eGFR,81.1,Estimated GFR,2012-07,mL/min/1.73m2
22523069,eGFR,89.99,eGFR,2016-11,mL/min/1.73m2
57212336,eGFR,80.45,LOINC: 33914-3,2014-12,mL/min/1.73m2
32492312,SBP,131.45,Systolic BP,2014-07,mmHg
8885792,HbA1c,5.81,Glycated haemoglobin,2012-03,%
6617,HbA1c,4.21,Hb A1c,2012-03,%
42571136,eGFR,80.73,eGFR,2012-12,mL/min/1.73m2
2213912,HbA1c,19.66,HbA1c,2015-11,mmol/mol
24487616,SBP,140.42,Systolic blood pressure,2013-02,mmHg
47163944,SBP,141.21,SBP,2014-12,mmHg
44192,SBP,140.91,SBP,2013-08,mmHg
15392,HbA1c,4.34,HbA1c,2015-12,%
789776,eGFR,70.29,LOINC: 33914-3,2012-04,mL/min/1.73m2
55161101,HbA1c,14.85,Glycated haemoglobin,2014-11,mmol/mol
6777296,HbA1c,20.27,Glycated haemoglobin,2012-08,mmol/mol
10535897,HbA1c,4.66,Hb A1c,2015-11,%
33627581,HbA1c,5.9,HbA1c,2014-03,%
575801,SBP,124.93,Systolic BP,2012-12,mmHg
45958457,SBP,115.75,Systolic BP,2012-11,mmHg
389069,SBP,117.15,SBP,2013-08,mmHg
9677117,HbA1c,5.25,HbA1c,2013-10,%
6421376,eGFR,93.27,Estimated GFR,2014-11,mL/min/1.73m2
30662696,SBP,129.67,Systolic blood pressure,2012-01,mmHg
23705432,HbA1c,7.18,HbA1c,2014-07,%
6804377,eGFR,93.13,Estimated GFR,2016-08,mL/min/1.73m2
2846297,SBP,138.65,SBP,2012-07,mmHg
9124877,SBP,144.05,SBP,2012-03,mmHg
1629776,eGFR,94.34,eGFR,2013-06,mL/min/1.73m2
18585632,eGFR,90.79,eGFR,2012-03,mL/min/1.73m2
15568121,HbA1c,4.52,Glycated haemoglobin,2012-01,%
9072632,HbA1c,5.72,Hb A1c,2015-10,%
25334777,SBP,121.49,Systolic blood pressure,2015-06,mmHg
74610776,HbA1c,4.73,Glycated haemoglobin,2015-09,%
56195021,eGFR,89.44,LOINC: 33914-3,2015-02,mL/min/1.73m2
852536,SBP,139.98,Systolic blood pressure,2013-10,mmHg
3636872,SBP,146.43,SBP,2013-04,mmHg
294176,SBP,132.03,SBP,2012-12,mmHg
2142344,eGFR,91.66,Estimated GFR,2015-02,mL/min/1.73m2
55392896,eGFR,91.75,Estimated GFR,2013-07,mL/min/1.73m2
28941977,HbA1c,4.15,HbA1c,2015-01,%
5283056,HbA1c,5.14,Glycated haemoglobin,2012-09,%
4831352,HbA1c,5.28,Glycated haemoglobin,2016-01,%
7795901,HbA1c,5.76,HbA1c,2015-02,%
58901552,SBP,148.71,SBP,2013-01,mmHg
24060941,HbA1c,6.05,HbA1c,2012-05,%
51617981,HbA1c,4.31,HbA1c,2014-04,%
35956601,SBP,120.78,SBP,2012-03,mmHg
3577661,eGFR,71.27,eGFR,2012-08,mL/min/1.73m2
2339336,HbA1c,7.37,HbA1c,2012-12,%
59034557,HbA1c,4.09,Hb A1c,2016-05,%
28886096,HbA1c,4.92,Glycated haemoglobin,2015-06,%
697241,HbA1c,3.79,Glycated haemoglobin,2016-04,%
25842944,eGFR,79.81,eGFR,2016-01,mL/min/1.73m2
16427069,HbA1c,5.69,Hb A1c,2013-04,%
1441016,SBP,119.93,Systolic BP,2013-05,mmHg
4291517,eGFR,81.69,LOINC: 33914-3,2012-01,mL/min/1.73m2
311321,eGFR,82.03,Estimated GFR,2014-04,mL/min/1.73m2
21322937,eGFR,83.34,LOINC: 33914-3,2016-11,mL/min/1.73m2
15677657,HbA1c,4.14,Glycated haemoglobin,2016-08,%
416,HbA1c,6.86,Glycated haemoglobin,2016-02,%
914381,eGFR,88.06,eGFR,2014-01,mL/min/1.73m2
14231321,SBP,114.45,SBP,2016-12,mmHg
1620944,HbA1c,4.45,Hb A1c,2016-06,%
4149197,SBP,117.6,SBP,2013-07,mmHg
56402957,HbA1c,4.64,HbA1c,2014-10,%
44283161,HbA1c,3.95,HbA1c,2015-07,%
53425469,HbA1c,3.64,Hb A1c,2013-11,%
16697,SBP,142.67,Systolic blood pressure,2012-04,mmHg
28570457,eGFR,84.77,eGFR,2014-05,mL/min/1.73m2
26285069,eGFR,91.5,Estimated GFR,2015-08,mL/min/1.73m2
69264344,HbA1c,5.97,HbA1c,2016-03,%
42933536,SBP,104.78,SBP,2015-12,mmHg
29995001,HbA1c,4.68,HbA1c,2013-12,%
13419944,eGFR,81.62,Estimated GFR,2012-01,mL/min/1.73m2
64616912,SBP,153.17,Systolic BP,2013-03,mmHg
27999344,SBP,133.6,SBP,2014-03,mmHg
1116569,SBP,142.5,SBP,2015-08,mmHg
1295216,eGFR,74.68,LOINC: 33914-3,2012-08,mL/min/1.73m2
4121021,HbA1c,5.75,Hb A1c,2014-01,%
72737597,SBP,137.16,Systolic BP,2016-05,mmHg
71589944,HbA1c,5.21,Glycated haemoglobin,2014-10,%
68890061,eGFR,80.77,eGFR,2013-09,mL/min/1.73m2
1168397,eGFR,83.13,LOINC: 33914-3,2015-12,mL/min/1.73m2
2002736,SBP,99.27,Systolic blood pressure,2015-04,mmHg
1625357,HbA1c,5.63,Hb A1c,2016-10,%
12060344,eGFR,78.67,Estimated GFR,2013-01,mL/min/1.73m2
33587417,SBP,150.96,Systolic blood pressure,2012-09,mmHg
46405736,SBP,110.91,Systolic BP,2015-09,mmHg
23857469,SBP,127.62,Systolic blood pressure,2013-10,mmHg
41493152,eGFR,77.49,LOINC: 33914-3,2014-03,mL/min/1.73m2
6518297,HbA1c,4.61,Hb A1c,2014-08,%
399944,SBP,113.34,SBP,2013-05,mmHg
5573576,SBP,118.48,Systolic blood pressure,2014-02,mmHg
795944,SBP,108.4,Systolic blood pressure,2016-11,mmHg
2052056,SBP,100.96,Systolic BP,2013-03,mmHg
1816121,HbA1c,4.67,Glycated haemoglobin,2015-03,%
55238312,eGFR,90.16,LOINC: 33914-3,2016-06,mL/min/1.73m2
36561512,eGFR,93.48,Estimated GFR,2012-04,mL/min/1.73m2
6160736,eGFR,82.41,eGFR,2016-02,mL/min/1.73m2
58185917,SBP,82.65,Systolic blood pressure,2015-04,mmHg
33406976,eGFR,79.96,LOINC: 33914-3,2016-09,mL/min/1.73m2
42232781,SBP,126.39,SBP,2012-06,mmHg
45466616,eGFR,87.42,LOINC: 33914-3,2013-10,mL/min/1.73m2
9198272,HbA1c,4.45,HbA1c,2015-05,%
63177032,SBP,146.9,Systolic blood pressure,2016-12,mmHg
55754432,SBP,127.61,SBP,2014-07,mmHg
7883192,HbA1c,27.68,Hb A1c,2015-09,mmol/mol
1229069,SBP,126.01,Systolic BP,2013-02,mmHg
183296,HbA1c,5.46,HbA1c,2016-07,%
39880217,HbA1c,7.46,Hb A1c,2015-10,%
3669977,HbA1c,4.67,Hb A1c,2015-10,%
20624921,eGFR,89.57,eGFR,2015-09,mL/min/1.73m2
249101,SBP,140.09,SBP,2015-06,mmHg
37192592,eGFR,87.36,LOINC: 33914-3,2012-06,mL/min/1.73m2
29372192,SBP,94.08,Systolic blood pressure,2015-11,mmHg
54673352,SBP,125.29,SBP,2012-07,mmHg
17846432,HbA1c,4.41,Glycated haemoglobin,2014-02,%
11952317,eGFR,91.63,eGFR,2014-07,mL/min/1.73m2
2183096,eGFR,66.45,LOINC: 33914-3,2015-06,mL/min/1.73m2
62053181,eGFR,82.34,eGFR,2012-12,mL/min/1.73m2
33406976,SBP,107.57,Systolic BP,2014-07,mmHg
7517936,eGFR,93.14,LOINC: 33914-3,2015-07,mL/min/1.73m2
10256672,SBP,151.84,SBP,2013-06,mmHg
60723272,HbA1c,4.3,HbA1c,2014-03,%
26946296,eGFR,82.32,LOINC: 33914-3,2015-04,mL/min/1.73m2
6624857,eGFR,94.64,Estimated GFR,2016-04,mL/min/1.73m2
68602841,SBP,100.77,Systolic BP,2015-05,mmHg
3750041,HbA1c,5.93,Hb A1c,2015-11,%
35749181,SBP,123.34,SBP,2015-01,mmHg
1387469,eGFR,73.54,Estimated GFR,2014-10,mL/min/1.73m2
22391741,SBP,149.66,Systolic BP,2014-11,mmHg
27072317,SBP,135.35,Systolic BP,2013-03,mmHg
4163321,SBP,107.58,Systolic blood pressure,2013-06,mmHg
19830392,eGFR,100.82,eGFR,2014-07,mL/min/1.73m2
1701296,eGFR,83.8,LOINC: 33914-3,2013-02,mL/min/1.73m2
21211112,eGFR,81.53,Estimated GFR,2014-11,mL/min/1.73m2
33067469,HbA1c,4.53,Glycated haemoglobin,2013-04,%
4363577,HbA1c,5.54,HbA1c,2014-01,%
16737401,SBP,155.57,Systolic blood pressure,2014-06,mmHg
25439501,eGFR,89.31,eGFR,2014-02,mL/min/1.73m2
20499257,HbA1c,6.41,HbA1c,2013-07,%
17366777,eGFR,85.79,eGFR,2015-04,mL/min/1.73m2
16964921,eGFR,84.52,Estimated GFR,2014-12,mL/min/1.73m2
30452057,HbA1c,5.48,Glycated haemoglobin,2014-04,%
3402944,eGFR,89.2,LOINC: 33914-3,2013-05,mL/min/1.73m2
67346201,HbA1c,4.51,HbA1c,2012-07,%
16077944,SBP,112.69,Systolic blood pressure,2012-08,mmHg
42458201,SBP,107.97,SBP,2012-10,mmHg
57343421,SBP,129.44,Systolic blood pressure,2013-09,mmHg
12132632,eGFR,92.79,Estimated GFR,2014-05,mL/min/1.73m2
1263872,eGFR,90.93,Estimated GFR,2014-01,mL/min/1.73m2
51270137,eGFR,81.8,Estimated GFR,2014-03,mL/min/1.73m2
16328936,SBP,106.52,Systolic BP,2015-08,mmHg
9062201,SBP,109.72,Systolic blood pressure,2012-09,mmHg
70160957,SBP,113.42,SBP,2014-10,mmHg
15939344,eGFR,89.77,LOINC: 33914-3,2016-08,mL/min/1.73m2
48747152,HbA1c,3.83,Hb A1c,2016-12,%
10967501,HbA1c,4.79,HbA1c,2014-03,%
26748857,HbA1c,4.67,HbA1c,2012-07,%
64811981,HbA1c,3.99,HbA1c,2013-07,%
376217,HbA1c,6.24,Hb A1c,2014-02,%
45677081,eGFR,90.92,Estimated GFR,2013-05,mL/min/1.73m2
700136,SBP,127.24,Systolic blood pressure,2012-11,mmHg
11809037,HbA1c,25.81,Hb A1c,2013-10,mmol/mol
21951344,HbA1c,5.95,HbA1c,2013-10,%
63397496,HbA1c,4.64,HbA1c,2015-07,%
20798336,eGFR,94.01,LOINC: 33914-3,2012-09,mL/min/1.73m2
3737,SBP,128.93,Systolic blood pressure,2014-04,mmHg
26160896,eGFR,91.28,Estimated GFR,2013-06,mL/min/1.73m2
562736,SBP,124.32,Systolic blood pressure,2015-08,mmHg
5561,SBP,124.75,Systolic blood pressure,2012-12,mmHg
44537096,SBP,129.95,Systolic blood pressure,2012-01,mmHg
58795256,eGFR,87.98,eGFR,2016-10,mL/min/1.73m2
64561232,HbA1c,4.8,Hb A1c,2013-03,%
43502861,eGFR,94.13,Estimated GFR,2014-07,mL/min/1.73m2
33246992,HbA1c,5.57,Hb A1c,2015-05,%
24128957,HbA1c,3.79,Glycated haemoglobin,2016-02,%
2323469,SBP,100.02,Systolic BP,2015-12,mmHg
70771616,eGFR,91.79,eGFR,2013-02,mL/min/1.73m2
701,SBP,125.19,Systolic BP,2016-01,mmHg
25073912,eGFR,68.06,Estimated GFR,2016-03,mL/min/1.73m2
13179917,SBP,96.84,Systolic BP,2013-10,mmHg
1733069,HbA1c,4.76,Glycated haemoglobin,2014-06,%
31028237,HbA1c,4.48,Glycated haemoglobin,2016-04,%
54724592,HbA1c,3.35,Glycated haemoglobin,2013-10,%
21370952,SBP,137.57,Systolic BP,2016-09,mmHg
61508621,HbA1c,4.77,HbA1c,2012-04,%
23235536,eGFR,96.5,eGFR,2013-03,mL/min/1.73m2
20972477,HbA1c,4.14,HbA1c,2012-09,%
15295961,SBP,134.4,Systolic BP,2014-01,mmHg
17150912,eGFR,82.5,eGFR,2016-05,mL/min/1.73m2
4349117,eGFR,78.26,eGFR,2015-05,mL/min/1.73m2
53298944,SBP,148.02,SBP,2013-12,mmHg
54238781,HbA1c,4.46,Glycated haemoglobin,2014-11,%
5338937,eGFR,89.51,Estimated GFR,2012-10,mL/min/1.73m2
22770344,HbA1c,3.5,Hb A1c,2014-08,%
12706361,eGFR,74.62,LOINC: 33914-3,2014-02,mL/min/1.73m2
46405736,HbA1c,32.82,HbA1c,2012-05,mmol/mol
1620944,eGFR,93.87,LOINC: 33914-3,2015-03,mL/min/1.73m2
48505592,SBP,124.75,Systolic blood pressure,2012-07,mmHg
51220541,SBP,132.67,SBP,2014-04,mmHg
50799944,HbA1c,4.33,Glycated haemoglobin,2012-08,%
7594112,SBP,113.83,Systolic blood pressure,2012-09,mmHg
97469,eGFR,92.07,eGFR,2014-01,mL/min/1.73m2
46264256,eGFR,92.26,eGFR,2016-07,mL/min/1.73m2
3683261,SBP,112.24,SBP,2014-05,mmHg
39727232,eGFR,94.23,eGFR,2016-12,mL/min/1.73m2
345032,SBP,136.62,SBP,2014-01,mmHg
502112,SBP,132.74,Systolic BP,2014-11,mmHg
33909401,SBP,120.26,SBP,2014-01,mmHg
57527192,SBP,114.83,SBP,2016-10,mmHg
11785241,eGFR,64.38,eGFR,2012-09,mL/min/1.73m2
52970681,eGFR,88.96,eGFR,2012-07,mL/min/1.73m2
41114681,HbA1c,5.48,HbA1c,2016-02,%
23891321,eGFR,75.28,Estimated GFR,2016-06,mL/min/1.73m2
54443069,eGFR,93.18,LOINC: 33914-3,2013-10,mL/min/1.73m2
2281421,eGFR,79.24,LOINC: 33914-3,2013-04,mL/min/1.73m2
28923344,eGFR,85.42,LOINC: 33914-3,2015-09,mL/min/1.73m2
58715597,eGFR,81.18,LOINC: 33914-3,2013-11,mL/min/1.73m2
18377144,eGFR,82.04,LOINC: 33914-3,2013-10,mL/min/1.73m2
60939416,SBP,117.08,SBP,2015-06,mmHg
4370816,eGFR,67.67,eGFR,2012-10,mL/min/1.73m2
30777896,eGFR,81.01,Estimated GFR,2016-06,mL/min/1.73m2
42030416,eGFR,92.44,eGFR,2013-03,mL/min/1.73m2
74670632,SBP,108.61,SBP,2016-04,mmHg
45723917,SBP,107.3,Systolic blood pressure,2015-04,mmHg
61128857,HbA1c,6.8,HbA1c,2012-12,%
17642144,SBP,121.54,SBP,2015-10,mmHg
2047097,eGFR,93.82,Estimated GFR,2015-07,mL/min/1.73m2
7536944,eGFR,87.79,LOINC: 33914-3,2014-02,mL/min/1.73m2
45606872,eGFR,80.88,LOINC: 33914-3,2012-01,mL/min/1.73m2
25667144,eGFR,81.59,Estimated GFR,2015-11,mL/min/1.73m2
6904136,eGFR,71.71,Estimated GFR,2013-03,mL/min/1.73m2
48940832,SBP,139.3,Systolic blood pressure,2012-12,mmHg
51518477,SBP,108.52,Systolic blood pressure,2013-05,mmHg
47928296,HbA1c,6.73,HbA1c,2014-07,%
15897881,eGFR,87.49,eGFR,2015-12,mL/min/1.73m2
11940344,eGFR,86.19,eGFR,2013-07,mL/min/1.73m2
3270077,HbA1c,5.31,HbA1c,2012-07,%
7472,eGFR,85.41,Estimated GFR,2015-08,mL/min/1.73m2
106301,HbA1c,5.19,Hb A1c,2015-12,%
70800761,eGFR,91.21,eGFR,2013-11,mL/min/1.73m2
12509561,eGFR,80.35,LOINC: 33914-3,2012-01,mL/min/1.73m2
5070269,HbA1c,5.32,Glycated haemoglobin,2015-05,%
10614752,SBP,140.51,Systolic BP,2012-12,mmHg
29881277,eGFR,87.38,Estimated GFR,2013-10,mL/min/1.73m2
1383392,SBP,140.36,Systolic blood pressure,2013-10,mmHg
71326397,eGFR,93.11,eGFR,2016-07,mL/min/1.73m2
25649597,HbA1c,3.35,Glycated haemoglobin,2016-10,%
50553344,HbA1c,4.18,Glycated haemoglobin,2015-02,%
45163469,HbA1c,5.25,Hb A1c,2013-08,%
37425341,HbA1c,6.08,HbA1c,2016-03,%
32275469,eGFR,64.97,eGFR,2012-09,mL/min/1.73m2
29447336,SBP,133.72,SBP,2015-09,mmHg
42978944,HbA1c,5.33,HbA1c,2013-06,%
531992,SBP,95.53,Systolic blood pressure,2014-07,mmHg
14758841,SBP,124.53,SBP,2013-05,mmHg
62517944,SBP,115.17,SBP,2015-03,mmHg
19172621,eGFR,91.29,Estimated GFR,2012-09,mL/min/1.73m2
3139856,SBP,101.05,Systolic BP,2016-08,mmHg
56559161,eGFR,86.64,Estimated GFR,2012-11,mL/min/1.73m2
18451469,HbA1c,3.58,HbA1c,2013-01,%
13092032,HbA1c,6.56,HbA1c,2014-10,%
37999712,eGFR,89.72,eGFR,2012-07,mL/min/1.73m2
22555961,HbA1c,4.12,Glycated haemoglobin,2014-02,%
4157,SBP,132.44,Systolic BP,2016-09,mmHg
2276192,eGFR,85.87,LOINC: 33914-3,2013-06,mL/min/1.73m2
7584569,eGFR,83.99,Estimated GFR,2016-02,mL/min/1.73m2
6615944,eGFR,94.24,eGFR,2016-06,mL/min/1.73m2
1714877,eGFR,89.46,eGFR,2013-10,mL/min/1.73m2
56924477,HbA1c,4.75,Glycated haemoglobin,2013-10,%
2707769,eGFR,87.82,eGFR,2013-02,mL/min/1.73m2
15282416,SBP,117.42,Systolic BP,2012-12,mmHg
36102152,SBP,126.58,Systolic blood pressure,2014-10,mmHg
28091069,SBP,132.7,Systolic BP,2012-08,mmHg
10490969,SBP,118.95,Systolic BP,2015-01,mmHg
55135376,SBP,111.74,Systolic BP,2012-12,mmHg
6351344,SBP,119.9,SBP,2015-06,mmHg
11809037,SBP,147.13,Systolic blood pressure,2012-08,mmHg
19691801,HbA1c,4.85,HbA1c,2012-04,%
40428992,eGFR,90.18,LOINC: 33914-3,2015-05,mL/min/1.73m2
9494792,eGFR,77.94,Estimated GFR,2012-07,mL/min/1.73m2
16737401,eGFR,93.58,Estimated GFR,2015-09,mL/min/1.73m2
35645696,SBP,134.59,Systolic blood pressure,2016-04,mmHg
66750536,HbA1c,3.58,Hb A1c,2015-01,%
52442552,SBP,124.28,Systolic blood pressure,2013-02,mmHg
5362976,eGFR,88.38,LOINC: 33914-3,2016-03,mL/min/1.73m2
55418681,HbA1c,4.18,HbA1c,2015-01,%
30605177,eGFR,78.57,Estimated GFR,2013-04,mL/min/1.73m2
20000441,SBP,150.06,Systolic blood pressure,2016-03,mmHg
1538237,eGFR,77.71,LOINC: 33914-3,2014-12,mL/min/1.73m2
3723257,eGFR,83.95,Estimated GFR,2012-01,mL/min/1.73m2
4598201,eGFR,86.92,LOINC: 33914-3,2015-12,mL/min/1.73m2
58159496,HbA1c,5.95,HbA1c,2016-04,%
38578457,eGFR,86.32,LOINC: 33914-3,2014-12,mL/min/1.73m2
21983816,eGFR,74.61,eGFR,2013-02,mL/min/1.73m2
36456857,HbA1c,2.89,Glycated haemoglobin,2015-11,%
52542944,SBP,128.49,Systolic blood pressure,2014-05,mmHg
13610969,HbA1c,5.32,Glycated haemoglobin,2016-07,%
29673344,HbA1c,4.51,Hb A1c,2015-09,%
27816344,eGFR,85.24,Estimated GFR,2016-03,mL/min/1.73m2
777512,eGFR,76.37,Estimated GFR,2015-02,mL/min/1.73m2
63645977,eGFR,84.32,LOINC: 33914-3,2013-12,mL/min/1.73m2
36352352,HbA1c,4.35,HbA1c,2013-06,%
1428569,HbA1c,5.73,Glycated haemoglobin,2014-08,%
42413069,SBP,107.64,SBP,2013-02,mmHg
1240616,SBP,121.85,Systolic blood pressure,2016-03,mmHg
36519632,SBP,126.33,SBP,2015-12,mmHg
5275097,eGFR,95.07,Estimated GFR,2016-10,mL/min/1.73m2
12917144,SBP,115.35,Systolic BP,2015-07,mmHg
57763901,HbA1c,4.91,Glycated haemoglobin,2016-03,%
47473721,HbA1c,4.78,Hb A1c,2013-03,%
16050176,SBP,142.45,Systolic BP,2012-09,mmHg
50676569,SBP,106.12,SBP,2016-06,mmHg
917696,SBP,117.25,Systolic blood pressure,2016-09,mmHg
16133552,eGFR,90.4,eGFR,2015-06,mL/min/1.73m2
2747816,SBP,121.34,Systolic blood pressure,2013-07,mmHg
49939469,HbA1c,4.99,Glycated haemoglobin,2012-02,%
20687897,HbA1c,3.94,HbA1c,2014-09,%
10853081,SBP,120.71,SBP,2012-01,mmHg
7217072,HbA1c,5.15,Hb A1c,2015-05,%
37108136,eGFR,87.86,eGFR,2012-09,mL/min/1.73m2
8247161,SBP,127.74,Systolic blood pressure,2015-04,mmHg
2910944,HbA1c,4.5,Glycated haemoglobin,2015-01,%
66920456,SBP,134.93,Systolic BP,2014-04,mmHg
11314361,HbA1c,4.8,Hb A1c,2016-07,%
18870461,SBP,142.34,Systolic blood pressure,2014-02,mmHg
170201,SBP,128.83,Systolic BP,2012-10,mmHg
45186752,HbA1c,5.78,Hb A1c,2014-08,%
27743312,SBP,145.1,SBP,2016-07,mmHg
20062457,HbA1c,4.1,HbA1c,2015-07,%
2183096,HbA1c,30.06,HbA1c,2013-01,mmol/mol
10944569,eGFR,93.55,Estimated GFR,2015-09,mL/min/1.73m2
1217576,eGFR,95.05,Estimated GFR,2014-02,mL/min/1.73m2
1592,HbA1c,6.47,HbA1c,2014-01,%
17323496,SBP,139.04,SBP,2016-09,mmHg
1778969,SBP,157.68,SBP,2012-03,mmHg
12289997,HbA1c,4.88,Hb A1c,2016-09,%
1598969,SBP,100.07,SBP,2013-09,mmHg
20988344,HbA1c,4.71,Glycated haemoglobin,2015-01,%
51792344,HbA1c,3.99,Glycated haemoglobin,2013-11,%
11619341,HbA1c,4.81,Glycated haemoglobin,2012-03,%
23486681,SBP,135.1,SBP,2013-06,mmHg
6607037,HbA1c,6.74,HbA1c,2013-06,%
14626061,HbA1c,5.55,Hb A1c,2015-11,%
729416,eGFR,83.21,LOINC: 33914-3,2013-06,mL/min/1.73m2
12000269,SBP,105.39,Systolic blood pressure,2015-10,mmHg
64172144,SBP,143.72,Systolic blood pressure,2015-03,mmHg
8078912,eGFR,84.37,eGFR,2016-03,mL/min/1.73m2
2208761,eGFR,90.43,LOINC: 33914-3,2014-09,mL/min/1.73m2
5211641,HbA1c,6.13,Glycated haemoglobin,2013-02,%
1315001,SBP,146.13,Systolic BP,2013-04,mmHg
51195752,SBP,160.37,SBP,2016-03,mmHg
2307656,SBP,134.83,Systolic BP,2016-02,mmHg
152144,eGFR,82.61,eGFR,2015-06,mL/min/1.73m2
66270269,HbA1c,4.52,Glycated haemoglobin,2012-06,%
15821,eGFR,85.34,eGFR,2013-12,mL/min/1.73m2
10003097,HbA1c,5.5,HbA1c,2014-04,%
6247016,eGFR,88.31,Estimated GFR,2013-11,mL/min/1.73m2
281177,SBP,100.2,Systolic BP,2015-12,mmHg
144152,eGFR,94.95,LOINC: 33914-3,2016-12,mL/min/1.73m2
52417469,eGFR,85.16,Estimated GFR,2012-12,mL/min/1.73m2
4930841,SBP,134.3,SBP,2012-09,mmHg
17613056,HbA1c,5.81,HbA1c,2015-04,%
38901872,HbA1c,4.93,Glycated haemoglobin,2015-11,%
7096601,SBP,112.46,SBP,2012-12,mmHg
22506632,HbA1c,4.83,Hb A1c,2015-09,%
5622752,HbA1c,4.6,HbA1c,2015-02,%
44192,HbA1c,5.04,Glycated haemoglobin,2012-09,%
7805576,HbA1c,4.57,HbA1c,2012-02,%
38686112,HbA1c,4.56,Glycated haemoglobin,2014-03,%
21051872,SBP,130.78,Systolic BP,2015-01,mmHg
41292569,SBP,122.06,Systolic BP,2014-05,mmHg
25614521,eGFR,89.97,LOINC: 33914-3,2014-01,mL/min/1.73m2
3164456,HbA1c,7.7,HbA1c,2016-12,%
66722237,SBP,115.03,SBP,2016-03,mmHg
4078937,HbA1c,5.65,Glycated haemoglobin,2012-12,%
14679101,SBP,126.89,SBP,2014-06,mmHg
11105597,SBP,150.93,SBP,2013-11,mmHg
8803376,HbA1c,4.86,Glycated haemoglobin,2015-03,%
39074912,eGFR,86.2,LOINC: 33914-3,2012-11,mL/min/1.73m2
52995896,SBP,120.03,Systolic BP,2012-08,mmHg
22326221,SBP,134.9,SBP,2014-02,mmHg
5054681,SBP,120.59,Systolic BP,2016-11,mmHg
26231816,SBP,107.77,Systolic BP,2012-06,mmHg
317,eGFR,86.53,LOINC: 33914-3,2012-07,mL/min/1.73m2
1612136,HbA1c,5.57,HbA1c,2016-02,%
10773344,eGFR,92.13,eGFR,2012-08,mL/min/1.73m2
45606872,HbA1c,5.53,Hb A1c,2013-12,%
28385597,eGFR,91.54,LOINC: 33914-3,2013-11,mL/min/1.73m2
43754552,SBP,129.68,SBP,2014-11,mmHg
31124792,SBP,130.67,SBP,2015-09,mmHg
22358969,SBP,123.44,SBP,2015-05,mmHg
10345616,SBP,149.25,Systolic BP,2016-07,mmHg
13906496,SBP,129.28,SBP,2014-01,mmHg
56220992,SBP,128.18,SBP,2015-03,mmHg
2594969,SBP,156.25,SBP,2014-10,mmHg
48000269,HbA1c,3.64,Hb A1c,2014-06,%
28164557,eGFR,93.53,eGFR,2013-07,mL/min/1.73m2
26178617,eGFR,91.83,Estimated GFR,2016-04,mL/min/1.73m2
12302144,SBP,121.04,SBP,2015-01,mmHg
72354032,HbA1c,4.75,Hb A1c,2014-01,%
27852896,SBP,132.54,SBP,2013-11,mmHg
12854969,SBP,155.81,Systolic BP,2013-02,mmHg
54468632,eGFR,90.53,LOINC: 33914-3,2014-10,mL/min/1.73m2
178877,HbA1c,4.84,Hb A1c,2016-05,%
28755917,eGFR,78.92,LOINC: 33914-3,2012-07,mL/min/1.73m2
4480121,HbA1c,5.4,HbA1c,2016-05,%
5314952,HbA1c,4.99,Glycated haemoglobin,2012-03,%
21483197,HbA1c,4.9,Hb A1c,2016-09,%
5031344,SBP,106.29,Systolic blood pressure,2014-02,mmHg
27289037,SBP,140.08,Systolic blood pressure,2014-10,mmHg
27343352,HbA1c,5.26,Glycated haemoglobin,2016-06,%
4598201,HbA1c,5.16,HbA1c,2012-07,%
3364712,SBP,87.76,Systolic BP,2013-04,mmHg
433469,SBP,131.36,Systolic blood pressure,2013-06,mmHg
66835469,SBP,134.96,Systolic blood pressure,2012-03,mmHg
3723257,HbA1c,5.74,HbA1c,2015-06,%
52541,HbA1c,6.5,HbA1c,2013-01,%
44699069,HbA1c,35.17,Glycated haemoglobin,2013-12,mmol/mol
703037,HbA1c,5.24,Glycated haemoglobin,2013-07,%
11326016,HbA1c,4.71,Glycated haemoglobin,2012-07,%
7584569,SBP,113.81,Systolic blood pressure,2015-09,mmHg
73775312,SBP,128.19,SBP,2012-06,mmHg
2446496,SBP,125.11,Systolic blood pressure,2012-06,mmHg
1279496,eGFR,100.16,eGFR,2016-06,mL/min/1.73m2
30051944,eGFR,85.39,Estimated GFR,2012-06,mL/min/1.73m2
45256637,HbA1c,30.8,Glycated haemoglobin,2016-04,mmol/mol
3824192,HbA1c,5.32,Glycated haemoglobin,2014-06,%
14179097,HbA1c,4.07,Glycated haemoglobin,2012-04,%
68918816,SBP,139.09,SBP,2015-10,mmHg
27397721,SBP,121.72,SBP,2016-04,mmHg
4198736,SBP,121.67,SBP,2012-05,mmHg
19187792,HbA1c,5.36,Glycated haemoglobin,2014-03,%
3892232,SBP,127.63,SBP,2012-07,mmHg
56819981,HbA1c,3.98,Hb A1c,2014-08,%
20609192,SBP,130.69,SBP,2016-04,mmHg
944432,HbA1c,5.0,Glycated haemoglobin,2014-06,%
6500621,eGFR,81.0,eGFR,2013-01,mL/min/1.73m2
10123976,SBP,120.16,Systolic BP,2015-07,mmHg
7699481,SBP,107.87,Systolic blood pressure,2013-08,mmHg
39422144,HbA1c,6.4,HbA1c,2014-04,%
29222192,eGFR,66.65,LOINC: 33914-3,2015-08,mL/min/1.73m2
39967769,SBP,123.89,Systolic BP,2012-05,mmHg
43024376,HbA1c,4.13,Glycated haemoglobin,2014-10,%
4428944,SBP,138.29,SBP,2015-08,mmHg
9709472,SBP,126.31,Systolic BP,2012-01,mmHg
47116376,SBP,123.13,Systolic blood pressure,2016-06,mmHg
20687897,SBP,129.54,Systolic BP,2013-09,mmHg
47880344,SBP,122.22,Systolic blood pressure,2016-01,mmHg
8407097,HbA1c,5.11,HbA1c,2012-06,%
141536,HbA1c,4.27,Hb A1c,2014-10,%
14573117,HbA1c,4.44,HbA1c,2012-02,%
5483981,SBP,141.51,SBP,2015-01,mmHg
13559897,eGFR,90.06,LOINC: 33914-3,2014-01,mL/min/1.73m2
25649597,eGFR,96.93,LOINC: 33914-3,2013-05,mL/min/1.73m2
7310432,HbA1c,4.82,Glycated haemoglobin,2014-06,%
34395257,SBP,142.46,Systolic blood pressure,2013-12,mmHg
40915016,SBP,171.88,Systolic BP,2015-10,mmHg
74760461,SBP,137.98,Systolic BP,2015-03,mmHg
575801,eGFR,90.21,Estimated GFR,2016-02,mL/min/1.73m2
100736,SBP,125.78,Systolic blood pressure,2014-10,mmHg
303641,HbA1c,4.92,Glycated haemoglobin,2012-04,%
63950336,eGFR,96.29,LOINC: 33914-3,2013-08,mL/min/1.73m2
624077,eGFR,80.19,eGFR,2016-03,mL/min/1.73m2
13893581,SBP,112.1,Systolic BP,2015-03,mmHg
33286952,SBP,124.83,Systolic BP,2016-05,mmHg
1307069,eGFR,88.32,Estimated GFR,2013-11,mL/min/1.73m2
14141,HbA1c,5.67,Glycated haemoglobin,2016-07,%
33366944,HbA1c,5.62,Hb A1c,2016-03,%
38299256,eGFR,88.4,Estimated GFR,2014-08,mL/min/1.73m2
957944,SBP,108.01,SBP,2016-05,mmHg
50061944,HbA1c,5.03,Glycated haemoglobin,2015-12,%
9569657,eGFR,82.56,eGFR,2012-05,mL/min/1.73m2
14945741,HbA1c,5.14,HbA1c,2013-02,%
10784717,SBP,132.67,Systolic BP,2015-03,mmHg
2007641,HbA1c,4.77,Hb A1c,2012-02,%
1755944,eGFR,95.55,LOINC: 33914-3,2012-05,mL/min/1.73m2
34212656,eGFR,91.2,LOINC: 33914-3,2012-05,mL/min/1.73m2
47545352,eGFR,94.44,Estimated GFR,2013-04,mL/min/1.73m2
35790617,eGFR,78.32,LOINC: 33914-3,2014-02,mL/min/1.73m2
59461181,SBP,129.76,Systolic BP,2014-03,mmHg
204632,eGFR,84.23,LOINC: 33914-3,2014-03,mL/min/1.73m2
110861,SBP,109.19,SBP,2012-05,mmHg
17525936,eGFR,91.7,LOINC: 33914-3,2013-10,mL/min/1.73m2
4376,eGFR,88.1,eGFR,2016-06,mL/min/1.73m2
34293752,HbA1c,6.46,Glycated haemoglobin,2014-08,%
9644816,HbA1c,4.01,Hb A1c,2014-09,%
29297144,SBP,127.86,Systolic blood pressure,2016-10,mmHg
123896,SBP,141.16,Systolic BP,2015-08,mmHg
42503357,SBP,99.16,SBP,2012-06,mmHg
2539469,HbA1c,6.31,Glycated haemoglobin,2015-07,%
21115496,eGFR,84.87,Estimated GFR,2016-02,mL/min/1.73m2
6368816,HbA1c,4.99,Hb A1c,2012-02,%
1701296,SBP,102.71,Systolic blood pressure,2014-08,mmHg
1069496,eGFR,82.43,LOINC: 33914-3,2014-11,mL/min/1.73m2
43571432,HbA1c,4.61,HbA1c,2014-06,%
37978361,SBP,141.46,Systolic blood pressure,2012-01,mmHg
3396557,eGFR,81.26,LOINC: 33914-3,2012-12,mL/min/1.73m2
3158297,HbA1c,5.05,HbA1c,2014-07,%
17802557,HbA1c,20.43,Hb A1c,2013-01,mmol/mol
54981152,eGFR,84.92,LOINC: 33914-3,2014-07,mL/min/1.73m2
10558397,HbA1c,3.9,HbA1c,2014-07,%
2952461,SBP,132.21,Systolic blood pressure,2012-11,mmHg
927677,eGFR,92.92,eGFR,2013-08,mL/min/1.73m2
1774352,eGFR,84.95,eGFR,2014-02,mL/min/1.73m2
10513421,eGFR,88.35,Estimated GFR,2012-04,mL/min/1.73m2
7805576,eGFR,86.06,LOINC: 33914-3,2013-12,mL/min/1.73m2
14905592,SBP,107.25,Systolic BP,2016-07,mmHg
32512061,eGFR,82.38,eGFR,2013-07,mL/min/1.73m2
904472,SBP,122.52,Systolic blood pressure,2016-08,mmHg
34905032,HbA1c,4.95,HbA1c,2014-10,%
5672144,eGFR,84.54,LOINC: 33914-3,2016-10,mL/min/1.73m2
35048441,SBP,152.06,Systolic BP,2016-06,mmHg
2742077,eGFR,79.61,Estimated GFR,2015-02,mL/min/1.73m2
34293752,eGFR,87.0,LOINC: 33914-3,2016-03,mL/min/1.73m2
10659944,eGFR,79.84,LOINC: 33914-3,2016-05,mL/min/1.73m2
26946296,SBP,124.91,SBP,2012-06,mmHg
38192141,eGFR,97.51,Estimated GFR,2014-05,mL/min/1.73m2
783632,HbA1c,4.79,Hb A1c,2016-04,%
6535997,eGFR,80.79,LOINC: 33914-3,2014-04,mL/min/1.73m2
7641917,SBP,140.77,Systolic blood pressure,2014-06,mmHg
3333017,SBP,132.39,Systolic blood pressure,2016-12,mmHg
438041,HbA1c,4.19,Glycated haemoglobin,2014-07,%
5647421,HbA1c,4.68,Glycated haemoglobin,2016-02,%
55935641,eGFR,90.54,Estimated GFR,2015-12,mL/min/1.73m2
7931897,HbA1c,27.98,HbA1c,2016-06,mmol/mol
16779944,SBP,143.55,Systolic blood pressure,2016-01,mmHg
30586016,SBP,122.9,Systolic BP,2014-07,mmHg
62929469,HbA1c,5.1,HbA1c,2014-11,%
4128056,HbA1c,3.69,Hb A1c,2015-12,%
3341,HbA1c,5.02,Glycated haemoglobin,2012-04,%
63204569,HbA1c,4.35,Glycated haemoglobin,2012-04,%
29081,eGFR,89.01,LOINC: 33914-3,2013-02,mL/min/1.73m2
48457352,SBP,151.84,Systolic blood pressure,2016-12,mmHg
50282777,eGFR,87.24,Estimated GFR,2014-01,mL/min/1.73m2
53298944,eGFR,79.68,LOINC: 33914-3,2013-03,mL/min/1.73m2
25091261,SBP,130.95,SBP,2015-01,mmHg
904472,eGFR,83.89,eGFR,2015-10,mL/min/1.73m2
618617,HbA1c,4.17,Hb A1c,2013-03,%
4106969,eGFR,76.48,Estimated GFR,2012-08,mL/min/1.73m2
1453517,eGFR,88.91,LOINC: 33914-3,2013-09,mL/min/1.73m2
1091096,SBP,114.11,Systolic BP,2013-09,mmHg
22293497,eGFR,85.32,LOINC: 33914-3,2012-11,mL/min/1.73m2
24180032,HbA1c,4.17,HbA1c,2015-01,%
2297,SBP,131.99,SBP,2013-10,mmHg
37150352,eGFR,77.84,LOINC: 33914-3,2014-04,mL/min/1.73m2
1973432,eGFR,95.85,LOINC: 33914-3,2014-04,mL/min/1.73m2
8937497,SBP,109.75,SBP,2014-03,mmHg
8447321,HbA1c,4.85,Glycated haemoglobin,2016-02,%
45700496,HbA1c,5.7,Glycated haemoglobin,2012-12,%
365672,eGFR,75.46,LOINC: 33914-3,2012-10,mL/min/1.73m2
720569,SBP,121.71,Systolic blood pressure,2015-03,mmHg
6669512,SBP,130.62,Systolic BP,2016-10,mmHg
3756752,HbA1c,6.81,Glycated haemoglobin,2016-05,%
39356921,SBP,130.59,Systolic BP,2012-02,mmHg
14639312,SBP,121.83,SBP,2015-05,mmHg
3307769,SBP,124.53,Systolic BP,2016-03,mmHg
14559896,SBP,99.24,Systolic BP,2013-10,mmHg
4785776,eGFR,67.91,eGFR,2012-01,mL/min/1.73m2
11536832,eGFR,77.53,LOINC: 33914-3,2013-11,mL/min/1.73m2
43434344,HbA1c,4.14,Hb A1c,2012-08,%
233792,HbA1c,4.42,HbA1c,2015-12,%
71092541,SBP,117.37,Systolic blood pressure,2016-05,mmHg
299837,eGFR,80.55,Estimated GFR,2013-10,mL/min/1.73m2
3333017,eGFR,74.51,Estimated GFR,2015-03,mL/min/1.73m2
41895776,SBP,107.59,Systolic BP,2012-10,mmHg
8609177,eGFR,82.66,Estimated GFR,2015-02,mL/min/1.73m2
7105832,HbA1c,5.6,HbA1c,2013-05,%
28718777,eGFR,85.16,LOINC: 33914-3,2012-06,mL/min/1.73m2
14139992,eGFR,81.47,LOINC: 33914-3,2012-10,mL/min/1.73m2
14812121,HbA1c,5.06,HbA1c,2012-10,%
36855344,SBP,118.74,Systolic blood pressure,2015-03,mmHg
46571069,SBP,138.01,Systolic BP,2013-05,mmHg
35171597,eGFR,83.36,eGFR,2013-02,mL/min/1.73m2
32868569,eGFR,76.01,Estimated GFR,2014-03,mL/min/1.73m2
25702256,HbA1c,5.8,Hb A1c,2014-05,%
1307069,HbA1c,4.56,Hb A1c,2013-04,%
1469,eGFR,90.43,LOINC: 33914-3,2014-02,mL/min/1.73m2
32098592,SBP,109.19,Systolic BP,2012-10,mmHg
10875917,SBP,128.85,Systolic blood pressure,2016-11,mmHg
53248376,SBP,147.62,Systolic BP,2014-11,mmHg
74610776,SBP,136.45,Systolic BP,2014-06,mmHg
1572797,SBP,140.74,Systolic BP,2014-11,mmHg
34557977,eGFR,94.01,Estimated GFR,2013-10,mL/min/1.73m2
8346941,HbA1c,3.35,HbA1c,2015-11,%
37531376,eGFR,79.55,eGFR,2012-10,mL/min/1.73m2
29976032,HbA1c,3.77,Hb A1c,2016-02,%
53197832,eGFR,96.45,eGFR,2012-11,mL/min/1.73m2
7357337,HbA1c,6.53,HbA1c,2013-05,%
47569241,HbA1c,27.65,Hb A1c,2015-07,mmol/mol
1146041,SBP,119.48,SBP,2012-12,mmHg
5813261,eGFR,87.3,Estimated GFR,2016-09,mL/min/1.73m2
2302397,HbA1c,4.92,Hb A1c,2013-04,%
15093416,eGFR,73.13,eGFR,2012-07,mL/min/1.73m2
16203197,eGFR,93.55,LOINC: 33914-3,2013-01,mL/min/1.73m2
6057992,HbA1c,4.57,HbA1c,2015-04,%
34374944,eGFR,85.8,LOINC: 33914-3,2016-04,mL/min/1.73m2
20640656,eGFR,76.42,Estimated GFR,2014-04,mL/min/1.73m2
23671712,HbA1c,4.99,HbA1c,2012-08,%
3195341,SBP,112.35,Systolic blood pressure,2012-08,mmHg
3933344,HbA1c,5.19,Glycated haemoglobin,2013-09,%
40033496,SBP,143.66,SBP,2015-11,mmHg
74281997,SBP,157.34,Systolic blood pressure,2014-02,mmHg
48989312,SBP,123.29,Systolic blood pressure,2014-10,mmHg
7902656,HbA1c,3.55,Hb A1c,2013-12,%
34517261,SBP,133.27,Systolic blood pressure,2012-06,mmHg
59835737,SBP,138.84,Systolic BP,2014-02,mmHg
30413837,eGFR,91.9,LOINC: 33914-3,2014-08,mL/min/1.73m2
19538381,eGFR,80.26,LOINC: 33914-3,2016-12,mL/min/1.73m2
54878456,SBP,132.85,SBP,2012-04,mmHg
11361017,SBP,131.36,Systolic blood pressure,2012-11,mmHg
13547144,SBP,127.26,Systolic blood pressure,2014-08,mmHg
1187192,SBP,118.26,Systolic blood pressure,2013-09,mmHg
1051661,HbA1c,5.04,HbA1c,2013-03,%
9720269,HbA1c,4.75,Glycated haemoglobin,2015-01,%
7651496,HbA1c,19.65,HbA1c,2012-05,mmol/mol
5314952,SBP,126.31,SBP,2015-04,mmHg
1963712,SBP,116.05,SBP,2012-02,mmHg
30146969,HbA1c,5.12,Hb A1c,2016-07,%
11070992,eGFR,90.5,Estimated GFR,2016-09,mL/min/1.73m2
50233661,SBP,126.14,Systolic blood pressure,2013-08,mmHg
12229352,eGFR,87.68,LOINC: 33914-3,2013-03,mL/min/1.73m2
25825337,HbA1c,6.46,Hb A1c,2016-11,%
12387341,SBP,146.74,SBP,2016-10,mmHg
1954016,HbA1c,4.49,Hb A1c,2016-01,%
16879421,eGFR,95.35,eGFR,2015-09,mL/min/1.73m2
1326944,eGFR,82.26,Estimated GFR,2014-12,mL/min/1.73m2
23874392,HbA1c,4.37,Hb A1c,2015-07,%
296,SBP,127.72,Systolic BP,2013-06,mmHg
21227069,eGFR,84.56,eGFR,2012-05,mL/min/1.73m2
31473632,eGFR,87.31,Estimated GFR,2015-09,mL/min/1.73m2
71121752,SBP,112.36,Systolic BP,2015-07,mmHg
39509192,SBP,131.47,Systolic BP,2014-04,mmHg
33487112,SBP,109.82,Systolic BP,2014-09,mmHg
50898752,HbA1c,5.27,Glycated haemoglobin,2015-03,%
378344,HbA1c,4.36,Hb A1c,2012-02,%
3947096,eGFR,86.72,Estimated GFR,2014-08,mL/min/1.73m2
24032,eGFR,79.94,eGFR,2012-11,mL/min/1.73m2
27488456,HbA1c,40.11,Hb A1c,2013-07,mmol/mol
5379032,HbA1c,6.09,Glycated haemoglobin,2014-07,%
32314841,HbA1c,26.88,HbA1c,2015-08,mmol/mol
19233341,HbA1c,5.84,HbA1c,2015-01,%
60885344,eGFR,80.05,LOINC: 33914-3,2013-12,mL/min/1.73m2
61644536,HbA1c,3.78,Glycated haemoglobin,2016-04,%
26019344,HbA1c,5.42,Glycated haemoglobin,2013-01,%
27344,HbA1c,5.28,HbA1c,2013-10,%
66977144,HbA1c,5.13,Glycated haemoglobin,2015-06,%
8721344,eGFR,87.03,eGFR,2016-02,mL/min/1.73m2
10025021,eGFR,89.28,LOINC: 33914-3,2012-07,mL/min/1.73m2
28201337,SBP,142.21,SBP,2012-07,mmHg
1769741,SBP,120.64,SBP,2014-06,mmHg
16553672,SBP,97.81,SBP,2012-11,mmHg
32334536,SBP,146.52,Systolic blood pressure,2012-05,mmHg
29053901,eGFR,83.13,LOINC: 33914-3,2013-12,mL/min/1.73m2
27506621,eGFR,93.73,eGFR,2016-10,mL/min/1.73m2
65314937,SBP,114.64,Systolic blood pressure,2014-01,mmHg
44421581,HbA1c,6.01,Hb A1c,2013-05,%
37701344,HbA1c,5.17,HbA1c,2016-01,%
2539469,eGFR,85.99,Estimated GFR,2016-05,mL/min/1.73m2
6386312,HbA1c,5.34,HbA1c,2015-04,%
4099952,SBP,105.74,Systolic blood pressure,2012-01,mmHg
20499257,eGFR,89.22,LOINC: 33914-3,2013-03,mL/min/1.73m2
11326016,SBP,140.93,SBP,2012-06,mmHg
1248344,HbA1c,5.33,Glycated haemoglobin,2013-12,%
5730041,HbA1c,4.68,Glycated haemoglobin,2014-02,%
355277,eGFR,80.8,eGFR,2014-09,mL/min/1.73m2
1367144,eGFR,89.83,eGFR,2012-06,mL/min/1.73m2
67545344,HbA1c,4.28,HbA1c,2013-04,%
13318616,HbA1c,46.6,Hb A1c,2012-02,mmol/mol
54724592,SBP,128.91,SBP,2014-11,mmHg
49134896,eGFR,96.7,LOINC: 33914-3,2012-03,mL/min/1.73m2
4472792,eGFR,92.71,LOINC: 33914-3,2016-08,mL/min/1.73m2
17337917,SBP,112.39,Systolic blood pressure,2013-03,mmHg
63618344,eGFR,85.15,eGFR,2012-03,mL/min/1.73m2
18302969,SBP,118.44,Systolic blood pressure,2014-11,mmHg
8548301,eGFR,88.72,LOINC: 33914-3,2016-03,mL/min/1.73m2
39836477,SBP,110.67,Systolic BP,2015-03,mmHg
21131417,eGFR,88.96,Estimated GFR,2016-07,mL/min/1.73m2
59782157,HbA1c,4.41,Glycated haemoglobin,2013-10,%
7766912,eGFR,79.49,LOINC: 33914-3,2016-02,mL/min/1.73m2
73092557,HbA1c,5.52,Glycated haemoglobin,2014-10,%
23604344,eGFR,81.78,Estimated GFR,2014-04,mL/min/1.73m2
2017469,HbA1c,6.87,HbA1c,2016-03,%
9904736,SBP,156.79,SBP,2015-07,mmHg
43617176,eGFR,92.13,eGFR,2013-05,mL/min/1.73m2
3341,eGFR,88.86,eGFR,2015-05,mL/min/1.73m2
40826432,HbA1c,4.49,Glycated haemoglobin,2012-03,%
6100697,eGFR,86.19,Estimated GFR,2014-08,mL/min/1.73m2
13016936,SBP,112.08,Systolic blood pressure,2015-04,mmHg
53147312,SBP,127.19,SBP,2012-12,mmHg
28774496,eGFR,86.87,LOINC: 33914-3,2012-03,mL/min/1.73m2
25004576,SBP,135.91,Systolic blood pressure,2012-08,mmHg
13230269,eGFR,80.31,Estimated GFR,2014-04,mL/min/1.73m2
33527216,HbA1c,7.34,Hb A1c,2015-11,%
2702072,HbA1c,22.84,Hb A1c,2015-07,mmol/mol
8906456,eGFR,82.75,eGFR,2012-07,mL/min/1.73m2
32531816,HbA1c,4.86,Glycated haemoglobin,2015-04,%
39139901,SBP,124.69,Systolic BP,2015-08,mmHg
8978969,SBP,138.86,SBP,2016-10,mmHg
914381,HbA1c,5.06,Glycated haemoglobin,2016-10,%
39257,eGFR,81.6,eGFR,2013-12,mL/min/1.73m2
18540857,HbA1c,4.52,HbA1c,2015-03,%
35977376,SBP,132.12,SBP,2014-08,mmHg
65063216,SBP,124.56,Systolic BP,2014-06,mmHg
57264752,HbA1c,5.05,Glycated haemoglobin,2013-05,%
4356344,HbA1c,5.41,Hb A1c,2015-09,%
9062201,HbA1c,5.35,Hb A1c,2016-04,%
22737296,eGFR,91.08,Estimated GFR,2013-10,mL/min/1.73m2
72206777,SBP,157.33,Systolic BP,2012-12,mmHg
20624921,HbA1c,6.41,Hb A1c,2015-05,%
19036352,SBP,118.39,Systolic blood pressure,2016-11,mmHg
1696781,HbA1c,4.49,Glycated haemoglobin,2013-09,%
35998157,SBP,121.66,Systolic blood pressure,2012-07,mmHg
49183472,SBP,124.56,SBP,2012-07,mmHg
24590576,HbA1c,7.47,Hb A1c,2012-09,%
7059737,eGFR,83.17,LOINC: 33914-3,2016-08,mL/min/1.73m2
12991952,HbA1c,3.82,Hb A1c,2014-01,%
26249561,HbA1c,3.43,Glycated haemoglobin,2014-11,%
32039741,HbA1c,5.87,HbA1c,2012-11,%
28626032,SBP,97.45,SBP,2013-02,mmHg
14414861,eGFR,84.29,eGFR,2013-04,mL/min/1.73m2
10179161,SBP,132.45,Systolic BP,2012-08,mmHg
1240616,eGFR,84.5,eGFR,2012-12,mL/min/1.73m2
12731069,SBP,112.38,SBP,2015-06,mmHg
10323344,eGFR,83.45,LOINC: 33914-3,2012-07,mL/min/1.73m2
20672144,eGFR,87.16,eGFR,2012-11,mL/min/1.73m2
9904736,HbA1c,6.81,Glycated haemoglobin,2013-09,%
68258969,HbA1c,4.82,Hb A1c,2016-10,%
50061944,SBP,138.12,SBP,2016-12,mmHg
8387021,eGFR,84.96,Estimated GFR,2012-11,mL/min/1.73m2
5813261,SBP,95.8,Systolic BP,2012-04,mmHg
12557,eGFR,86.44,Estimated GFR,2015-10,mL/min/1.73m2
17817176,eGFR,88.36,Estimated GFR,2014-12,mL/min/1.73m2
13751912,eGFR,88.47,Estimated GFR,2014-10,mL/min/1.73m2
1891577,eGFR,80.81,Estimated GFR,2016-06,mL/min/1.73m2
43892144,eGFR,84.63,LOINC: 33914-3,2013-12,mL/min/1.73m2
884816,SBP,108.57,Systolic BP,2013-02,mmHg
2387261,SBP,108.02,SBP,2013-06,mmHg
40362941,eGFR,91.05,LOINC: 33914-3,2014-03,mL/min/1.73m2
688592,eGFR,95.29,eGFR,2013-04,mL/min/1.73m2
57107576,eGFR,84.94,eGFR,2013-02,mL/min/1.73m2
39770912,SBP,126.71,Systolic BP,2012-01,mmHg
55757,eGFR,83.51,Estimated GFR,2016-03,mL/min/1.73m2
12657017,eGFR,79.96,LOINC: 33914-3,2014-06,mL/min/1.73m2
11349344,eGFR,95.9,LOINC: 33914-3,2014-06,mL/min/1.73m2
67630781,eGFR,92.28,eGFR,2012-09,mL/min/1.73m2
735344,HbA1c,23.16,HbA1c,2016-07,mmol/mol
35912,SBP,91.54,Systolic BP,2016-07,mmHg
292301,HbA1c,6.94,HbA1c,2013-10,%
5000312,HbA1c,5.64,HbA1c,2015-09,%
23302376,SBP,119.91,Systolic blood pressure,2016-09,mmHg
3189152,HbA1c,4.16,Glycated haemoglobin,2016-10,%
862157,HbA1c,5.48,Hb A1c,2016-06,%
2578256,eGFR,81.0,eGFR,2012-07,mL/min/1.73m2
5788232,SBP,120.47,Systolic BP,2015-01,mmHg
2208761,SBP,118.55,Systolic BP,2012-12,mmHg
71414192,eGFR,68.65,eGFR,2013-04,mL/min/1.73m2
64422137,HbA1c,5.09,Glycated haemoglobin,2012-05,%
35707769,SBP,122.88,Systolic BP,2013-09,mmHg
73894376,HbA1c,4.85,Hb A1c,2013-07,%
2792,eGFR,90.3,eGFR,2014-11,mL/min/1.73m2
28496,eGFR,74.04,Estimated GFR,2015-05,mL/min/1.73m2
37786472,eGFR,93.5,Estimated GFR,2016-03,mL/min/1.73m2
51394232,SBP,116.52,Systolic BP,2013-09,mmHg
9687896,HbA1c,6.32,Glycated haemoglobin,2016-01,%
9462797,eGFR,78.83,eGFR,2016-05,mL/min/1.73m2
5117177,HbA1c,4.45,Glycated haemoglobin,2013-03,%
26856461,SBP,109.48,Systolic BP,2013-05,mmHg
14467517,eGFR,85.19,LOINC: 33914-3,2016-08,mL/min/1.73m2
19218152,HbA1c,4.04,Hb A1c,2016-10,%
41136896,eGFR,89.0,LOINC: 33914-3,2016-04,mL/min/1.73m2
6238361,HbA1c,4.78,HbA1c,2016-02,%
1087481,eGFR,93.52,LOINC: 33914-3,2013-10,mL/min/1.73m2
26802632,HbA1c,4.74,HbA1c,2015-12,%
4480121,eGFR,92.4,eGFR,2016-01,mL/min/1.73m2
13369232,HbA1c,3.82,Glycated haemoglobin,2016-10,%
20373977,eGFR,95.21,eGFR,2013-05,mL/min/1.73m2
46429337,SBP,94.35,Systolic BP,2013-11,mmHg
2066969,eGFR,87.74,eGFR,2013-01,mL/min/1.73m2
74580857,HbA1c,4.5,Glycated haemoglobin,2013-09,%
7941656,eGFR,83.72,LOINC: 33914-3,2012-12,mL/min/1.73m2
10190216,SBP,124.41,Systolic blood pressure,2013-06,mmHg
42232781,eGFR,87.95,eGFR,2015-10,mL/min/1.73m2
69581,SBP,123.61,Systolic blood pressure,2013-12,mmHg
1958861,SBP,133.05,Systolic BP,2016-11,mmHg
1346969,eGFR,78.36,eGFR,2016-08,mL/min/1.73m2
30624344,HbA1c,4.1,Glycated haemoglobin,2013-02,%
8896121,SBP,123.18,Systolic BP,2013-03,mmHg
71355656,SBP,115.63,Systolic BP,2014-07,mmHg
24814397,HbA1c,5.04,Hb A1c,2016-07,%
2307656,HbA1c,6.4,Glycated haemoglobin,2012-12,%
404336,eGFR,80.19,LOINC: 33914-3,2013-01,mL/min/1.73m2
708857,eGFR,81.92,Estimated GFR,2013-09,mL/min/1.73m2
26338376,eGFR,87.09,eGFR,2013-09,mL/min/1.73m2
17395661,SBP,128.87,SBP,2015-01,mmHg
1221401,HbA1c,4.92,Hb A1c,2014-06,%
3097037,eGFR,85.58,Estimated GFR,2012-05,mL/min/1.73m2
22277144,eGFR,84.3,LOINC: 33914-3,2016-02,mL/min/1.73m2
30490301,SBP,127.98,Systolic BP,2014-10,mmHg
53729741,HbA1c,4.86,HbA1c,2012-07,%
57448397,HbA1c,4.61,Hb A1c,2012-12,%
20940761,HbA1c,6.7,Glycated haemoglobin,2015-09,%
12314297,eGFR,76.57,LOINC: 33914-3,2012-08,mL/min/1.73m2
18496136,HbA1c,4.71,Hb A1c,2013-08,%
49646141,SBP,122.24,Systolic BP,2016-12,mmHg
16794137,eGFR,83.49,LOINC: 33914-3,2015-02,mL/min/1.73m2
44583344,HbA1c,5.04,Hb A1c,2013-06,%
1925072,SBP,157.17,SBP,2013-02,mmHg
5855096,eGFR,85.8,eGFR,2015-01,mL/min/1.73m2
9240344,SBP,113.48,Systolic BP,2013-08,mmHg
8906456,HbA1c,5.24,Hb A1c,2016-11,%
30280256,SBP,154.76,Systolic BP,2014-05,mmHg
7133561,HbA1c,4.61,HbA1c,2014-05,%
54060344,eGFR,80.43,Estimated GFR,2014-01,mL/min/1.73m2
51543344,SBP,120.44,Systolic blood pressure,2016-08,mmHg
23705432,SBP,165.69,Systolic blood pressure,2016-09,mmHg
29259656,SBP,125.52,SBP,2014-10,mmHg
36569,SBP,108.12,Systolic blood pressure,2015-10,mmHg
5763257,HbA1c,4.91,Hb A1c,2012-02,%
12132632,HbA1c,4.21,Glycated haemoglobin,2015-11,%
7892921,eGFR,88.44,Estimated GFR,2015-10,mL/min/1.73m2
6006944,eGFR,83.98,Estimated GFR,2015-05,mL/min/1.73m2
1728512,HbA1c,3.56,Glycated haemoglobin,2012-01,%
13803344,eGFR,78.72,Estimated GFR,2015-09,mL/min/1.73m2
3473597,eGFR,88.69,LOINC: 33914-3,2015-05,mL/min/1.73m2
17875712,SBP,145.8,Systolic blood pressure,2016-02,mmHg
17627597,HbA1c,5.39,Hb A1c,2012-04,%
54673352,HbA1c,5.52,HbA1c,2016-08,%
11801,SBP,141.32,Systolic blood pressure,2013-02,mmHg
60777272,HbA1c,4.0,HbA1c,2014-06,%
2229401,SBP,138.99,SBP,2016-07,mmHg
7565501,HbA1c,4.84,Hb A1c,2013-02,%
17294672,eGFR,75.42,LOINC: 33914-3,2015-12,mL/min/1.73m2
73805069,HbA1c,5.21,Hb A1c,2015-08,%
1436861,SBP,155.03,Systolic BP,2015-02,mmHg
5219552,HbA1c,4.38,Hb A1c,2012-09,%
8069069,SBP,116.94,Systolic blood pressure,2014-01,mmHg
2817152,SBP,139.77,Systolic BP,2016-09,mmHg
7357337,eGFR,87.54,Estimated GFR,2012-09,mL/min/1.73m2
34517261,HbA1c,5.41,Hb A1c,2016-12,%
27907769,SBP,118.04,Systolic BP,2015-02,mmHg
61807832,HbA1c,6.0,HbA1c,2012-03,%
43685837,SBP,111.29,Systolic BP,2015-10,mmHg
47808461,eGFR,81.98,LOINC: 33914-3,2013-04,mL/min/1.73m2
64979417,HbA1c,4.77,Glycated haemoglobin,2015-04,%
13004441,HbA1c,20.21,HbA1c,2016-06,mmol/mol
126344,SBP,120.32,SBP,2013-10,mmHg
54545357,SBP,125.1,Systolic blood pressure,2012-09,mmHg
2224232,HbA1c,5.46,Hb A1c,2012-03,%
65483021,HbA1c,4.63,Hb A1c,2013-05,%
266681,SBP,138.07,SBP,2014-11,mmHg
49305017,SBP,141.12,Systolic BP,2012-04,mmHg
28311821,HbA1c,5.36,HbA1c,2012-10,%
72236216,SBP,123.12,Systolic BP,2014-05,mmHg
11583944,HbA1c,4.89,HbA1c,2016-01,%
84941,SBP,135.7,Systolic BP,2016-03,mmHg
23035592,eGFR,87.98,eGFR,2015-04,mL/min/1.73m2
3967769,HbA1c,5.85,HbA1c,2012-09,%
26659352,SBP,123.47,SBP,2014-10,mmHg
13179917,eGFR,78.95,eGFR,2014-07,mL/min/1.73m2
23285657,HbA1c,3.97,HbA1c,2014-10,%
4861856,SBP,111.55,Systolic blood pressure,2015-02,mmHg
38492441,HbA1c,3.62,Hb A1c,2016-11,%
1469,HbA1c,5.69,Hb A1c,2012-12,%
25948712,SBP,131.9,Systolic blood pressure,2012-07,mmHg
57579752,eGFR,78.12,LOINC: 33914-3,2014-02,mL/min/1.73m2
42684221,SBP,116.33,Systolic BP,2016-07,mmHg
4030112,eGFR,83.94,LOINC: 33914-3,2014-01,mL/min/1.73m2
1811456,HbA1c,5.21,HbA1c,2013-06,%
54443069,SBP,123.29,Systolic blood pressure,2015-06,mmHg
39074912,HbA1c,6.0,Glycated haemoglobin,2013-07,%
369872,HbA1c,3.87,Glycated haemoglobin,2016-12,%
482672,HbA1c,4.0,Glycated haemoglobin,2016-05,%
60023456,HbA1c,5.31,Hb A1c,2013-03,%
7376141,eGFR,89.11,Estimated GFR,2012-04,mL/min/1.73m2
4831352,SBP,128.89,SBP,2013-06,mmHg
37901,eGFR,80.23,LOINC: 33914-3,2013-08,mL/min/1.73m2
25661,SBP,120.79,Systolic blood pressure,2014-05,mmHg
4590776,eGFR,83.89,LOINC: 33914-3,2016-12,mL/min/1.73m2
9774344,SBP,136.37,SBP,2015-03,mmHg
23453117,SBP,136.4,Systolic BP,2016-12,mmHg
357344,HbA1c,5.46,Glycated haemoglobin,2013-04,%
74521037,HbA1c,5.08,Glycated haemoglobin,2012-02,%
67090592,HbA1c,5.07,Hb A1c,2015-09,%
263117,eGFR,92.26,LOINC: 33914-3,2013-02,mL/min/1.73m2
5672144,HbA1c,4.41,Glycated haemoglobin,2016-03,%
701,eGFR,88.35,Estimated GFR,2015-07,mL/min/1.73m2
3912761,eGFR,91.91,Estimated GFR,2014-06,mL/min/1.73m2
40937177,eGFR,97.8,LOINC: 33914-3,2013-01,mL/min/1.73m2
19385561,SBP,118.85,Systolic blood pressure,2016-10,mmHg
12423944,SBP,126.05,Systolic BP,2012-08,mmHg
6465341,eGFR,85.18,eGFR,2015-06,mL/min/1.73m2
23942144,eGFR,67.14,eGFR,2013-12,mL/min/1.73m2
69668552,eGFR,90.58,eGFR,2014-02,mL/min/1.73m2
51071897,eGFR,88.86,LOINC: 33914-3,2015-01,mL/min/1.73m2
60238352,SBP,104.4,Systolic BP,2014-12,mmHg
34945976,eGFR,69.09,LOINC: 33914-3,2012-02,mL/min/1.73m2
18825344,eGFR,90.3,Estimated GFR,2015-02,mL/min/1.73m2
48553856,HbA1c,4.34,HbA1c,2013-11,%
66073016,eGFR,85.73,Estimated GFR,2016-04,mL/min/1.73m2
63811901,HbA1c,4.21,Hb A1c,2014-01,%
2822969,SBP,122.17,SBP,2016-11,mmHg
39053261,HbA1c,5.28,HbA1c,2014-05,%
2052056,HbA1c,3.95,Hb A1c,2014-12,%
2910944,eGFR,84.78,LOINC: 33914-3,2013-08,mL/min/1.73m2
5000312,eGFR,75.43,eGFR,2013-05,mL/min/1.73m2
11407769,SBP,137.56,Systolic blood pressure,2014-06,mmHg
72708056,HbA1c,4.91,Hb A1c,2014-04,%
10457336,eGFR,91.21,Estimated GFR,2015-09,mL/min/1.73m2
10234496,HbA1c,4.72,Glycated haemoglobin,2012-04,%
2297144,eGFR,86.8,Estimated GFR,2014-01,mL/min/1.73m2
52819517,HbA1c,5.84,Hb A1c,2013-02,%
72560441,SBP,103.41,Systolic BP,2014-09,mmHg
45233336,HbA1c,4.56,Hb A1c,2016-10,%
57842912,eGFR,92.99,LOINC: 33914-3,2014-07,mL/min/1.73m2
2506457,SBP,97.59,Systolic BP,2012-08,mmHg
58106672,HbA1c,3.65,HbA1c,2016-08,%
33007736,SBP,118.17,Systolic blood pressure,2012-12,mmHg
22065101,eGFR,93.0,Estimated GFR,2013-06,mL/min/1.73m2
56872217,eGFR,87.46,eGFR,2014-03,mL/min/1.73m2
1751357,SBP,126.82,Systolic BP,2014-03,mmHg
27597536,HbA1c,5.04,Hb A1c,2013-02,%
2759312,eGFR,71.01,eGFR,2016-06,mL/min/1.73m2
1453517,SBP,116.46,SBP,2015-12,mmHg
7022969,SBP,119.86,Systolic BP,2013-08,mmHg
44954192,SBP,135.23,Systolic BP,2013-12,mmHg
36060536,SBP,129.5,SBP,2015-04,mmHg
868601,eGFR,86.36,eGFR,2015-09,mL/min/1.73m2
71883344,SBP,123.93,Systolic blood pressure,2014-06,mmHg
10390232,eGFR,85.2,LOINC: 33914-3,2015-01,mL/min/1.73m2
45911501,eGFR,76.99,Estimated GFR,2015-11,mL/min/1.73m2
50307344,HbA1c,4.41,Hb A1c,2013-01,%
24556232,eGFR,86.56,Estimated GFR,2014-09,mL/min/1.73m2
38966717,eGFR,91.01,eGFR,2014-11,mL/min/1.73m2
47235341,HbA1c,6.48,Glycated haemoglobin,2016-03,%
288569,eGFR,83.72,Estimated GFR,2016-07,mL/min/1.73m2
46547432,eGFR,83.92,eGFR,2012-08,mL/min/1.73m2
38021069,eGFR,94.63,LOINC: 33914-3,2012-09,mL/min/1.73m2
23806736,eGFR,86.69,Estimated GFR,2014-11,mL/min/1.73m2
13958216,SBP,132.83,SBP,2016-12,mmHg
8670269,eGFR,90.79,eGFR,2014-01,mL/min/1.73m2
11725856,eGFR,77.33,eGFR,2016-08,mL/min/1.73m2
8865152,HbA1c,5.05,Hb A1c,2013-03,%
12557,HbA1c,4.77,HbA1c,2016-07,%
59862536,SBP,128.03,Systolic blood pressure,2015-03,mmHg
69726392,HbA1c,3.85,Glycated haemoglobin,2016-08,%
319097,eGFR,72.72,Estimated GFR,2013-03,mL/min/1.73m2
2934632,eGFR,81.51,eGFR,2016-08,mL/min/1.73m2
60561416,eGFR,85.58,Estimated GFR,2015-02,mL/min/1.73m2
136376,HbA1c,5.04,HbA1c,2014-03,%
16286969,eGFR,92.78,eGFR,2013-07,mL/min/1.73m2
3944,SBP,131.86,Systolic blood pressure,2014-05,mmHg
55961552,HbA1c,17.88,Hb A1c,2012-02,mmol/mol
2276192,HbA1c,3.59,Hb A1c,2012-11,%
4277177,SBP,137.59,Systolic BP,2016-11,mmHg
31086152,eGFR,90.85,Estimated GFR,2013-10,mL/min/1.73m2
51767417,HbA1c,5.81,Glycated haemoglobin,2015-06,%
14533472,HbA1c,5.09,Hb A1c,2012-04,%
6931469,eGFR,83.33,LOINC: 33914-3,2013-12,mL/min/1.73m2
71677901,SBP,145.28,SBP,2016-09,mmHg
25807736,eGFR,87.43,LOINC: 33914-3,2014-06,mL/min/1.73m2
16441112,SBP,95.65,SBP,2015-01,mmHg
3480056,HbA1c,3.62,HbA1c,2013-07,%
16964921,SBP,144.19,SBP,2012-02,mmHg
2556056,HbA1c,3.66,Hb A1c,2016-08,%
15939344,HbA1c,4.23,Hb A1c,2013-02,%
11856701,HbA1c,5.66,Glycated haemoglobin,2015-10,%
41003696,eGFR,87.89,LOINC: 33914-3,2015-05,mL/min/1.73m2
19096856,HbA1c,4.81,Hb A1c,2012-04,%
32413376,HbA1c,4.04,Hb A1c,2015-11,%
16161392,HbA1c,4.0,HbA1c,2016-02,%
26964281,SBP,120.97,Systolic blood pressure,2016-11,mmHg
14679101,HbA1c,5.38,Hb A1c,2016-08,%
12867392,eGFR,86.12,eGFR,2014-06,mL/min/1.73m2
18332621,eGFR,83.86,eGFR,2015-02,mL/min/1.73m2
19691801,eGFR,74.1,eGFR,2012-03,mL/min/1.73m2
37829072,eGFR,79.16,LOINC: 33914-3,2016-08,mL/min/1.73m2
50037437,HbA1c,2.89,Glycated haemoglobin,2013-12,%
2479112,eGFR,88.81,LOINC: 33914-3,2014-01,mL/min/1.73m2
61508621,eGFR,93.27,Estimated GFR,2016-02,mL/min/1.73m2
6885944,SBP,128.1,Systolic blood pressure,2013-06,mmHg
34273469,HbA1c,4.27,HbA1c,2014-04,%
74311856,HbA1c,6.23,Hb A1c,2016-07,%
46287821,eGFR,80.1,Estimated GFR,2016-07,mL/min/1.73m2
26178617,HbA1c,4.78,HbA1c,2012-03,%
3301472,HbA1c,23.25,Glycated haemoglobin,2015-08,mmol/mol
29428541,SBP,110.63,SBP,2014-04,mmHg
64923581,eGFR,76.96,eGFR,2013-05,mL/min/1.73m2
7565501,eGFR,89.59,Estimated GFR,2016-08,mL/min/1.73m2
1737632,HbA1c,4.68,Hb A1c,2016-12,%
9335357,eGFR,92.89,eGFR,2014-09,mL/min/1.73m2
25265081,eGFR,99.09,eGFR,2014-11,mL/min/1.73m2
6967997,SBP,128.66,SBP,2013-02,mmHg
23537072,HbA1c,4.53,HbA1c,2013-08,%
18155069,SBP,122.44,SBP,2014-12,mmHg
26249561,SBP,122.25,SBP,2013-04,mmHg
12534077,SBP,130.97,Systolic BP,2015-02,mmHg
57133757,SBP,121.11,Systolic blood pressure,2016-04,mmHg
29748872,HbA1c,5.52,Hb A1c,2015-02,%
66580832,eGFR,81.05,LOINC: 33914-3,2013-02,mL/min/1.73m2
12558617,HbA1c,4.6,HbA1c,2016-10,%
1391552,eGFR,79.49,eGFR,2014-04,mL/min/1.73m2
61047632,eGFR,89.21,LOINC: 33914-3,2015-03,mL/min/1.73m2
10739261,eGFR,82.43,Estimated GFR,2016-06,mL/min/1.73m2
63618344,HbA1c,4.94,Hb A1c,2014-02,%
36164621,SBP,117.05,Systolic BP,2015-04,mmHg
18347456,SBP,113.15,Systolic BP,2012-11,mmHg
397757,HbA1c,5.87,Hb A1c,2012-06,%
20829944,eGFR,87.22,LOINC: 33914-3,2016-04,mL/min/1.73m2
1287344,SBP,90.8,Systolic BP,2014-01,mmHg
865376,eGFR,83.64,LOINC: 33914-3,2014-09,mL/min/1.73m2
573176,eGFR,81.84,eGFR,2014-11,mL/min/1.73m2
18555776,HbA1c,4.33,Glycated haemoglobin,2016-01,%
66298472,SBP,115.28,Systolic BP,2016-08,mmHg
4220057,SBP,115.29,Systolic BP,2013-10,mmHg
762317,eGFR,74.54,LOINC: 33914-3,2014-02,mL/min/1.73m2
34537616,eGFR,90.56,LOINC: 33914-3,2012-03,mL/min/1.73m2
12193037,eGFR,83.95,Estimated GFR,2015-05,mL/min/1.73m2
48360944,SBP,102.78,Systolic blood pressure,2012-02,mmHg
317,SBP,133.32,Systolic BP,2013-05,mmHg
33768344,HbA1c,4.88,HbA1c,2015-04,%
17323496,HbA1c,4.89,Glycated haemoglobin,2016-11,%
62135072,eGFR,85.88,eGFR,2015-03,mL/min/1.73m2
35915069,HbA1c,30.6,Glycated haemoglobin,2012-05,mmol/mol
397757,SBP,122.13,Systolic BP,2015-11,mmHg
245657,SBP,124.82,Systolic BP,2016-06,mmHg
65960432,SBP,139.43,Systolic BP,2016-04,mmHg
3371069,HbA1c,4.96,Hb A1c,2013-11,%
73181432,eGFR,89.63,LOINC: 33914-3,2013-12,mL/min/1.73m2
61345721,eGFR,81.06,LOINC: 33914-3,2012-06,mL/min/1.73m2
38793917,SBP,176.26,Systolic blood pressure,2013-01,mmHg
40473056,eGFR,92.52,Estimated GFR,2012-04,mL/min/1.73m2
765344,HbA1c,5.07,Hb A1c,2013-01,%
15870269,HbA1c,4.85,HbA1c,2016-09,%
40517144,HbA1c,4.67,HbA1c,2015-05,%
8528057,eGFR,83.99,eGFR,2015-01,mL/min/1.73m2
961337,HbA1c,5.22,HbA1c,2012-12,%
48602144,HbA1c,5.72,Hb A1c,2013-02,%
43892144,HbA1c,4.31,HbA1c,2014-07,%
35873561,HbA1c,4.6,Hb A1c,2015-08,%
23739176,SBP,136.11,Systolic blood pressure,2013-11,mmHg
19676432,HbA1c,5.19,Hb A1c,2012-06,%
26748857,eGFR,80.47,eGFR,2016-01,mL/min/1.73m2
674297,SBP,112.42,Systolic blood pressure,2012-04,mmHg
8619344,eGFR,79.24,LOINC: 33914-3,2016-07,mL/min/1.73m2
12497312,SBP,141.97,SBP,2013-05,mmHg
9992144,eGFR,91.99,eGFR,2014-11,mL/min/1.73m2
65932301,SBP,127.69,Systolic blood pressure,2013-06,mmHg
44652761,HbA1c,5.71,HbA1c,2015-05,%
3518936,SBP,139.31,Systolic blood pressure,2012-11,mmHg
62271677,eGFR,91.15,LOINC: 33914-3,2014-09,mL/min/1.73m2
12217241,HbA1c,5.38,Glycated haemoglobin,2012-07,%
43320269,eGFR,76.82,LOINC: 33914-3,2012-03,mL/min/1.73m2
5754944,SBP,131.5,SBP,2013-09,mmHg
9271961,eGFR,88.29,Estimated GFR,2012-11,mL/min/1.73m2
4717817,SBP,124.09,Systolic BP,2013-01,mmHg
562736,eGFR,82.4,LOINC: 33914-3,2014-05,mL/min/1.73m2
12780557,SBP,173.18,Systolic BP,2016-11,mmHg
5705192,HbA1c,4.16,Glycated haemoglobin,2014-01,%
18525944,eGFR,83.9,eGFR,2013-06,mL/min/1.73m2
35315552,eGFR,94.29,Estimated GFR,2014-12,mL/min/1.73m2
23085497,eGFR,86.22,eGFR,2014-12,mL/min/1.73m2
12557,SBP,115.42,SBP,2015-12,mmHg
10014056,HbA1c,5.2,HbA1c,2014-11,%
34435901,HbA1c,5.17,HbA1c,2015-12,%
662969,eGFR,88.01,eGFR,2014-03,mL/min/1.73m2
34334336,eGFR,86.13,Estimated GFR,2016-08,mL/min/1.73m2
13337,SBP,111.51,Systolic blood pressure,2014-03,mmHg
10558397,eGFR,83.08,eGFR,2016-02,mL/min/1.73m2
17453501,SBP,122.69,SBP,2016-11,mmHg
6195176,SBP,124.63,SBP,2014-07,mmHg
21274976,HbA1c,4.59,Hb A1c,2016-02,%
27798077,SBP,108.29,SBP,2016-03,mmHg
1533944,SBP,130.18,Systolic BP,2013-11,mmHg
5203736,HbA1c,5.47,HbA1c,2015-11,%
4861856,eGFR,89.6,eGFR,2013-11,mL/min/1.73m2
42616352,eGFR,79.72,eGFR,2013-10,mL/min/1.73m2
3756752,eGFR,89.01,eGFR,2013-12,mL/min/1.73m2
26695136,SBP,110.35,SBP,2014-02,mmHg
3220157,HbA1c,4.46,HbA1c,2013-05,%
26160896,HbA1c,5.17,Hb A1c,2013-03,%
16765757,HbA1c,6.61,Hb A1c,2016-07,%
47282969,HbA1c,4.52,Glycated haemoglobin,2012-08,%
13971161,SBP,126.15,Systolic BP,2015-10,mmHg
54289817,eGFR,89.24,Estimated GFR,2013-10,mL/min/1.73m2
732377,eGFR,91.62,Estimated GFR,2012-08,mL/min/1.73m2
13674944,HbA1c,5.2,Glycated haemoglobin,2014-12,%
46358552,HbA1c,5.44,HbA1c,2012-07,%
70509581,SBP,113.86,Systolic blood pressure,2016-06,mmHg
12509561,HbA1c,5.79,HbA1c,2016-09,%
60966461,HbA1c,4.4,Glycated haemoglobin,2013-02,%
14428016,eGFR,87.58,eGFR,2014-04,mL/min/1.73m2
56169056,HbA1c,5.14,Glycated haemoglobin,2015-04,%
72974141,SBP,148.16,Systolic blood pressure,2012-02,mmHg
12472832,HbA1c,6.1,Hb A1c,2013-02,%
36771272,HbA1c,5.12,HbA1c,2013-09,%
594344,SBP,130.74,SBP,2013-04,mmHg
31707272,eGFR,66.77,Estimated GFR,2015-06,mL/min/1.73m2
19339832,HbA1c,3.48,HbA1c,2012-03,%
22016312,SBP,100.94,Systolic blood pressure,2013-09,mmHg
417656,eGFR,89.07,LOINC: 33914-3,2014-08,mL/min/1.73m2
2863856,HbA1c,7.61,HbA1c,2013-02,%
795944,eGFR,73.04,eGFR,2016-08,mL/min/1.73m2
193817,SBP,125.41,Systolic BP,2013-05,mmHg
15691376,SBP,130.56,Systolic BP,2014-01,mmHg
66298472,eGFR,87.67,LOINC: 33914-3,2016-12,mL/min/1.73m2
4854221,eGFR,87.39,Estimated GFR,2015-11,mL/min/1.73m2
71707232,eGFR,86.03,eGFR,2015-06,mL/min/1.73m2
22572416,SBP,132.18,Systolic blood pressure,2016-02,mmHg
6325181,SBP,132.53,Systolic blood pressure,2015-12,mmHg
741296,HbA1c,4.45,HbA1c,2014-11,%
5156432,SBP,115.28,Systolic BP,2016-08,mmHg
5956112,HbA1c,4.81,HbA1c,2012-01,%
48168416,HbA1c,4.93,HbA1c,2015-04,%
8356952,SBP,118.4,Systolic blood pressure,2013-08,mmHg
54366416,eGFR,80.41,LOINC: 33914-3,2013-12,mL/min/1.73m2
12241469,eGFR,90.13,eGFR,2015-02,mL/min/1.73m2
27415856,HbA1c,4.72,HbA1c,2016-10,%
11572157,SBP,126.0,SBP,2013-09,mmHg
65876057,SBP,121.92,SBP,2014-06,mmHg
8947856,SBP,117.06,Systolic BP,2014-11,mmHg
11361017,HbA1c,6.12,HbA1c,2015-05,%
57790232,eGFR,87.99,Estimated GFR,2014-08,mL/min/1.73m2
66101177,HbA1c,4.75,HbA1c,2016-07,%
51468761,eGFR,85.9,Estimated GFR,2012-06,mL/min/1.73m2
21773177,eGFR,77.12,Estimated GFR,2015-07,mL/min/1.73m2
55883837,eGFR,80.84,Estimated GFR,2012-11,mL/min/1.73m2
63867257,eGFR,83.81,LOINC: 33914-3,2013-02,mL/min/1.73m2
51443912,HbA1c,4.85,Hb A1c,2012-11,%
6023936,HbA1c,4.7,Hb A1c,2013-10,%
19355069,SBP,105.56,Systolic blood pressure,2016-02,mmHg
20956616,HbA1c,4.71,Hb A1c,2013-11,%
1559792,SBP,137.95,SBP,2014-05,mmHg
19645712,eGFR,84.72,LOINC: 33914-3,2012-04,mL/min/1.73m2
6195176,eGFR,90.43,Estimated GFR,2013-05,mL/min/1.73m2
57895616,eGFR,92.01,LOINC: 33914-3,2013-04,mL/min/1.73m2
14113952,SBP,135.15,Systolic blood pressure,2015-09,mmHg
72471944,SBP,111.89,Systolic blood pressure,2012-08,mmHg
13104569,SBP,129.71,SBP,2015-08,mmHg
57474656,HbA1c,5.06,Hb A1c,2015-09,%
61291469,HbA1c,6.89,HbA1c,2012-10,%
17144,SBP,109.94,Systolic blood pressure,2014-12,mmHg
30185021,HbA1c,5.1,HbA1c,2015-11,%
12326456,eGFR,88.96,eGFR,2015-11,mL/min/1.73m2
3238832,HbA1c,5.46,HbA1c,2014-09,%
9623312,HbA1c,4.64,HbA1c,2013-05,%
64505576,eGFR,76.74,eGFR,2016-04,mL/min/1.73m2
59381072,eGFR,91.46,eGFR,2015-07,mL/min/1.73m2
5779901,SBP,112.55,Systolic BP,2016-11,mmHg
637832,SBP,114.31,Systolic BP,2012-05,mmHg
9948392,eGFR,89.26,Estimated GFR,2016-05,mL/min/1.73m2
21067769,eGFR,84.12,LOINC: 33914-3,2012-01,mL/min/1.73m2
1728512,eGFR,83.27,eGFR,2013-06,mL/min/1.73m2
45653672,SBP,116.46,Systolic blood pressure,2015-04,mmHg
19263737,eGFR,81.25,eGFR,2013-11,mL/min/1.73m2
13407257,HbA1c,4.44,Hb A1c,2015-02,%
67459961,eGFR,81.16,LOINC: 33914-3,2012-04,mL/min/1.73m2
12460601,SBP,99.77,Systolic BP,2016-08,mmHg
5451581,SBP,105.01,Systolic BP,2016-02,mmHg
73062944,HbA1c,29.53,Glycated haemoglobin,2013-12,mmol/mol
7096601,eGFR,81.35,Estimated GFR,2012-08,mL/min/1.73m2
5540912,HbA1c,5.3,Glycated haemoglobin,2016-06,%
1146041,eGFR,98.82,LOINC: 33914-3,2016-03,mL/min/1.73m2
12792944,SBP,137.07,Systolic blood pressure,2012-07,mmHg
1504061,eGFR,95.82,Estimated GFR,2015-09,mL/min/1.73m2
150797,SBP,110.79,Systolic BP,2015-12,mmHg
40318937,HbA1c,5.21,Hb A1c,2013-08,%
410969,SBP,134.33,SBP,2016-05,mmHg
35192144,HbA1c,4.74,Glycated haemoglobin,2016-05,%
4270016,SBP,108.51,SBP,2014-01,mmHg
1973432,HbA1c,4.73,Hb A1c,2013-11,%
70422344,HbA1c,4.68,Glycated haemoglobin,2016-07,%
6642701,eGFR,86.88,LOINC: 33914-3,2014-08,mL/min/1.73m2
897896,HbA1c,4.82,HbA1c,2012-11,%
11302712,HbA1c,5.35,HbA1c,2012-09,%
507032,eGFR,83.99,eGFR,2014-11,mL/min/1.73m2
6325181,HbA1c,4.42,HbA1c,2014-09,%
35233256,SBP,127.25,Systolic blood pressure,2015-11,mmHg
18780281,HbA1c,5.04,Glycated haemoglobin,2016-09,%
34639481,SBP,125.59,Systolic BP,2016-03,mmHg
18885512,eGFR,96.52,LOINC: 33914-3,2015-09,mL/min/1.73m2
22440944,eGFR,83.64,Estimated GFR,2014-09,mL/min/1.73m2
38021069,SBP,134.32,Systolic blood pressure,2015-04,mmHg
7032152,eGFR,86.47,LOINC: 33914-3,2014-11,mL/min/1.73m2
22032569,eGFR,83.79,eGFR,2016-09,mL/min/1.73m2
264896,SBP,142.83,Systolic blood pressure,2013-05,mmHg
33587417,HbA1c,4.74,Glycated haemoglobin,2014-01,%
16581872,HbA1c,4.95,Glycated haemoglobin,2013-12,%
66948797,SBP,139.6,Systolic blood pressure,2012-03,mmHg
4227176,HbA1c,4.08,Glycated haemoglobin,2016-09,%
26462969,eGFR,85.96,eGFR,2015-08,mL/min/1.73m2
38945096,HbA1c,5.07,Hb A1c,2014-01,%
28960616,eGFR,88.87,LOINC: 33914-3,2015-12,mL/min/1.73m2
8696,SBP,132.05,SBP,2013-02,mmHg
12036296,SBP,125.14,Systolic BP,2014-02,mmHg
46052441,SBP,135.08,SBP,2015-01,mmHg
29409752,eGFR,91.11,LOINC: 33914-3,2015-09,mL/min/1.73m2
524441,HbA1c,3.84,HbA1c,2014-04,%
3947096,SBP,136.56,SBP,2013-04,mmHg
20972477,SBP,125.04,SBP,2014-09,mmHg
433469,eGFR,79.03,LOINC: 33914-3,2016-11,mL/min/1.73m2
14838797,HbA1c,5.58,Glycated haemoglobin,2015-05,%
1651961,eGFR,91.85,Estimated GFR,2015-12,mL/min/1.73m2
4037069,SBP,98.65,Systolic BP,2012-05,mmHg
8078912,HbA1c,4.6,HbA1c,2013-05,%
279344,HbA1c,3.27,Glycated haemoglobin,2013-01,%
5101517,HbA1c,3.84,Glycated haemoglobin,2014-06,%
12156776,SBP,119.19,Systolic blood pressure,2012-10,mmHg
40760057,HbA1c,6.95,Glycated haemoglobin,2016-09,%
5475872,SBP,135.53,SBP,2012-08,mmHg
12326456,SBP,119.86,Systolic blood pressure,2012-06,mmHg
20562041,HbA1c,19.33,HbA1c,2013-01,mmol/mol
5314952,eGFR,94.4,Estimated GFR,2013-02,mL/min/1.73m2
16525496,SBP,119.24,SBP,2012-06,mmHg
45656,eGFR,86.87,Estimated GFR,2012-02,mL/min/1.73m2
5259197,SBP,116.09,SBP,2015-12,mmHg
13508921,eGFR,83.95,eGFR,2015-10,mL/min/1.73m2
28164557,SBP,144.35,Systolic BP,2012-09,mmHg
60615344,HbA1c,5.11,HbA1c,2015-10,%
14283641,eGFR,91.04,LOINC: 33914-3,2012-12,mL/min/1.73m2
45606872,SBP,115.74,Systolic BP,2012-10,mmHg
52116941,HbA1c,3.53,HbA1c,2014-08,%
69264344,SBP,134.28,SBP,2013-08,mmHg
14985944,SBP,123.78,SBP,2016-03,mmHg
64784096,eGFR,86.27,LOINC: 33914-3,2013-08,mL/min/1.73m2
27343352,eGFR,82.7,eGFR,2014-01,mL/min/1.73m2
4575944,SBP,122.78,Systolic BP,2014-02,mmHg
921017,eGFR,91.23,LOINC: 33914-3,2012-05,mL/min/1.73m2
52467641,SBP,120.72,Systolic blood pressure,2016-12,mmHg
45140192,HbA1c,28.86,Glycated haemoglobin,2015-08,mmol/mol
117881,SBP,128.82,Systolic blood pressure,2014-06,mmHg
39161576,eGFR,93.66,eGFR,2015-11,mL/min/1.73m2
1241,HbA1c,3.96,Glycated haemoglobin,2015-07,%
20672144,SBP,114.8,Systolic blood pressure,2016-11,mmHg
58080269,eGFR,79.2,eGFR,2016-05,mL/min/1.73m2
58318112,SBP,130.47,Systolic BP,2012-12,mmHg
5180057,eGFR,91.47,LOINC: 33914-3,2012-07,mL/min/1.73m2
1495577,eGFR,87.76,LOINC: 33914-3,2015-11,mL/min/1.73m2
72442457,SBP,106.98,Systolic blood pressure,2012-10,mmHg
68631536,eGFR,82.06,eGFR,2013-10,mL/min/1.73m2
1083872,SBP,100.68,Systolic blood pressure,2016-10,mmHg
48385037,SBP,121.41,Systolic BP,2016-12,mmHg
34966457,HbA1c,4.2,Glycated haemoglobin,2014-02,%
42030416,SBP,112.5,Systolic blood pressure,2013-08,mmHg
62353712,HbA1c,4.87,Hb A1c,2014-04,%
8507837,SBP,136.89,Systolic BP,2015-12,mmHg
18332621,SBP,139.36,Systolic BP,2015-02,mmHg
473096,HbA1c,25.48,Glycated haemoglobin,2012-07,mmol/mol
20814137,eGFR,92.18,eGFR,2012-01,mL/min/1.73m2
123896,eGFR,82.17,LOINC: 33914-3,2013-06,mL/min/1.73m2
3282617,HbA1c,4.88,Hb A1c,2015-05,%
44921,SBP,100.05,Systolic BP,2014-07,mmHg
4785776,SBP,146.44,Systolic blood pressure,2013-11,mmHg
65119112,SBP,129.08,Systolic blood pressure,2012-02,mmHg
8927144,HbA1c,4.87,HbA1c,2012-03,%
24333581,HbA1c,4.94,HbA1c,2013-06,%
30432944,eGFR,94.61,LOINC: 33914-3,2016-01,mL/min/1.73m2
9720269,SBP,111.47,SBP,2012-02,mmHg
16709069,eGFR,90.97,Estimated GFR,2016-11,mL/min/1.73m2
6849632,eGFR,86.29,LOINC: 33914-3,2015-03,mL/min/1.73m2
9817712,HbA1c,5.2,HbA1c,2014-01,%
31105469,SBP,116.33,Systolic blood pressure,2014-02,mmHg
485081,HbA1c,6.4,Glycated haemoglobin,2016-12,%
63894944,eGFR,81.3,LOINC: 33914-3,2014-02,mL/min/1.73m2
6660569,HbA1c,3.91,Glycated haemoglobin,2013-11,%
60993512,SBP,129.8,Systolic blood pressure,2013-11,mmHg
67830344,SBP,142.48,Systolic BP,2013-09,mmHg
8517944,eGFR,96.77,LOINC: 33914-3,2015-04,mL/min/1.73m2
2101976,SBP,79.06,Systolic blood pressure,2016-06,mmHg
2792,SBP,134.94,Systolic blood pressure,2012-03,mmHg
35604344,eGFR,76.48,eGFR,2014-05,mL/min/1.73m2
39792761,SBP,111.6,SBP,2012-12,mmHg
3709901,SBP,122.7,Systolic blood pressure,2013-12,mmHg
64338752,eGFR,76.28,LOINC: 33914-3,2012-03,mL/min/1.73m2
43069832,SBP,108.44,SBP,2014-01,mmHg
4436237,HbA1c,7.16,HbA1c,2016-06,%
23908256,eGFR,75.52,eGFR,2013-08,mL/min/1.73m2
12497312,eGFR,82.17,LOINC: 33914-3,2016-01,mL/min/1.73m2
22179152,HbA1c,4.55,Hb A1c,2016-10,%
31531961,eGFR,78.01,eGFR,2015-12,mL/min/1.73m2
6421376,HbA1c,4.4,Glycated haemoglobin,2014-03,%
23604344,SBP,113.45,SBP,2016-07,mmHg
1710344,eGFR,92.51,LOINC: 33914-3,2012-06,mL/min/1.73m2
1508312,eGFR,90.8,eGFR,2013-03,mL/min/1.73m2
34232921,HbA1c,7.43,Glycated haemoglobin,2013-05,%
25352216,SBP,102.7,Systolic blood pressure,2014-06,mmHg
668621,eGFR,80.14,eGFR,2013-12,mL/min/1.73m2
4946237,HbA1c,7.25,Hb A1c,2012-03,%
2639801,eGFR,76.92,Estimated GFR,2016-06,mL/min/1.73m2
23319101,SBP,132.32,Systolic BP,2014-02,mmHg
68574152,eGFR,82.84,Estimated GFR,2015-12,mL/min/1.73m2
30127952,eGFR,89.75,LOINC: 33914-3,2014-06,mL/min/1.73m2
31863512,eGFR,81.76,eGFR,2013-01,mL/min/1.73m2
27889472,eGFR,85.62,Estimated GFR,2014-01,mL/min/1.73m2
2219069,eGFR,77.03,eGFR,2012-03,mL/min/1.73m2
39552752,eGFR,77.29,Estimated GFR,2015-02,mL/min/1.73m2
37234856,eGFR,80.23,eGFR,2012-04,mL/min/1.73m2
28551944,SBP,118.25,SBP,2013-04,mmHg
4092941,eGFR,81.94,eGFR,2012-05,mL/min/1.73m2
917696,eGFR,94.66,Estimated GFR,2015-02,mL/min/1.73m2
1457696,eGFR,69.35,eGFR,2013-02,mL/min/1.73m2
16370957,HbA1c,5.78,HbA1c,2013-04,%
3383801,HbA1c,4.89,Hb A1c,2015-09,%
7329176,HbA1c,4.21,Glycated haemoglobin,2015-03,%
66157517,HbA1c,5.29,HbA1c,2015-11,%
22358969,HbA1c,4.71,HbA1c,2015-07,%
25299917,eGFR,84.02,LOINC: 33914-3,2015-08,mL/min/1.73m2
1886816,SBP,143.83,SBP,2012-08,mmHg
4149197,eGFR,86.51,LOINC: 33914-3,2014-04,mL/min/1.73m2
2611736,eGFR,76.23,eGFR,2015-03,mL/min/1.73m2
40165112,eGFR,94.66,eGFR,2015-12,mL/min/1.73m2
64700477,HbA1c,5.54,Hb A1c,2013-05,%
22671272,SBP,139.83,SBP,2016-02,mmHg
34680269,HbA1c,6.97,HbA1c,2016-08,%
23252237,HbA1c,3.31,Glycated haemoglobin,2013-08,%
8381,eGFR,82.45,eGFR,2015-12,mL/min/1.73m2
45303257,eGFR,85.43,LOINC: 33914-3,2014-11,mL/min/1.73m2
3314072,eGFR,62.78,Estimated GFR,2016-11,mL/min/1.73m2
57186137,eGFR,86.39,LOINC: 33914-3,2016-07,mL/min/1.73m2
74192456,eGFR,82.64,eGFR,2016-11,mL/min/1.73m2
19142297,SBP,150.65,Systolic blood pressure,2012-06,mmHg
23908256,SBP,155.93,Systolic blood pressure,2014-02,mmHg
25404569,SBP,112.54,Systolic BP,2015-09,mmHg
46642016,HbA1c,4.35,Glycated haemoglobin,2016-09,%
61780601,SBP,120.0,Systolic BP,2012-11,mmHg
862157,eGFR,85.79,eGFR,2016-12,mL/min/1.73m2
4277177,HbA1c,5.19,HbA1c,2013-04,%
48505592,HbA1c,3.29,HbA1c,2012-08,%
12048317,eGFR,87.29,eGFR,2016-03,mL/min/1.73m2
52392392,eGFR,93.1,LOINC: 33914-3,2015-11,mL/min/1.73m2
30509432,HbA1c,5.11,Glycated haemoglobin,2016-09,%
38085176,SBP,168.29,Systolic blood pressure,2013-03,mmHg
72589952,HbA1c,4.95,Glycated haemoglobin,2014-10,%
43069832,eGFR,84.58,Estimated GFR,2013-04,mL/min/1.73m2
422144,eGFR,97.94,LOINC: 33914-3,2013-05,mL/min/1.73m2
56576,SBP,102.95,Systolic blood pressure,2013-11,mmHg
907769,eGFR,84.78,LOINC: 33914-3,2015-01,mL/min/1.73m2
3737,HbA1c,5.57,HbA1c,2014-07,%
21386969,SBP,138.41,Systolic BP,2013-07,mmHg
16723232,SBP,106.0,Systolic BP,2015-04,mmHg
50849336,HbA1c,4.39,Hb A1c,2016-01,%
3036377,SBP,114.14,Systolic BP,2016-02,mmHg
63978041,HbA1c,5.39,Glycated haemoglobin,2016-08,%
1229069,eGFR,92.32,LOINC: 33914-3,2013-07,mL/min/1.73m2
17179616,eGFR,90.12,LOINC: 33914-3,2014-02,mL/min/1.73m2
66552569,HbA1c,4.09,Glycated haemoglobin,2015-02,%
21004217,HbA1c,5.21,HbA1c,2015-05,%
72678521,eGFR,103.25,Estimated GFR,2016-01,mL/min/1.73m2
44977421,eGFR,89.71,eGFR,2012-12,mL/min/1.73m2
20640656,HbA1c,7.29,HbA1c,2013-09,%
44075936,SBP,131.63,Systolic BP,2016-08,mmHg
7824944,HbA1c,4.73,Glycated haemoglobin,2013-08,%
6986297,SBP,128.5,SBP,2012-04,mmHg
679997,SBP,122.77,Systolic blood pressure,2016-08,mmHg
68861312,SBP,144.66,Systolic blood pressure,2016-06,mmHg
48722969,HbA1c,4.77,HbA1c,2012-11,%
47092601,eGFR,85.06,eGFR,2016-05,mL/min/1.73m2
42548537,eGFR,82.64,Estimated GFR,2012-05,mL/min/1.73m2
65454992,eGFR,88.58,Estimated GFR,2012-02,mL/min/1.73m2
46429337,eGFR,83.87,Estimated GFR,2016-09,mL/min/1.73m2
36373241,HbA1c,4.64,Hb A1c,2014-04,%
31086152,SBP,127.64,Systolic blood pressure,2013-04,mmHg
12108512,SBP,122.74,SBP,2015-03,mmHg
58027481,HbA1c,5.45,Glycated haemoglobin,2014-04,%
44144957,HbA1c,6.23,Hb A1c,2013-10,%
23587517,HbA1c,5.04,HbA1c,2014-10,%
59087801,SBP,108.34,Systolic blood pressure,2012-06,mmHg
29203469,eGFR,76.14,LOINC: 33914-3,2012-02,mL/min/1.73m2
25160717,HbA1c,5.23,Hb A1c,2014-10,%
3797144,HbA1c,7.0,Hb A1c,2012-09,%
39945872,eGFR,87.69,LOINC: 33914-3,2014-06,mL/min/1.73m2
30931832,SBP,95.59,Systolic blood pressure,2012-04,mmHg
14139992,SBP,125.69,SBP,2012-01,mmHg
72589952,eGFR,87.49,eGFR,2015-07,mL/min/1.73m2
9083069,HbA1c,4.69,HbA1c,2014-10,%
52541,SBP,117.46,SBP,2014-02,mmHg
16751576,HbA1c,3.87,HbA1c,2013-11,%
19938521,SBP,112.48,Systolic blood pressure,2016-10,mmHg
20845757,SBP,124.69,Systolic BP,2015-06,mmHg
48529721,SBP,115.45,SBP,2015-04,mmHg
23235536,HbA1c,5.54,Hb A1c,2012-04,%
42548537,SBP,149.83,Systolic blood pressure,2012-08,mmHg
3060569,eGFR,92.32,eGFR,2016-10,mL/min/1.73m2
45443261,HbA1c,4.13,Hb A1c,2016-08,%
67431512,eGFR,60.11,Estimated GFR,2016-07,mL/min/1.73m2
1737632,SBP,138.31,Systolic blood pressure,2014-12,mmHg
56846096,eGFR,81.39,Estimated GFR,2014-11,mL/min/1.73m2
46713017,SBP,134.66,Systolic BP,2014-09,mmHg
27036281,eGFR,77.95,eGFR,2013-05,mL/min/1.73m2
24779897,eGFR,87.92,LOINC: 33914-3,2014-10,mL/min/1.73m2
48144377,eGFR,91.04,eGFR,2016-04,mL/min/1.73m2
34111421,HbA1c,5.28,HbA1c,2015-02,%
55521881,eGFR,88.76,eGFR,2012-07,mL/min/1.73m2
2355257,HbA1c,5.61,Glycated haemoglobin,2015-10,%
428921,SBP,102.84,Systolic BP,2015-02,mmHg
937712,SBP,123.38,SBP,2013-06,mmHg
9356537,SBP,123.58,SBP,2016-04,mmHg
8247161,eGFR,89.84,LOINC: 33914-3,2014-07,mL/min/1.73m2
1371197,eGFR,85.96,Estimated GFR,2016-12,mL/min/1.73m2
30242144,HbA1c,5.84,HbA1c,2015-03,%
68201741,eGFR,89.39,Estimated GFR,2016-11,mL/min/1.73m2
42638969,eGFR,85.08,Estimated GFR,2014-09,mL/min/1.73m2
1076672,SBP,125.06,Systolic blood pressure,2013-12,mmHg
21708569,SBP,152.04,Systolic BP,2016-09,mmHg
321056,HbA1c,5.92,Glycated haemoglobin,2016-11,%
32868569,SBP,138.96,Systolic BP,2012-06,mmHg
40473056,SBP,126.8,Systolic BP,2016-05,mmHg
32908301,SBP,136.19,SBP,2013-12,mmHg
67289357,SBP,124.68,Systolic blood pressure,2014-04,mmHg
15241817,SBP,123.13,Systolic blood pressure,2012-01,mmHg
7527437,eGFR,89.91,LOINC: 33914-3,2013-01,mL/min/1.73m2
1495577,HbA1c,5.2,Hb A1c,2013-12,%
5821616,eGFR,61.77,LOINC: 33914-3,2013-02,mL/min/1.73m2
8098616,eGFR,84.39,LOINC: 33914-3,2012-10,mL/min/1.73m2
33107321,eGFR,73.1,eGFR,2012-04,mL/min/1.73m2
2589392,SBP,134.9,Systolic BP,2016-11,mmHg
56689496,SBP,159.3,SBP,2014-03,mmHg
12302144,eGFR,89.33,eGFR,2015-07,mL/min/1.73m2
46397,HbA1c,51.04,HbA1c,2014-07,mmol/mol
8528057,HbA1c,5.48,Hb A1c,2012-12,%
73211069,eGFR,87.06,eGFR,2012-03,mL/min/1.73m2
428921,HbA1c,4.46,Glycated haemoglobin,2015-12,%
671456,eGFR,62.83,LOINC: 33914-3,2015-06,mL/min/1.73m2
5062472,eGFR,87.2,eGFR,2013-06,mL/min/1.73m2
62326361,HbA1c,4.89,Glycated haemoglobin,2014-10,%
2392616,HbA1c,3.67,Glycated haemoglobin,2015-08,%
43480016,eGFR,97.83,Estimated GFR,2012-04,mL/min/1.73m2
67147352,SBP,112.0,Systolic blood pressure,2014-11,mmHg
18555776,SBP,117.96,SBP,2015-01,mmHg
25526936,eGFR,87.96,eGFR,2013-11,mL/min/1.73m2
8507837,eGFR,79.26,LOINC: 33914-3,2013-04,mL/min/1.73m2
12072377,eGFR,93.0,Estimated GFR,2013-08,mL/min/1.73m2
11151821,SBP,131.28,SBP,2016-03,mmHg
25948712,eGFR,95.42,eGFR,2012-08,mL/min/1.73m2
7575032,SBP,130.16,Systolic blood pressure,2016-10,mmHg
25091261,HbA1c,4.55,Glycated haemoglobin,2015-11,%
49134896,SBP,136.42,SBP,2016-01,mmHg
7603661,SBP,127.05,SBP,2016-08,mmHg
17934344,HbA1c,4.95,Hb A1c,2015-10,%
29938112,SBP,117.69,Systolic BP,2012-10,mmHg
3213944,HbA1c,5.46,HbA1c,2014-11,%
65904176,SBP,118.64,SBP,2015-07,mmHg
28867481,eGFR,69.76,Estimated GFR,2016-09,mL/min/1.73m2
19248536,HbA1c,4.92,Hb A1c,2015-11,%
24350672,HbA1c,5.09,Glycated haemoglobin,2012-10,%
3590777,SBP,123.72,SBP,2013-05,mmHg
44652761,SBP,135.83,SBP,2015-03,mmHg
11642969,HbA1c,4.09,Glycated haemoglobin,2014-05,%
1172144,SBP,122.12,Systolic blood pressure,2015-03,mmHg
947801,HbA1c,5.0,HbA1c,2013-04,%
31941776,HbA1c,5.39,HbA1c,2016-10,%
49914992,HbA1c,5.91,HbA1c,2014-12,%
1629776,SBP,132.92,SBP,2015-07,mmHg
3776921,eGFR,80.05,Estimated GFR,2014-02,mL/min/1.73m2
18199376,eGFR,82.97,Estimated GFR,2012-12,mL/min/1.73m2
8316944,SBP,121.29,SBP,2013-03,mmHg
17093576,eGFR,83.9,Estimated GFR,2013-05,mL/min/1.73m2
68688944,SBP,116.3,SBP,2012-03,mmHg
17050637,HbA1c,3.47,HbA1c,2013-02,%
499661,SBP,128.36,Systolic blood pressure,2013-09,mmHg
39574541,HbA1c,5.49,HbA1c,2016-01,%
92144,SBP,135.21,Systolic BP,2015-09,mmHg
33607496,eGFR,87.97,eGFR,2014-06,mL/min/1.73m2
5821616,SBP,144.27,Systolic blood pressure,2013-09,mmHg
70219001,SBP,104.97,SBP,2012-01,mmHg
46193597,eGFR,84.15,LOINC: 33914-3,2013-12,mL/min/1.73m2
15925517,HbA1c,4.39,Hb A1c,2015-08,%
70829912,HbA1c,4.05,Glycated haemoglobin,2015-08,%
7161344,HbA1c,4.5,Hb A1c,2016-07,%
16794137,SBP,109.16,Systolic BP,2016-09,mmHg
32769344,HbA1c,4.83,Glycated haemoglobin,2015-09,%
15636536,SBP,105.79,Systolic BP,2013-11,mmHg
28588976,HbA1c,5.15,Hb A1c,2016-03,%
22065101,SBP,119.66,Systolic BP,2014-01,mmHg
18690317,SBP,124.42,Systolic BP,2014-11,mmHg
8227277,HbA1c,4.46,Hb A1c,2016-05,%
74311856,SBP,127.96,Systolic blood pressure,2016-12,mmHg
26623592,SBP,141.45,Systolic blood pressure,2016-06,mmHg
41248061,eGFR,89.09,LOINC: 33914-3,2014-02,mL/min/1.73m2
73448381,SBP,111.39,Systolic BP,2014-06,mmHg
6527144,SBP,117.21,Systolic BP,2016-10,mmHg
81944,SBP,106.43,Systolic BP,2016-08,mmHg
40362941,SBP,137.0,Systolic blood pressure,2016-04,mmHg
20295872,SBP,128.41,Systolic BP,2016-04,mmHg
18110816,HbA1c,4.63,HbA1c,2015-03,%
18600569,SBP,142.22,SBP,2014-07,mmHg
5283056,SBP,123.64,Systolic BP,2015-08,mmHg
38707661,HbA1c,4.17,Hb A1c,2015-12,%
1116569,eGFR,89.47,Estimated GFR,2012-02,mL/min/1.73m2
47569241,eGFR,68.94,Estimated GFR,2014-10,mL/min/1.73m2
6741272,HbA1c,3.66,Hb A1c,2016-08,%
59808944,HbA1c,5.71,Glycated haemoglobin,2014-03,%
1525376,SBP,139.28,SBP,2015-05,mmHg
28533437,HbA1c,4.85,Glycated haemoglobin,2014-07,%
8568569,eGFR,83.28,LOINC: 33914-3,2012-12,mL/min/1.73m2
14362301,SBP,131.82,SBP,2013-12,mmHg
22375352,eGFR,82.92,eGFR,2016-01,mL/min/1.73m2
3066632,SBP,110.48,SBP,2013-03,mmHg
15842681,eGFR,93.87,eGFR,2016-01,mL/min/1.73m2
13470752,HbA1c,4.51,Glycated haemoglobin,2015-04,%
28293392,eGFR,82.69,eGFR,2012-04,mL/min/1.73m2
29240921,SBP,120.4,SBP,2016-03,mmHg
11069,HbA1c,6.09,Hb A1c,2015-11,%
2208761,HbA1c,4.64,Hb A1c,2013-07,%
9774344,HbA1c,4.52,HbA1c,2012-02,%
36456857,SBP,149.09,SBP,2015-10,mmHg
32492312,eGFR,92.46,LOINC: 33914-3,2012-10,mL/min/1.73m2
51817277,eGFR,81.91,eGFR,2014-01,mL/min/1.73m2
4635416,HbA1c,4.4,Hb A1c,2015-01,%
20373977,SBP,110.3,Systolic BP,2013-08,mmHg
3276344,HbA1c,4.1,Hb A1c,2014-12,%
58503437,SBP,113.72,Systolic blood pressure,2013-02,mmHg
10671257,SBP,114.68,Systolic blood pressure,2013-06,mmHg
2203616,eGFR,96.86,Estimated GFR,2013-05,mL/min/1.73m2
26766776,SBP,134.68,Systolic blood pressure,2016-12,mmHg
40671641,eGFR,82.89,LOINC: 33914-3,2016-09,mL/min/1.73m2
22836512,SBP,138.06,SBP,2015-03,mmHg
69206696,eGFR,81.26,LOINC: 33914-3,2012-11,mL/min/1.73m2
4313072,SBP,124.11,Systolic BP,2012-06,mmHg
313256,HbA1c,4.68,Hb A1c,2015-04,%
69293177,SBP,139.11,Systolic BP,2015-06,mmHg
8711117,HbA1c,7.39,Glycated haemoglobin,2015-01,%
12277856,eGFR,94.08,LOINC: 33914-3,2014-01,mL/min/1.73m2
44907752,eGFR,88.51,Estimated GFR,2015-12,mL/min/1.73m2
8049401,SBP,115.12,SBP,2015-01,mmHg
10101944,SBP,109.12,Systolic blood pressure,2012-10,mmHg
37340621,SBP,154.44,Systolic BP,2014-02,mmHg
30269,eGFR,95.61,eGFR,2012-12,mL/min/1.73m2
3257561,HbA1c,5.35,Hb A1c,2016-05,%
31395944,HbA1c,5.11,Glycated haemoglobin,2013-07,%
43662944,eGFR,91.64,LOINC: 33914-3,2013-04,mL/min/1.73m2
47521469,eGFR,82.4,Estimated GFR,2014-02,mL/min/1.73m2
15815117,SBP,93.95,SBP,2016-06,mmHg
897896,eGFR,93.8,LOINC: 33914-3,2012-10,mL/min/1.73m2
48360944,eGFR,85.72,LOINC: 33914-3,2012-06,mL/min/1.73m2
4763069,SBP,137.17,SBP,2012-11,mmHg
7737977,eGFR,94.65,Estimated GFR,2015-06,mL/min/1.73m2
12072377,SBP,108.13,Systolic BP,2014-06,mmHg
17978381,SBP,122.23,Systolic BP,2014-03,mmHg
10990457,eGFR,85.97,LOINC: 33914-3,2012-08,mL/min/1.73m2
46122992,eGFR,86.18,LOINC: 33914-3,2012-06,mL/min/1.73m2
56298941,eGFR,68.77,LOINC: 33914-3,2016-10,mL/min/1.73m2
9303632,HbA1c,5.47,Hb A1c,2015-04,%
30777896,SBP,142.19,Systolic blood pressure,2012-07,mmHg
4516856,eGFR,82.41,eGFR,2016-01,mL/min/1.73m2
402137,eGFR,62.8,LOINC: 33914-3,2012-01,mL/min/1.73m2
1629776,HbA1c,34.43,HbA1c,2013-03,mmol/mol
4546352,SBP,132.83,Systolic blood pressure,2013-01,mmHg
37065944,HbA1c,5.11,HbA1c,2012-05,%
18317792,HbA1c,4.89,HbA1c,2014-02,%
1275581,eGFR,93.78,LOINC: 33914-3,2012-08,mL/min/1.73m2
33047552,HbA1c,6.3,Hb A1c,2015-08,%
73656344,eGFR,85.99,LOINC: 33914-3,2015-05,mL/min/1.73m2
12942056,SBP,153.2,Systolic BP,2013-07,mmHg
67431512,SBP,106.98,Systolic BP,2015-02,mmHg
10841672,eGFR,83.16,Estimated GFR,2015-12,mL/min/1.73m2
6152141,eGFR,93.04,eGFR,2012-09,mL/min/1.73m2
17050637,SBP,116.91,Systolic blood pressure,2013-06,mmHg
35253821,SBP,114.98,Systolic BP,2013-03,mmHg
35212697,SBP,127.64,Systolic blood pressure,2012-06,mmHg
23118797,HbA1c,4.63,Glycated haemoglobin,2016-10,%
12570896,eGFR,86.8,eGFR,2015-09,mL/min/1.73m2
15282416,eGFR,91.28,LOINC: 33914-3,2015-08,mL/min/1.73m2
16865192,eGFR,91.48,Estimated GFR,2012-08,mL/min/1.73m2
3716576,SBP,160.12,Systolic BP,2013-06,mmHg
30586016,HbA1c,5.47,HbA1c,2012-12,%
2617337,HbA1c,4.9,Glycated haemoglobin,2012-05,%
569,HbA1c,4.19,HbA1c,2015-09,%
117881,eGFR,85.72,Estimated GFR,2012-05,mL/min/1.73m2
46146521,eGFR,81.14,Estimated GFR,2012-08,mL/min/1.73m2
70160957,eGFR,93.22,eGFR,2015-03,mL/min/1.73m2
44977421,SBP,123.36,Systolic BP,2016-09,mmHg
29390969,HbA1c,4.35,Hb A1c,2016-10,%
2302397,SBP,138.09,Systolic BP,2015-05,mmHg
468344,eGFR,94.29,Estimated GFR,2015-08,mL/min/1.73m2
44352344,HbA1c,4.63,HbA1c,2015-07,%
28404056,SBP,139.07,Systolic BP,2012-07,mmHg
52492736,HbA1c,6.74,Glycated haemoglobin,2014-09,%
4064957,SBP,135.16,SBP,2016-05,mmHg
59194361,HbA1c,4.35,HbA1c,2015-08,%
389069,eGFR,85.05,Estimated GFR,2014-11,mL/min/1.73m2
15540797,HbA1c,3.99,Glycated haemoglobin,2013-04,%
15472592,SBP,119.91,Systolic BP,2013-02,mmHg
73745561,HbA1c,4.64,Hb A1c,2014-08,%
14010032,HbA1c,7.3,Hb A1c,2015-03,%
3676616,HbA1c,33.66,HbA1c,2012-03,mmol/mol
19645712,SBP,168.02,Systolic blood pressure,2013-08,mmHg
68373497,HbA1c,5.84,HbA1c,2016-02,%
33306941,SBP,86.16,SBP,2015-07,mmHg
39792761,HbA1c,6.8,HbA1c,2016-08,%
1612136,SBP,124.35,Systolic BP,2012-01,mmHg
26874416,SBP,151.24,Systolic blood pressure,2016-03,mmHg
44237069,eGFR,84.65,Estimated GFR,2014-02,mL/min/1.73m2
1674296,HbA1c,5.23,HbA1c,2012-06,%
9569657,SBP,126.6,SBP,2014-10,mmHg
62053181,HbA1c,4.57,HbA1c,2014-06,%
54944,eGFR,95.26,eGFR,2015-07,mL/min/1.73m2
37829072,HbA1c,4.29,HbA1c,2015-10,%
51717581,eGFR,88.21,eGFR,2012-07,mL/min/1.73m2
23688569,eGFR,76.78,eGFR,2015-05,mL/min/1.73m2
26552144,eGFR,90.75,eGFR,2016-02,mL/min/1.73m2
131312,HbA1c,7.17,Glycated haemoglobin,2015-05,%
891344,eGFR,84.77,Estimated GFR,2012-03,mL/min/1.73m2
56741672,HbA1c,5.71,Hb A1c,2014-03,%
55238312,HbA1c,4.93,Hb A1c,2016-04,%
2188217,SBP,122.15,Systolic BP,2014-01,mmHg
54647741,eGFR,93.59,eGFR,2015-08,mL/min/1.73m2
43024376,eGFR,79.83,Estimated GFR,2012-01,mL/min/1.73m2
60103997,eGFR,87.31,eGFR,2012-07,mL/min/1.73m2
2952461,eGFR,80.66,LOINC: 33914-3,2014-01,mL/min/1.73m2
119072,SBP,88.74,SBP,2013-01,mmHg
2037197,HbA1c,4.08,Hb A1c,2014-01,%
12024281,eGFR,83.85,LOINC: 33914-3,2014-11,mL/min/1.73m2
53273657,HbA1c,4.99,Hb A1c,2015-12,%
5093696,SBP,142.62,Systolic blood pressure,2016-08,mmHg
18930701,HbA1c,4.55,Hb A1c,2014-08,%
35274392,eGFR,89.54,LOINC: 33914-3,2012-07,mL/min/1.73m2
7912397,SBP,128.59,Systolic BP,2016-03,mmHg
5561,HbA1c,4.03,HbA1c,2016-06,%
6795344,HbA1c,4.46,Glycated haemoglobin,2013-06,%
21837881,SBP,112.47,Systolic blood pressure,2015-01,mmHg
63425081,SBP,141.71,Systolic blood pressure,2014-04,mmHg
32551577,eGFR,85.51,Estimated GFR,2012-05,mL/min/1.73m2
6177944,HbA1c,5.51,Glycated haemoglobin,2013-06,%
60993512,HbA1c,4.01,Glycated haemoglobin,2016-09,%
8599016,eGFR,85.33,LOINC: 33914-3,2013-10,mL/min/1.73m2
192296,SBP,110.07,SBP,2013-10,mmHg
14972537,SBP,134.75,Systolic BP,2016-07,mmHg
19187792,SBP,103.86,Systolic BP,2012-10,mmHg
5565401,eGFR,84.89,eGFR,2015-06,mL/min/1.73m2
914381,SBP,101.75,Systolic blood pressure,2015-05,mmHg
5930777,HbA1c,4.62,Glycated haemoglobin,2014-01,%
247376,HbA1c,4.74,Glycated haemoglobin,2013-11,%
64227656,eGFR,76.96,eGFR,2015-09,mL/min/1.73m2
21243032,SBP,150.1,Systolic blood pressure,2014-09,mmHg
55083944,eGFR,76.73,Estimated GFR,2012-06,mL/min/1.73m2
2852144,HbA1c,4.48,Glycated haemoglobin,2014-02,%
771416,HbA1c,4.45,HbA1c,2014-03,%
92144,eGFR,85.36,LOINC: 33914-3,2016-03,mL/min/1.73m2
55032536,HbA1c,4.64,Hb A1c,2015-01,%
58397501,HbA1c,5.04,HbA1c,2012-03,%
65819837,HbA1c,4.69,Glycated haemoglobin,2016-11,%
32690072,eGFR,93.62,Estimated GFR,2012-04,mL/min/1.73m2
23621177,SBP,115.35,SBP,2013-05,mmHg
215741,SBP,135.46,SBP,2014-09,mmHg
894617,HbA1c,4.59,Hb A1c,2014-12,%
16356944,HbA1c,4.8,HbA1c,2014-04,%
35894312,HbA1c,5.31,Glycated haemoglobin,2015-10,%
9344,HbA1c,4.17,HbA1c,2012-08,%
2639801,HbA1c,4.45,Hb A1c,2015-04,%
1076672,eGFR,92.93,eGFR,2014-05,mL/min/1.73m2
6015437,eGFR,94.06,LOINC: 33914-3,2012-04,mL/min/1.73m2
61862312,SBP,131.75,Systolic blood pressure,2012-11,mmHg
14087936,eGFR,83.81,LOINC: 33914-3,2016-06,mL/min/1.73m2
57632336,eGFR,85.03,LOINC: 33914-3,2012-11,mL/min/1.73m2
14552,SBP,109.27,Systolic blood pressure,2013-12,mmHg
23587517,eGFR,89.14,LOINC: 33914-3,2014-04,mL/min/1.73m2
47330621,HbA1c,7.46,Hb A1c,2016-03,%
69091472,SBP,124.94,Systolic blood pressure,2012-10,mmHg
43892144,SBP,125.32,SBP,2013-03,mmHg
5219552,eGFR,97.53,LOINC: 33914-3,2012-06,mL/min/1.73m2
31047536,HbA1c,4.58,HbA1c,2013-12,%
42752,HbA1c,5.0,Hb A1c,2013-04,%
16893656,SBP,136.23,Systolic blood pressure,2015-12,mmHg
120269,eGFR,84.11,LOINC: 33914-3,2013-08,mL/min/1.73m2
32196797,SBP,109.26,Systolic blood pressure,2013-02,mmHg
2403344,eGFR,80.57,eGFR,2012-02,mL/min/1.73m2
40495097,HbA1c,6.32,Glycated haemoglobin,2013-04,%
2137277,eGFR,86.02,eGFR,2016-04,mL/min/1.73m2
62819597,SBP,109.57,Systolic BP,2012-07,mmHg
22902776,eGFR,81.25,Estimated GFR,2012-05,mL/min/1.73m2
1016441,eGFR,85.32,Estimated GFR,2012-07,mL/min/1.73m2
10312217,HbA1c,26.73,Hb A1c,2012-03,mmol/mol
947801,SBP,122.09,Systolic BP,2015-06,mmHg
28793081,HbA1c,4.74,HbA1c,2015-05,%
8019944,SBP,144.44,Systolic blood pressure,2015-07,mmHg
6940592,HbA1c,4.71,Hb A1c,2012-07,%
21983816,HbA1c,6.14,HbA1c,2016-05,%
1441016,eGFR,66.93,Estimated GFR,2012-02,mL/min/1.73m2
45583481,SBP,132.56,SBP,2012-07,mmHg
878312,HbA1c,4.72,Glycated haemoglobin,2016-10,%
52869881,eGFR,81.3,eGFR,2013-10,mL/min/1.73m2
50725901,HbA1c,4.39,Hb A1c,2012-01,%
48433241,SBP,102.78,SBP,2012-08,mmHg
46594712,HbA1c,4.63,Hb A1c,2014-03,%
1564121,eGFR,87.76,Estimated GFR,2012-12,mL/min/1.73m2
4023161,eGFR,81.93,LOINC: 33914-3,2012-11,mL/min/1.73m2
53021117,HbA1c,5.19,HbA1c,2012-03,%
9785177,eGFR,83.07,LOINC: 33914-3,2013-05,mL/min/1.73m2
31648781,SBP,131.71,SBP,2012-12,mmHg
18915632,eGFR,84.36,eGFR,2016-09,mL/min/1.73m2
54801497,SBP,151.67,Systolic BP,2012-08,mmHg
16455161,eGFR,82.52,LOINC: 33914-3,2012-03,mL/min/1.73m2
1012952,eGFR,85.52,LOINC: 33914-3,2015-12,mL/min/1.73m2
1436861,HbA1c,6.91,Glycated haemoglobin,2016-12,%
196877,SBP,125.22,Systolic blood pressure,2014-01,mmHg
15295961,HbA1c,6.12,HbA1c,2016-03,%
30874061,HbA1c,4.13,HbA1c,2012-01,%
4421657,eGFR,72.72,eGFR,2015-07,mL/min/1.73m2
7766912,HbA1c,5.13,HbA1c,2012-07,%
23587517,SBP,124.44,Systolic blood pressure,2013-01,mmHg
26338376,HbA1c,4.83,HbA1c,2014-11,%
54494201,eGFR,93.18,eGFR,2016-10,mL/min/1.73m2
6482969,HbA1c,4.62,HbA1c,2014-12,%
37850381,eGFR,87.58,LOINC: 33914-3,2015-02,mL/min/1.73m2
34232921,eGFR,78.88,LOINC: 33914-3,2014-09,mL/min/1.73m2
49988441,SBP,113.27,SBP,2013-03,mmHg
8296976,HbA1c,5.25,Hb A1c,2016-06,%
12012272,SBP,133.85,SBP,2015-05,mmHg
16964921,HbA1c,5.64,Hb A1c,2015-03,%
61644536,eGFR,85.85,eGFR,2015-11,mL/min/1.73m2
38363597,SBP,128.63,Systolic blood pressure,2014-08,mmHg
18243737,eGFR,82.72,LOINC: 33914-3,2016-08,mL/min/1.73m2
20155661,SBP,115.27,Systolic BP,2013-09,mmHg
35007437,eGFR,87.68,Estimated GFR,2016-03,mL/min/1.73m2
40451021,SBP,112.85,Systolic BP,2012-06,mmHg
67374632,eGFR,68.44,LOINC: 33914-3,2013-04,mL/min/1.73m2
41627144,HbA1c,3.36,Hb A1c,2015-04,%
814592,eGFR,87.85,Estimated GFR,2012-05,mL/min/1.73m2
67887416,SBP,114.78,Systolic blood pressure,2014-12,mmHg
931016,eGFR,92.38,Estimated GFR,2013-05,mL/min/1.73m2
4023161,SBP,141.02,Systolic blood pressure,2015-02,mmHg
8387021,HbA1c,4.98,Glycated haemoglobin,2013-11,%
10933112,HbA1c,6.38,Glycated haemoglobin,2012-09,%
36813296,eGFR,93.35,eGFR,2012-01,mL/min/1.73m2
2234576,HbA1c,3.45,Hb A1c,2012-09,%
762317,SBP,106.29,SBP,2013-02,mmHg
57133757,eGFR,77.27,Estimated GFR,2014-03,mL/min/1.73m2
56793872,HbA1c,4.58,Hb A1c,2014-03,%
84941,eGFR,80.76,LOINC: 33914-3,2014-06,mL/min/1.73m2
49013561,SBP,124.02,Systolic BP,2012-02,mmHg
56819981,eGFR,101.24,LOINC: 33914-3,2012-05,mL/min/1.73m2
62463176,eGFR,90.31,LOINC: 33914-3,2013-02,mL/min/1.73m2
64561232,eGFR,83.66,eGFR,2012-06,mL/min/1.73m2
7404392,eGFR,78.93,LOINC: 33914-3,2015-12,mL/min/1.73m2
2770832,SBP,105.95,Systolic blood pressure,2014-02,mmHg
504569,HbA1c,3.34,HbA1c,2012-11,%
80957,eGFR,75.05,Estimated GFR,2015-05,mL/min/1.73m2
59889341,SBP,117.85,SBP,2012-01,mmHg
31163456,eGFR,93.22,eGFR,2013-04,mL/min/1.73m2
353216,SBP,105.81,Systolic blood pressure,2012-11,mmHg
58106672,SBP,122.15,Systolic blood pressure,2015-11,mmHg
165944,SBP,120.14,Systolic blood pressure,2016-12,mmHg
2958416,SBP,117.45,Systolic BP,2015-03,mmHg
66157517,SBP,130.8,SBP,2013-11,mmHg
45093656,eGFR,95.33,eGFR,2016-09,mL/min/1.73m2
20186777,HbA1c,4.51,Hb A1c,2012-08,%
60292136,SBP,119.32,Systolic blood pressure,2015-10,mmHg
5427344,HbA1c,5.63,Glycated haemoglobin,2016-08,%
9124877,HbA1c,7.23,Hb A1c,2016-05,%
26462969,SBP,129.11,Systolic BP,2014-04,mmHg
69639641,SBP,132.02,Systolic blood pressure,2016-05,mmHg
53223101,HbA1c,5.26,HbA1c,2014-03,%
857,HbA1c,5.16,Glycated haemoglobin,2014-10,%
9516152,eGFR,71.21,Estimated GFR,2012-03,mL/min/1.73m2
29240921,HbA1c,4.72,Glycated haemoglobin,2016-04,%
21935117,SBP,131.14,Systolic blood pressure,2013-11,mmHg
36666317,SBP,118.82,SBP,2012-09,mmHg
7301069,HbA1c,4.7,HbA1c,2013-09,%
6518297,SBP,118.09,Systolic blood pressure,2012-05,mmHg
6607037,SBP,114.19,Systolic blood pressure,2014-07,mmHg
11232944,eGFR,83.23,Estimated GFR,2014-03,mL/min/1.73m2
11279432,HbA1c,3.97,Hb A1c,2016-09,%
34415576,eGFR,95.53,LOINC: 33914-3,2016-04,mL/min/1.73m2
413192,SBP,117.96,Systolic BP,2014-12,mmHg
57343421,HbA1c,4.91,Glycated haemoglobin,2014-02,%
17144,eGFR,89.58,LOINC: 33914-3,2012-10,mL/min/1.73m2
54187769,eGFR,91.37,Estimated GFR,2014-02,mL/min/1.73m2
59889341,eGFR,71.69,eGFR,2014-04,mL/min/1.73m2
38342144,HbA1c,4.81,HbA1c,2014-01,%
25108616,HbA1c,4.94,HbA1c,2014-03,%
21163277,eGFR,95.59,Estimated GFR,2014-11,mL/min/1.73m2
11069,eGFR,79.21,Estimated GFR,2013-01,mL/min/1.73m2
35852816,HbA1c,28.68,HbA1c,2015-01,mmol/mol
34598717,eGFR,80.41,eGFR,2012-01,mL/min/1.73m2
42480776,HbA1c,5.14,Glycated haemoglobin,2015-02,%
3415736,HbA1c,29.18,HbA1c,2012-01,mmol/mol
35707769,eGFR,91.24,eGFR,2015-09,mL/min/1.73m2
63177032,eGFR,75.08,Estimated GFR,2015-07,mL/min/1.73m2
69495176,eGFR,96.67,LOINC: 33914-3,2016-08,mL/min/1.73m2
57395897,eGFR,75.37,LOINC: 33914-3,2013-12,mL/min/1.73m2
1432712,SBP,127.23,Systolic BP,2013-03,mmHg
1363097,SBP,131.01,SBP,2013-12,mmHg
789776,SBP,117.32,Systolic blood pressure,2014-04,mmHg
8649881,SBP,129.87,Systolic blood pressure,2013-07,mmHg
11964296,HbA1c,5.63,Hb A1c,2012-10,%
32255792,eGFR,97.5,Estimated GFR,2014-10,mL/min/1.73m2
30509432,eGFR,90.99,LOINC: 33914-3,2014-10,mL/min/1.73m2
215741,eGFR,78.9,Estimated GFR,2013-07,mL/min/1.73m2
30013976,SBP,101.92,SBP,2016-12,mmHg
52869881,SBP,152.12,Systolic BP,2012-10,mmHg
60453632,HbA1c,5.38,Glycated haemoglobin,2012-08,%
35625017,eGFR,87.76,eGFR,2014-06,mL/min/1.73m2
1968569,SBP,112.26,Systolic BP,2015-12,mmHg
6368816,eGFR,71.34,LOINC: 33914-3,2014-05,mL/min/1.73m2
51121421,HbA1c,5.28,HbA1c,2013-11,%
65258957,eGFR,81.28,eGFR,2013-03,mL/min/1.73m2
11279432,SBP,122.91,Systolic BP,2014-12,mmHg
42041,SBP,117.51,SBP,2012-06,mmHg
60858317,SBP,121.59,Systolic blood pressure,2016-12,mmHg
54443069,HbA1c,4.48,Glycated haemoglobin,2013-02,%
12583181,HbA1c,5.41,Glycated haemoglobin,2016-06,%
19400816,HbA1c,5.22,HbA1c,2016-07,%
71824616,HbA1c,4.28,HbA1c,2013-03,%
59407769,SBP,130.82,Systolic blood pressure,2015-02,mmHg
65567144,HbA1c,4.93,Hb A1c,2013-06,%
629561,HbA1c,5.23,Hb A1c,2012-07,%
18243737,HbA1c,4.32,HbA1c,2016-01,%
3696569,HbA1c,4.77,Glycated haemoglobin,2014-10,%
53678969,HbA1c,4.95,Glycated haemoglobin,2012-03,%
4969376,eGFR,85.78,Estimated GFR,2013-08,mL/min/1.73m2
9041357,eGFR,63.27,LOINC: 33914-3,2016-11,mL/min/1.73m2
53501456,SBP,101.7,Systolic BP,2015-07,mmHg
20877401,eGFR,89.48,Estimated GFR,2015-10,mL/min/1.73m2
10990457,HbA1c,4.66,Glycated haemoglobin,2015-11,%
11525069,SBP,122.87,Systolic BP,2012-05,mmHg
26928317,HbA1c,6.13,Glycated haemoglobin,2014-12,%
20031437,SBP,149.99,Systolic BP,2016-10,mmHg
25230269,HbA1c,4.22,Glycated haemoglobin,2015-01,%
32118221,HbA1c,4.77,HbA1c,2013-02,%
1585856,eGFR,84.43,eGFR,2014-09,mL/min/1.73m2
15133817,eGFR,84.28,LOINC: 33914-3,2014-02,mL/min/1.73m2
71648576,HbA1c,4.76,HbA1c,2015-12,%
48120344,eGFR,85.2,LOINC: 33914-3,2014-03,mL/min/1.73m2
52242056,eGFR,86.22,eGFR,2013-08,mL/min/1.73m2
70480496,SBP,121.38,Systolic BP,2014-03,mmHg
58476944,HbA1c,4.06,Glycated haemoglobin,2016-09,%
49183472,HbA1c,4.16,HbA1c,2012-05,%
1674296,SBP,112.6,Systolic blood pressure,2016-12,mmHg
32157497,HbA1c,4.62,Glycated haemoglobin,2013-06,%
6858701,eGFR,86.06,eGFR,2016-09,mL/min/1.73m2
875069,SBP,154.27,Systolic blood pressure,2016-09,mmHg
53704352,SBP,107.71,SBP,2014-09,mmHg
57264752,eGFR,80.35,eGFR,2016-01,mL/min/1.73m2
4793357,SBP,102.59,Systolic blood pressure,2012-05,mmHg
52945472,SBP,140.67,SBP,2012-08,mmHg
70684217,SBP,119.2,Systolic BP,2016-08,mmHg
44260112,SBP,130.1,Systolic BP,2015-09,mmHg
67260944,SBP,129.71,Systolic blood pressure,2012-10,mmHg
48656,eGFR,88.79,LOINC: 33914-3,2012-06,mL/min/1.73m2
55367117,eGFR,91.04,Estimated GFR,2014-04,mL/min/1.73m2
39248336,SBP,158.61,Systolic blood pressure,2012-08,mmHg
3447821,HbA1c,4.31,Hb A1c,2016-03,%
1334936,eGFR,81.98,LOINC: 33914-3,2016-12,mL/min/1.73m2
17963696,SBP,129.08,SBP,2016-01,mmHg
23235536,SBP,99.96,Systolic BP,2012-09,mmHg
72885392,HbA1c,31.78,Hb A1c,2016-04,mmol/mol
26373944,HbA1c,4.42,Glycated haemoglobin,2015-01,%
610472,SBP,100.72,Systolic blood pressure,2015-09,mmHg
15458969,eGFR,93.71,eGFR,2015-09,mL/min/1.73m2
24710969,SBP,116.45,Systolic blood pressure,2015-02,mmHg
5395112,SBP,131.09,Systolic blood pressure,2014-11,mmHg
10123976,HbA1c,25.03,Hb A1c,2015-04,mmol/mol
43938056,HbA1c,3.82,Glycated haemoglobin,2015-11,%
35811344,eGFR,94.8,LOINC: 33914-3,2012-01,mL/min/1.73m2
37595069,SBP,123.12,Systolic blood pressure,2015-01,mmHg
4620512,HbA1c,4.81,Hb A1c,2013-08,%
10796096,SBP,107.34,Systolic blood pressure,2015-09,mmHg
24111944,eGFR,86.28,Estimated GFR,2014-04,mL/min/1.73m2
80957,SBP,140.13,Systolic BP,2012-06,mmHg
13066976,HbA1c,2.97,Glycated haemoglobin,2012-04,%
1687769,HbA1c,3.81,Glycated haemoglobin,2015-10,%
11713997,eGFR,77.37,Estimated GFR,2016-12,mL/min/1.73m2
74550944,SBP,129.64,Systolic BP,2013-12,mmHg
52342256,eGFR,97.35,eGFR,2014-12,mL/min/1.73m2
34314041,HbA1c,4.82,Hb A1c,2012-06,%
15663944,SBP,114.06,SBP,2013-12,mmHg
27180569,HbA1c,5.31,Glycated haemoglobin,2015-11,%
2875592,SBP,135.52,SBP,2015-11,mmHg
10068941,SBP,103.85,SBP,2012-04,mmHg
24231161,HbA1c,6.4,Hb A1c,2013-05,%
29729981,eGFR,94.38,Estimated GFR,2016-07,mL/min/1.73m2
27270944,HbA1c,5.37,Hb A1c,2016-11,%
3139856,eGFR,93.45,LOINC: 33914-3,2015-11,mL/min/1.73m2
13117112,SBP,127.04,Systolic BP,2015-10,mmHg
48626297,eGFR,78.2,eGFR,2015-09,mL/min/1.73m2
20186777,eGFR,77.41,Estimated GFR,2012-09,mL/min/1.73m2
36813296,SBP,142.52,Systolic BP,2016-05,mmHg
46784072,SBP,125.91,SBP,2014-03,mmHg
26373944,SBP,114.25,SBP,2015-03,mmHg
14732237,HbA1c,5.05,HbA1c,2012-01,%
8649881,HbA1c,6.71,Hb A1c,2012-02,%
3326696,SBP,121.56,Systolic BP,2012-05,mmHg
2724896,HbA1c,4.65,Glycated haemoglobin,2015-09,%
30070937,HbA1c,4.48,HbA1c,2013-09,%
1023437,SBP,118.19,Systolic blood pressure,2013-12,mmHg
780569,eGFR,78.29,LOINC: 33914-3,2015-07,mL/min/1.73m2
17467976,SBP,111.86,Systolic blood pressure,2012-10,mmHg
42390512,HbA1c,4.83,HbA1c,2014-06,%
363581,HbA1c,5.15,Hb A1c,2012-03,%
17079257,SBP,124.61,Systolic BP,2016-12,mmHg
199961,HbA1c,5.98,HbA1c,2012-07,%
26534297,eGFR,87.41,eGFR,2016-08,mL/min/1.73m2
35790617,SBP,128.38,Systolic blood pressure,2016-12,mmHg
2899136,SBP,126.23,SBP,2012-03,mmHg
3830969,eGFR,87.12,Estimated GFR,2013-08,mL/min/1.73m2
7555976,SBP,138.93,Systolic BP,2015-10,mmHg
783632,eGFR,59.1,LOINC: 33914-3,2014-04,mL/min/1.73m2
9516152,SBP,123.84,SBP,2013-02,mmHg
46075952,eGFR,80.48,LOINC: 33914-3,2014-02,mL/min/1.73m2
3460697,eGFR,87.51,eGFR,2015-05,mL/min/1.73m2
51493616,eGFR,93.65,LOINC: 33914-3,2013-12,mL/min/1.73m2
5354957,eGFR,77.62,Estimated GFR,2012-06,mL/min/1.73m2
57212336,SBP,161.36,Systolic BP,2013-12,mmHg
24987257,HbA1c,3.98,Hb A1c,2014-12,%
3953981,SBP,138.0,Systolic BP,2014-04,mmHg
28607501,SBP,97.39,SBP,2012-11,mmHg
40517144,eGFR,92.6,LOINC: 33914-3,2016-09,mL/min/1.73m2
10035992,HbA1c,5.19,Glycated haemoglobin,2015-09,%
16936397,HbA1c,5.62,Glycated haemoglobin,2014-09,%
1872569,eGFR,87.69,eGFR,2015-09,mL/min/1.73m2
6412601,HbA1c,4.3,HbA1c,2016-02,%
26856461,eGFR,85.68,Estimated GFR,2013-01,mL/min/1.73m2
56091197,HbA1c,5.16,Hb A1c,2016-07,%
11244557,eGFR,83.28,LOINC: 33914-3,2012-01,mL/min/1.73m2
7068944,eGFR,75.86,Estimated GFR,2015-08,mL/min/1.73m2
674297,HbA1c,4.81,Glycated haemoglobin,2014-11,%
32413376,eGFR,95.13,eGFR,2012-04,mL/min/1.73m2
46476557,SBP,149.82,Systolic blood pressure,2014-06,mmHg
29900216,SBP,124.0,Systolic blood pressure,2013-03,mmHg
31357136,eGFR,78.92,Estimated GFR,2015-01,mL/min/1.73m2
189272,eGFR,73.56,Estimated GFR,2013-12,mL/min/1.73m2
55702712,eGFR,80.61,Estimated GFR,2012-12,mL/min/1.73m2
10693901,eGFR,87.13,LOINC: 33914-3,2014-02,mL/min/1.73m2
74073152,HbA1c,6.25,HbA1c,2014-10,%
10727912,SBP,108.03,Systolic BP,2016-05,mmHg
4487456,SBP,129.25,Systolic BP,2012-04,mmHg
28923344,HbA1c,5.06,Glycated haemoglobin,2012-02,%
56585216,eGFR,83.79,eGFR,2016-12,mL/min/1.73m2
1236761,HbA1c,6.64,Glycated haemoglobin,2015-10,%
32059352,SBP,118.26,SBP,2015-03,mmHg
11583944,SBP,127.62,SBP,2015-12,mmHg
2964377,eGFR,89.11,eGFR,2012-05,mL/min/1.73m2
53678969,SBP,134.11,SBP,2013-03,mmHg
8029757,eGFR,92.16,eGFR,2014-03,mL/min/1.73m2
2747816,HbA1c,4.45,Glycated haemoglobin,2012-10,%
74401469,SBP,122.89,Systolic blood pressure,2014-07,mmHg
38042432,eGFR,88.49,eGFR,2012-09,mL/min/1.73m2
624077,SBP,119.03,Systolic BP,2012-12,mmHg
2753561,eGFR,89.0,eGFR,2016-11,mL/min/1.73m2
13066976,SBP,147.42,Systolic BP,2016-02,mmHg
64672616,SBP,144.57,Systolic blood pressure,2015-04,mmHg
5524616,SBP,113.64,Systolic blood pressure,2013-09,mmHg
8366969,eGFR,88.59,Estimated GFR,2015-11,mL/min/1.73m2
16399001,SBP,109.89,Systolic BP,2014-06,mmHg
64116656,SBP,150.16,Systolic blood pressure,2013-09,mmHg
86969,HbA1c,5.11,HbA1c,2012-11,%
59675069,SBP,145.17,SBP,2013-05,mmHg
49572944,HbA1c,4.86,Glycated haemoglobin,2016-05,%
3995417,eGFR,82.24,eGFR,2012-07,mL/min/1.73m2
33127256,eGFR,87.27,eGFR,2014-12,mL/min/1.73m2
53729741,SBP,114.17,Systolic blood pressure,2012-09,mmHg
10967501,SBP,140.96,Systolic blood pressure,2014-03,mmHg
7786232,SBP,98.85,Systolic blood pressure,2014-06,mmHg
8427197,HbA1c,5.16,HbA1c,2012-10,%
29862344,HbA1c,4.73,Hb A1c,2013-02,%
4620512,eGFR,85.69,LOINC: 33914-3,2015-12,mL/min/1.73m2
5888672,SBP,136.51,Systolic BP,2014-03,mmHg
171632,SBP,139.35,SBP,2015-04,mmHg
8376992,HbA1c,4.09,HbA1c,2016-10,%
60157721,eGFR,89.44,Estimated GFR,2014-10,mL/min/1.73m2
74910296,eGFR,82.24,LOINC: 33914-3,2015-12,mL/min/1.73m2
54955469,SBP,140.43,SBP,2013-10,mmHg
57895616,HbA1c,5.96,Glycated haemoglobin,2016-10,%
5897081,SBP,113.03,Systolic blood pressure,2014-10,mmHg
67858877,HbA1c,6.84,Glycated haemoglobin,2016-08,%
48385037,eGFR,71.7,LOINC: 33914-3,2016-06,mL/min/1.73m2
7041341,HbA1c,5.21,Glycated haemoglobin,2016-09,%
1123901,HbA1c,8.45,Hb A1c,2014-03,%
4923152,eGFR,87.47,LOINC: 33914-3,2012-07,mL/min/1.73m2
5475872,HbA1c,5.61,HbA1c,2012-03,%
5235392,SBP,134.03,SBP,2015-11,mmHg
4487456,HbA1c,5.1,Hb A1c,2013-10,%
58212344,eGFR,83.17,Estimated GFR,2012-12,mL/min/1.73m2
9324776,eGFR,80.72,Estimated GFR,2012-04,mL/min/1.73m2
72648992,SBP,105.82,Systolic blood pressure,2013-07,mmHg
7059737,SBP,125.81,Systolic blood pressure,2015-08,mmHg
1512569,HbA1c,5.07,Glycated haemoglobin,2016-10,%
39118232,SBP,150.01,Systolic BP,2015-11,mmHg
3603917,HbA1c,5.54,Glycated haemoglobin,2016-11,%
2679344,eGFR,90.99,Estimated GFR,2013-09,mL/min/1.73m2
62545337,SBP,119.58,Systolic blood pressure,2013-04,mmHg
6642701,SBP,140.95,SBP,2015-03,mmHg
38772344,SBP,127.22,SBP,2012-10,mmHg
5855096,SBP,131.92,SBP,2016-05,mmHg
6687416,eGFR,81.69,eGFR,2013-08,mL/min/1.73m2
24556232,SBP,156.69,Systolic blood pressure,2014-08,mmHg
5219552,SBP,117.58,SBP,2012-09,mmHg
47664857,SBP,103.68,Systolic blood pressure,2015-05,mmHg
18975944,SBP,95.72,Systolic blood pressure,2014-08,mmHg
67516877,HbA1c,56.88,Hb A1c,2015-06,mmol/mol
11140256,eGFR,87.73,Estimated GFR,2016-03,mL/min/1.73m2
54391961,SBP,117.34,SBP,2016-01,mmHg
19523072,eGFR,93.5,Estimated GFR,2012-04,mL/min/1.73m2
50676569,eGFR,93.72,LOINC: 33914-3,2012-03,mL/min/1.73m2
27926072,eGFR,72.56,LOINC: 33914-3,2013-11,mL/min/1.73m2
57186137,SBP,111.79,SBP,2013-02,mmHg
51419069,eGFR,89.01,eGFR,2013-02,mL/min/1.73m2
20093501,HbA1c,4.93,HbA1c,2016-02,%
47976272,SBP,113.92,Systolic blood pressure,2013-10,mmHg
12867392,SBP,119.43,SBP,2012-08,mmHg
21243032,eGFR,94.58,Estimated GFR,2013-07,mL/min/1.73m2
3926477,SBP,113.73,SBP,2013-06,mmHg
10212344,SBP,143.75,Systolic BP,2016-11,mmHg
10446137,SBP,124.34,Systolic blood pressure,2013-08,mmHg
20735192,SBP,133.09,Systolic blood pressure,2015-08,mmHg
839792,eGFR,78.0,Estimated GFR,2013-12,mL/min/1.73m2
1149752,eGFR,80.0,LOINC: 33914-3,2013-05,mL/min/1.73m2
14336057,HbA1c,4.35,HbA1c,2016-10,%
24556232,HbA1c,5.58,Hb A1c,2012-02,%
59381072,HbA1c,4.43,Glycated haemoglobin,2014-09,%
19507769,HbA1c,3.83,Glycated haemoglobin,2013-07,%
499661,eGFR,89.48,Estimated GFR,2015-09,mL/min/1.73m2
48771341,HbA1c,5.73,Hb A1c,2012-02,%
29579069,eGFR,91.51,eGFR,2014-12,mL/min/1.73m2
8968592,eGFR,91.33,Estimated GFR,2014-02,mL/min/1.73m2
65035277,HbA1c,34.87,HbA1c,2016-04,mmol/mol
2162672,HbA1c,4.38,Hb A1c,2012-02,%
3201536,eGFR,86.17,Estimated GFR,2016-05,mL/min/1.73m2
55161101,eGFR,87.68,LOINC: 33914-3,2014-12,mL/min/1.73m2
3750041,eGFR,77.7,Estimated GFR,2013-07,mL/min/1.73m2
326969,SBP,124.04,Systolic blood pressure,2012-07,mmHg
45560096,SBP,107.04,SBP,2012-06,mmHg
4078937,SBP,128.28,SBP,2015-08,mmHg
45047144,SBP,120.32,Systolic blood pressure,2016-10,mmHg
15295961,eGFR,93.72,eGFR,2014-07,mL/min/1.73m2
15106877,eGFR,91.87,eGFR,2013-02,mL/min/1.73m2
69900056,SBP,129.55,SBP,2015-08,mmHg
15214781,SBP,138.9,SBP,2012-02,mmHg
39836477,HbA1c,4.01,HbA1c,2012-10,%
62326361,eGFR,73.69,LOINC: 33914-3,2016-11,mL/min/1.73m2
63811901,SBP,132.69,SBP,2013-11,mmHg
21067769,HbA1c,4.74,HbA1c,2014-04,%
17919677,SBP,144.48,SBP,2013-01,mmHg
49037816,HbA1c,5.99,HbA1c,2016-04,%
57002912,eGFR,86.51,Estimated GFR,2013-12,mL/min/1.73m2
27981017,SBP,102.09,SBP,2016-11,mmHg
210944,eGFR,87.17,eGFR,2015-11,mL/min/1.73m2
42525944,eGFR,83.53,Estimated GFR,2014-07,mL/min/1.73m2
2976317,SBP,132.71,SBP,2012-03,mmHg
18362297,SBP,108.49,SBP,2012-05,mmHg
19753337,HbA1c,4.44,Hb A1c,2013-04,%
38406521,SBP,118.69,Systolic BP,2015-12,mmHg
1568456,eGFR,91.54,Estimated GFR,2012-07,mL/min/1.73m2
25661,HbA1c,32.72,Glycated haemoglobin,2013-03,mmol/mol
31687769,SBP,126.3,Systolic BP,2014-03,mmHg
41114681,eGFR,81.26,Estimated GFR,2014-06,mL/min/1.73m2
34273469,eGFR,78.16,LOINC: 33914-3,2013-12,mL/min/1.73m2
19431344,eGFR,83.43,LOINC: 33914-3,2016-12,mL/min/1.73m2
17165261,HbA1c,5.05,Hb A1c,2012-06,%
14745536,SBP,139.68,Systolic BP,2015-01,mmHg
24128957,SBP,135.27,Systolic blood pressure,2016-09,mmHg
2817152,HbA1c,4.77,Hb A1c,2015-12,%
60669296,eGFR,84.96,eGFR,2015-08,mL/min/1.73m2
4349117,HbA1c,7.04,HbA1c,2014-04,%
470717,SBP,138.58,SBP,2012-07,mmHg
70655096,SBP,133.09,Systolic blood pressure,2014-11,mmHg
24401981,HbA1c,4.14,Glycated haemoglobin,2013-07,%
48698792,eGFR,85.56,eGFR,2012-06,mL/min/1.73m2
33047552,SBP,137.45,Systolic BP,2016-12,mmHg
13029437,eGFR,94.98,Estimated GFR,2014-11,mL/min/1.73m2
19615016,HbA1c,4.87,Glycated haemoglobin,2014-11,%
17136569,HbA1c,4.74,Hb A1c,2012-03,%
6152141,SBP,125.13,Systolic blood pressure,2015-02,mmHg
20389616,eGFR,88.41,eGFR,2015-11,mL/min/1.73m2
14652569,eGFR,61.53,eGFR,2015-02,mL/min/1.73m2
24282344,SBP,118.01,Systolic blood pressure,2013-09,mmHg
4313072,HbA1c,43.67,Hb A1c,2016-03,mmol/mol
37277144,HbA1c,4.03,Glycated haemoglobin,2013-03,%
59114432,HbA1c,6.41,Glycated haemoglobin,2015-03,%
54340877,eGFR,86.73,LOINC: 33914-3,2015-07,mL/min/1.73m2
2846297,eGFR,83.72,eGFR,2014-03,mL/min/1.73m2
18081344,SBP,124.67,Systolic BP,2012-01,mmHg
25807736,SBP,148.07,Systolic blood pressure,2015-01,mmHg
47784512,SBP,115.62,SBP,2012-10,mmHg
38127944,eGFR,92.81,LOINC: 33914-3,2016-08,mL/min/1.73m2
35542361,eGFR,88.1,LOINC: 33914-3,2016-07,mL/min/1.73m2
163136,SBP,126.95,Systolic blood pressure,2015-07,mmHg
43823321,eGFR,83.88,Estimated GFR,2013-11,mL/min/1.73m2
6032441,SBP,142.15,SBP,2015-04,mmHg
1525376,eGFR,70.54,Estimated GFR,2014-11,mL/min/1.73m2
22654781,HbA1c,34.28,Hb A1c,2016-09,mmol/mol
51369401,HbA1c,4.41,HbA1c,2015-03,%
34700672,eGFR,85.75,eGFR,2015-12,mL/min/1.73m2
40055417,eGFR,92.27,LOINC: 33914-3,2012-07,mL/min/1.73m2
65981,SBP,112.1,Systolic BP,2014-11,mmHg
6949721,HbA1c,4.78,Hb A1c,2013-04,%
3103136,eGFR,88.85,LOINC: 33914-3,2012-12,mL/min/1.73m2
9959321,SBP,116.61,SBP,2016-01,mmHg
23018969,SBP,109.49,SBP,2015-01,mmHg
12375152,HbA1c,4.74,Hb A1c,2013-01,%
15732569,HbA1c,6.52,Hb A1c,2016-07,%
65735552,eGFR,85.75,eGFR,2014-07,mL/min/1.73m2
35007437,HbA1c,4.59,Hb A1c,2013-05,%
43800392,HbA1c,6.15,Glycated haemoglobin,2014-01,%
55757,SBP,134.61,SBP,2014-08,mmHg
39858344,HbA1c,4.77,HbA1c,2013-02,%
47832416,HbA1c,7.05,HbA1c,2014-01,%
72236216,HbA1c,5.6,HbA1c,2015-12,%
14231321,eGFR,86.3,LOINC: 33914-3,2012-01,mL/min/1.73m2
42277817,SBP,119.38,Systolic BP,2015-11,mmHg
14388569,SBP,110.98,Systolic BP,2015-06,mmHg
438041,eGFR,93.68,eGFR,2012-02,mL/min/1.73m2
23369312,HbA1c,5.01,Hb A1c,2012-07,%
27542969,eGFR,87.11,eGFR,2013-01,mL/min/1.73m2
6678461,HbA1c,4.68,Hb A1c,2013-10,%
53933069,SBP,154.1,Systolic blood pressure,2014-04,mmHg
40121216,SBP,126.58,Systolic blood pressure,2012-09,mmHg
22457357,SBP,103.22,SBP,2015-01,mmHg
10933112,SBP,128.98,SBP,2012-11,mmHg
38170736,eGFR,81.88,Estimated GFR,2015-07,mL/min/1.73m2
16850969,HbA1c,4.7,Glycated haemoglobin,2014-02,%
11349344,SBP,105.82,Systolic BP,2015-06,mmHg
12485069,SBP,125.26,SBP,2012-06,mmHg
15897881,SBP,101.92,Systolic blood pressure,2013-09,mmHg
3257561,SBP,124.26,SBP,2014-02,mmHg
21259001,HbA1c,6.62,HbA1c,2013-08,%
15309512,HbA1c,5.56,HbA1c,2012-05,%
34598717,HbA1c,3.47,Glycated haemoglobin,2015-01,%
55728569,SBP,117.08,Systolic BP,2014-05,mmHg
5672144,SBP,149.31,Systolic blood pressure,2012-10,mmHg
11856701,SBP,120.96,Systolic blood pressure,2012-03,mmHg
19569017,SBP,109.55,Systolic blood pressure,2013-04,mmHg
27834617,eGFR,91.89,LOINC: 33914-3,2014-03,mL/min/1.73m2
63344,HbA1c,5.23,Hb A1c,2016-08,%
68430797,HbA1c,4.68,Glycated haemoglobin,2014-02,%
15133817,SBP,160.52,SBP,2016-10,mmHg
547256,eGFR,83.99,Estimated GFR,2013-05,mL/min/1.73m2
8629517,SBP,136.42,Systolic blood pressure,2013-07,mmHg
6307769,eGFR,81.74,Estimated GFR,2016-06,mL/min/1.73m2
319097,HbA1c,5.71,Hb A1c,2013-04,%
5746637,HbA1c,4.86,Hb A1c,2014-11,%
10412576,eGFR,85.3,Estimated GFR,2013-10,mL/min/1.73m2
35007437,SBP,124.5,SBP,2014-06,mmHg
3551501,eGFR,77.84,Estimated GFR,2013-03,mL/min/1.73m2
33344,eGFR,79.86,LOINC: 33914-3,2012-08,mL/min/1.73m2
30452057,SBP,117.67,Systolic blood pressure,2012-05,mmHg
54187769,SBP,102.62,Systolic BP,2012-11,mmHg
66439577,HbA1c,4.67,Glycated haemoglobin,2014-10,%
36708281,SBP,139.5,Systolic BP,2016-08,mmHg
53552144,eGFR,75.55,LOINC: 33914-3,2015-08,mL/min/1.73m2
45093656,HbA1c,4.76,Glycated haemoglobin,2012-06,%
1112912,SBP,137.31,Systolic BP,2012-06,mmHg
3341,SBP,105.01,Systolic blood pressure,2014-11,mmHg
51867161,SBP,120.6,SBP,2014-07,mmHg
16950656,eGFR,85.28,Estimated GFR,2013-06,mL/min/1.73m2
35294969,HbA1c,9.59,Hb A1c,2016-09,mmol/mol
18273341,eGFR,82.85,eGFR,2012-01,mL/min/1.73m2
237152,HbA1c,4.84,Hb A1c,2013-06,%
3358361,eGFR,87.96,LOINC: 33914-3,2013-08,mL/min/1.73m2
49621736,HbA1c,5.23,Glycated haemoglobin,2015-01,%
47306792,SBP,147.55,Systolic blood pressure,2013-10,mmHg
9494792,HbA1c,4.98,Glycated haemoglobin,2014-10,%
74222297,SBP,134.24,SBP,2013-04,mmHg
73596896,HbA1c,5.17,Hb A1c,2014-04,%
28238141,HbA1c,4.35,HbA1c,2014-07,%
17817176,SBP,101.32,SBP,2015-09,mmHg
16286969,SBP,84.53,Systolic BP,2015-07,mmHg
1577144,eGFR,89.88,eGFR,2014-05,mL/min/1.73m2
11372696,SBP,110.19,SBP,2013-11,mmHg
59114432,SBP,158.55,SBP,2016-03,mmHg
2495501,HbA1c,4.2,Hb A1c,2014-08,%
33427001,SBP,112.12,SBP,2013-12,mmHg
53933069,HbA1c,6.71,Hb A1c,2013-12,%
28422521,HbA1c,5.11,Glycated haemoglobin,2012-03,%
3525437,SBP,95.17,Systolic BP,2015-05,mmHg
6015437,SBP,106.32,Systolic blood pressure,2014-07,mmHg
22555961,SBP,123.39,SBP,2014-01,mmHg
47521469,SBP,126.95,Systolic BP,2014-03,mmHg
34945976,SBP,129.7,Systolic BP,2014-03,mmHg
8762312,HbA1c,5.78,Glycated haemoglobin,2013-01,%
3703232,SBP,136.75,Systolic BP,2013-11,mmHg
73478072,eGFR,92.45,Estimated GFR,2015-06,mL/min/1.73m2
881561,eGFR,88.85,eGFR,2014-04,mL/min/1.73m2
2490032,SBP,145.02,Systolic BP,2015-06,mmHg
55651016,eGFR,84.81,LOINC: 33914-3,2012-03,mL/min/1.73m2
2970344,eGFR,94.38,Estimated GFR,2016-06,mL/min/1.73m2
2260541,eGFR,84.84,LOINC: 33914-3,2015-06,mL/min/1.73m2
6831512,eGFR,75.78,eGFR,2013-08,mL/min/1.73m2
36603416,eGFR,85.84,Estimated GFR,2016-10,mL/min/1.73m2
17352344,HbA1c,5.24,Hb A1c,2013-08,%
330941,HbA1c,5.29,Glycated haemoglobin,2012-01,%
64005752,eGFR,98.38,Estimated GFR,2013-03,mL/min/1.73m2
20988344,SBP,115.18,SBP,2014-08,mmHg
26552144,SBP,119.09,Systolic blood pressure,2016-08,mmHg
30854816,SBP,99.63,SBP,2014-03,mmHg
240536,eGFR,94.19,eGFR,2013-02,mL/min/1.73m2
24026969,HbA1c,4.23,Glycated haemoglobin,2013-09,%
6299072,SBP,139.61,SBP,2015-02,mmHg
39378656,HbA1c,31.52,Hb A1c,2013-10,mmol/mol
13154777,HbA1c,4.05,Glycated haemoglobin,2012-03,%
17439032,SBP,125.16,SBP,2013-08,mmHg
27433997,HbA1c,4.86,HbA1c,2012-04,%
9409592,SBP,150.96,SBP,2016-09,mmHg
37510157,HbA1c,3.97,Hb A1c,2013-01,%
15746312,eGFR,71.39,LOINC: 33914-3,2012-09,mL/min/1.73m2
39096569,SBP,131.15,SBP,2016-10,mmHg
2696381,SBP,119.65,SBP,2013-12,mmHg
55857944,HbA1c,6.49,HbA1c,2014-10,%
50948192,eGFR,81.36,eGFR,2014-08,mL/min/1.73m2
18436592,SBP,140.09,Systolic blood pressure,2012-04,mmHg
27579341,eGFR,85.96,eGFR,2012-03,mL/min/1.73m2
48892376,SBP,152.12,Systolic BP,2013-02,mmHg
2617337,eGFR,78.98,Estimated GFR,2012-10,mL/min/1.73m2
24111944,SBP,125.89,SBP,2015-12,mmHg
31481,eGFR,78.16,eGFR,2013-05,mL/min/1.73m2
34741496,SBP,130.89,SBP,2016-08,mmHg
30893312,HbA1c,3.5,HbA1c,2013-08,%
2622944,HbA1c,4.5,Hb A1c,2015-06,%
6032441,eGFR,79.67,Estimated GFR,2013-04,mL/min/1.73m2
11489816,HbA1c,5.24,HbA1c,2012-11,%
42007961,SBP,117.36,Systolic blood pressure,2013-03,mmHg
50923469,SBP,131.61,SBP,2012-05,mmHg
7902656,SBP,114.43,Systolic blood pressure,2014-04,mmHg
63645977,HbA1c,5.28,HbA1c,2013-08,%
5395112,HbA1c,6.29,Hb A1c,2015-04,%
24436217,HbA1c,5.7,Hb A1c,2013-12,%
19339832,SBP,108.72,Systolic blood pressure,2012-01,mmHg
19309376,HbA1c,5.35,Hb A1c,2016-03,%
27597536,SBP,137.48,Systolic blood pressure,2014-08,mmHg
25282496,SBP,112.0,Systolic blood pressure,2013-05,mmHg
20062457,eGFR,75.79,LOINC: 33914-3,2013-04,mL/min/1.73m2
30318392,eGFR,82.18,eGFR,2014-05,mL/min/1.73m2
12302144,HbA1c,6.55,Glycated haemoglobin,2012-01,%
1062344,eGFR,84.25,LOINC: 33914-3,2015-01,mL/min/1.73m2
233792,SBP,119.1,Systolic BP,2013-05,mmHg
57711257,HbA1c,4.8,Glycated haemoglobin,2012-12,%
2101976,eGFR,95.62,eGFR,2012-07,mL/min/1.73m2
51146192,eGFR,91.88,Estimated GFR,2016-11,mL/min/1.73m2
25056569,SBP,131.51,Systolic blood pressure,2016-07,mmHg
57974717,HbA1c,5.25,Hb A1c,2015-03,%
31105469,HbA1c,5.15,Glycated haemoglobin,2016-05,%
22457,eGFR,94.87,LOINC: 33914-3,2012-12,mL/min/1.73m2
49013561,eGFR,78.43,eGFR,2013-06,mL/min/1.73m2
29203469,HbA1c,3.65,Hb A1c,2016-02,%
23823641,SBP,148.65,Systolic BP,2013-07,mmHg
10146032,eGFR,95.6,LOINC: 33914-3,2016-01,mL/min/1.73m2
46807769,SBP,121.57,Systolic blood pressure,2015-08,mmHg
61210136,eGFR,87.44,LOINC: 33914-3,2013-12,mL/min/1.73m2
52693712,HbA1c,4.82,Glycated haemoglobin,2016-08,%
45911501,HbA1c,4.54,Glycated haemoglobin,2013-06,%
63039437,SBP,144.23,SBP,2014-12,mmHg
36206297,HbA1c,5.4,Glycated haemoglobin,2012-11,%
3226376,HbA1c,5.15,HbA1c,2014-04,%
8538176,HbA1c,4.76,HbA1c,2013-07,%
49719392,HbA1c,6.84,Hb A1c,2015-05,%
74431352,SBP,128.82,SBP,2014-12,mmHg
34986944,HbA1c,4.47,Glycated haemoglobin,2013-02,%
18110816,eGFR,90.45,LOINC: 33914-3,2012-12,mL/min/1.73m2
37234856,HbA1c,4.88,HbA1c,2014-12,%
113177,eGFR,85.96,eGFR,2014-12,mL/min/1.73m2
44075936,HbA1c,5.11,Glycated haemoglobin,2013-08,%
13880672,eGFR,75.56,eGFR,2013-03,mL/min/1.73m2
24969944,SBP,140.65,Systolic blood pressure,2014-05,mmHg
24504761,HbA1c,5.07,Hb A1c,2012-03,%
22555961,eGFR,86.96,Estimated GFR,2016-07,mL/min/1.73m2
13610969,SBP,126.1,Systolic BP,2016-01,mmHg
13764761,SBP,145.56,Systolic BP,2012-04,mmHg
57553469,eGFR,83.89,LOINC: 33914-3,2015-05,mL/min/1.73m2
2244944,eGFR,94.2,LOINC: 33914-3,2013-10,mL/min/1.73m2
53831357,HbA1c,5.32,HbA1c,2014-09,%
685721,eGFR,88.02,eGFR,2015-06,mL/min/1.73m2
12326456,HbA1c,4.12,Hb A1c,2015-04,%
27779816,HbA1c,4.44,Hb A1c,2014-11,%
5871872,SBP,129.73,Systolic BP,2015-05,mmHg
5880269,HbA1c,4.71,Glycated haemoglobin,2014-11,%
23486681,eGFR,77.38,LOINC: 33914-3,2013-10,mL/min/1.73m2
19324601,eGFR,96.46,LOINC: 33914-3,2014-09,mL/min/1.73m2
40561256,eGFR,94.89,eGFR,2013-08,mL/min/1.73m2
7413821,HbA1c,4.28,Glycated haemoglobin,2012-04,%
9250877,eGFR,93.71,eGFR,2016-05,mL/min/1.73m2
63094457,SBP,122.6,SBP,2015-04,mmHg
29222192,SBP,157.81,SBP,2013-09,mmHg
47045069,HbA1c,6.93,Glycated haemoglobin,2015-03,%
21595736,SBP,102.25,Systolic blood pressure,2015-06,mmHg
3345677,HbA1c,4.7,Glycated haemoglobin,2012-05,%
27633944,SBP,145.86,SBP,2013-12,mmHg
42435632,HbA1c,5.33,Glycated haemoglobin,2016-06,%
19768736,eGFR,90.36,LOINC: 33914-3,2013-09,mL/min/1.73m2
46547432,SBP,132.87,Systolic blood pressure,2014-07,mmHg
55264061,SBP,127.61,Systolic BP,2013-02,mmHg
49280696,SBP,141.86,Systolic blood pressure,2016-06,mmHg
37552601,SBP,129.56,Systolic blood pressure,2014-02,mmHg
19416077,eGFR,88.36,LOINC: 33914-3,2015-03,mL/min/1.73m2
43571432,SBP,113.89,Systolic blood pressure,2016-04,mmHg
313256,eGFR,69.89,eGFR,2012-07,mL/min/1.73m2
17714969,eGFR,88.36,LOINC: 33914-3,2016-02,mL/min/1.73m2
51071897,SBP,111.22,Systolic BP,2012-09,mmHg
33527216,SBP,150.84,SBP,2016-07,mmHg
10334477,eGFR,84.05,eGFR,2013-06,mL/min/1.73m2
3176792,HbA1c,4.69,HbA1c,2015-09,%
196877,HbA1c,5.2,Hb A1c,2012-07,%
28054361,HbA1c,5.21,HbA1c,2014-08,%
22605344,HbA1c,3.71,Hb A1c,2015-09,%
47760569,eGFR,85.75,Estimated GFR,2012-03,mL/min/1.73m2
66213881,HbA1c,5.0,HbA1c,2015-11,%
16567769,eGFR,80.32,eGFR,2012-11,mL/min/1.73m2
22969136,SBP,107.0,SBP,2013-08,mmHg
40693736,eGFR,83.15,Estimated GFR,2016-11,mL/min/1.73m2
35852816,eGFR,89.46,LOINC: 33914-3,2014-03,mL/min/1.73m2
74162621,eGFR,80.87,eGFR,2015-07,mL/min/1.73m2
49621736,eGFR,82.8,LOINC: 33914-3,2013-04,mL/min/1.73m2
23185469,HbA1c,4.98,HbA1c,2013-12,%
13432637,eGFR,94.11,Estimated GFR,2015-03,mL/min/1.73m2
13129661,SBP,112.08,SBP,2016-08,mmHg
72560441,eGFR,85.77,Estimated GFR,2016-03,mL/min/1.73m2
2522936,HbA1c,4.69,Glycated haemoglobin,2012-11,%
10367912,HbA1c,5.0,Glycated haemoglobin,2014-09,%
18855416,eGFR,83.22,Estimated GFR,2013-02,mL/min/1.73m2
16036301,HbA1c,5.44,HbA1c,2013-07,%
3195341,eGFR,82.99,LOINC: 33914-3,2012-06,mL/min/1.73m2
46926344,HbA1c,30.24,Hb A1c,2012-06,mmol/mol
5598137,eGFR,88.83,Estimated GFR,2012-06,mL/min/1.73m2
39270041,SBP,109.9,Systolic blood pressure,2014-09,mmHg
21692432,SBP,118.74,Systolic BP,2015-03,mmHg
30471176,HbA1c,4.9,Glycated haemoglobin,2013-11,%
145469,eGFR,77.33,Estimated GFR,2013-10,mL/min/1.73m2
66778841,eGFR,90.09,Estimated GFR,2015-01,mL/min/1.73m2
41070269,SBP,100.79,Systolic BP,2015-10,mmHg
4553741,HbA1c,5.55,Hb A1c,2013-03,%
3919616,SBP,124.53,Systolic BP,2016-09,mmHg
37361792,SBP,116.88,SBP,2016-08,mmHg
12731069,HbA1c,5.61,Glycated haemoglobin,2015-05,%
3871757,SBP,109.18,Systolic BP,2014-10,mmHg
15228296,HbA1c,6.07,HbA1c,2016-12,%
20924912,HbA1c,5.68,Hb A1c,2012-12,%
404336,SBP,128.44,Systolic blood pressure,2014-08,mmHg
56065256,SBP,142.64,Systolic BP,2016-09,mmHg
55832057,SBP,102.76,Systolic BP,2012-05,mmHg
18214157,eGFR,82.24,LOINC: 33914-3,2015-01,mL/min/1.73m2
50405672,SBP,141.05,Systolic BP,2014-12,mmHg
37234856,SBP,130.82,Systolic BP,2013-07,mmHg
1352,SBP,103.86,Systolic blood pressure,2015-03,mmHg
43823321,SBP,136.19,Systolic BP,2012-05,mmHg
48989312,HbA1c,4.25,HbA1c,2013-01,%
30912569,HbA1c,4.78,HbA1c,2012-08,%
47736632,SBP,142.93,Systolic BP,2014-12,mmHg
1872569,SBP,122.52,SBP,2015-01,mmHg
39378656,SBP,114.24,SBP,2014-11,mmHg
61590152,HbA1c,5.03,HbA1c,2016-01,%
65623256,HbA1c,5.97,HbA1c,2015-01,%
30185021,SBP,122.06,SBP,2016-12,mmHg
1616537,HbA1c,5.51,Hb A1c,2012-05,%
23739176,HbA1c,5.71,Hb A1c,2014-05,%
57553469,HbA1c,5.5,HbA1c,2013-10,%
1037,SBP,110.53,SBP,2012-06,mmHg
15026201,HbA1c,6.02,Hb A1c,2012-05,%
58027481,SBP,116.36,SBP,2013-07,mmHg
22539512,eGFR,92.38,LOINC: 33914-3,2012-12,mL/min/1.73m2
5647421,eGFR,85.91,Estimated GFR,2013-06,mL/min/1.73m2
73834832,SBP,135.78,Systolic BP,2012-07,mmHg
24659336,HbA1c,4.76,Hb A1c,2014-05,%
20719421,eGFR,89.29,Estimated GFR,2012-04,mL/min/1.73m2
15323069,HbA1c,5.58,Hb A1c,2012-05,%
5688656,HbA1c,4.51,HbA1c,2012-10,%
32452832,eGFR,78.6,LOINC: 33914-3,2013-01,mL/min/1.73m2
34111421,SBP,129.16,SBP,2016-11,mmHg
6438944,HbA1c,4.83,Hb A1c,2012-04,%
6500621,SBP,141.51,Systolic BP,2012-03,mmHg
5989976,SBP,116.51,Systolic BP,2013-08,mmHg
10079936,eGFR,86.01,Estimated GFR,2016-11,mL/min/1.73m2
8660072,eGFR,91.07,Estimated GFR,2016-02,mL/min/1.73m2
60588377,eGFR,87.72,eGFR,2016-08,mL/min/1.73m2
11868632,HbA1c,4.46,HbA1c,2012-03,%
39944,HbA1c,6.65,Hb A1c,2014-07,%
42752144,SBP,109.05,Systolic BP,2016-01,mmHg
46973816,SBP,129.0,SBP,2012-11,mmHg
9020537,HbA1c,5.17,Hb A1c,2013-02,%
56767769,HbA1c,4.74,Hb A1c,2014-04,%
3012281,SBP,116.52,Systolic BP,2015-12,mmHg
35356736,SBP,122.88,SBP,2016-08,mmHg
9687896,eGFR,79.65,LOINC: 33914-3,2012-08,mL/min/1.73m2
41003696,SBP,133.29,Systolic blood pressure,2014-01,mmHg
19722557,HbA1c,6.96,Glycated haemoglobin,2014-04,%
978392,SBP,113.72,SBP,2013-12,mmHg
37680077,SBP,106.12,SBP,2014-08,mmHg
59942969,eGFR,80.82,Estimated GFR,2013-01,mL/min/1.73m2
1391552,SBP,130.51,Systolic BP,2016-06,mmHg
43846256,HbA1c,4.7,Hb A1c,2012-01,%
6642701,HbA1c,5.92,Hb A1c,2016-01,%
3756752,SBP,163.89,SBP,2015-12,mmHg
524441,eGFR,99.54,LOINC: 33914-3,2012-03,mL/min/1.73m2
30375641,HbA1c,4.67,Glycated haemoglobin,2016-01,%
26391737,SBP,120.54,SBP,2014-02,mmHg
4785776,HbA1c,5.12,Glycated haemoglobin,2014-02,%
14546681,eGFR,87.45,LOINC: 33914-3,2014-01,mL/min/1.73m2
2147417,eGFR,77.91,eGFR,2015-03,mL/min/1.73m2
41381657,HbA1c,5.14,HbA1c,2012-12,%
13004441,SBP,118.12,Systolic blood pressure,2016-02,mmHg
66411344,eGFR,86.5,Estimated GFR,2012-11,mL/min/1.73m2
13559897,SBP,116.82,Systolic BP,2012-02,mmHg
16922144,eGFR,93.44,Estimated GFR,2016-01,mL/min/1.73m2
16808336,HbA1c,24.07,HbA1c,2013-09,mmol/mol
17729552,SBP,122.29,Systolic blood pressure,2013-05,mmHg
51518477,eGFR,94.8,Estimated GFR,2016-04,mL/min/1.73m2
15773816,SBP,138.36,Systolic blood pressure,2012-11,mmHg
54494201,HbA1c,3.66,Glycated haemoglobin,2013-04,%
99641,SBP,110.57,SBP,2016-12,mmHg
254312,eGFR,92.7,Estimated GFR,2016-06,mL/min/1.73m2
50972921,SBP,97.73,SBP,2016-12,mmHg
17064944,SBP,104.91,SBP,2013-06,mmHg
18615512,eGFR,70.19,eGFR,2012-09,mL/min/1.73m2
12411737,eGFR,92.22,LOINC: 33914-3,2015-03,mL/min/1.73m2
7737977,HbA1c,7.13,HbA1c,2016-12,%
35604344,HbA1c,4.87,Hb A1c,2012-02,%
2946512,SBP,122.4,Systolic BP,2014-06,mmHg
10035992,SBP,119.12,Systolic BP,2016-06,mmHg
42255296,eGFR,80.74,Estimated GFR,2016-03,mL/min/1.73m2
72944552,eGFR,78.12,eGFR,2012-03,mL/min/1.73m2
1198541,HbA1c,4.53,Glycated haemoglobin,2016-11,%
1555469,HbA1c,7.39,HbA1c,2014-04,%
63701261,eGFR,85.95,eGFR,2014-12,mL/min/1.73m2
73924157,SBP,137.97,Systolic BP,2015-11,mmHg
36289721,eGFR,76.67,eGFR,2016-05,mL/min/1.73m2
73834832,eGFR,84.77,Estimated GFR,2013-09,mL/min/1.73m2
44675912,eGFR,86.67,LOINC: 33914-3,2016-12,mL/min/1.73m2
55728569,eGFR,94.88,eGFR,2016-11,mL/min/1.73m2
2312921,SBP,109.92,Systolic blood pressure,2016-05,mmHg
57186137,HbA1c,5.22,Hb A1c,2016-05,%
5085881,HbA1c,4.76,HbA1c,2013-06,%
54955469,HbA1c,4.88,Hb A1c,2016-08,%
11832857,SBP,157.61,Systolic BP,2012-02,mmHg
7951421,SBP,132.82,Systolic BP,2016-06,mmHg
44192,eGFR,80.86,eGFR,2014-09,mL/min/1.73m2
317144,eGFR,89.28,eGFR,2013-01,mL/min/1.73m2
3912761,SBP,137.73,Systolic BP,2015-06,mmHg
29353421,HbA1c,5.75,Hb A1c,2016-04,%
12060344,HbA1c,6.38,HbA1c,2015-01,%
74252144,HbA1c,4.95,Glycated haemoglobin,2013-01,%
5989976,HbA1c,4.29,Hb A1c,2016-08,%
52517837,SBP,127.97,Systolic BP,2012-09,mmHg
20140112,HbA1c,4.44,Hb A1c,2013-12,%
29522576,SBP,149.11,Systolic BP,2015-01,mmHg
18421721,eGFR,86.01,LOINC: 33914-3,2015-11,mL/min/1.73m2
413192,eGFR,80.39,eGFR,2014-05,mL/min/1.73m2
64951496,HbA1c,5.31,Hb A1c,2014-07,%
8447321,eGFR,66.25,LOINC: 33914-3,2015-10,mL/min/1.73m2
10267769,HbA1c,3.65,HbA1c,2016-03,%
22146536,eGFR,90.82,Estimated GFR,2012-05,mL/min/1.73m2
1592,SBP,127.05,Systolic BP,2012-03,mmHg
33286952,eGFR,78.46,LOINC: 33914-3,2013-02,mL/min/1.73m2
10157069,SBP,111.06,SBP,2016-05,mmHg
52016957,HbA1c,5.22,Hb A1c,2012-09,%
12193037,HbA1c,4.52,HbA1c,2012-09,%
21644057,eGFR,87.25,Estimated GFR,2012-12,mL/min/1.73m2
4717817,eGFR,85.01,LOINC: 33914-3,2012-05,mL/min/1.73m2
22687769,HbA1c,5.31,Glycated haemoglobin,2014-06,%
38923481,SBP,103.1,SBP,2012-01,mmHg
9103961,eGFR,79.55,eGFR,2015-03,mL/min/1.73m2
9526841,SBP,108.47,Systolic blood pressure,2012-08,mmHg
297944,SBP,116.0,SBP,2014-06,mmHg
21370952,eGFR,74.59,LOINC: 33914-3,2013-07,mL/min/1.73m2
35439176,HbA1c,5.05,Hb A1c,2013-07,%
28737344,HbA1c,4.46,Glycated haemoglobin,2013-10,%
25509437,SBP,121.47,SBP,2015-10,mmHg
48264632,SBP,95.87,Systolic blood pressure,2016-11,mmHg
1091096,eGFR,83.76,eGFR,2015-10,mL/min/1.73m2
45536717,SBP,100.58,Systolic BP,2012-09,mmHg
67769,HbA1c,5.0,Glycated haemoglobin,2014-02,%
39574541,SBP,131.61,SBP,2014-11,mmHg
36060536,HbA1c,4.29,HbA1c,2013-02,%
61698944,SBP,120.15,SBP,2016-09,mmHg
50849336,eGFR,92.3,eGFR,2012-01,mL/min/1.73m2
39053261,eGFR,72.98,eGFR,2014-07,mL/min/1.73m2
27706832,SBP,131.9,SBP,2014-10,mmHg
44121944,eGFR,90.03,Estimated GFR,2016-06,mL/min/1.73m2
66948797,HbA1c,5.6,Hb A1c,2015-05,%
59007944,eGFR,78.15,LOINC: 33914-3,2016-11,mL/min/1.73m2
54852797,SBP,128.22,SBP,2013-01,mmHg
51170969,HbA1c,4.98,Hb A1c,2012-01,%
37404152,eGFR,89.48,Estimated GFR,2013-12,mL/min/1.73m2
290432,eGFR,78.46,eGFR,2015-12,mL/min/1.73m2
15595469,HbA1c,5.16,Hb A1c,2013-08,%
9526841,HbA1c,36.27,Glycated haemoglobin,2012-03,mmol/mol
73656344,SBP,111.39,SBP,2014-03,mmHg
9505469,HbA1c,4.68,Glycated haemoglobin,2016-03,%
3564569,HbA1c,3.86,Glycated haemoglobin,2015-02,%
4184552,eGFR,88.32,eGFR,2015-12,mL/min/1.73m2
2101976,HbA1c,5.52,Glycated haemoglobin,2014-01,%
70393277,eGFR,80.02,eGFR,2016-01,mL/min/1.73m2
11059469,SBP,121.94,SBP,2012-01,mmHg
62709821,SBP,141.83,Systolic BP,2016-06,mmHg
31066841,HbA1c,4.31,HbA1c,2013-02,%
26037017,SBP,122.39,SBP,2013-11,mmHg
54570944,SBP,134.61,Systolic BP,2012-07,mmHg
69552944,HbA1c,4.7,Hb A1c,2013-06,%
2451917,HbA1c,4.21,Hb A1c,2012-10,%
9655577,SBP,121.23,Systolic BP,2016-10,mmHg
39074912,SBP,150.74,Systolic blood pressure,2013-10,mmHg
32039741,SBP,129.13,Systolic blood pressure,2014-12,mmHg
16064057,SBP,129.65,Systolic blood pressure,2014-09,mmHg
25021901,SBP,104.41,Systolic BP,2013-04,mmHg
41092472,SBP,123.79,Systolic blood pressure,2013-02,mmHg
2061992,eGFR,85.66,eGFR,2016-06,mL/min/1.73m2
1901117,eGFR,85.72,eGFR,2016-01,mL/min/1.73m2
156221,HbA1c,6.97,Hb A1c,2016-12,%
43777469,HbA1c,6.35,Hb A1c,2015-11,%
5557232,SBP,132.11,Systolic BP,2013-12,mmHg
30280256,HbA1c,35.92,Hb A1c,2012-08,mmol/mol
2668016,SBP,148.59,Systolic BP,2015-04,mmHg
57921977,HbA1c,3.77,Glycated haemoglobin,2014-09,%
142841,eGFR,94.52,Estimated GFR,2016-05,mL/min/1.73m2
11501561,eGFR,68.82,eGFR,2016-09,mL/min/1.73m2
881561,SBP,111.6,Systolic blood pressure,2016-02,mmHg
67602296,HbA1c,4.79,HbA1c,2014-11,%
17410112,SBP,112.58,Systolic blood pressure,2015-05,mmHg
43274681,HbA1c,4.11,Hb A1c,2013-09,%
56872217,SBP,119.07,Systolic blood pressure,2012-06,mmHg
64033469,HbA1c,4.42,Hb A1c,2016-06,%
27561152,SBP,138.04,Systolic BP,2012-05,mmHg
1603352,eGFR,85.24,LOINC: 33914-3,2013-02,mL/min/1.73m2
47092601,SBP,93.62,SBP,2013-12,mmHg
2869721,HbA1c,5.1,Hb A1c,2016-01,%
50651912,eGFR,72.13,Estimated GFR,2016-01,mL/min/1.73m2
16008569,SBP,103.99,Systolic blood pressure,2016-02,mmHg
70596872,SBP,113.36,SBP,2012-08,mmHg
56117144,eGFR,82.55,Estimated GFR,2014-08,mL/min/1.73m2
11785241,SBP,132.9,Systolic BP,2016-09,mmHg
4465469,SBP,121.62,SBP,2016-12,mmHg
21435056,eGFR,92.35,LOINC: 33914-3,2015-05,mL/min/1.73m2
28644569,eGFR,87.57,LOINC: 33914-3,2016-04,mL/min/1.73m2
71063336,eGFR,92.55,Estimated GFR,2012-04,mL/min/1.73m2
55651016,SBP,125.73,Systolic blood pressure,2016-03,mmHg
768377,SBP,135.62,Systolic blood pressure,2015-05,mmHg
15636536,eGFR,96.69,Estimated GFR,2014-01,mL/min/1.73m2
11904461,eGFR,84.71,LOINC: 33914-3,2016-09,mL/min/1.73m2
40121216,eGFR,83.54,LOINC: 33914-3,2013-12,mL/min/1.73m2
9644816,eGFR,84.08,Estimated GFR,2016-12,mL/min/1.73m2
5164301,eGFR,77.4,LOINC: 33914-3,2016-06,mL/min/1.73m2
3729944,eGFR,88.22,eGFR,2012-06,mL/min/1.73m2
13726232,SBP,112.81,Systolic BP,2016-12,mmHg
10046969,SBP,109.67,SBP,2015-01,mmHg
651737,eGFR,73.25,eGFR,2013-11,mL/min/1.73m2
1834841,eGFR,80.69,eGFR,2016-10,mL/min/1.73m2
31785344,SBP,149.48,Systolic blood pressure,2015-04,mmHg
43617176,SBP,113.99,SBP,2012-05,mmHg
23925197,eGFR,91.98,Estimated GFR,2016-07,mL/min/1.73m2
42548537,HbA1c,4.95,Hb A1c,2016-11,%
9731072,SBP,131.52,SBP,2014-06,mmHg
47187737,SBP,129.42,Systolic BP,2013-12,mmHg
2430269,SBP,135.62,Systolic BP,2015-05,mmHg
1607741,SBP,105.13,SBP,2013-08,mmHg
27054296,eGFR,88.14,Estimated GFR,2014-03,mL/min/1.73m2
70509581,eGFR,89.62,Estimated GFR,2013-12,mL/min/1.73m2
68344856,SBP,100.18,Systolic BP,2015-05,mmHg
3422141,SBP,128.13,SBP,2014-11,mmHg
34415576,SBP,113.75,Systolic BP,2016-02,mmHg
35977376,eGFR,85.04,LOINC: 33914-3,2014-06,mL/min/1.73m2
204632,SBP,127.7,Systolic blood pressure,2016-06,mmHg
1044569,eGFR,88.86,Estimated GFR,2015-12,mL/min/1.73m2
8277032,SBP,131.33,SBP,2016-12,mmHg
62929469,eGFR,88.87,eGFR,2012-05,mL/min/1.73m2
4687769,HbA1c,5.98,Hb A1c,2014-10,%
23436344,HbA1c,4.24,Glycated haemoglobin,2012-10,%
25056569,eGFR,80.91,eGFR,2013-12,mL/min/1.73m2
2371232,SBP,99.74,Systolic blood pressure,2012-03,mmHg
64728344,eGFR,87.68,eGFR,2013-02,mL/min/1.73m2
17978381,HbA1c,5.18,Glycated haemoglobin,2012-04,%
67858877,SBP,147.48,Systolic BP,2015-09,mmHg
8306957,eGFR,90.6,Estimated GFR,2015-12,mL/min/1.73m2
105176,SBP,159.12,Systolic blood pressure,2012-05,mmHg
28477952,eGFR,85.96,LOINC: 33914-3,2015-12,mL/min/1.73m2
67232537,SBP,105.45,SBP,2014-06,mmHg
934361,eGFR,89.99,Estimated GFR,2014-09,mL/min/1.73m2
51344576,eGFR,61.75,eGFR,2013-07,mL/min/1.73m2
2639801,SBP,105.36,SBP,2013-03,mmHg
69986969,eGFR,85.58,eGFR,2013-03,mL/min/1.73m2
27126416,SBP,93.71,SBP,2013-08,mmHg
13713401,eGFR,81.68,LOINC: 33914-3,2014-03,mL/min/1.73m2
33007736,HbA1c,4.75,HbA1c,2016-07,%
69755321,SBP,127.81,SBP,2015-05,mmHg
46571069,eGFR,82.93,Estimated GFR,2012-07,mL/min/1.73m2
14665832,SBP,134.59,Systolic blood pressure,2016-09,mmHg
22803416,eGFR,94.86,eGFR,2012-04,mL/min/1.73m2
58928141,SBP,126.32,SBP,2016-11,mmHg
30127952,SBP,115.2,SBP,2013-10,mmHg
878312,SBP,127.07,Systolic blood pressure,2014-09,mmHg
5838344,HbA1c,4.28,HbA1c,2012-01,%
55444472,eGFR,93.06,Estimated GFR,2014-06,mL/min/1.73m2
3251312,SBP,104.41,Systolic BP,2013-02,mmHg
44467769,SBP,115.61,Systolic blood pressure,2014-05,mmHg
32769344,eGFR,89.69,eGFR,2013-05,mL/min/1.73m2
20562041,eGFR,91.42,LOINC: 33914-3,2015-03,mL/min/1.73m2
27962696,eGFR,62.36,Estimated GFR,2016-02,mL/min/1.73m2
1997837,eGFR,84.64,Estimated GFR,2014-05,mL/min/1.73m2
21483197,eGFR,91.84,eGFR,2013-08,mL/min/1.73m2
12205136,SBP,151.63,Systolic BP,2013-07,mmHg
8049401,HbA1c,3.39,Glycated haemoglobin,2015-05,%
480269,HbA1c,5.57,Hb A1c,2015-11,%
69842144,HbA1c,7.04,HbA1c,2013-06,%
13585421,SBP,115.24,SBP,2015-12,mmHg
14192144,SBP,127.93,SBP,2015-06,mmHg
1721,SBP,132.69,Systolic blood pressure,2013-09,mmHg
54698969,HbA1c,6.0,Glycated haemoglobin,2014-04,%
37382969,HbA1c,5.47,Hb A1c,2012-06,%
40384952,SBP,147.32,Systolic BP,2012-06,mmHg
66524312,SBP,151.43,Systolic BP,2013-02,mmHg
1783592,eGFR,85.24,LOINC: 33914-3,2015-08,mL/min/1.73m2
16008569,HbA1c,5.01,Hb A1c,2016-07,%
3371069,SBP,111.42,SBP,2016-06,mmHg
66609101,SBP,117.85,Systolic BP,2015-01,mmHg
15039632,SBP,107.2,Systolic blood pressure,2015-10,mmHg
3858137,SBP,129.3,Systolic blood pressure,2012-04,mmHg
62271677,HbA1c,5.18,Hb A1c,2014-12,%
27725069,HbA1c,5.78,HbA1c,2014-12,%
45116921,HbA1c,5.43,Hb A1c,2015-03,%
2988281,SBP,125.2,Systolic BP,2014-06,mmHg
635069,eGFR,92.79,eGFR,2016-10,mL/min/1.73m2
34986944,eGFR,85.78,eGFR,2015-12,mL/min/1.73m2
30108941,eGFR,92.44,eGFR,2012-09,mL/min/1.73m2
6238361,SBP,129.17,Systolic blood pressure,2013-10,mmHg
70800761,HbA1c,3.18,Glycated haemoglobin,2015-12,%
74580857,eGFR,91.46,LOINC: 33914-3,2012-09,mL/min/1.73m2
2765069,SBP,132.33,Systolic BP,2016-06,mmHg
55186832,eGFR,89.76,Estimated GFR,2015-10,mL/min/1.73m2
56324936,SBP,152.35,Systolic blood pressure,2015-03,mmHg
18228944,HbA1c,5.15,Hb A1c,2015-07,%
6126392,SBP,124.15,SBP,2014-08,mmHg
7902656,eGFR,86.99,Estimated GFR,2014-11,mL/min/1.73m2
15622841,eGFR,72.67,LOINC: 33914-3,2013-05,mL/min/1.73m2
34395257,HbA1c,4.43,Hb A1c,2016-05,%
6447737,SBP,113.98,SBP,2014-08,mmHg
14244392,HbA1c,5.01,HbA1c,2014-06,%
1643069,SBP,158.75,Systolic BP,2015-12,mmHg
20264672,HbA1c,4.79,Glycated haemoglobin,2016-10,%
11536832,SBP,156.8,Systolic blood pressure,2016-07,mmHg
64589069,SBP,115.93,SBP,2016-06,mmHg
1651961,SBP,111.76,SBP,2014-02,mmHg
29166041,HbA1c,4.01,HbA1c,2014-12,%
31144121,SBP,148.25,Systolic BP,2012-07,mmHg
3669977,SBP,116.06,Systolic blood pressure,2014-11,mmHg
42187769,eGFR,83.14,eGFR,2015-12,mL/min/1.73m2
11082521,SBP,115.83,Systolic BP,2014-07,mmHg
45279944,SBP,121.0,Systolic blood pressure,2012-09,mmHg
5243321,HbA1c,4.86,Glycated haemoglobin,2015-01,%
1683272,SBP,131.37,Systolic BP,2016-02,mmHg
37044857,eGFR,80.17,LOINC: 33914-3,2012-08,mL/min/1.73m2
382616,HbA1c,4.49,Glycated haemoglobin,2012-01,%
7472,HbA1c,7.93,Glycated haemoglobin,2016-09,%
37213721,eGFR,97.12,LOINC: 33914-3,2016-12,mL/min/1.73m2
19845821,eGFR,77.01,Estimated GFR,2016-04,mL/min/1.73m2
65981,eGFR,86.25,LOINC: 33914-3,2013-10,mL/min/1.73m2
56715581,eGFR,91.3,eGFR,2012-03,mL/min/1.73m2
65119112,eGFR,88.66,eGFR,2015-09,mL/min/1.73m2
20940761,eGFR,78.11,eGFR,2012-08,mL/min/1.73m2
39814616,eGFR,83.21,LOINC: 33914-3,2016-03,mL/min/1.73m2
27162512,SBP,103.56,Systolic BP,2013-02,mmHg
30337469,eGFR,86.94,LOINC: 33914-3,2012-11,mL/min/1.73m2
842969,SBP,135.22,Systolic BP,2013-06,mmHg
552392,SBP,122.29,Systolic BP,2015-09,mmHg
15705101,eGFR,86.06,eGFR,2016-06,mL/min/1.73m2
8885792,eGFR,85.76,eGFR,2012-07,mL/min/1.73m2
685721,HbA1c,33.12,Hb A1c,2015-04,mmol/mol
8690681,eGFR,60.93,LOINC: 33914-3,2015-06,mL/min/1.73m2
2606141,eGFR,82.55,LOINC: 33914-3,2012-02,mL/min/1.73m2
6795344,SBP,127.98,Systolic blood pressure,2012-07,mmHg
44375417,HbA1c,47.11,Glycated haemoglobin,2016-01,mmol/mol
70655096,eGFR,75.14,Estimated GFR,2016-01,mL/min/1.73m2
15911696,HbA1c,5.03,Hb A1c,2014-12,%
43160816,eGFR,90.73,LOINC: 33914-3,2013-04,mL/min/1.73m2
16256,SBP,121.31,Systolic blood pressure,2013-06,mmHg
6186557,eGFR,74.63,Estimated GFR,2014-10,mL/min/1.73m2
646157,SBP,130.74,SBP,2014-04,mmHg
21467144,HbA1c,4.7,Glycated haemoglobin,2015-11,%
34537616,SBP,116.44,SBP,2016-03,mmHg
9926552,eGFR,92.83,Estimated GFR,2016-12,mL/min/1.73m2
5164301,SBP,152.3,SBP,2014-11,mmHg
3115352,HbA1c,5.43,Hb A1c,2016-09,%
15120344,eGFR,84.26,Estimated GFR,2012-12,mL/min/1.73m2
697241,eGFR,87.91,eGFR,2015-06,mL/min/1.73m2
3926477,eGFR,80.55,Estimated GFR,2016-09,mL/min/1.73m2
4977101,HbA1c,3.64,HbA1c,2013-12,%
66101177,eGFR,96.23,LOINC: 33914-3,2012-07,mL/min/1.73m2
27688601,eGFR,76.23,LOINC: 33914-3,2014-05,mL/min/1.73m2
33187097,eGFR,82.58,Estimated GFR,2016-05,mL/min/1.73m2
53526797,HbA1c,5.24,Hb A1c,2012-01,%
13016936,eGFR,90.07,Estimated GFR,2012-01,mL/min/1.73m2
901181,HbA1c,4.27,HbA1c,2012-04,%
47144,HbA1c,5.04,HbA1c,2015-11,%
24060941,eGFR,80.11,eGFR,2012-04,mL/min/1.73m2
60426701,SBP,113.0,Systolic BP,2012-06,mmHg
19172621,HbA1c,4.1,HbA1c,2014-11,%
4650344,HbA1c,5.65,Glycated haemoglobin,2013-01,%
37023776,SBP,125.32,Systolic blood pressure,2016-03,mmHg
6615944,SBP,105.63,Systolic BP,2016-06,mmHg
20735192,HbA1c,4.46,Glycated haemoglobin,2013-08,%
18199376,HbA1c,5.34,Hb A1c,2015-05,%
5713469,SBP,119.53,SBP,2013-03,mmHg
58742144,SBP,139.93,Systolic blood pressure,2016-11,mmHg
54904121,SBP,135.89,Systolic BP,2016-08,mmHg
18690317,HbA1c,4.16,HbA1c,2012-01,%
12180944,HbA1c,27.39,Glycated haemoglobin,2014-03,mmol/mol
5251256,eGFR,86.37,Estimated GFR,2014-10,mL/min/1.73m2
10910216,eGFR,86.67,LOINC: 33914-3,2016-07,mL/min/1.73m2
26498621,HbA1c,5.75,HbA1c,2012-09,%
1030457,HbA1c,4.88,HbA1c,2014-12,%
66157517,eGFR,89.54,eGFR,2013-03,mL/min/1.73m2
24521912,eGFR,86.52,eGFR,2013-12,mL/min/1.73m2
384761,SBP,155.51,Systolic blood pressure,2014-06,mmHg
250832,SBP,147.85,SBP,2014-09,mmHg
23621177,eGFR,78.81,eGFR,2012-01,mL/min/1.73m2
51667769,eGFR,86.89,eGFR,2015-09,mL/min/1.73m2
21259001,eGFR,93.75,eGFR,2012-09,mL/min/1.73m2
11702144,eGFR,90.76,eGFR,2012-09,mL/min/1.73m2
40627469,SBP,115.1,Systolic BP,2015-01,mmHg
41716592,HbA1c,4.89,Glycated haemoglobin,2015-04,%
58582952,SBP,120.87,Systolic blood pressure,2013-07,mmHg
114344,SBP,97.96,Systolic blood pressure,2012-12,mmHg
261344,HbA1c,5.02,HbA1c,2014-06,%
125117,eGFR,89.23,Estimated GFR,2015-12,mL/min/1.73m2
2690696,HbA1c,7.69,HbA1c,2015-05,%
12000269,HbA1c,5.01,HbA1c,2014-08,%
54111296,SBP,145.23,Systolic BP,2013-02,mmHg
7854041,HbA1c,5.22,Glycated haemoglobin,2012-05,%
65932301,HbA1c,3.56,Hb A1c,2016-03,%
1256096,HbA1c,3.93,HbA1c,2016-11,%
51071897,HbA1c,4.64,HbA1c,2015-12,%
5085881,SBP,84.76,SBP,2014-08,mmHg
48360944,HbA1c,4.38,Glycated haemoglobin,2013-07,%
38406521,HbA1c,3.86,Glycated haemoglobin,2015-09,%
62847056,HbA1c,3.44,Hb A1c,2014-12,%
25021901,HbA1c,5.67,Hb A1c,2015-10,%
937712,HbA1c,5.36,Glycated haemoglobin,2015-12,%
3590777,eGFR,88.0,LOINC: 33914-3,2012-04,mL/min/1.73m2
2857997,SBP,116.97,SBP,2014-11,mmHg
61508621,SBP,122.15,Systolic BP,2012-08,mmHg
1853657,HbA1c,4.22,Glycated haemoglobin,2014-10,%
20624921,SBP,114.15,Systolic blood pressure,2016-02,mmHg
18585632,SBP,123.15,SBP,2015-07,mmHg
11396072,SBP,105.24,SBP,2016-06,mmHg
8128217,SBP,154.22,Systolic blood pressure,2014-07,mmHg
91097,eGFR,86.82,LOINC: 33914-3,2014-09,mL/min/1.73m2
9666344,eGFR,88.24,Estimated GFR,2013-05,mL/min/1.73m2
1783592,HbA1c,54.41,Glycated haemoglobin,2012-05,mmol/mol
1478681,eGFR,76.78,LOINC: 33914-3,2012-03,mL/min/1.73m2
63507872,HbA1c,5.16,HbA1c,2015-02,mmol/mol
59728601,SBP,135.64,Systolic blood pressure,2016-12,mmHg
22869632,HbA1c,4.0,Glycated haemoglobin,2015-11,%
1267769,eGFR,65.91,Estimated GFR,2016-07,mL/min/1.73m2
8834237,SBP,111.31,Systolic blood pressure,2012-01,mmHg
40165112,HbA1c,3.79,HbA1c,2014-12,%
9072632,SBP,128.94,Systolic BP,2012-03,mmHg
42571136,HbA1c,6.82,Hb A1c,2014-01,%
34680269,SBP,150.19,SBP,2015-10,mmHg
16950656,HbA1c,4.93,HbA1c,2016-12,%
40033496,HbA1c,4.3,Hb A1c,2016-04,%
2940569,SBP,122.84,Systolic BP,2013-03,mmHg
2736344,SBP,125.73,SBP,2012-06,mmHg
68672,HbA1c,5.24,Glycated haemoglobin,2012-07,%
61944077,eGFR,91.66,Estimated GFR,2014-08,mL/min/1.73m2
70189976,HbA1c,4.5,Glycated haemoglobin,2012-06,%
46594712,eGFR,84.15,LOINC: 33914-3,2013-08,mL/min/1.73m2
708857,HbA1c,4.43,Hb A1c,2016-01,%
50923469,HbA1c,4.81,Hb A1c,2014-02,%
43777469,eGFR,85.9,Estimated GFR,2013-10,mL/min/1.73m2
58635992,HbA1c,4.84,HbA1c,2014-05,%
6967997,HbA1c,4.8,Hb A1c,2012-01,%
27615737,SBP,158.82,Systolic blood pressure,2012-12,mmHg
41270312,SBP,130.66,Systolic blood pressure,2015-10,mmHg
31785344,HbA1c,3.43,Glycated haemoglobin,2015-09,%
59487896,HbA1c,4.76,Glycated haemoglobin,2015-05,%
19814969,HbA1c,5.92,HbA1c,2014-01,%
31902632,SBP,112.82,Systolic BP,2014-02,mmHg
3584216,SBP,121.07,Systolic BP,2014-12,mmHg
90056,eGFR,89.8,LOINC: 33914-3,2012-08,mL/min/1.73m2
44490872,HbA1c,5.59,HbA1c,2013-10,%
70829912,SBP,126.63,Systolic blood pressure,2015-03,mmHg
12681677,SBP,138.08,Systolic BP,2013-05,mmHg
130061,HbA1c,5.21,HbA1c,2016-09,%
24952637,SBP,124.74,Systolic BP,2013-01,mmHg
35109992,SBP,107.18,SBP,2014-06,mmHg
2081936,eGFR,97.34,Estimated GFR,2015-05,mL/min/1.73m2
28848872,SBP,105.1,SBP,2013-04,mmHg
183296,eGFR,94.29,eGFR,2015-05,mL/min/1.73m2
1109261,SBP,109.53,Systolic BP,2015-08,mmHg
391232,HbA1c,7.56,Glycated haemoglobin,2014-02,%
32314841,eGFR,79.83,eGFR,2015-12,mL/min/1.73m2
11466344,SBP,132.69,SBP,2015-04,mmHg
485081,SBP,140.93,Systolic BP,2015-06,mmHg
677144,HbA1c,4.05,Hb A1c,2013-07,%
41048072,eGFR,76.01,eGFR,2016-11,mL/min/1.73m2
2622944,eGFR,88.24,LOINC: 33914-3,2014-09,mL/min/1.73m2
5581757,eGFR,83.76,Estimated GFR,2016-01,mL/min/1.73m2
51867161,HbA1c,5.5,Hb A1c,2015-12,%
41470841,eGFR,91.88,eGFR,2012-05,mL/min/1.73m2
17093576,HbA1c,5.14,HbA1c,2012-04,%
45443261,SBP,125.8,Systolic BP,2014-02,mmHg
38793917,HbA1c,7.21,Glycated haemoglobin,2014-07,%
41493152,SBP,124.62,Systolic blood pressure,2016-11,mmHg
12892256,SBP,115.63,Systolic BP,2013-03,mmHg
53122061,HbA1c,40.69,Hb A1c,2016-05,mmol/mol
20217917,SBP,132.16,Systolic blood pressure,2012-02,mmHg
8397056,SBP,116.84,Systolic blood pressure,2016-05,mmHg
71472752,SBP,123.21,Systolic blood pressure,2013-07,mmHg
2805536,HbA1c,4.04,Glycated haemoglobin,2013-06,%
8417144,HbA1c,5.76,Hb A1c,2012-03,%
157592,eGFR,84.46,LOINC: 33914-3,2016-03,mL/min/1.73m2
53223101,SBP,141.81,SBP,2013-01,mmHg
5871872,HbA1c,4.99,Glycated haemoglobin,2014-03,%
18525944,HbA1c,34.67,Hb A1c,2014-04,mmol/mol
24248216,HbA1c,6.36,Hb A1c,2016-03,%
8387021,SBP,109.82,SBP,2014-07,mmHg
51842216,eGFR,79.17,eGFR,2015-06,mL/min/1.73m2
426656,HbA1c,4.47,HbA1c,2013-06,%
36960569,SBP,138.32,SBP,2013-09,mmHg
55806176,SBP,118.83,SBP,2015-01,mmHg
50184569,eGFR,75.12,LOINC: 33914-3,2015-03,mL/min/1.73m2
12132632,SBP,94.27,SBP,2016-11,mmHg
64144397,HbA1c,4.69,HbA1c,2015-03,%
60723272,SBP,129.1,Systolic blood pressure,2013-08,mmHg
4349117,SBP,124.76,Systolic blood pressure,2012-06,mmHg
30989657,HbA1c,6.1,Glycated haemoglobin,2013-12,%
52844696,eGFR,97.75,eGFR,2016-02,mL/min/1.73m2
5754944,HbA1c,5.09,Glycated haemoglobin,2016-12,%
11572157,eGFR,84.53,Estimated GFR,2013-04,mL/min/1.73m2
24866192,SBP,100.02,SBP,2016-10,mmHg
5838344,eGFR,67.1,LOINC: 33914-3,2016-09,mL/min/1.73m2
2339336,eGFR,75.86,eGFR,2012-06,mL/min/1.73m2
4642877,HbA1c,5.39,Glycated haemoglobin,2013-06,%
57527192,eGFR,86.52,Estimated GFR,2016-11,mL/min/1.73m2
25579469,SBP,106.64,SBP,2016-08,mmHg
1529657,HbA1c,5.22,HbA1c,2013-07,%
444944,eGFR,84.03,Estimated GFR,2016-03,mL/min/1.73m2
70888232,HbA1c,4.25,Hb A1c,2012-03,%
54034877,eGFR,87.46,Estimated GFR,2015-08,mL/min/1.73m2
679997,HbA1c,6.95,Glycated haemoglobin,2012-08,%
1594592,HbA1c,3.89,Glycated haemoglobin,2015-08,%
9093512,SBP,119.52,SBP,2015-02,mmHg
5500217,SBP,117.82,SBP,2012-12,mmHg
11607536,HbA1c,5.07,Glycated haemoglobin,2015-01,%
1516832,HbA1c,5.07,HbA1c,2012-04,%
4509497,eGFR,97.02,Estimated GFR,2012-04,mL/min/1.73m2
69552944,SBP,126.62,SBP,2015-01,mmHg
12144701,eGFR,97.68,Estimated GFR,2012-12,mL/min/1.73m2
4907792,SBP,84.92,Systolic BP,2015-05,mmHg
27981017,HbA1c,4.59,HbA1c,2012-12,%
70713344,SBP,122.73,Systolic BP,2015-08,mmHg
21274976,SBP,106.3,Systolic BP,2012-06,mmHg
12644696,SBP,129.68,Systolic blood pressure,2015-09,mmHg
10648637,eGFR,92.08,LOINC: 33914-3,2013-02,mL/min/1.73m2
9774344,eGFR,80.68,eGFR,2016-01,mL/min/1.73m2
3844541,eGFR,98.22,LOINC: 33914-3,2012-11,mL/min/1.73m2
18795296,eGFR,89.77,LOINC: 33914-3,2016-07,mL/min/1.73m2
206201,SBP,140.95,Systolic BP,2016-01,mmHg
57002912,HbA1c,4.81,Hb A1c,2012-02,%
9817712,SBP,117.49,SBP,2016-11,mmHg
73805069,eGFR,82.39,LOINC: 33914-3,2013-09,mL/min/1.73m2
22976,HbA1c,5.48,Glycated haemoglobin,2014-04,%
41448536,HbA1c,5.09,Hb A1c,2015-08,%
13521656,eGFR,93.05,LOINC: 33914-3,2013-07,mL/min/1.73m2
48965069,HbA1c,6.22,HbA1c,2014-06,%
32512061,HbA1c,5.16,Hb A1c,2015-12,%
12399536,SBP,134.91,Systolic blood pressure,2012-01,mmHg
1858376,SBP,121.45,Systolic BP,2014-05,mmHg
11209736,eGFR,77.01,Estimated GFR,2015-05,mL/min/1.73m2
8782832,HbA1c,4.21,Hb A1c,2013-02,%
4938536,HbA1c,4.66,Hb A1c,2012-05,%
4064957,HbA1c,5.63,Glycated haemoglobin,2014-08,%
43685837,eGFR,82.54,Estimated GFR,2014-01,mL/min/1.73m2
39487421,SBP,108.65,Systolic blood pressure,2015-02,mmHg
857,SBP,137.2,SBP,2014-05,mmHg
62682392,SBP,107.11,SBP,2012-06,mmHg
16399001,eGFR,88.85,LOINC: 33914-3,2013-06,mL/min/1.73m2
14932352,eGFR,100.01,LOINC: 33914-3,2016-03,mL/min/1.73m2
21837881,eGFR,89.7,Estimated GFR,2012-07,mL/min/1.73m2
71795261,SBP,128.06,Systolic BP,2014-11,mmHg
19431344,SBP,139.1,Systolic blood pressure,2014-01,mmHg
11232944,HbA1c,5.1,HbA1c,2015-02,%
44921,eGFR,82.36,eGFR,2016-01,mL/min/1.73m2
8782832,eGFR,88.47,Estimated GFR,2012-07,mL/min/1.73m2
102944,SBP,113.4,SBP,2012-10,mmHg
54698969,SBP,115.03,SBP,2012-10,mmHg
65175032,HbA1c,7.06,Hb A1c,2014-12,%
133832,SBP,120.13,Systolic blood pressure,2015-03,mmHg
74670632,HbA1c,4.67,Glycated haemoglobin,2014-06,%
51121421,SBP,124.94,SBP,2016-10,mmHg
22803416,HbA1c,3.53,Glycated haemoglobin,2014-07,%
69350861,SBP,122.9,Systolic BP,2016-02,mmHg
17919677,eGFR,66.4,eGFR,2014-06,mL/min/1.73m2
3492992,SBP,118.45,Systolic BP,2016-03,mmHg
11809037,eGFR,93.96,LOINC: 33914-3,2015-09,mL/min/1.73m2
50972921,HbA1c,24.75,HbA1c,2014-06,mmol/mol
28330256,eGFR,63.48,LOINC: 33914-3,2014-08,mL/min/1.73m2
13867769,SBP,127.24,Systolic BP,2016-04,mmHg
26445152,eGFR,83.88,LOINC: 33914-3,2012-07,mL/min/1.73m2
20483576,SBP,144.67,Systolic blood pressure,2013-09,mmHg
20609192,HbA1c,4.88,Hb A1c,2013-09,%
29147336,eGFR,79.37,Estimated GFR,2015-05,mL/min/1.73m2
27090344,eGFR,89.61,Estimated GFR,2014-12,mL/min/1.73m2
5516477,eGFR,88.17,Estimated GFR,2014-04,mL/min/1.73m2
50430269,eGFR,91.4,eGFR,2014-04,mL/min/1.73m2
14652569,HbA1c,4.56,HbA1c,2015-03,%
14493881,SBP,130.31,Systolic blood pressure,2012-04,mmHg
40583321,eGFR,89.5,Estimated GFR,2012-02,mL/min/1.73m2
28036016,HbA1c,5.72,Glycated haemoglobin,2014-01,%
1834841,HbA1c,4.84,Hb A1c,2014-09,%
1051661,eGFR,67.12,LOINC: 33914-3,2014-02,mL/min/1.73m2
24866192,HbA1c,5.8,Glycated haemoglobin,2016-08,%
2042144,eGFR,63.9,eGFR,2014-05,mL/min/1.73m2
11244557,SBP,123.53,SBP,2014-06,mmHg
5069,HbA1c,5.15,Glycated haemoglobin,2016-09,%
11094056,SBP,127.91,SBP,2016-07,mmHg
23302376,HbA1c,4.68,Glycated haemoglobin,2013-08,%
6412601,eGFR,95.19,Estimated GFR,2015-11,mL/min/1.73m2
16119641,eGFR,94.93,eGFR,2016-09,mL/min/1.73m2
52467641,eGFR,87.68,Estimated GFR,2014-02,mL/min/1.73m2
11221337,SBP,123.95,Systolic blood pressure,2014-10,mmHg
72619469,SBP,95.89,Systolic blood pressure,2016-05,mmHg
14865497,SBP,127.7,Systolic BP,2013-07,mmHg
49963952,SBP,121.82,SBP,2012-02,mmHg
34598717,SBP,116.15,Systolic blood pressure,2013-12,mmHg
319097,SBP,119.71,Systolic blood pressure,2015-09,mmHg
24265277,eGFR,89.56,LOINC: 33914-3,2016-03,mL/min/1.73m2
1164656,SBP,142.58,Systolic BP,2014-02,mmHg
63673616,eGFR,81.64,LOINC: 33914-3,2016-08,mL/min/1.73m2
272072,eGFR,80.94,Estimated GFR,2015-11,mL/min/1.73m2
1683272,HbA1c,5.47,Hb A1c,2015-05,%
9948392,HbA1c,5.89,Glycated haemoglobin,2013-08,%
519437,SBP,135.02,Systolic BP,2015-01,mmHg
44283161,eGFR,91.21,Estimated GFR,2014-08,mL/min/1.73m2
6456536,SBP,127.99,SBP,2016-08,mmHg
127577,SBP,148.83,Systolic BP,2015-12,mmHg
2198477,eGFR,87.14,eGFR,2016-12,mL/min/1.73m2
10356761,HbA1c,5.69,Glycated haemoglobin,2016-10,%
14362301,eGFR,86.52,Estimated GFR,2013-06,mL/min/1.73m2
73953944,SBP,144.95,SBP,2013-10,mmHg
20609192,eGFR,84.48,Estimated GFR,2013-10,mL/min/1.73m2
49475432,eGFR,83.7,Estimated GFR,2016-02,mL/min/1.73m2
8306957,SBP,115.38,Systolic BP,2016-12,mmHg
31415357,HbA1c,5.79,Hb A1c,2015-05,%
27488456,SBP,127.61,SBP,2012-05,mmHg
21757016,SBP,142.43,SBP,2014-02,mmHg
6858701,SBP,135.55,SBP,2012-10,mmHg
135101,eGFR,75.57,LOINC: 33914-3,2014-06,mL/min/1.73m2
39139901,eGFR,91.84,Estimated GFR,2016-01,mL/min/1.73m2
19051469,HbA1c,4.66,Hb A1c,2014-05,%
63011936,HbA1c,4.48,Hb A1c,2013-07,%
19218152,SBP,106.74,SBP,2016-06,mmHg
20861576,eGFR,81.97,Estimated GFR,2014-06,mL/min/1.73m2
57632336,HbA1c,42.5,Glycated haemoglobin,2013-03,mmol/mol
10727912,HbA1c,30.99,Glycated haemoglobin,2012-11,mmol/mol
377,HbA1c,4.09,Glycated haemoglobin,2013-05,%
531992,eGFR,85.35,LOINC: 33914-3,2012-04,mL/min/1.73m2
3018296,HbA1c,5.77,Hb A1c,2012-09,%
4601,HbA1c,5.4,HbA1c,2015-07,%
31144121,eGFR,86.49,eGFR,2015-04,mL/min/1.73m2
1123901,SBP,129.77,Systolic BP,2015-01,mmHg
11013437,eGFR,84.94,LOINC: 33914-3,2015-08,mL/min/1.73m2
3454256,HbA1c,4.98,Glycated haemoglobin,2013-09,%
25317344,SBP,139.19,SBP,2012-05,mmHg
24214112,eGFR,95.21,LOINC: 33914-3,2016-01,mL/min/1.73m2
1299161,eGFR,96.99,eGFR,2013-04,mL/min/1.73m2
13713401,HbA1c,4.3,HbA1c,2016-01,%
6075056,HbA1c,6.44,Glycated haemoglobin,2014-11,%
9208781,HbA1c,5.21,HbA1c,2016-05,%
40274957,HbA1c,4.87,HbA1c,2013-05,%
13356569,HbA1c,7.24,Glycated haemoglobin,2014-07,%
68402144,SBP,130.33,Systolic blood pressure,2014-06,mmHg
5419277,SBP,124.43,SBP,2015-07,mmHg
48529721,HbA1c,5.8,Hb A1c,2014-05,%
49572944,eGFR,62.82,LOINC: 33914-3,2013-08,mL/min/1.73m2
3042416,SBP,108.15,Systolic BP,2015-02,mmHg
252569,HbA1c,4.59,HbA1c,2016-10,%
190781,HbA1c,4.59,HbA1c,2015-02,%
67973069,SBP,131.13,Systolic blood pressure,2016-08,mmHg
39443897,HbA1c,6.22,Glycated haemoglobin,2015-12,%
9250877,SBP,132.17,Systolic BP,2014-01,mmHg
11785241,HbA1c,5.57,Hb A1c,2012-05,%
74043341,SBP,130.79,Systolic BP,2014-04,mmHg
7941656,HbA1c,3.1,Hb A1c,2012-10,%
31337741,SBP,144.54,SBP,2014-02,mmHg
11454617,SBP,156.33,Systolic blood pressure,2016-05,mmHg
20893232,HbA1c,4.93,Glycated haemoglobin,2015-06,%
5508344,eGFR,93.61,eGFR,2015-01,mL/min/1.73m2
22753817,HbA1c,4.72,Hb A1c,2014-05,%
3152,eGFR,79.36,Estimated GFR,2013-09,mL/min/1.73m2
32967944,SBP,124.75,Systolic BP,2016-07,mmHg
5705192,SBP,129.62,SBP,2015-10,mmHg
41515469,HbA1c,4.49,Glycated haemoglobin,2014-06,%
31260221,HbA1c,7.79,Glycated haemoglobin,2013-08,%
2517437,HbA1c,3.52,Glycated haemoglobin,2016-11,%
73775312,HbA1c,5.44,Glycated haemoglobin,2016-09,%
42030416,HbA1c,4.07,Hb A1c,2015-06,%
4327472,eGFR,84.42,eGFR,2015-06,mL/min/1.73m2
17613056,eGFR,90.79,eGFR,2016-07,mL/min/1.73m2
6092144,eGFR,86.94,eGFR,2016-06,mL/min/1.73m2
21563552,eGFR,90.18,Estimated GFR,2015-06,mL/min/1.73m2
5606336,eGFR,81.34,eGFR,2012-06,mL/min/1.73m2
14205197,SBP,129.59,Systolic blood pressure,2013-12,mmHg
69005117,eGFR,85.67,Estimated GFR,2016-11,mL/min/1.73m2
2137277,HbA1c,5.8,Hb A1c,2012-04,%
15953177,SBP,129.63,SBP,2012-07,mmHg
1303112,eGFR,97.64,LOINC: 33914-3,2013-01,mL/min/1.73m2
62025896,eGFR,87.31,Estimated GFR,2013-07,mL/min/1.73m2
52392392,HbA1c,3.9,Hb A1c,2013-04,%
50553344,eGFR,95.21,Estimated GFR,2013-08,mL/min/1.73m2
68861312,eGFR,84.98,LOINC: 33914-3,2012-08,mL/min/1.73m2
29919161,SBP,101.68,Systolic BP,2016-09,mmHg
10401401,SBP,145.64,SBP,2012-12,mmHg
602381,SBP,108.35,SBP,2014-04,mmHg
54060344,SBP,122.73,SBP,2016-02,mmHg
65398952,SBP,127.24,Systolic blood pressure,2012-03,mmHg
23453117,eGFR,89.03,LOINC: 33914-3,2016-03,mL/min/1.73m2
26054696,eGFR,85.69,LOINC: 33914-3,2014-05,mL/min/1.73m2
41336,eGFR,98.58,LOINC: 33914-3,2012-09,mL/min/1.73m2
44237069,SBP,135.3,Systolic blood pressure,2012-02,mmHg
18660377,SBP,111.55,Systolic BP,2013-01,mmHg
4248569,HbA1c,4.75,Glycated haemoglobin,2012-11,%
3505952,eGFR,59.4,eGFR,2016-02,mL/min/1.73m2
1275581,HbA1c,4.32,HbA1c,2012-12,%
54981152,SBP,121.86,Systolic blood pressure,2013-10,mmHg
69235517,SBP,119.63,Systolic BP,2016-03,mmHg
8772569,eGFR,88.89,Estimated GFR,2013-03,mL/min/1.73m2
3656717,HbA1c,7.12,Hb A1c,2012-07,%
25649597,SBP,127.63,SBP,2014-02,mmHg
2086937,SBP,133.48,Systolic blood pressure,2014-06,mmHg
23840552,SBP,118.62,Systolic BP,2016-04,mmHg
62792144,eGFR,79.84,eGFR,2012-12,mL/min/1.73m2
25754969,SBP,118.12,Systolic blood pressure,2013-06,mmHg
32275469,HbA1c,6.07,HbA1c,2016-04,%
27452144,SBP,162.26,Systolic BP,2016-10,mmHg
6377561,eGFR,83.8,Estimated GFR,2012-01,mL/min/1.73m2
25860557,SBP,88.13,Systolic BP,2012-01,mmHg
38901872,eGFR,82.48,LOINC: 33914-3,2013-01,mL/min/1.73m2
3415736,eGFR,89.98,Estimated GFR,2015-08,mL/min/1.73m2
5379032,eGFR,87.66,Estimated GFR,2014-10,mL/min/1.73m2
3577661,HbA1c,6.91,HbA1c,2013-12,%
41381657,SBP,143.48,Systolic blood pressure,2013-03,mmHg
35439176,eGFR,77.46,Estimated GFR,2016-11,mL/min/1.73m2
15568121,SBP,101.0,Systolic blood pressure,2014-10,mmHg
3770192,SBP,96.77,Systolic BP,2012-07,mmHg
29353421,SBP,131.48,Systolic BP,2012-03,mmHg
64061192,eGFR,76.08,Estimated GFR,2015-06,mL/min/1.73m2
31395944,SBP,136.69,Systolic BP,2012-08,mmHg
8157872,eGFR,88.86,Estimated GFR,2014-03,mL/min/1.73m2
26623592,HbA1c,4.42,HbA1c,2015-08,%
1634201,HbA1c,19.58,Glycated haemoglobin,2014-03,mmol/mol
3499469,SBP,117.82,Systolic blood pressure,2016-06,mmHg
3018296,SBP,151.37,Systolic BP,2015-05,mmHg
32650472,eGFR,85.78,eGFR,2014-06,mL/min/1.73m2
720569,eGFR,81.63,Estimated GFR,2016-03,mL/min/1.73m2
4907792,eGFR,87.03,LOINC: 33914-3,2015-03,mL/min/1.73m2
20109032,SBP,141.61,Systolic BP,2015-01,mmHg
6290381,HbA1c,4.06,Glycated haemoglobin,2016-01,%
4064957,eGFR,74.39,Estimated GFR,2016-05,mL/min/1.73m2
14785469,SBP,138.65,SBP,2013-02,mmHg
10090937,eGFR,62.09,eGFR,2016-02,mL/min/1.73m2
597017,SBP,130.83,Systolic blood pressure,2013-07,mmHg
37680077,eGFR,90.61,LOINC: 33914-3,2015-06,mL/min/1.73m2
34905032,eGFR,80.26,LOINC: 33914-3,2016-06,mL/min/1.73m2
5492096,eGFR,87.67,eGFR,2015-04,mL/min/1.73m2
11140256,HbA1c,4.65,HbA1c,2015-04,%
62847056,SBP,137.62,SBP,2016-11,mmHg
10716569,SBP,120.82,SBP,2015-05,mmHg
15953177,HbA1c,4.98,Glycated haemoglobin,2012-06,%
2970344,HbA1c,6.18,HbA1c,2012-02,%
756281,SBP,140.1,SBP,2013-01,mmHg
29881277,HbA1c,4.22,Glycated haemoglobin,2015-05,%
30432944,SBP,108.58,Systolic blood pressure,2012-05,mmHg
25422032,SBP,162.04,SBP,2014-02,mmHg
1087481,SBP,125.41,Systolic BP,2012-03,mmHg
18066617,HbA1c,5.46,Hb A1c,2014-02,%
8010137,HbA1c,4.88,HbA1c,2015-01,%
18125561,SBP,145.31,SBP,2014-12,mmHg
6386312,eGFR,83.18,Estimated GFR,2016-06,mL/min/1.73m2
907769,HbA1c,7.74,HbA1c,2015-03,%
68087357,SBP,120.8,Systolic blood pressure,2013-12,mmHg
173069,SBP,141.69,SBP,2013-06,mmHg
22704272,SBP,118.33,Systolic BP,2014-10,mmHg
554969,HbA1c,4.46,Hb A1c,2013-12,%
72000872,eGFR,81.36,LOINC: 33914-3,2012-06,mL/min/1.73m2
4078937,eGFR,78.31,Estimated GFR,2013-04,mL/min/1.73m2
9356537,HbA1c,4.2,Glycated haemoglobin,2016-02,%
6143552,HbA1c,5.3,Hb A1c,2013-08,%
53933069,eGFR,62.48,eGFR,2012-12,mL/min/1.73m2
89021,eGFR,89.51,eGFR,2014-07,mL/min/1.73m2
72471944,HbA1c,5.71,Hb A1c,2012-04,%
12954521,eGFR,76.6,LOINC: 33914-3,2013-09,mL/min/1.73m2
72000872,SBP,131.46,SBP,2014-01,mmHg
1482896,SBP,135.9,Systolic blood pressure,2016-08,mmHg
11525069,HbA1c,4.27,Hb A1c,2014-07,%
7766912,SBP,129.01,SBP,2012-10,mmHg
15147296,HbA1c,7.31,Hb A1c,2013-06,%
3770192,HbA1c,4.78,HbA1c,2014-05,%
17395661,HbA1c,4.12,HbA1c,2013-10,%
60453632,SBP,164.26,Systolic blood pressure,2012-04,mmHg
4725344,HbA1c,3.78,Hb A1c,2013-03,%
13483469,SBP,111.62,Systolic BP,2016-12,mmHg
71502041,SBP,104.21,SBP,2014-03,mmHg
8187581,HbA1c,3.72,Hb A1c,2016-08,%
433469,HbA1c,4.34,Hb A1c,2014-05,%
67687769,eGFR,80.57,LOINC: 33914-3,2014-12,mL/min/1.73m2
11880569,eGFR,91.13,Estimated GFR,2013-11,mL/min/1.73m2
519437,eGFR,88.35,eGFR,2012-12,mL/min/1.73m2
28182944,SBP,110.97,Systolic BP,2014-06,mmHg
10256672,eGFR,87.58,LOINC: 33914-3,2016-08,mL/min/1.73m2
583712,eGFR,86.65,eGFR,2016-12,mL/min/1.73m2
13054457,HbA1c,4.4,Hb A1c,2012-08,%
35109992,eGFR,82.64,LOINC: 33914-3,2015-05,mL/min/1.73m2
1428569,SBP,117.46,SBP,2016-02,mmHg
36792281,HbA1c,6.65,HbA1c,2016-12,%
14838797,eGFR,87.07,LOINC: 33914-3,2014-03,mL/min/1.73m2
160352,HbA1c,43.14,HbA1c,2013-11,mmol/mol
4051001,SBP,134.75,Systolic blood pressure,2015-03,mmHg
34802777,eGFR,89.41,LOINC: 33914-3,2015-09,mL/min/1.73m2
36645344,HbA1c,4.6,HbA1c,2013-12,%
5829977,HbA1c,4.58,HbA1c,2015-09,%
34212656,SBP,122.31,SBP,2013-06,mmHg
72265661,eGFR,88.97,eGFR,2014-04,mL/min/1.73m2
28274969,SBP,131.01,Systolic BP,2016-12,mmHg
31221497,HbA1c,6.76,HbA1c,2013-07,%
27962696,HbA1c,5.34,Hb A1c,2016-12,%
41694221,HbA1c,4.0,Hb A1c,2014-12,%
70015952,eGFR,81.38,LOINC: 33914-3,2015-04,mL/min/1.73m2
11988272,HbA1c,6.34,Hb A1c,2013-08,%
41403944,HbA1c,5.47,HbA1c,2013-01,%
1330937,HbA1c,24.07,HbA1c,2013-03,mmol/mol
15609152,eGFR,81.52,LOINC: 33914-3,2013-08,mL/min/1.73m2
10603469,SBP,135.64,Systolic blood pressure,2016-06,mmHg
42706856,HbA1c,22.58,HbA1c,2012-05,mmol/mol
48656,SBP,114.18,Systolic BP,2012-05,mmHg
3054512,SBP,134.59,Systolic BP,2016-02,mmHg
6633776,HbA1c,4.98,HbA1c,2016-03,%
39139901,HbA1c,6.54,HbA1c,2013-10,%
56481032,HbA1c,5.14,Glycated haemoglobin,2016-04,%
15079961,HbA1c,4.68,Hb A1c,2014-04,%
3036377,eGFR,84.02,eGFR,2014-05,mL/min/1.73m2
38149337,HbA1c,5.67,Hb A1c,2015-10,%
30605177,HbA1c,8.11,HbA1c,2013-12,%
1915472,HbA1c,26.09,HbA1c,2015-04,mmol/mol
55676861,HbA1c,4.53,Glycated haemoglobin,2015-06,%
21322937,HbA1c,5.48,Glycated haemoglobin,2013-01,%
4892456,SBP,112.56,Systolic blood pressure,2015-10,mmHg
3320381,eGFR,80.17,eGFR,2014-10,mL/min/1.73m2
19157456,SBP,144.81,SBP,2012-05,mmHg
72501437,SBP,131.56,Systolic blood pressure,2013-05,mmHg
2032256,eGFR,79.06,LOINC: 33914-3,2015-07,mL/min/1.73m2
44768576,eGFR,81.12,eGFR,2014-07,mL/min/1.73m2
13394576,SBP,135.53,Systolic blood pressure,2015-08,mmHg
11151821,HbA1c,28.62,Hb A1c,2016-06,mmol/mol
2946512,HbA1c,5.83,HbA1c,2013-11,%
33406976,HbA1c,4.66,Glycated haemoglobin,2014-09,%
28072712,HbA1c,3.93,HbA1c,2015-05,%
46571069,HbA1c,4.17,Glycated haemoglobin,2014-11,%
682856,HbA1c,4.31,HbA1c,2012-09,%
39552752,SBP,163.9,SBP,2014-03,mmHg
9591101,HbA1c,4.29,Glycated haemoglobin,2016-10,%
18570701,SBP,131.89,Systolic blood pressure,2015-06,mmHg
46146521,HbA1c,4.72,HbA1c,2012-08,%
4341896,eGFR,86.74,eGFR,2016-03,mL/min/1.73m2
73686077,SBP,129.07,Systolic BP,2015-11,mmHg
355277,HbA1c,5.64,HbA1c,2015-08,%
1765136,SBP,126.68,Systolic BP,2014-07,mmHg
2244944,HbA1c,4.09,Glycated haemoglobin,2012-08,%
42797456,SBP,117.97,Systolic BP,2016-10,mmHg
9817712,eGFR,93.54,LOINC: 33914-3,2014-10,mL/min/1.73m2
23436344,eGFR,88.42,eGFR,2013-02,mL/min/1.73m2
14772152,SBP,118.82,SBP,2014-10,mmHg
1403837,HbA1c,5.13,HbA1c,2013-07,%
59069,SBP,129.32,Systolic BP,2015-08,mmHg
68287592,eGFR,64.29,LOINC: 33914-3,2013-12,mL/min/1.73m2
18436592,eGFR,91.77,LOINC: 33914-3,2012-01,mL/min/1.73m2
34253192,eGFR,78.35,Estimated GFR,2014-01,mL/min/1.73m2
37743896,SBP,103.54,SBP,2012-10,mmHg
13496192,eGFR,91.87,Estimated GFR,2012-11,mL/min/1.73m2
24762656,HbA1c,5.76,HbA1c,2013-06,%
1087481,HbA1c,4.68,Hb A1c,2016-02,%
49890521,SBP,117.25,Systolic BP,2014-08,mmHg
11478077,HbA1c,5.57,Hb A1c,2012-05,%
32729696,SBP,123.47,Systolic blood pressure,2013-07,mmHg
58821821,HbA1c,3.85,HbA1c,2013-01,%
61807832,SBP,137.17,Systolic BP,2016-05,mmHg
1256096,eGFR,93.34,LOINC: 33914-3,2016-02,mL/min/1.73m2
13816217,eGFR,85.01,LOINC: 33914-3,2013-05,mL/min/1.73m2
526952,HbA1c,6.28,HbA1c,2014-07,%
4170392,SBP,113.92,Systolic blood pressure,2012-03,mmHg
1863101,SBP,128.68,Systolic blood pressure,2016-04,mmHg
22309856,SBP,122.33,Systolic blood pressure,2015-08,mmHg
15842681,SBP,158.57,Systolic blood pressure,2014-09,mmHg
40637,eGFR,88.43,Estimated GFR,2013-12,mL/min/1.73m2
1978301,eGFR,94.81,eGFR,2016-07,mL/min/1.73m2
20687897,eGFR,81.76,LOINC: 33914-3,2016-03,mL/min/1.73m2
3358361,HbA1c,5.0,Hb A1c,2013-06,%
41716592,eGFR,92.62,Estimated GFR,2016-11,mL/min/1.73m2
58423976,SBP,110.64,Systolic BP,2012-03,mmHg
3396557,SBP,118.59,Systolic BP,2016-03,mmHg
305552,SBP,125.09,Systolic BP,2012-01,mmHg
44814944,SBP,119.29,Systolic BP,2012-08,mmHg
19416077,SBP,127.41,Systolic blood pressure,2016-03,mmHg
43411517,SBP,146.31,Systolic blood pressure,2014-07,mmHg
4085936,HbA1c,5.4,HbA1c,2014-05,%
21306944,SBP,120.37,SBP,2016-03,mmHg
37552601,eGFR,86.6,LOINC: 33914-3,2012-01,mL/min/1.73m2
22506632,SBP,123.5,Systolic BP,2016-04,mmHg
21676301,SBP,132.01,Systolic blood pressure,2015-07,mmHg
54698969,eGFR,61.76,Estimated GFR,2013-02,mL/min/1.73m2
18258536,HbA1c,8.06,HbA1c,2013-07,%
17036336,eGFR,86.27,LOINC: 33914-3,2013-02,mL/min/1.73m2
10693901,SBP,144.05,Systolic BP,2012-08,mmHg
49866056,eGFR,81.66,Estimated GFR,2013-05,mL/min/1.73m2
19202969,eGFR,98.77,Estimated GFR,2013-04,mL/min/1.73m2
13117112,HbA1c,5.33,Hb A1c,2013-09,%
9687896,SBP,140.6,Systolic BP,2016-05,mmHg
66467816,SBP,142.39,SBP,2015-12,mmHg
65286944,eGFR,76.39,eGFR,2014-09,mL/min/1.73m2
61020569,SBP,133.46,Systolic BP,2014-08,mmHg
31902632,HbA1c,5.04,Glycated haemoglobin,2012-08,%
50135501,SBP,147.55,Systolic blood pressure,2016-12,mmHg
6290381,SBP,115.26,SBP,2012-05,mmHg
26784701,HbA1c,5.75,Hb A1c,2013-03,%
1968569,eGFR,82.2,eGFR,2013-07,mL/min/1.73m2
72826256,SBP,135.94,Systolic blood pressure,2014-04,mmHg
263117,HbA1c,3.63,Glycated haemoglobin,2015-08,%
3048461,SBP,137.45,Systolic BP,2013-10,mmHg
9335357,HbA1c,4.49,Hb A1c,2012-10,%
38576,SBP,134.96,Systolic BP,2015-12,mmHg
586361,HbA1c,5.61,Hb A1c,2012-04,%
26480792,SBP,144.21,Systolic BP,2015-06,mmHg
15458969,HbA1c,3.99,Glycated haemoglobin,2016-05,%
5132861,SBP,116.6,SBP,2012-09,mmHg
62408432,HbA1c,4.81,HbA1c,2013-07,%
19569017,HbA1c,5.02,HbA1c,2012-11,%
23654861,HbA1c,4.0,Glycated haemoglobin,2015-10,%
40892861,SBP,122.97,SBP,2015-03,mmHg
2071952,SBP,113.39,SBP,2016-10,mmHg
3536,SBP,126.52,SBP,2012-09,mmHg
10705232,eGFR,90.04,LOINC: 33914-3,2016-09,mL/min/1.73m2
8813657,SBP,159.81,Systolic BP,2012-12,mmHg
2142344,HbA1c,5.3,HbA1c,2013-02,%
8217344,eGFR,93.49,eGFR,2015-12,mL/min/1.73m2
32096,HbA1c,4.47,Hb A1c,2015-08,%
12669344,eGFR,77.32,Estimated GFR,2015-03,mL/min/1.73m2
20593469,eGFR,82.93,Estimated GFR,2014-10,mL/min/1.73m2
13764761,HbA1c,37.93,HbA1c,2015-01,mmol/mol
153497,HbA1c,3.88,Glycated haemoglobin,2015-10,%
726461,SBP,121.35,Systolic blood pressure,2013-09,mmHg
47473721,SBP,115.56,Systolic BP,2014-02,mmHg
8497736,HbA1c,5.45,HbA1c,2014-10,%
3558032,eGFR,91.1,LOINC: 33914-3,2013-04,mL/min/1.73m2
42367961,SBP,118.33,Systolic BP,2013-02,mmHg
26427341,SBP,129.67,Systolic BP,2012-02,mmHg
38470952,eGFR,78.91,eGFR,2014-11,mL/min/1.73m2
11047952,HbA1c,5.98,Hb A1c,2014-01,%
47688776,HbA1c,6.14,Glycated haemoglobin,2012-11,%
11024936,SBP,111.18,Systolic BP,2016-05,mmHg
17280269,SBP,127.26,Systolic blood pressure,2013-04,mmHg
8762312,eGFR,94.52,LOINC: 33914-3,2012-12,mL/min/1.73m2
830297,HbA1c,5.56,HbA1c,2012-12,%
42458201,HbA1c,4.46,Glycated haemoglobin,2016-03,%
48096317,eGFR,86.84,eGFR,2014-07,mL/min/1.73m2
65735552,SBP,121.5,Systolic blood pressure,2016-08,mmHg
152144,HbA1c,7.62,Hb A1c,2013-08,%
41940632,HbA1c,7.64,Hb A1c,2012-01,%
69552944,eGFR,80.86,eGFR,2014-06,mL/min/1.73m2
51967001,SBP,154.48,Systolic BP,2015-06,mmHg
39749069,SBP,124.17,Systolic BP,2014-09,mmHg
4016216,SBP,99.08,Systolic blood pressure,2014-09,mmHg
18855416,SBP,115.21,Systolic BP,2012-09,mmHg
28109432,SBP,113.43,Systolic blood pressure,2014-03,mmHg
332936,eGFR,88.63,LOINC: 33914-3,2013-04,mL/min/1.73m2
4502144,HbA1c,4.58,HbA1c,2013-03,%
46831472,eGFR,70.05,LOINC: 33914-3,2016-01,mL/min/1.73m2
24539069,HbA1c,4.83,Hb A1c,2014-10,%
13816217,HbA1c,5.11,HbA1c,2015-09,%
21131417,HbA1c,5.48,Glycated haemoglobin,2015-11,%
475481,eGFR,79.14,Estimated GFR,2015-06,mL/min/1.73m2
20031437,HbA1c,6.25,Hb A1c,2013-10,%
367769,eGFR,81.62,Estimated GFR,2014-11,mL/min/1.73m2
63121976,SBP,119.54,Systolic BP,2015-04,mmHg
10016,HbA1c,3.94,Glycated haemoglobin,2015-10,%
1168397,SBP,142.77,Systolic blood pressure,2016-09,mmHg
69408569,eGFR,75.36,LOINC: 33914-3,2012-12,mL/min/1.73m2
1797497,SBP,119.39,Systolic blood pressure,2012-11,mmHg
48843944,eGFR,92.98,LOINC: 33914-3,2015-08,mL/min/1.73m2
2811341,SBP,121.88,Systolic blood pressure,2015-08,mmHg
142841,SBP,118.63,SBP,2016-01,mmHg
43115312,HbA1c,4.93,HbA1c,2014-04,%
33990137,HbA1c,5.61,Glycated haemoglobin,2013-01,%
4747961,SBP,129.95,SBP,2015-12,mmHg
17122232,eGFR,83.14,Estimated GFR,2014-10,mL/min/1.73m2
45489977,eGFR,96.44,LOINC: 33914-3,2012-08,mL/min/1.73m2
995597,eGFR,60.02,eGFR,2014-11,mL/min/1.73m2
24367769,eGFR,88.01,Estimated GFR,2012-08,mL/min/1.73m2
849341,SBP,128.75,SBP,2016-04,mmHg
49305017,eGFR,86.99,Estimated GFR,2014-11,mL/min/1.73m2
52844696,SBP,116.74,Systolic BP,2016-01,mmHg
27926072,SBP,124.48,Systolic BP,2014-08,mmHg
5973032,eGFR,70.38,Estimated GFR,2015-06,mL/min/1.73m2
31961357,HbA1c,5.52,Glycated haemoglobin,2016-11,%
23252237,eGFR,80.35,eGFR,2014-11,mL/min/1.73m2
6896,eGFR,93.35,eGFR,2013-11,mL/min/1.73m2
21918896,SBP,138.04,Systolic BP,2012-09,mmHg
56507069,SBP,117.7,SBP,2016-12,mmHg
31337741,eGFR,82.94,LOINC: 33914-3,2013-05,mL/min/1.73m2
5172176,eGFR,99.37,Estimated GFR,2015-11,mL/min/1.73m2
31941776,eGFR,86.24,Estimated GFR,2013-09,mL/min/1.73m2
18317792,eGFR,68.0,LOINC: 33914-3,2015-08,mL/min/1.73m2
14296736,SBP,136.32,SBP,2014-06,mmHg
36569,HbA1c,4.57,HbA1c,2014-11,%
31629296,HbA1c,4.65,Glycated haemoglobin,2013-12,%
74013536,HbA1c,5.19,Glycated haemoglobin,2012-01,%
18992,eGFR,84.99,eGFR,2014-07,mL/min/1.73m2
44861336,HbA1c,4.1,Glycated haemoglobin,2016-04,%
23942144,SBP,135.7,Systolic BP,2016-09,mmHg
6134969,HbA1c,4.32,Hb A1c,2012-10,%
9806861,HbA1c,5.4,HbA1c,2013-09,%
62189696,HbA1c,5.52,Glycated haemoglobin,2012-04,%
53755136,HbA1c,4.55,HbA1c,2015-05,%
66665657,HbA1c,4.46,Hb A1c,2016-11,%
36373241,SBP,137.0,Systolic BP,2012-08,mmHg
53450792,SBP,146.93,Systolic BP,2012-01,mmHg
28072712,SBP,114.93,SBP,2016-08,mmHg
50972921,eGFR,87.77,LOINC: 33914-3,2014-05,mL/min/1.73m2
24401981,SBP,123.64,Systolic blood pressure,2014-04,mmHg
22886201,HbA1c,4.79,Glycated haemoglobin,2012-04,%
28459469,SBP,150.86,Systolic blood pressure,2013-07,mmHg
7004621,HbA1c,5.54,Glycated haemoglobin,2016-09,%
5419277,eGFR,94.84,eGFR,2015-03,mL/min/1.73m2
6723296,HbA1c,4.35,HbA1c,2012-11,%
507032,HbA1c,4.27,HbA1c,2016-07,%
8700896,SBP,96.31,Systolic blood pressure,2015-07,mmHg
15636536,HbA1c,5.13,Glycated haemoglobin,2015-10,%
31376537,eGFR,92.59,LOINC: 33914-3,2013-05,mL/min/1.73m2
59069,eGFR,78.83,LOINC: 33914-3,2016-01,mL/min/1.73m2
5251256,SBP,114.04,SBP,2016-02,mmHg
2946512,eGFR,83.61,Estimated GFR,2013-04,mL/min/1.73m2
44329277,HbA1c,4.67,Glycated haemoglobin,2012-05,%
10933112,eGFR,82.97,LOINC: 33914-3,2012-08,mL/min/1.73m2
27234776,SBP,113.37,SBP,2012-01,mmHg
3878576,eGFR,83.48,Estimated GFR,2014-02,mL/min/1.73m2
9420221,HbA1c,6.31,Glycated haemoglobin,2013-04,%
34314041,eGFR,65.31,LOINC: 33914-3,2014-11,mL/min/1.73m2
44791757,SBP,139.82,Systolic blood pressure,2016-08,mmHg
4635416,eGFR,86.24,eGFR,2015-09,mL/min/1.73m2
10637336,SBP,140.17,Systolic blood pressure,2016-10,mmHg
58928141,HbA1c,4.35,Hb A1c,2014-05,%
65988569,HbA1c,5.24,Glycated haemoglobin,2016-03,%
13445336,SBP,128.81,SBP,2012-02,mmHg
624077,HbA1c,5.72,Glycated haemoglobin,2013-09,%
547256,HbA1c,4.05,HbA1c,2013-10,%
34091192,eGFR,79.53,Estimated GFR,2012-12,mL/min/1.73m2
10864496,eGFR,93.05,LOINC: 33914-3,2013-12,mL/min/1.73m2
2397977,SBP,130.52,Systolic blood pressure,2012-08,mmHg
4378061,HbA1c,5.1,Hb A1c,2016-03,%
30701072,eGFR,69.72,LOINC: 33914-3,2016-10,mL/min/1.73m2
21338936,SBP,109.42,SBP,2012-02,mmHg
17439032,eGFR,92.33,Estimated GFR,2014-02,mL/min/1.73m2
44814944,HbA1c,3.73,Glycated haemoglobin,2016-08,%
44513981,eGFR,73.54,LOINC: 33914-3,2013-05,mL/min/1.73m2
40362941,HbA1c,4.87,Glycated haemoglobin,2013-04,%
377,SBP,111.61,SBP,2013-01,mmHg
7366736,SBP,104.33,SBP,2016-04,mmHg
11221337,eGFR,82.61,LOINC: 33914-3,2012-08,mL/min/1.73m2
1094717,eGFR,79.77,Estimated GFR,2015-09,mL/min/1.73m2
40077344,HbA1c,4.78,Glycated haemoglobin,2014-09,%
51568217,SBP,142.68,Systolic blood pressure,2015-09,mmHg
27999344,eGFR,77.84,LOINC: 33914-3,2012-11,mL/min/1.73m2
32098592,HbA1c,5.16,Glycated haemoglobin,2014-02,%
15201272,SBP,104.88,SBP,2016-10,mmHg
521936,eGFR,87.67,eGFR,2015-08,mL/min/1.73m2
4992569,eGFR,91.06,LOINC: 33914-3,2012-04,mL/min/1.73m2
1252217,SBP,121.14,SBP,2014-02,mmHg
16539581,HbA1c,4.43,HbA1c,2012-10,%
38213552,SBP,141.26,Systolic blood pressure,2015-03,mmHg
2239757,HbA1c,3.98,Glycated haemoglobin,2013-02,%
10112957,SBP,144.42,Systolic blood pressure,2012-07,mmHg
651737,SBP,147.63,Systolic BP,2012-08,mmHg
59835737,eGFR,88.72,eGFR,2016-07,mL/min/1.73m2
6840569,HbA1c,5.91,Glycated haemoglobin,2013-04,%
36569,eGFR,93.44,eGFR,2012-10,mL/min/1.73m2
46523801,eGFR,83.59,eGFR,2016-10,mL/min/1.73m2
67915961,eGFR,81.22,LOINC: 33914-3,2015-12,mL/min/1.73m2
15431741,SBP,127.08,Systolic blood pressure,2015-06,mmHg
9219296,eGFR,84.01,Estimated GFR,2015-11,mL/min/1.73m2
10921661,HbA1c,4.94,Glycated haemoglobin,2014-09,%
750269,SBP,120.73,Systolic BP,2012-11,mmHg
12817736,SBP,137.03,Systolic BP,2012-06,mmHg
38815496,HbA1c,5.1,HbA1c,2013-01,%
2696381,eGFR,86.81,Estimated GFR,2015-09,mL/min/1.73m2
68459456,eGFR,94.55,eGFR,2015-02,mL/min/1.73m2
7385552,eGFR,96.17,eGFR,2012-03,mL/min/1.73m2
26730944,HbA1c,4.14,HbA1c,2014-12,%
160352,eGFR,84.84,LOINC: 33914-3,2012-01,mL/min/1.73m2
4884797,SBP,133.24,Systolic BP,2013-11,mmHg
60399776,HbA1c,5.05,Hb A1c,2014-02,%
5362976,SBP,108.42,Systolic BP,2015-03,mmHg
24282344,eGFR,84.09,LOINC: 33914-3,2013-04,mL/min/1.73m2
64033469,SBP,142.11,Systolic BP,2015-03,mmHg
43594301,SBP,120.26,SBP,2012-05,mmHg
2057021,SBP,136.24,Systolic blood pressure,2015-03,mmHg
36164621,HbA1c,24.67,Glycated haemoglobin,2012-10,mmol/mol
27561152,HbA1c,4.94,Hb A1c,2016-12,%
514457,eGFR,93.59,eGFR,2014-02,mL/min/1.73m2
36708281,eGFR,84.23,LOINC: 33914-3,2013-10,mL/min/1.73m2
336944,HbA1c,4.2,HbA1c,2012-09,%
343001,SBP,127.16,SBP,2014-07,mmHg
4861856,HbA1c,5.14,Hb A1c,2013-03,%
5023577,SBP,94.67,SBP,2013-02,mmHg
24590576,SBP,133.63,Systolic blood pressure,2013-05,mmHg
8989352,eGFR,81.36,eGFR,2013-09,mL/min/1.73m2
48674621,HbA1c,5.45,Glycated haemoglobin,2012-11,%
662969,SBP,100.32,Systolic BP,2015-05,mmHg
61237241,SBP,129.6,SBP,2015-11,mmHg
57317192,SBP,131.5,Systolic BP,2014-11,mmHg
35563016,SBP,134.21,Systolic BP,2014-03,mmHg
20877401,SBP,117.73,Systolic BP,2013-06,mmHg
43388696,SBP,118.54,Systolic blood pressure,2014-10,mmHg
54366416,SBP,142.92,Systolic BP,2013-12,mmHg
61210136,SBP,144.35,SBP,2013-06,mmHg
227144,HbA1c,4.35,Hb A1c,2013-09,%
33266969,eGFR,93.77,Estimated GFR,2016-06,mL/min/1.73m2
60804281,eGFR,81.26,LOINC: 33914-3,2014-09,mL/min/1.73m2
37150352,SBP,131.67,Systolic blood pressure,2013-11,mmHg
39574541,eGFR,79.59,LOINC: 33914-3,2015-02,mL/min/1.73m2
37573832,eGFR,92.84,Estimated GFR,2012-06,mL/min/1.73m2
29560232,SBP,120.2,Systolic blood pressure,2014-06,mmHg
10157069,HbA1c,20.55,HbA1c,2015-12,mmol/mol
41048072,SBP,129.07,Systolic blood pressure,2013-09,mmHg
67062221,SBP,127.09,Systolic BP,2015-01,mmHg
21419021,eGFR,66.69,eGFR,2015-05,mL/min/1.73m2
55651016,HbA1c,4.36,HbA1c,2016-09,%
10356761,eGFR,89.62,LOINC: 33914-3,2016-05,mL/min/1.73m2
24026969,eGFR,82.66,eGFR,2015-07,mL/min/1.73m2
7470521,SBP,129.62,SBP,2012-01,mmHg
2318192,eGFR,92.85,Estimated GFR,2012-06,mL/min/1.73m2
17700392,HbA1c,5.2,Glycated haemoglobin,2015-04,%
15718832,HbA1c,5.25,HbA1c,2012-11,%
26498621,SBP,117.31,Systolic blood pressure,2013-07,mmHg
1375256,eGFR,83.64,LOINC: 33914-3,2015-09,mL/min/1.73m2
15911696,eGFR,82.25,Estimated GFR,2016-12,mL/min/1.73m2
2707769,HbA1c,4.69,HbA1c,2015-08,%
70451417,eGFR,84.34,LOINC: 33914-3,2012-07,mL/min/1.73m2
7004621,SBP,110.09,Systolic blood pressure,2014-05,mmHg
15581792,eGFR,102.18,LOINC: 33914-3,2013-05,mL/min/1.73m2
10201277,eGFR,86.64,eGFR,2012-02,mL/min/1.73m2
53336,eGFR,78.41,Estimated GFR,2016-12,mL/min/1.73m2
55754432,eGFR,64.75,Estimated GFR,2013-01,mL/min/1.73m2
28072712,eGFR,81.95,Estimated GFR,2013-04,mL/min/1.73m2
71824616,eGFR,97.55,eGFR,2016-08,mL/min/1.73m2
38470952,SBP,124.68,Systolic BP,2014-12,mmHg
10830269,HbA1c,5.25,Hb A1c,2016-12,%
14652569,SBP,134.79,Systolic BP,2015-09,mmHg
23436344,SBP,136.67,SBP,2014-08,mmHg
66665657,SBP,120.57,Systolic blood pressure,2014-04,mmHg
3364712,eGFR,86.91,eGFR,2015-11,mL/min/1.73m2
34456232,eGFR,83.54,eGFR,2012-07,mL/min/1.73m2
26569997,eGFR,84.21,LOINC: 33914-3,2013-05,mL/min/1.73m2
9850301,SBP,127.27,Systolic BP,2016-03,mmHg
1120232,SBP,165.28,Systolic BP,2016-05,mmHg
29786672,SBP,126.54,Systolic BP,2016-10,mmHg
33286952,HbA1c,3.67,Glycated haemoglobin,2014-01,%
6544856,eGFR,76.68,LOINC: 33914-3,2014-02,mL/min/1.73m2
8197496,eGFR,89.18,LOINC: 33914-3,2012-08,mL/min/1.73m2
8823944,HbA1c,4.4,Hb A1c,2015-07,%
15093416,SBP,133.81,Systolic blood pressure,2014-07,mmHg
43229117,eGFR,78.57,LOINC: 33914-3,2013-06,mL/min/1.73m2
42661592,SBP,148.0,Systolic BP,2014-01,mmHg
21724712,HbA1c,4.78,HbA1c,2015-09,%
3460697,SBP,145.48,SBP,2014-01,mmHg
19584344,SBP,110.32,Systolic blood pressure,2012-11,mmHg
33587417,eGFR,79.38,eGFR,2016-02,mL/min/1.73m2
13242872,SBP,118.28,Systolic blood pressure,2013-09,mmHg
29484944,eGFR,86.95,LOINC: 33914-3,2015-03,mL/min/1.73m2
3564569,SBP,119.42,SBP,2012-11,mmHg
12768176,eGFR,78.96,eGFR,2015-08,mL/min/1.73m2
2042144,HbA1c,7.56,HbA1c,2014-02,%
46642016,SBP,135.83,SBP,2016-08,mmHg
2869721,SBP,130.9,Systolic blood pressure,2015-03,mmHg
18945776,eGFR,81.2,LOINC: 33914-3,2015-04,mL/min/1.73m2
7366736,eGFR,84.21,Estimated GFR,2014-11,mL/min/1.73m2
7013792,HbA1c,3.67,Hb A1c,2013-02,%
4407101,SBP,143.86,Systolic blood pressure,2014-10,mmHg
55625177,SBP,106.87,Systolic blood pressure,2012-02,mmHg
13331261,HbA1c,5.13,Glycated haemoglobin,2015-04,%
583712,HbA1c,5.3,Hb A1c,2012-09,%
59621561,eGFR,94.62,eGFR,2012-02,mL/min/1.73m2
1504061,HbA1c,6.14,Glycated haemoglobin,2014-10,%
17482457,eGFR,84.52,eGFR,2016-05,mL/min/1.73m2
10289981,HbA1c,35.43,Glycated haemoglobin,2012-11,mmol/mol
8487641,HbA1c,4.67,HbA1c,2012-01,%
26838512,SBP,127.84,SBP,2013-07,mmHg
74132792,eGFR,69.45,Estimated GFR,2015-09,mL/min/1.73m2
35089469,SBP,135.7,Systolic BP,2015-05,mmHg
32571344,SBP,125.34,Systolic BP,2013-11,mmHg
1412057,SBP,103.7,Systolic blood pressure,2015-03,mmHg
2365901,HbA1c,5.33,Glycated haemoglobin,2014-04,%
36645344,eGFR,92.35,LOINC: 33914-3,2013-04,mL/min/1.73m2
723512,eGFR,102.1,LOINC: 33914-3,2012-02,mL/min/1.73m2
128816,SBP,118.74,Systolic blood pressure,2016-01,mmHg
570557,SBP,113.5,Systolic blood pressure,2012-08,mmHg
2544992,eGFR,96.93,Estimated GFR,2013-06,mL/min/1.73m2
8999741,HbA1c,4.64,Glycated haemoglobin,2014-02,%
38621501,eGFR,81.12,LOINC: 33914-3,2012-05,mL/min/1.73m2
2177981,eGFR,80.52,Estimated GFR,2014-07,mL/min/1.73m2
23756057,eGFR,75.01,LOINC: 33914-3,2014-09,mL/min/1.73m2
39443897,SBP,163.34,Systolic blood pressure,2016-12,mmHg
6109256,eGFR,69.72,Estimated GFR,2013-08,mL/min/1.73m2
22424537,eGFR,78.46,Estimated GFR,2013-09,mL/min/1.73m2
3121469,SBP,125.14,SBP,2016-02,mmHg
31707272,SBP,121.15,Systolic blood pressure,2012-08,mmHg
30509432,SBP,131.87,SBP,2012-01,mmHg
37171469,eGFR,93.83,Estimated GFR,2014-01,mL/min/1.73m2
22195469,SBP,132.39,Systolic BP,2012-03,mmHg
7594112,HbA1c,5.42,HbA1c,2012-09,%
4135097,SBP,158.87,Systolic BP,2015-07,mmHg
808352,SBP,115.38,Systolic blood pressure,2013-08,mmHg
1453517,HbA1c,4.64,Hb A1c,2012-07,%
65314937,eGFR,77.17,eGFR,2014-08,mL/min/1.73m2
12120569,HbA1c,4.23,HbA1c,2012-12,%
72383501,HbA1c,4.62,HbA1c,2012-02,%
22391741,HbA1c,6.25,Glycated haemoglobin,2015-09,%
5227469,SBP,108.61,Systolic BP,2015-08,mmHg
37871696,HbA1c,5.26,Glycated haemoglobin,2014-10,%
2594969,HbA1c,36.4,Glycated haemoglobin,2013-04,mmol/mol
449576,SBP,115.41,SBP,2014-11,mmHg
55006841,SBP,111.12,SBP,2012-08,mmHg
3377432,HbA1c,4.64,Glycated haemoglobin,2014-10,%
209357,HbA1c,6.61,HbA1c,2012-04,%
1714877,SBP,127.98,Systolic blood pressure,2016-11,mmHg
9261416,eGFR,79.8,eGFR,2016-12,mL/min/1.73m2
1350992,SBP,108.64,SBP,2014-12,mmHg
10682576,HbA1c,4.41,Glycated haemoglobin,2012-02,%
15309512,eGFR,79.54,LOINC: 33914-3,2015-01,mL/min/1.73m2
56507069,eGFR,92.23,Estimated GFR,2016-10,mL/min/1.73m2
22097657,SBP,145.55,SBP,2016-05,mmHg
25684697,SBP,138.37,Systolic BP,2012-12,mmHg
67716272,HbA1c,4.22,HbA1c,2015-11,%
65847944,eGFR,87.89,LOINC: 33914-3,2016-05,mL/min/1.73m2
38256392,HbA1c,4.9,Glycated haemoglobin,2014-10,%
48240569,SBP,110.08,SBP,2013-01,mmHg
34030541,HbA1c,5.55,Glycated haemoglobin,2016-08,%
581069,eGFR,86.57,eGFR,2016-09,mL/min/1.73m2
50356496,HbA1c,4.17,HbA1c,2015-08,%
45934976,SBP,121.16,Systolic BP,2014-09,mmHg
54213272,eGFR,101.62,Estimated GFR,2016-09,mL/min/1.73m2
36185456,eGFR,97.23,eGFR,2013-12,mL/min/1.73m2
46193597,HbA1c,3.99,Hb A1c,2013-08,%
55341344,SBP,133.52,Systolic blood pressure,2012-06,mmHg
1311032,HbA1c,23.12,HbA1c,2012-02,mmol/mol
31260221,eGFR,76.37,eGFR,2013-07,mL/min/1.73m2
21515321,HbA1c,5.57,HbA1c,2015-04,%
41070269,HbA1c,4.0,Glycated haemoglobin,2015-08,%
8968592,HbA1c,4.73,HbA1c,2015-07,%
52166969,SBP,136.87,SBP,2014-04,mmHg
461,eGFR,79.47,eGFR,2015-03,mL/min/1.73m2
44237069,HbA1c,5.65,HbA1c,2015-07,%
62463176,SBP,111.7,Systolic blood pressure,2016-07,mmHg
22260797,SBP,127.66,Systolic blood pressure,2013-11,mmHg
7124312,SBP,124.45,Systolic blood pressure,2013-03,mmHg
682856,SBP,140.25,Systolic blood pressure,2015-09,mmHg
344,eGFR,86.51,LOINC: 33914-3,2014-12,mL/min/1.73m2
7709096,eGFR,88.86,eGFR,2014-11,mL/min/1.73m2
11036441,eGFR,82.12,eGFR,2012-10,mL/min/1.73m2
60103997,HbA1c,4.32,Glycated haemoglobin,2014-08,%
3885401,SBP,122.56,SBP,2012-06,mmHg
35253821,HbA1c,5.34,HbA1c,2016-01,%
122681,HbA1c,5.38,Glycated haemoglobin,2016-03,%
10547144,HbA1c,7.07,Hb A1c,2016-04,%
69177881,eGFR,86.42,eGFR,2015-11,mL/min/1.73m2
776,SBP,130.14,Systolic blood pressure,2016-09,mmHg
30931832,HbA1c,6.26,Hb A1c,2014-07,%
26090072,eGFR,70.06,eGFR,2012-08,mL/min/1.73m2
25509437,HbA1c,4.36,HbA1c,2012-05,%
12929597,SBP,95.01,Systolic BP,2016-06,mmHg
38320697,HbA1c,6.45,HbA1c,2013-07,%
33047552,eGFR,81.99,eGFR,2016-04,mL/min/1.73m2
35749181,eGFR,85.22,Estimated GFR,2013-01,mL/min/1.73m2
24145976,SBP,125.37,SBP,2012-07,mmHg
59862536,HbA1c,6.86,HbA1c,2013-04,%
20327096,SBP,114.88,Systolic blood pressure,2012-11,mmHg
25491944,eGFR,86.06,eGFR,2016-05,mL/min/1.73m2
15323069,SBP,115.72,Systolic BP,2014-05,mmHg
353216,eGFR,95.07,eGFR,2015-11,mL/min/1.73m2
32354237,HbA1c,5.12,Glycated haemoglobin,2012-09,%
47617037,eGFR,91.66,Estimated GFR,2014-03,mL/min/1.73m2
2132216,HbA1c,4.82,Hb A1c,2014-04,%
5573576,eGFR,76.63,eGFR,2013-04,mL/min/1.73m2
69206696,SBP,126.62,Systolic BP,2016-11,mmHg
9926552,SBP,139.8,Systolic blood pressure,2015-12,mmHg
39858344,SBP,133.12,SBP,2015-07,mmHg
36918461,HbA1c,6.81,Glycated haemoglobin,2015-04,%
54315344,HbA1c,4.94,HbA1c,2016-12,%
24728192,eGFR,93.07,Estimated GFR,2012-09,mL/min/1.73m2
1896344,eGFR,82.98,eGFR,2015-09,mL/min/1.73m2
492344,eGFR,88.77,LOINC: 33914-3,2013-07,mL/min/1.73m2
11163392,HbA1c,3.87,HbA1c,2012-12,%
4057976,eGFR,84.56,eGFR,2013-03,mL/min/1.73m2
20514944,eGFR,82.32,LOINC: 33914-3,2012-07,mL/min/1.73m2
48868157,SBP,102.19,Systolic blood pressure,2012-06,mmHg
4421657,SBP,117.38,Systolic blood pressure,2013-10,mmHg
802136,SBP,141.8,Systolic blood pressure,2012-06,mmHg
64172144,HbA1c,4.58,HbA1c,2012-03,%
697241,SBP,138.91,Systolic blood pressure,2012-10,mmHg
54009416,SBP,87.54,SBP,2015-09,mmHg
19876697,HbA1c,5.21,HbA1c,2012-05,%
11797136,SBP,98.34,Systolic BP,2014-02,mmHg
69726392,eGFR,86.56,Estimated GFR,2012-04,mL/min/1.73m2
2172872,eGFR,87.02,Estimated GFR,2013-06,mL/min/1.73m2
19507769,eGFR,84.7,LOINC: 33914-3,2015-08,mL/min/1.73m2
36540569,SBP,133.92,SBP,2012-12,mmHg
63204569,SBP,148.12,SBP,2015-09,mmHg
10446137,eGFR,77.53,eGFR,2014-05,mL/min/1.73m2
59969792,HbA1c,4.84,HbA1c,2016-02,%
7338557,HbA1c,4.81,Glycated haemoglobin,2013-09,%
57401,SBP,132.52,Systolic blood pressure,2014-10,mmHg
59541344,eGFR,88.74,eGFR,2012-10,mL/min/1.73m2
4385312,SBP,158.75,Systolic BP,2015-10,mmHg
27542969,HbA1c,5.28,Hb A1c,2014-06,%
59594816,HbA1c,5.18,HbA1c,2012-01,%
1105616,eGFR,94.83,Estimated GFR,2013-06,mL/min/1.73m2
61671737,SBP,125.68,SBP,2012-02,mmHg
9145817,SBP,151.21,Systolic blood pressure,2014-03,mmHg
275696,eGFR,87.69,eGFR,2012-08,mL/min/1.73m2
25737392,SBP,121.3,Systolic BP,2012-02,mmHg
5796569,eGFR,85.92,Estimated GFR,2012-06,mL/min/1.73m2
21983816,SBP,124.96,SBP,2013-01,mmHg
5467769,SBP,104.15,Systolic blood pressure,2013-03,mmHg
17294672,SBP,151.82,Systolic blood pressure,2012-11,mmHg
9198272,eGFR,81.83,LOINC: 33914-3,2014-04,mL/min/1.73m2
65370941,HbA1c,4.26,Hb A1c,2014-03,%
58848392,HbA1c,5.88,Glycated haemoglobin,2014-07,%
48433241,HbA1c,4.46,Hb A1c,2012-01,%
38192141,SBP,120.46,Systolic blood pressure,2012-12,mmHg
36960569,eGFR,81.07,eGFR,2013-01,mL/min/1.73m2
37129241,SBP,126.96,Systolic blood pressure,2014-06,mmHg
46382141,SBP,109.45,Systolic BP,2016-02,mmHg
10956032,SBP,105.2,Systolic BP,2013-04,mmHg
72855821,eGFR,93.86,Estimated GFR,2015-02,mL/min/1.73m2
15174272,eGFR,85.74,eGFR,2015-08,mL/min/1.73m2
589016,SBP,122.44,SBP,2014-05,mmHg
54494201,SBP,125.19,Systolic BP,2013-08,mmHg
20264672,eGFR,91.52,LOINC: 33914-3,2016-11,mL/min/1.73m2
18840377,eGFR,78.7,Estimated GFR,2016-11,mL/min/1.73m2
6913241,HbA1c,5.92,HbA1c,2015-06,%
12954521,SBP,143.4,SBP,2012-01,mmHg
9229817,SBP,107.82,Systolic BP,2016-02,mmHg
8741816,SBP,110.98,Systolic blood pressure,2014-09,mmHg
67317776,eGFR,83.26,eGFR,2013-08,mL/min/1.73m2
64310969,SBP,108.72,Systolic blood pressure,2013-11,mmHg
7508441,HbA1c,5.45,Glycated haemoglobin,2016-10,%
24419096,HbA1c,3.51,HbA1c,2013-12,%
21757016,HbA1c,5.58,HbA1c,2012-04,%
24094937,SBP,120.84,SBP,2012-01,mmHg
7087376,SBP,123.48,Systolic blood pressure,2014-02,mmHg
3817421,HbA1c,5.81,Hb A1c,2014-04,%
55909736,eGFR,94.55,LOINC: 33914-3,2013-06,mL/min/1.73m2
35261,HbA1c,3.42,Glycated haemoglobin,2012-03,%
8237216,SBP,136.86,Systolic BP,2012-04,mmHg
62600141,HbA1c,4.58,Hb A1c,2013-10,%
29654477,eGFR,87.86,eGFR,2014-07,mL/min/1.73m2
1213757,SBP,122.03,SBP,2013-07,mmHg
4030112,HbA1c,6.13,Hb A1c,2013-01,%
49866056,HbA1c,4.61,Hb A1c,2014-10,%
28477952,SBP,106.79,SBP,2014-09,mmHg
759296,HbA1c,5.13,Hb A1c,2016-02,%
17294672,HbA1c,5.34,Hb A1c,2012-08,%
8958221,eGFR,91.58,LOINC: 33914-3,2012-04,mL/min/1.73m2
63839576,eGFR,85.87,LOINC: 33914-3,2016-02,mL/min/1.73m2
50331917,HbA1c,7.03,Glycated haemoglobin,2013-12,%
22588877,HbA1c,4.34,HbA1c,2014-10,%
21579641,eGFR,92.58,LOINC: 33914-3,2015-10,mL/min/1.73m2
38063801,SBP,139.38,Systolic BP,2012-12,mmHg
37255997,SBP,115.45,Systolic blood pressure,2015-11,mmHg
8834237,HbA1c,4.66,Glycated haemoglobin,2013-05,%
4778201,eGFR,76.24,LOINC: 33914-3,2014-06,mL/min/1.73m2
18521,HbA1c,4.99,Hb A1c,2014-01,%
67630781,SBP,120.23,SBP,2015-01,mmHg
23319101,eGFR,93.79,eGFR,2012-09,mL/min/1.73m2
23942144,HbA1c,4.05,Hb A1c,2015-04,%
57002912,SBP,131.9,Systolic blood pressure,2012-01,mmHg
8711117,eGFR,88.15,LOINC: 33914-3,2016-05,mL/min/1.73m2
529469,HbA1c,3.86,HbA1c,2016-12,%
24539069,SBP,125.1,SBP,2012-10,mmHg
1830152,eGFR,78.59,Estimated GFR,2015-11,mL/min/1.73m2
3201536,SBP,115.03,Systolic blood pressure,2013-10,mmHg
4953944,HbA1c,5.74,HbA1c,2012-05,%
54085817,eGFR,73.58,eGFR,2013-05,mL/min/1.73m2
22969136,eGFR,87.13,Estimated GFR,2012-06,mL/min/1.73m2
9145817,HbA1c,6.28,Glycated haemoglobin,2014-02,%
10245581,SBP,125.35,Systolic BP,2014-06,mmHg
50824637,SBP,138.68,Systolic BP,2014-01,mmHg
60615344,eGFR,85.47,LOINC: 33914-3,2016-11,mL/min/1.73m2
16922144,HbA1c,6.95,HbA1c,2014-11,%
56950616,HbA1c,5.57,Hb A1c,2015-03,%
36268856,HbA1c,4.0,Hb A1c,2015-11,%
23501,eGFR,82.36,Estimated GFR,2014-09,mL/min/1.73m2
9388352,HbA1c,51.1,HbA1c,2016-01,mmol/mol
5227469,eGFR,86.81,LOINC: 33914-3,2015-06,mL/min/1.73m2
1774352,SBP,131.7,SBP,2014-08,mmHg
20483576,eGFR,94.24,Estimated GFR,2014-12,mL/min/1.73m2
59487896,eGFR,91.23,Estimated GFR,2014-12,mL/min/1.73m2
46713017,eGFR,89.75,eGFR,2015-10,mL/min/1.73m2
38686112,SBP,107.61,Systolic BP,2014-08,mmHg
3383801,eGFR,78.92,eGFR,2015-04,mL/min/1.73m2
3226376,eGFR,86.84,Estimated GFR,2014-07,mL/min/1.73m2
15609152,HbA1c,3.86,Hb A1c,2016-09,%
36540569,HbA1c,4.83,Glycated haemoglobin,2014-12,%
46240697,SBP,137.08,SBP,2012-05,mmHg
9103961,HbA1c,4.94,HbA1c,2012-08,%
68832569,HbA1c,5.34,Hb A1c,2013-03,%
7235696,SBP,128.01,Systolic BP,2016-02,mmHg
43823321,HbA1c,3.77,Hb A1c,2012-03,%
9072632,eGFR,83.4,eGFR,2012-07,mL/min/1.73m2
15255344,SBP,132.84,Systolic blood pressure,2015-05,mmHg
29579069,SBP,132.72,Systolic BP,2015-08,mmHg
4832,SBP,131.76,Systolic blood pressure,2014-09,mmHg
69726392,SBP,154.99,SBP,2015-01,mmHg
39378656,eGFR,86.7,eGFR,2015-12,mL/min/1.73m2
944,HbA1c,5.06,HbA1c,2012-10,%
1371197,HbA1c,4.39,HbA1c,2016-06,%
1318976,eGFR,81.11,LOINC: 33914-3,2014-08,mL/min/1.73m2
36247997,SBP,120.28,SBP,2013-10,mmHg
22081376,SBP,110.51,Systolic BP,2016-07,mmHg
9915641,SBP,124.56,Systolic blood pressure,2016-09,mmHg
12768176,HbA1c,5.11,Glycated haemoglobin,2016-04,%
60050297,SBP,107.03,Systolic BP,2014-09,mmHg
20782541,HbA1c,4.65,Hb A1c,2016-11,%
15241817,HbA1c,4.21,HbA1c,2016-09,%
3434969,HbA1c,4.95,Hb A1c,2014-02,%
64394336,eGFR,97.66,eGFR,2016-03,mL/min/1.73m2
30013976,eGFR,79.14,Estimated GFR,2014-06,mL/min/1.73m2
27871181,eGFR,80.25,LOINC: 33914-3,2015-03,mL/min/1.73m2
3377432,SBP,129.22,Systolic blood pressure,2015-06,mmHg
657341,HbA1c,5.58,HbA1c,2012-07,%
15404537,eGFR,88.37,eGFR,2015-09,mL/min/1.73m2
16469216,HbA1c,4.8,Hb A1c,2016-06,%
15821,HbA1c,4.91,Glycated haemoglobin,2012-12,%
27506621,HbA1c,5.74,HbA1c,2015-10,%
2229401,eGFR,85.71,eGFR,2016-03,mL/min/1.73m2
8660072,SBP,119.85,Systolic blood pressure,2012-12,mmHg
11725856,HbA1c,4.9,HbA1c,2016-06,%
65819837,eGFR,89.88,LOINC: 33914-3,2016-09,mL/min/1.73m2
37255997,HbA1c,5.3,HbA1c,2013-01,%
10956032,eGFR,82.42,Estimated GFR,2012-02,mL/min/1.73m2
768377,HbA1c,5.49,HbA1c,2014-07,%
1346969,HbA1c,5.34,Hb A1c,2016-03,%
13192496,HbA1c,6.3,Hb A1c,2012-08,%
3326696,HbA1c,5.16,Hb A1c,2014-12,%
5023577,HbA1c,5.25,HbA1c,2012-11,%
14573117,eGFR,81.13,LOINC: 33914-3,2012-10,mL/min/1.73m2
8528057,SBP,159.76,Systolic BP,2014-11,mmHg
59594816,SBP,130.59,SBP,2015-07,mmHg
21435056,SBP,102.12,SBP,2015-04,mmHg
60319037,SBP,103.14,SBP,2014-08,mmHg
73151801,SBP,127.0,SBP,2015-10,mmHg
12060344,SBP,125.4,Systolic BP,2013-12,mmHg
971552,SBP,120.32,SBP,2013-03,mmHg
100736,HbA1c,5.52,Glycated haemoglobin,2013-10,%
1692272,eGFR,90.18,LOINC: 33914-3,2015-01,mL/min/1.73m2
10468541,HbA1c,4.52,Hb A1c,2016-03,%
46170056,SBP,136.45,SBP,2013-04,mmHg
378344,SBP,109.03,Systolic blood pressure,2012-03,mmHg
16779944,HbA1c,4.39,Hb A1c,2015-10,%
25913432,eGFR,90.21,Estimated GFR,2016-12,mL/min/1.73m2
72295112,eGFR,90.02,Estimated GFR,2013-04,mL/min/1.73m2
33427001,HbA1c,3.88,Glycated haemoglobin,2013-06,%
45489977,SBP,112.62,Systolic BP,2012-04,mmHg
4627961,eGFR,92.17,eGFR,2016-12,mL/min/1.73m2
35397944,eGFR,94.96,eGFR,2012-10,mL/min/1.73m2
53071577,SBP,99.82,Systolic BP,2016-02,mmHg
35956601,HbA1c,3.37,Glycated haemoglobin,2016-07,%
2002736,eGFR,96.5,eGFR,2014-04,mL/min/1.73m2
43001657,eGFR,78.0,Estimated GFR,2016-06,mL/min/1.73m2
62627552,SBP,150.14,Systolic blood pressure,2012-05,mmHg
40296944,HbA1c,4.43,Hb A1c,2015-10,%
22935944,eGFR,88.89,eGFR,2014-12,mL/min/1.73m2
5598137,HbA1c,4.54,HbA1c,2015-03,%
30872,SBP,150.64,SBP,2015-08,mmHg
53882201,SBP,135.95,Systolic BP,2014-06,mmHg
20202344,eGFR,99.35,LOINC: 33914-3,2013-07,mL/min/1.73m2
1334936,SBP,146.29,SBP,2013-06,mmHg
1105616,HbA1c,4.99,HbA1c,2012-01,%
1806797,HbA1c,5.17,Glycated haemoglobin,2016-08,%
31434776,eGFR,86.71,eGFR,2012-02,mL/min/1.73m2
1379321,SBP,146.96,Systolic BP,2015-03,mmHg
2328752,HbA1c,4.68,Glycated haemoglobin,2014-01,%
26713037,SBP,128.74,Systolic BP,2012-08,mmHg
73240712,eGFR,94.56,LOINC: 33914-3,2016-02,mL/min/1.73m2
10648637,SBP,118.69,Systolic blood pressure,2016-12,mmHg
45163469,SBP,108.09,Systolic BP,2016-12,mmHg
40033496,eGFR,82.69,eGFR,2016-10,mL/min/1.73m2
53780537,HbA1c,5.08,Hb A1c,2015-10,%
16879421,HbA1c,4.66,HbA1c,2013-03,%
65035277,eGFR,76.99,Estimated GFR,2014-02,mL/min/1.73m2
1445177,SBP,129.55,SBP,2016-09,mmHg
12583181,SBP,126.93,SBP,2015-04,mmHg
26820569,HbA1c,36.51,Hb A1c,2013-12,mmol/mol
61481456,HbA1c,4.47,Hb A1c,2016-12,%
12792944,HbA1c,6.24,HbA1c,2015-12,%
15255344,HbA1c,4.32,Glycated haemoglobin,2016-01,%
53096816,SBP,159.58,Systolic BP,2012-12,mmHg
11198141,eGFR,96.43,eGFR,2013-09,mL/min/1.73m2
42774797,HbA1c,5.2,HbA1c,2016-06,%
21951344,eGFR,90.09,LOINC: 33914-3,2013-05,mL/min/1.73m2
65119112,HbA1c,3.41,Hb A1c,2015-08,%
30970376,SBP,127.72,Systolic BP,2013-05,mmHg
44052941,eGFR,89.48,Estimated GFR,2014-04,mL/min/1.73m2
29843417,HbA1c,6.25,HbA1c,2012-06,%
39248336,eGFR,76.04,Estimated GFR,2013-03,mL/min/1.73m2
5109344,SBP,118.5,SBP,2013-01,mmHg
9839432,HbA1c,6.25,Glycated haemoglobin,2015-05,%
7575032,eGFR,82.14,eGFR,2012-04,mL/min/1.73m2
144152,SBP,151.69,Systolic blood pressure,2014-12,mmHg
25299917,SBP,110.08,Systolic blood pressure,2012-11,mmHg
67973069,eGFR,98.2,Estimated GFR,2016-01,mL/min/1.73m2
5322941,SBP,111.18,SBP,2016-07,mmHg
34192397,HbA1c,4.8,HbA1c,2016-03,%
41025881,HbA1c,3.71,Glycated haemoglobin,2015-02,%
11737721,SBP,110.12,Systolic BP,2012-12,mmHg
19469,SBP,137.51,SBP,2013-09,mmHg
26249561,eGFR,86.31,Estimated GFR,2013-09,mL/min/1.73m2
57579752,HbA1c,3.85,Hb A1c,2013-03,%
47569241,SBP,133.97,Systolic blood pressure,2014-05,mmHg
41560121,HbA1c,4.39,HbA1c,2016-12,%
473096,eGFR,85.77,Estimated GFR,2015-01,mL/min/1.73m2
3270077,eGFR,79.97,LOINC: 33914-3,2015-05,mL/min/1.73m2
16822541,eGFR,84.57,LOINC: 33914-3,2014-10,mL/min/1.73m2
3447821,SBP,92.92,Systolic blood pressure,2014-06,mmHg
10201277,SBP,106.8,SBP,2016-05,mmHg
47473721,eGFR,90.62,eGFR,2013-01,mL/min/1.73m2
12867392,HbA1c,5.04,Hb A1c,2016-11,%
13790477,SBP,102.44,Systolic BP,2014-08,mmHg
1555469,eGFR,78.66,eGFR,2014-12,mL/min/1.73m2
74371592,eGFR,99.1,LOINC: 33914-3,2014-11,mL/min/1.73m2
63507872,SBP,103.02,SBP,2014-06,mmHg
46397,SBP,118.77,Systolic blood pressure,2012-09,mmHg
15120344,SBP,141.77,Systolic blood pressure,2016-07,mmHg
47425997,eGFR,83.48,eGFR,2016-07,mL/min/1.73m2
2550521,SBP,107.23,Systolic blood pressure,2013-10,mmHg
23874392,SBP,132.97,Systolic blood pressure,2014-12,mmHg
235469,eGFR,87.8,Estimated GFR,2015-08,mL/min/1.73m2
726461,HbA1c,5.21,Hb A1c,2013-08,%
14205197,eGFR,94.83,Estimated GFR,2012-06,mL/min/1.73m2
36645344,SBP,87.47,Systolic blood pressure,2015-08,mmHg
56143097,HbA1c,5.16,HbA1c,2012-05,%
51022397,eGFR,85.97,eGFR,2014-01,mL/min/1.73m2
3048461,HbA1c,4.75,Hb A1c,2016-01,%
67346201,eGFR,88.96,eGFR,2014-12,mL/min/1.73m2
1279496,SBP,117.62,Systolic blood pressure,2012-04,mmHg
51493616,HbA1c,5.0,Glycated haemoglobin,2015-10,%
72344,SBP,109.63,Systolic blood pressure,2015-04,mmHg
3810656,eGFR,76.16,Estimated GFR,2012-09,mL/min/1.73m2
56741672,eGFR,84.97,Estimated GFR,2012-02,mL/min/1.73m2
42616352,HbA1c,25.28,HbA1c,2016-04,mmol/mol
9806861,eGFR,84.5,LOINC: 33914-3,2015-03,mL/min/1.73m2
18900569,eGFR,89.72,eGFR,2014-09,mL/min/1.73m2
61237241,eGFR,87.04,eGFR,2016-04,mL/min/1.73m2
4037069,eGFR,88.68,eGFR,2012-12,mL/min/1.73m2
27816344,SBP,127.46,SBP,2013-03,mmHg
13054457,SBP,137.76,Systolic blood pressure,2016-01,mmHg
313256,SBP,102.86,Systolic blood pressure,2013-07,mmHg
13777616,SBP,115.37,Systolic BP,2016-09,mmHg
31883069,HbA1c,4.28,Glycated haemoglobin,2015-01,%
3170621,HbA1c,6.74,Hb A1c,2016-03,%
55006841,eGFR,75.38,Estimated GFR,2014-07,mL/min/1.73m2
69871097,SBP,124.01,Systolic BP,2012-08,mmHg
23638016,SBP,141.33,SBP,2013-04,mmHg
58821821,SBP,127.93,Systolic blood pressure,2015-03,mmHg
29995001,eGFR,79.51,Estimated GFR,2015-08,mL/min/1.73m2
16455161,HbA1c,4.93,HbA1c,2015-12,%
31629296,eGFR,88.03,eGFR,2013-06,mL/min/1.73m2
17846432,eGFR,85.63,eGFR,2013-07,mL/min/1.73m2
20936,HbA1c,4.92,HbA1c,2014-09,%
70335161,SBP,160.24,SBP,2012-01,mmHg
36143792,HbA1c,4.49,HbA1c,2012-12,%
2782376,HbA1c,4.44,Hb A1c,2016-06,%
6229712,eGFR,86.67,eGFR,2014-01,mL/min/1.73m2
4816136,HbA1c,4.06,HbA1c,2012-06,%
3729944,SBP,118.61,SBP,2014-09,mmHg
74222297,eGFR,85.13,eGFR,2016-04,mL/min/1.73m2
72442457,eGFR,87.33,LOINC: 33914-3,2015-05,mL/min/1.73m2
74192456,HbA1c,5.33,HbA1c,2013-12,%
48072296,eGFR,103.79,Estimated GFR,2012-10,mL/min/1.73m2
5897081,eGFR,88.63,eGFR,2015-02,mL/min/1.73m2
48312776,HbA1c,6.01,HbA1c,2015-02,%
268472,eGFR,86.05,LOINC: 33914-3,2013-10,mL/min/1.73m2
72737597,eGFR,91.92,eGFR,2016-02,mL/min/1.73m2
31493069,SBP,123.04,Systolic blood pressure,2016-11,mmHg
6922352,SBP,135.36,Systolic BP,2014-02,mmHg
36227144,SBP,140.89,Systolic blood pressure,2016-07,mmHg
8690681,HbA1c,5.7,HbA1c,2012-09,%
63452672,eGFR,89.8,Estimated GFR,2012-02,mL/min/1.73m2
70277069,HbA1c,4.3,Hb A1c,2016-04,%
22952537,SBP,129.51,SBP,2013-01,mmHg
19469,HbA1c,6.06,Glycated haemoglobin,2016-03,%
14507072,SBP,107.03,Systolic blood pressure,2015-02,mmHg
1651961,HbA1c,4.82,Hb A1c,2013-01,%
7584569,HbA1c,6.26,Hb A1c,2015-06,%
48192461,HbA1c,4.35,HbA1c,2015-05,%
28533437,SBP,127.82,Systolic blood pressure,2012-11,mmHg
65203001,HbA1c,4.77,HbA1c,2016-12,%
1416176,eGFR,86.04,eGFR,2016-01,mL/min/1.73m2
55083944,HbA1c,5.15,Hb A1c,2013-05,%
19523072,SBP,119.39,Systolic BP,2013-07,mmHg
14999357,HbA1c,4.42,Glycated haemoglobin,2013-11,%
981821,HbA1c,3.76,Glycated haemoglobin,2016-08,%
7603661,HbA1c,4.78,HbA1c,2012-07,%
7622777,HbA1c,4.88,Hb A1c,2012-05,%
6482969,eGFR,86.47,eGFR,2012-04,mL/min/1.73m2
38858672,eGFR,83.43,eGFR,2013-12,mL/min/1.73m2
14493881,eGFR,89.2,LOINC: 33914-3,2014-10,mL/min/1.73m2
56637344,SBP,122.23,Systolic blood pressure,2013-08,mmHg
4710296,eGFR,80.71,eGFR,2013-06,mL/min/1.73m2
14074937,eGFR,91.35,eGFR,2014-05,mL/min/1.73m2
1811456,SBP,113.64,SBP,2013-12,mmHg
2484569,eGFR,88.97,LOINC: 33914-3,2014-10,mL/min/1.73m2
36435944,eGFR,81.55,LOINC: 33914-3,2014-07,mL/min/1.73m2
18288152,SBP,143.78,Systolic BP,2013-03,mmHg
9526841,eGFR,89.88,Estimated GFR,2013-09,mL/min/1.73m2
39204944,SBP,129.88,SBP,2016-08,mmHg
26777,eGFR,83.23,Estimated GFR,2014-03,mL/min/1.73m2
3195341,HbA1c,4.05,HbA1c,2014-10,%
380477,eGFR,85.98,Estimated GFR,2014-02,mL/min/1.73m2
442637,HbA1c,5.44,Glycated haemoglobin,2015-03,%
39465656,eGFR,76.71,LOINC: 33914-3,2016-09,mL/min/1.73m2
1303112,HbA1c,4.47,HbA1c,2013-06,%
2281421,SBP,133.35,Systolic blood pressure,2015-05,mmHg
4800944,HbA1c,5.83,Glycated haemoglobin,2014-04,%
12144701,HbA1c,5.1,Hb A1c,2013-02,%
71531336,eGFR,89.02,eGFR,2016-11,mL/min/1.73m2
14309837,HbA1c,4.08,HbA1c,2014-01,%
16850969,SBP,135.11,Systolic blood pressure,2013-01,mmHg
8277032,HbA1c,6.48,Glycated haemoglobin,2012-02,%
29297144,eGFR,88.23,Estimated GFR,2013-12,mL/min/1.73m2
62162381,SBP,136.94,Systolic blood pressure,2015-07,mmHg
349112,eGFR,73.03,Estimated GFR,2012-01,mL/min/1.73m2
33969944,eGFR,79.78,Estimated GFR,2013-06,mL/min/1.73m2
25737392,eGFR,98.71,Estimated GFR,2012-11,mL/min/1.73m2
62517944,HbA1c,5.05,Glycated haemoglobin,2015-08,%
19263737,HbA1c,41.0,HbA1c,2016-08,mmol/mol
15390944,HbA1c,5.02,Glycated haemoglobin,2012-12,%
11844776,SBP,140.0,SBP,2014-10,mmHg
15718832,eGFR,92.34,LOINC: 33914-3,2014-01,mL/min/1.73m2
14401712,HbA1c,5.96,HbA1c,2012-08,%
58291661,HbA1c,5.12,HbA1c,2016-08,%
15994712,HbA1c,4.55,HbA1c,2014-04,%
26001677,eGFR,89.87,Estimated GFR,2012-12,mL/min/1.73m2
59354381,HbA1c,5.54,Glycated haemoglobin,2014-10,%
632312,HbA1c,5.82,Hb A1c,2015-11,%
41671856,eGFR,90.56,Estimated GFR,2016-05,mL/min/1.73m2
12718712,eGFR,86.5,LOINC: 33914-3,2016-02,mL/min/1.73m2
42120296,eGFR,80.17,eGFR,2012-11,mL/min/1.73m2
63149501,SBP,132.4,SBP,2012-11,mmHg
1342952,SBP,108.18,Systolic blood pressure,2012-04,mmHg
646157,eGFR,88.94,Estimated GFR,2014-09,mL/min/1.73m2
58344569,SBP,108.63,SBP,2015-04,mmHg
33949757,eGFR,92.84,LOINC: 33914-3,2016-10,mL/min/1.73m2
6840569,SBP,160.63,Systolic blood pressure,2014-12,mmHg
15390944,eGFR,85.62,Estimated GFR,2013-10,mL/min/1.73m2
28017677,HbA1c,6.01,HbA1c,2012-11,%
38880269,HbA1c,4.62,Hb A1c,2012-05,%
9893837,HbA1c,4.34,Hb A1c,2014-11,%
73211069,SBP,124.98,SBP,2012-09,mmHg
65707469,SBP,132.04,Systolic blood pressure,2014-05,mmHg
33087392,SBP,122.15,Systolic BP,2014-05,mmHg
410969,eGFR,88.91,LOINC: 33914-3,2013-12,mL/min/1.73m2
4262861,SBP,134.97,Systolic BP,2016-09,mmHg
3103136,HbA1c,5.81,Glycated haemoglobin,2015-10,%
110861,eGFR,80.16,eGFR,2014-10,mL/min/1.73m2
67630781,HbA1c,5.74,Hb A1c,2012-08,%
482672,SBP,129.02,Systolic blood pressure,2014-06,mmHg
23739176,eGFR,84.73,LOINC: 33914-3,2015-12,mL/min/1.73m2
12706361,HbA1c,5.06,Hb A1c,2015-01,%
38576,eGFR,74.57,LOINC: 33914-3,2013-06,mL/min/1.73m2
160352,SBP,102.56,Systolic BP,2014-07,mmHg
28311821,eGFR,81.61,LOINC: 33914-3,2013-03,mL/min/1.73m2
58371032,SBP,107.46,SBP,2016-08,mmHg
13432637,SBP,127.83,SBP,2016-02,mmHg
220592,HbA1c,4.98,Glycated haemoglobin,2013-12,%
6750269,HbA1c,5.74,HbA1c,2012-09,%
25667144,SBP,119.28,Systolic blood pressure,2015-10,mmHg
389069,HbA1c,5.4,HbA1c,2012-09,%
11070992,HbA1c,7.0,HbA1c,2016-11,%
232121,HbA1c,4.93,HbA1c,2015-11,%
40671641,HbA1c,4.12,Glycated haemoglobin,2016-07,%
9430856,eGFR,83.77,eGFR,2016-09,mL/min/1.73m2
477872,eGFR,88.64,Estimated GFR,2016-06,mL/min/1.73m2
8906456,SBP,133.97,SBP,2015-01,mmHg
5880269,SBP,114.23,Systolic blood pressure,2016-10,mmHg
47021312,eGFR,70.0,LOINC: 33914-3,2015-08,mL/min/1.73m2
19599677,HbA1c,7.88,HbA1c,2013-06,%
30280256,eGFR,87.47,eGFR,2013-03,mL/min/1.73m2
4298696,eGFR,81.6,LOINC: 33914-3,2015-11,mL/min/1.73m2
1157192,eGFR,79.53,eGFR,2015-03,mL/min/1.73m2
64088921,eGFR,87.3,LOINC: 33914-3,2012-03,mL/min/1.73m2
4831352,eGFR,89.78,LOINC: 33914-3,2014-06,mL/min/1.73m2
7844336,SBP,129.12,Systolic blood pressure,2016-04,mmHg
56846096,HbA1c,6.77,Hb A1c,2016-06,%
69322016,SBP,139.96,Systolic BP,2016-12,mmHg
13242872,HbA1c,4.31,Glycated haemoglobin,2016-08,%
45000656,SBP,101.92,Systolic blood pressure,2014-06,mmHg
3000269,SBP,130.95,Systolic blood pressure,2014-03,mmHg
74043341,eGFR,89.13,LOINC: 33914-3,2015-03,mL/min/1.73m2
2899136,eGFR,82.75,Estimated GFR,2012-07,mL/min/1.73m2
2419481,eGFR,90.62,LOINC: 33914-3,2013-07,mL/min/1.73m2
110861,HbA1c,4.93,Glycated haemoglobin,2016-06,%
61535792,SBP,107.49,SBP,2016-07,mmHg
7319801,SBP,104.83,SBP,2013-01,mmHg
27615737,eGFR,69.71,Estimated GFR,2015-08,mL/min/1.73m2
456569,SBP,136.63,Systolic BP,2013-08,mmHg
13971161,HbA1c,4.3,Hb A1c,2016-12,%
54137,HbA1c,5.15,Glycated haemoglobin,2015-05,%
22097657,eGFR,77.9,LOINC: 33914-3,2013-12,mL/min/1.73m2
71121752,HbA1c,5.49,Glycated haemoglobin,2013-09,%
5054681,eGFR,75.86,LOINC: 33914-3,2012-09,mL/min/1.73m2
24900752,HbA1c,3.9,HbA1c,2012-10,%
3480056,eGFR,85.86,LOINC: 33914-3,2015-11,mL/min/1.73m2
27054296,HbA1c,4.98,Glycated haemoglobin,2013-09,%
13736,eGFR,83.1,Estimated GFR,2013-02,mL/min/1.73m2
367769,SBP,137.92,Systolic blood pressure,2014-10,mmHg
37573832,SBP,121.01,Systolic blood pressure,2014-11,mmHg
41248061,HbA1c,52.67,Hb A1c,2012-03,mmol/mol
38299256,HbA1c,37.19,HbA1c,2015-10,mmol/mol
6598136,SBP,125.59,Systolic BP,2012-11,mmHg
42142781,HbA1c,4.8,Hb A1c,2015-01,%
654536,SBP,132.1,SBP,2016-12,mmHg
23925197,HbA1c,5.14,Glycated haemoglobin,2012-07,%
37786472,HbA1c,4.47,Glycated haemoglobin,2014-07,%
14205197,HbA1c,4.16,Hb A1c,2016-11,%
26072381,HbA1c,37.45,Hb A1c,2016-01,mmol/mol
6342617,HbA1c,5.13,Glycated haemoglobin,2012-11,%
55392896,SBP,122.34,Systolic BP,2013-07,mmHg
6066521,SBP,148.03,Systolic BP,2015-11,mmHg
6083597,eGFR,86.33,eGFR,2015-12,mL/min/1.73m2
26874416,HbA1c,7.07,Hb A1c,2016-05,%
61047632,SBP,130.94,Systolic blood pressure,2016-09,mmHg
50701232,SBP,121.15,Systolic blood pressure,2012-12,mmHg
22976,SBP,119.56,Systolic blood pressure,2013-11,mmHg
458912,HbA1c,6.14,Hb A1c,2014-02,%
6057992,eGFR,86.8,LOINC: 33914-3,2012-03,mL/min/1.73m2
71267897,eGFR,88.87,eGFR,2014-08,mL/min/1.73m2
42661592,eGFR,81.23,LOINC: 33914-3,2012-02,mL/min/1.73m2
66073016,SBP,130.5,SBP,2016-05,mmHg
13445336,eGFR,86.57,LOINC: 33914-3,2016-04,mL/min/1.73m2
25404569,eGFR,87.54,Estimated GFR,2013-08,mL/min/1.73m2
57711257,eGFR,84.85,eGFR,2014-05,mL/min/1.73m2
22065101,HbA1c,4.61,HbA1c,2014-05,%
31531961,SBP,129.19,SBP,2015-01,mmHg
1542536,eGFR,83.36,eGFR,2012-05,mL/min/1.73m2
70975757,HbA1c,5.04,HbA1c,2013-11,%
71560637,SBP,114.96,Systolic BP,2013-02,mmHg
8108477,HbA1c,4.4,Glycated haemoglobin,2012-09,%
49159181,SBP,95.85,SBP,2012-01,mmHg
85952,HbA1c,36.17,Glycated haemoglobin,2013-01,mmol/mol
391232,SBP,118.83,SBP,2014-07,mmHg
4428944,eGFR,75.0,eGFR,2015-11,mL/min/1.73m2
1696781,SBP,149.96,Systolic BP,2014-06,mmHg
4808537,eGFR,95.99,LOINC: 33914-3,2015-06,mL/min/1.73m2
351161,SBP,119.19,SBP,2015-03,mmHg
68918816,eGFR,85.07,eGFR,2015-04,mL/min/1.73m2
18169832,HbA1c,5.69,HbA1c,2012-11,%
28201337,eGFR,87.49,Estimated GFR,2015-10,mL/min/1.73m2
1714877,HbA1c,4.98,Glycated haemoglobin,2014-12,%
52417469,SBP,122.38,SBP,2013-01,mmHg
23335832,SBP,100.87,Systolic blood pressure,2012-04,mmHg
29654477,SBP,112.98,SBP,2012-12,mmHg
4854221,SBP,99.46,Systolic BP,2012-08,mmHg
28960616,HbA1c,5.31,HbA1c,2016-02,%
3743336,eGFR,72.06,LOINC: 33914-3,2012-08,mL/min/1.73m2
509501,HbA1c,4.91,Hb A1c,2016-01,%
5863481,HbA1c,6.87,Glycated haemoglobin,2013-02,%
49914992,eGFR,81.2,LOINC: 33914-3,2014-11,mL/min/1.73m2
39183257,SBP,137.35,Systolic blood pressure,2012-07,mmHg
1607741,eGFR,82.96,eGFR,2014-01,mL/min/1.73m2
54264296,SBP,142.65,Systolic BP,2015-08,mmHg
355277,SBP,100.98,SBP,2013-12,mmHg
42638969,HbA1c,4.53,Hb A1c,2014-10,%
5403161,eGFR,78.62,eGFR,2014-03,mL/min/1.73m2
36143792,SBP,128.3,Systolic blood pressure,2015-06,mmHg
65847944,SBP,82.47,Systolic BP,2015-10,mmHg
20972477,eGFR,94.16,LOINC: 33914-3,2015-10,mL/min/1.73m2
2976317,HbA1c,5.68,HbA1c,2015-01,%
10887344,HbA1c,4.09,HbA1c,2015-01,%
47116376,eGFR,66.22,Estimated GFR,2015-08,mL/min/1.73m2
9293069,eGFR,89.14,eGFR,2013-06,mL/min/1.73m2
34782344,eGFR,89.25,Estimated GFR,2013-07,mL/min/1.73m2
386912,HbA1c,4.5,HbA1c,2012-09,%
56976761,SBP,114.87,Systolic blood pressure,2013-04,mmHg
31202144,eGFR,97.24,Estimated GFR,2012-03,mL/min/1.73m2
1138637,HbA1c,5.84,Glycated haemoglobin,2014-07,%
61074701,SBP,115.79,SBP,2013-10,mmHg
32157497,SBP,123.07,Systolic BP,2014-05,mmHg
10016,eGFR,87.28,Estimated GFR,2012-03,mL/min/1.73m2
17598521,HbA1c,5.79,HbA1c,2012-02,%
33467069,HbA1c,4.16,Glycated haemoglobin,2013-02,%
20936,eGFR,88.66,Estimated GFR,2012-08,mL/min/1.73m2
12917144,eGFR,79.41,eGFR,2013-08,mL/min/1.73m2
6474152,HbA1c,33.49,HbA1c,2012-06,mmol/mol
65595197,SBP,128.73,Systolic BP,2012-06,mmHg
6696377,SBP,143.24,Systolic blood pressure,2015-06,mmHg
56117144,HbA1c,5.7,HbA1c,2015-06,%
23285657,SBP,110.7,Systolic blood pressure,2016-02,mmHg
13079501,SBP,149.46,Systolic BP,2013-03,mmHg
32848712,eGFR,76.68,eGFR,2015-11,mL/min/1.73m2
24060941,SBP,123.42,Systolic BP,2016-01,mmHg
59007944,HbA1c,4.61,HbA1c,2014-01,%
40760057,eGFR,86.99,eGFR,2012-06,mL/min/1.73m2
13092032,eGFR,70.36,LOINC: 33914-3,2012-04,mL/min/1.73m2
2994272,HbA1c,3.98,Glycated haemoglobin,2015-04,%
23688569,HbA1c,4.74,Hb A1c,2016-06,%
1037501,SBP,128.22,Systolic blood pressure,2015-06,mmHg
174512,HbA1c,5.49,HbA1c,2013-02,%
554969,SBP,123.22,SBP,2015-05,mmHg
31726781,HbA1c,4.88,HbA1c,2012-04,%
43251896,SBP,93.8,Systolic BP,2012-04,mmHg
22621817,SBP,148.83,Systolic blood pressure,2013-09,mmHg
59648312,SBP,134.3,SBP,2013-05,mmHg
22539512,HbA1c,7.12,Glycated haemoglobin,2014-05,%
11384381,HbA1c,5.32,HbA1c,2016-06,%
104057,eGFR,82.54,LOINC: 33914-3,2012-09,mL/min/1.73m2
164537,eGFR,81.97,LOINC: 33914-3,2012-07,mL/min/1.73m2
7892921,HbA1c,6.72,Glycated haemoglobin,2014-03,%
1217576,HbA1c,5.64,Glycated haemoglobin,2014-06,%
2112032,HbA1c,5.22,HbA1c,2014-10,%
62244344,eGFR,77.21,Estimated GFR,2012-07,mL/min/1.73m2
10079936,HbA1c,6.15,Glycated haemoglobin,2016-03,%
32373944,HbA1c,6.74,Glycated haemoglobin,2015-07,%
13790477,HbA1c,6.66,Hb A1c,2012-12,%
39161576,HbA1c,5.14,Glycated haemoglobin,2012-04,%
64217,eGFR,84.13,eGFR,2016-11,mL/min/1.73m2
24642137,eGFR,88.69,Estimated GFR,2014-08,mL/min/1.73m2
39770912,HbA1c,6.96,Hb A1c,2015-04,%
1963712,eGFR,83.06,LOINC: 33914-3,2014-10,mL/min/1.73m2
68574152,SBP,145.91,Systolic BP,2014-02,mmHg
55987469,eGFR,80.17,LOINC: 33914-3,2016-06,mL/min/1.73m2
59221016,SBP,124.19,Systolic BP,2016-04,mmHg
48747152,SBP,110.57,Systolic blood pressure,2012-07,mmHg
8417144,eGFR,92.32,LOINC: 33914-3,2012-09,mL/min/1.73m2
240536,SBP,124.46,Systolic BP,2012-02,mmHg
16175321,SBP,151.39,SBP,2013-11,mmHg
4421657,HbA1c,4.51,HbA1c,2015-12,%
1127576,eGFR,95.94,eGFR,2013-08,mL/min/1.73m2
43617176,HbA1c,4.68,Hb A1c,2015-11,%
14218256,HbA1c,4.28,Hb A1c,2012-03,%
18870461,HbA1c,5.47,Glycated haemoglobin,2016-11,%
1551152,HbA1c,4.33,HbA1c,2012-02,%
15622841,HbA1c,5.77,Hb A1c,2013-12,%
1359056,HbA1c,5.12,Glycated haemoglobin,2014-12,%
5680397,eGFR,82.92,Estimated GFR,2016-11,mL/min/1.73m2
32216456,SBP,124.9,Systolic blood pressure,2016-11,mmHg
68717657,eGFR,80.09,Estimated GFR,2015-08,mL/min/1.73m2
3770192,eGFR,87.24,Estimated GFR,2016-04,mL/min/1.73m2
1379321,eGFR,89.38,Estimated GFR,2012-03,mL/min/1.73m2
7207769,HbA1c,4.1,Glycated haemoglobin,2014-10,%
47808461,SBP,113.26,Systolic BP,2015-12,mmHg
9677,eGFR,89.84,LOINC: 33914-3,2014-07,mL/min/1.73m2
47045069,SBP,131.0,Systolic BP,2013-09,mmHg
42322877,SBP,113.88,Systolic BP,2016-09,mmHg
17627597,SBP,114.9,Systolic blood pressure,2015-01,mmHg
32472569,eGFR,91.3,eGFR,2014-10,mL/min/1.73m2
66354896,HbA1c,5.02,Glycated haemoglobin,2015-09,%
54878456,eGFR,98.75,LOINC: 33914-3,2012-09,mL/min/1.73m2
14745536,eGFR,93.62,Estimated GFR,2015-03,mL/min/1.73m2
63978041,SBP,114.02,Systolic blood pressure,2015-03,mmHg
17905016,SBP,144.96,Systolic blood pressure,2016-10,mmHg
5039117,SBP,134.95,Systolic blood pressure,2013-07,mmHg
18720281,SBP,122.24,Systolic blood pressure,2016-09,mmHg
5330936,HbA1c,4.73,Glycated haemoglobin,2015-01,%
9103961,SBP,108.18,Systolic blood pressure,2013-01,mmHg
2071952,HbA1c,5.42,Hb A1c,2015-07,%
9806861,SBP,109.11,SBP,2014-09,mmHg
69581,eGFR,73.97,eGFR,2015-05,mL/min/1.73m2
4583357,eGFR,81.62,LOINC: 33914-3,2014-12,mL/min/1.73m2
30872,eGFR,93.83,Estimated GFR,2015-12,mL/min/1.73m2
9324776,SBP,118.0,SBP,2014-03,mmHg
3333017,HbA1c,4.39,Hb A1c,2014-11,%
7366736,HbA1c,4.53,Hb A1c,2016-10,%
9093512,HbA1c,4.48,HbA1c,2015-09,%
13318616,eGFR,92.41,LOINC: 33914-3,2016-09,mL/min/1.73m2
3538457,SBP,98.46,SBP,2014-08,mmHg
1252217,eGFR,72.12,LOINC: 33914-3,2015-05,mL/min/1.73m2
44745401,eGFR,75.88,Estimated GFR,2014-02,mL/min/1.73m2
9030944,HbA1c,4.25,Glycated haemoglobin,2016-12,%
47897,SBP,129.0,Systolic BP,2014-04,mmHg
223856,HbA1c,6.76,HbA1c,2012-06,%
28644569,HbA1c,4.35,Glycated haemoglobin,2016-11,%
12904697,eGFR,79.02,Estimated GFR,2014-02,mL/min/1.73m2
53780537,SBP,147.11,Systolic blood pressure,2016-03,mmHg
13179917,HbA1c,5.5,Glycated haemoglobin,2012-01,%
992144,eGFR,84.7,eGFR,2013-05,mL/min/1.73m2
12966992,HbA1c,7.05,Hb A1c,2016-02,%
49062077,SBP,117.6,Systolic blood pressure,2015-09,mmHg
15336632,eGFR,102.89,eGFR,2014-02,mL/min/1.73m2
44352344,SBP,119.22,SBP,2013-01,mmHg
4212944,HbA1c,4.16,Hb A1c,2013-05,%
18273341,HbA1c,4.16,Hb A1c,2015-01,%
2517437,eGFR,96.31,LOINC: 33914-3,2016-02,mL/min/1.73m2
36834317,HbA1c,3.51,Hb A1c,2013-01,%
23319101,HbA1c,6.26,Hb A1c,2012-07,%
52593176,SBP,153.89,Systolic blood pressure,2012-06,mmHg
6006944,SBP,126.54,Systolic BP,2016-12,mmHg
28570457,HbA1c,4.66,Glycated haemoglobin,2013-05,%
33386957,eGFR,79.62,LOINC: 33914-3,2013-06,mL/min/1.73m2
45794216,HbA1c,6.1,Glycated haemoglobin,2012-11,%
36331469,eGFR,71.06,eGFR,2012-01,mL/min/1.73m2
3036377,HbA1c,4.25,Hb A1c,2013-09,%
57974717,eGFR,88.33,LOINC: 33914-3,2013-11,mL/min/1.73m2
74371592,HbA1c,4.04,Glycated haemoglobin,2012-12,%
1760537,eGFR,92.71,eGFR,2013-12,mL/min/1.73m2
41850944,SBP,176.48,SBP,2015-01,mmHg
56117144,SBP,109.0,SBP,2015-02,mmHg
41181344,eGFR,81.47,eGFR,2014-05,mL/min/1.73m2
60077144,eGFR,85.95,eGFR,2015-09,mL/min/1.73m2
48747152,eGFR,72.0,eGFR,2016-09,mL/min/1.73m2
32118221,SBP,127.57,SBP,2015-08,mmHg
34212656,HbA1c,4.24,Hb A1c,2013-12,%
4399832,SBP,154.79,Systolic blood pressure,2014-08,mmHg
39749069,eGFR,83.81,eGFR,2014-12,mL/min/1.73m2
59912,HbA1c,5.28,HbA1c,2015-08,%
17144,HbA1c,3.48,HbA1c,2012-04,%
34802777,HbA1c,4.61,HbA1c,2016-10,%
531992,HbA1c,5.26,Hb A1c,2013-04,%
243944,SBP,110.17,SBP,2014-08,mmHg
62737256,HbA1c,5.21,Glycated haemoglobin,2013-08,%
50086457,eGFR,77.44,LOINC: 33914-3,2012-04,mL/min/1.73m2
54801497,HbA1c,6.37,HbA1c,2012-07,%
1037501,HbA1c,6.23,Hb A1c,2016-12,%
11916416,HbA1c,4.97,Hb A1c,2016-04,%
6430157,eGFR,78.49,eGFR,2013-03,mL/min/1.73m2
2219069,SBP,123.84,SBP,2012-06,mmHg
7498952,HbA1c,5.62,HbA1c,2013-03,%
849341,eGFR,82.83,LOINC: 33914-3,2016-02,mL/min/1.73m2
3803897,HbA1c,5.61,Hb A1c,2015-10,%
13016936,HbA1c,5.4,Hb A1c,2014-05,%
323021,SBP,139.77,Systolic blood pressure,2013-05,mmHg
70480496,eGFR,83.09,Estimated GFR,2016-01,mL/min/1.73m2
68058776,SBP,106.29,SBP,2014-03,mmHg
805241,SBP,142.98,SBP,2014-02,mmHg
73537472,eGFR,92.15,eGFR,2016-06,mL/min/1.73m2
26838512,HbA1c,4.98,Hb A1c,2016-11,%
52367321,eGFR,86.75,LOINC: 33914-3,2014-07,mL/min/1.73m2
7728344,eGFR,76.39,Estimated GFR,2014-12,mL/min/1.73m2
25212872,SBP,127.21,Systolic blood pressure,2013-05,mmHg
71971481,eGFR,94.62,LOINC: 33914-3,2015-03,mL/min/1.73m2
6885944,HbA1c,4.82,HbA1c,2015-07,%
72206777,HbA1c,4.09,Glycated haemoglobin,2012-04,%
71795261,eGFR,89.67,LOINC: 33914-3,2016-06,mL/min/1.73m2
4642877,SBP,127.28,Systolic blood pressure,2013-08,mmHg
47904317,SBP,150.84,Systolic BP,2015-04,mmHg
4450841,HbA1c,3.99,Hb A1c,2015-08,%
20124569,eGFR,88.5,eGFR,2015-04,mL/min/1.73m2
3830969,SBP,128.8,Systolic blood pressure,2012-08,mmHg
2916857,SBP,116.27,SBP,2015-05,mmHg
2473661,SBP,157.84,Systolic BP,2016-03,mmHg
14467517,SBP,124.34,Systolic BP,2015-11,mmHg
13205081,SBP,129.32,Systolic blood pressure,2014-01,mmHg
29128637,SBP,122.43,SBP,2015-08,mmHg
9377741,eGFR,80.68,LOINC: 33914-3,2015-05,mL/min/1.73m2
50192,SBP,128.56,Systolic blood pressure,2012-10,mmHg
1330937,SBP,141.9,Systolic BP,2015-01,mmHg
1051661,SBP,107.54,Systolic blood pressure,2012-03,mmHg
9839432,SBP,136.29,Systolic BP,2013-05,mmHg
57553469,SBP,125.25,Systolic blood pressure,2015-05,mmHg
1877312,SBP,128.84,Systolic blood pressure,2012-11,mmHg
408752,eGFR,88.79,Estimated GFR,2013-05,mL/min/1.73m2
70742477,eGFR,90.29,LOINC: 33914-3,2012-09,mL/min/1.73m2
25948712,HbA1c,6.75,Glycated haemoglobin,2014-03,%
345032,eGFR,84.19,Estimated GFR,2012-10,mL/min/1.73m2
1551152,SBP,144.7,Systolic blood pressure,2015-10,mmHg
25895801,HbA1c,3.74,HbA1c,2013-01,%
3314072,SBP,130.62,Systolic blood pressure,2016-10,mmHg
192296,eGFR,80.11,eGFR,2015-11,mL/min/1.73m2
47144,SBP,151.43,Systolic blood pressure,2015-07,mmHg
93197,HbA1c,3.45,Glycated haemoglobin,2013-11,%
63728912,HbA1c,4.84,Hb A1c,2013-03,%
3525437,eGFR,89.49,Estimated GFR,2014-01,mL/min/1.73m2
2988281,HbA1c,4.73,Hb A1c,2015-01,%
66496061,HbA1c,5.7,Hb A1c,2015-02,%
37361792,HbA1c,4.64,HbA1c,2012-11,%
41203577,eGFR,76.02,eGFR,2014-02,mL/min/1.73m2
46618361,HbA1c,4.7,HbA1c,2012-10,%
10659944,SBP,142.83,Systolic BP,2016-11,mmHg
63480269,eGFR,78.64,eGFR,2013-12,mL/min/1.73m2
11174969,SBP,114.24,SBP,2014-08,mmHg
47402144,SBP,117.41,Systolic BP,2016-11,mmHg
41582456,HbA1c,38.23,HbA1c,2012-08,mmol/mol
30970376,HbA1c,4.41,Hb A1c,2016-02,%
21805517,HbA1c,6.91,Glycated haemoglobin,2014-10,%
2117069,eGFR,75.52,eGFR,2013-06,mL/min/1.73m2
5639192,eGFR,89.39,LOINC: 33914-3,2014-02,mL/min/1.73m2
2213912,eGFR,93.71,Estimated GFR,2013-03,mL/min/1.73m2
66242072,HbA1c,5.2,Hb A1c,2012-04,%
4156256,HbA1c,4.71,HbA1c,2016-04,%
48144377,SBP,106.48,Systolic blood pressure,2015-07,mmHg
4755512,HbA1c,4.54,HbA1c,2016-01,%
15609152,SBP,110.73,Systolic BP,2015-02,mmHg
891344,HbA1c,5.99,HbA1c,2016-10,%
7404392,SBP,112.47,Systolic BP,2016-10,mmHg
49280696,eGFR,79.46,Estimated GFR,2016-08,mL/min/1.73m2
37722617,SBP,92.83,Systolic blood pressure,2016-01,mmHg
37722617,eGFR,96.69,LOINC: 33914-3,2012-08,mL/min/1.73m2
70044941,HbA1c,5.95,Glycated haemoglobin,2012-08,%
12768176,SBP,134.65,Systolic blood pressure,2013-01,mmHg
14388569,eGFR,77.67,LOINC: 33914-3,2013-08,mL/min/1.73m2
1016441,HbA1c,5.07,HbA1c,2015-01,%
29957069,SBP,144.35,Systolic BP,2016-10,mmHg
9644816,SBP,121.35,SBP,2015-11,mmHg
5838344,SBP,135.42,SBP,2012-10,mmHg
14999357,eGFR,67.51,Estimated GFR,2012-08,mL/min/1.73m2
11988272,SBP,128.2,SBP,2014-10,mmHg
61345721,SBP,153.98,Systolic blood pressure,2012-01,mmHg
7451597,SBP,141.32,Systolic BP,2016-12,mmHg
70917401,HbA1c,4.87,Glycated haemoglobin,2013-08,%
6117821,eGFR,87.37,LOINC: 33914-3,2013-01,mL/min/1.73m2
44214032,SBP,107.44,SBP,2013-10,mmHg
10558397,SBP,122.22,Systolic blood pressure,2014-05,mmHg
50258216,HbA1c,5.67,Glycated haemoglobin,2013-03,%
61617341,SBP,124.06,Systolic blood pressure,2013-07,mmHg
210944,SBP,134.76,Systolic BP,2012-06,mmHg
10739261,SBP,112.91,SBP,2014-04,mmHg
38664569,eGFR,79.36,Estimated GFR,2013-05,mL/min/1.73m2
60885344,SBP,115.46,SBP,2015-06,mmHg
1806797,SBP,157.62,SBP,2016-03,mmHg
24779897,HbA1c,7.65,HbA1c,2014-06,%
3851336,HbA1c,3.93,HbA1c,2014-01,%
23102144,eGFR,95.06,Estimated GFR,2015-03,mL/min/1.73m2
43869197,HbA1c,23.1,Hb A1c,2015-07,mmol/mol
15581792,SBP,110.64,SBP,2015-09,mmHg
27126416,eGFR,91.61,LOINC: 33914-3,2013-03,mL/min/1.73m2
72030269,eGFR,78.93,Estimated GFR,2013-11,mL/min/1.73m2
30951101,SBP,129.8,SBP,2015-01,mmHg
128816,eGFR,88.13,eGFR,2013-01,mL/min/1.73m2
67033856,eGFR,81.61,LOINC: 33914-3,2014-08,mL/min/1.73m2
21789344,SBP,123.66,Systolic BP,2012-12,mmHg
5427344,eGFR,84.15,eGFR,2013-07,mL/min/1.73m2
2561597,eGFR,78.65,eGFR,2014-09,mL/min/1.73m2
11466344,HbA1c,6.15,Glycated haemoglobin,2014-11,%
31687769,HbA1c,4.4,Glycated haemoglobin,2013-04,%
842969,HbA1c,4.59,HbA1c,2015-05,%
516944,eGFR,86.25,Estimated GFR,2014-01,mL/min/1.73m2
487496,eGFR,86.12,Estimated GFR,2015-01,mL/min/1.73m2
28274969,eGFR,74.31,LOINC: 33914-3,2014-07,mL/min/1.73m2
1202336,SBP,111.09,SBP,2015-08,mmHg
34131656,eGFR,87.37,Estimated GFR,2013-06,mL/min/1.73m2
19861256,HbA1c,5.73,Glycated haemoglobin,2014-10,%
31086152,HbA1c,5.27,Hb A1c,2012-11,%
26659352,HbA1c,5.08,HbA1c,2012-12,%
10864496,HbA1c,4.93,Glycated haemoglobin,2015-12,%
31980944,HbA1c,4.05,HbA1c,2015-06,%
4969376,SBP,111.97,Systolic blood pressure,2012-12,mmHg
13841981,HbA1c,4.96,HbA1c,2016-08,%
56767769,SBP,140.02,Systolic BP,2015-03,mmHg
2578256,HbA1c,4.99,HbA1c,2014-10,%
1638632,SBP,126.64,SBP,2016-06,mmHg
14257469,eGFR,79.7,Estimated GFR,2015-04,mL/min/1.73m2
2344637,eGFR,80.39,LOINC: 33914-3,2015-08,mL/min/1.73m2
16865192,SBP,129.23,Systolic BP,2012-04,mmHg
8762312,SBP,121.11,SBP,2016-08,mmHg
89021,HbA1c,3.77,HbA1c,2014-08,%
5267144,SBP,140.99,Systolic blood pressure,2015-01,mmHg
33990137,SBP,121.82,SBP,2016-03,mmHg
30299321,eGFR,87.79,Estimated GFR,2014-04,mL/min/1.73m2
34151897,SBP,104.52,Systolic BP,2014-03,mmHg
2297,HbA1c,32.67,Hb A1c,2013-07,mmol/mol
3402944,HbA1c,5.87,HbA1c,2014-12,%
19938521,eGFR,93.46,LOINC: 33914-3,2012-01,mL/min/1.73m2
87992,eGFR,86.71,Estimated GFR,2012-11,mL/min/1.73m2
27090344,HbA1c,4.86,Hb A1c,2013-11,%
1065917,SBP,132.48,SBP,2014-06,mmHg
2424872,SBP,140.0,SBP,2016-01,mmHg
9785177,HbA1c,4.92,Glycated haemoglobin,2013-05,%
8039576,eGFR,88.45,eGFR,2016-03,mL/min/1.73m2
29597912,eGFR,82.0,eGFR,2013-10,mL/min/1.73m2
1395641,HbA1c,6.06,Hb A1c,2012-05,%
5639192,SBP,125.46,SBP,2015-03,mmHg
2696381,HbA1c,6.21,Hb A1c,2016-03,%
69350861,HbA1c,5.08,HbA1c,2016-02,%
41828537,HbA1c,4.62,Glycated haemoglobin,2015-09,%
11432,HbA1c,5.68,Glycated haemoglobin,2015-03,%
24043952,eGFR,84.44,LOINC: 33914-3,2013-02,mL/min/1.73m2
83936,SBP,127.41,Systolic BP,2014-03,mmHg
2583821,HbA1c,6.69,HbA1c,2013-10,%
30204056,HbA1c,3.75,HbA1c,2015-11,%
8177672,eGFR,85.32,LOINC: 33914-3,2016-03,mL/min/1.73m2
21274976,eGFR,80.41,eGFR,2014-09,mL/min/1.73m2
56324936,HbA1c,5.17,Glycated haemoglobin,2016-11,%
31318352,eGFR,82.79,eGFR,2012-08,mL/min/1.73m2
1187192,HbA1c,4.98,Glycated haemoglobin,2012-02,%
9591101,eGFR,80.0,Estimated GFR,2016-02,mL/min/1.73m2
28238141,SBP,130.26,Systolic blood pressure,2012-01,mmHg
2500976,eGFR,88.39,LOINC: 33914-3,2014-11,mL/min/1.73m2
449576,HbA1c,5.06,HbA1c,2013-11,%
66580832,SBP,154.03,Systolic BP,2016-07,mmHg
7747616,HbA1c,4.77,HbA1c,2014-02,%
48024272,SBP,115.2,SBP,2013-01,mmHg
17280269,HbA1c,5.53,Glycated haemoglobin,2016-10,%
14441177,SBP,134.09,Systolic blood pressure,2016-11,mmHg
32157497,eGFR,88.4,LOINC: 33914-3,2012-02,mL/min/1.73m2
20829944,HbA1c,37.71,Glycated haemoglobin,2013-06,mmol/mol
35377337,SBP,107.8,Systolic BP,2012-02,mmHg
72826256,HbA1c,4.47,HbA1c,2016-05,%
52593176,HbA1c,5.63,HbA1c,2013-08,%
21627944,HbA1c,4.57,Hb A1c,2012-05,%
52091936,eGFR,93.3,Estimated GFR,2012-08,mL/min/1.73m2
68602841,eGFR,82.73,LOINC: 33914-3,2015-06,mL/min/1.73m2
8752061,eGFR,82.1,Estimated GFR,2014-10,mL/min/1.73m2
70496,SBP,132.57,Systolic BP,2012-04,mmHg
14985944,eGFR,99.73,Estimated GFR,2016-11,mL/min/1.73m2
14945741,SBP,141.02,Systolic blood pressure,2012-11,mmHg
59835737,HbA1c,5.36,Glycated haemoglobin,2012-06,%
14349176,eGFR,89.92,Estimated GFR,2015-01,mL/min/1.73m2
68173136,SBP,120.39,Systolic BP,2012-05,mmHg
195344,HbA1c,3.77,Hb A1c,2013-01,%
63066944,SBP,126.72,SBP,2014-02,mmHg
8558432,SBP,108.67,Systolic blood pressure,2013-05,mmHg
52317197,SBP,125.31,SBP,2015-02,mmHg
31609817,eGFR,72.69,eGFR,2016-01,mL/min/1.73m2
1769741,eGFR,90.11,LOINC: 33914-3,2014-12,mL/min/1.73m2
340976,eGFR,100.11,eGFR,2015-03,mL/min/1.73m2
1939517,HbA1c,4.88,Hb A1c,2014-06,%
31551416,SBP,97.24,SBP,2015-09,mmHg
499661,HbA1c,6.83,Hb A1c,2012-03,%
4376,HbA1c,26.5,Glycated haemoglobin,2014-02,mmol/mol
509501,SBP,121.3,SBP,2014-11,mmHg
58954736,eGFR,77.77,eGFR,2014-08,mL/min/1.73m2
6723296,eGFR,87.23,Estimated GFR,2014-08,mL/min/1.73m2
1521101,eGFR,92.61,eGFR,2015-11,mL/min/1.73m2
36247997,HbA1c,4.56,HbA1c,2012-12,%
53755136,eGFR,89.11,eGFR,2014-11,mL/min/1.73m2
6500621,HbA1c,5.09,HbA1c,2015-07,%
3676616,eGFR,81.83,LOINC: 33914-3,2016-10,mL/min/1.73m2
5913917,HbA1c,6.67,Hb A1c,2013-04,%
21338936,eGFR,86.06,LOINC: 33914-3,2016-03,mL/min/1.73m2
26019344,eGFR,82.32,eGFR,2015-01,mL/min/1.73m2
14296736,eGFR,93.49,eGFR,2012-12,mL/min/1.73m2
65096,eGFR,80.91,Estimated GFR,2016-05,mL/min/1.73m2
32137856,SBP,131.89,SBP,2016-03,mmHg
39530969,HbA1c,3.9,Hb A1c,2016-07,%
72796697,SBP,119.02,Systolic blood pressure,2013-01,mmHg
1232912,HbA1c,5.95,Hb A1c,2014-09,%
37531376,HbA1c,5.55,HbA1c,2012-02,%
36792281,eGFR,66.9,eGFR,2012-11,mL/min/1.73m2
14126969,eGFR,74.3,Estimated GFR,2015-08,mL/min/1.73m2
20593469,HbA1c,4.62,Hb A1c,2013-12,%
2846297,HbA1c,6.03,Hb A1c,2015-02,%
18081344,eGFR,74.7,eGFR,2014-09,mL/min/1.73m2
23959097,SBP,146.95,Systolic BP,2013-06,mmHg
28867481,HbA1c,4.63,Glycated haemoglobin,2012-10,%
140237,eGFR,80.6,LOINC: 33914-3,2015-07,mL/min/1.73m2
73864601,SBP,132.67,Systolic BP,2012-03,mmHg
43206344,SBP,121.36,Systolic BP,2016-11,mmHg
51047144,SBP,140.35,Systolic blood pressure,2012-05,mmHg
42638969,SBP,121.66,Systolic BP,2015-04,mmHg
61020569,eGFR,72.97,LOINC: 33914-3,2015-09,mL/min/1.73m2
62189696,eGFR,82.92,LOINC: 33914-3,2013-11,mL/min/1.73m2
4030112,SBP,122.88,SBP,2013-05,mmHg
7651496,eGFR,83.46,Estimated GFR,2015-07,mL/min/1.73m2
30261197,eGFR,82.45,LOINC: 33914-3,2014-03,mL/min/1.73m2
25491944,HbA1c,4.13,HbA1c,2015-12,%
3326696,eGFR,84.31,eGFR,2013-01,mL/min/1.73m2
26713037,eGFR,81.38,eGFR,2013-11,mL/min/1.73m2
27361469,SBP,118.03,Systolic BP,2012-07,mmHg
27761561,SBP,141.46,Systolic blood pressure,2013-09,mmHg
47140157,HbA1c,5.3,Hb A1c,2014-05,%
96392,SBP,142.24,Systolic BP,2013-10,mmHg
73033337,SBP,107.8,SBP,2012-11,mmHg
52769177,SBP,114.09,Systolic BP,2013-11,mmHg
4414376,HbA1c,5.57,HbA1c,2016-12,%
42888152,eGFR,93.21,eGFR,2014-12,mL/min/1.73m2
56246969,HbA1c,4.85,Hb A1c,2012-09,%
94256,eGFR,84.07,LOINC: 33914-3,2016-05,mL/min/1.73m2
34721081,eGFR,87.16,Estimated GFR,2015-10,mL/min/1.73m2
461,SBP,122.65,Systolic blood pressure,2013-06,mmHg
34273469,SBP,108.31,Systolic BP,2012-10,mmHg
28626032,eGFR,88.49,Estimated GFR,2013-06,mL/min/1.73m2
29711096,eGFR,88.4,eGFR,2014-04,mL/min/1.73m2
27706832,eGFR,78.15,eGFR,2015-11,mL/min/1.73m2
3763469,HbA1c,4.64,Glycated haemoglobin,2013-11,%
7133561,SBP,118.43,SBP,2015-09,mmHg
277517,eGFR,83.47,Estimated GFR,2014-06,mL/min/1.73m2
268472,HbA1c,4.41,Glycated haemoglobin,2013-10,%
6491792,eGFR,91.74,eGFR,2014-09,mL/min/1.73m2
4255712,eGFR,93.16,LOINC: 33914-3,2014-02,mL/min/1.73m2
24918041,HbA1c,6.15,Glycated haemoglobin,2014-02,%
21870269,eGFR,86.64,LOINC: 33914-3,2015-04,mL/min/1.73m2
23052221,HbA1c,5.51,HbA1c,2012-04,%
23688569,SBP,129.75,Systolic BP,2015-11,mmHg
65679392,SBP,104.38,Systolic blood pressure,2016-07,mmHg
12681677,HbA1c,5.13,Hb A1c,2012-07,%
45911501,SBP,117.16,SBP,2013-01,mmHg
2713472,eGFR,92.69,Estimated GFR,2013-08,mL/min/1.73m2
4717817,HbA1c,5.29,HbA1c,2012-04,%
30547712,HbA1c,4.41,HbA1c,2015-07,%
36981632,eGFR,94.35,eGFR,2016-04,mL/min/1.73m2
4613069,SBP,124.3,Systolic blood pressure,2012-06,mmHg
269,HbA1c,4.15,Hb A1c,2013-08,%
51642872,SBP,141.78,Systolic blood pressure,2012-08,mmHg
22720781,SBP,147.4,SBP,2016-06,mmHg
32039741,eGFR,86.84,Estimated GFR,2016-11,mL/min/1.73m2
20703656,HbA1c,4.83,Hb A1c,2013-04,%
20936,SBP,149.2,Systolic blood pressure,2014-06,mmHg
4241432,HbA1c,4.37,Hb A1c,2016-03,%
7699481,HbA1c,22.36,Glycated haemoglobin,2013-02,mmol/mol
5203736,SBP,129.53,Systolic BP,2015-07,mmHg
20546336,HbA1c,3.84,HbA1c,2014-11,%
59912,SBP,155.98,Systolic BP,2012-12,mmHg
11737721,eGFR,82.59,LOINC: 33914-3,2012-02,mL/min/1.73m2
359417,SBP,129.55,Systolic blood pressure,2013-11,mmHg
51468761,SBP,125.68,SBP,2013-03,mmHg
69957992,SBP,139.33,SBP,2012-01,mmHg
132569,SBP,131.98,SBP,2012-06,mmHg
6316472,eGFR,75.39,Estimated GFR,2015-07,mL/min/1.73m2
68717657,SBP,123.38,SBP,2012-01,mmHg
28496,HbA1c,4.53,Glycated haemoglobin,2015-02,%
27652157,eGFR,85.14,LOINC: 33914-3,2016-02,mL/min/1.73m2
24831656,eGFR,96.02,Estimated GFR,2012-02,mL/min/1.73m2
53046344,HbA1c,6.44,Hb A1c,2016-10,%
67944512,eGFR,77.22,Estimated GFR,2012-01,mL/min/1.73m2
54111296,HbA1c,33.63,Hb A1c,2014-06,mmol/mol
62107769,SBP,112.3,Systolic blood pressure,2013-01,mmHg
4984832,HbA1c,5.21,Glycated haemoglobin,2016-02,%
6049469,SBP,125.89,SBP,2014-04,mmHg
4627961,HbA1c,4.59,Glycated haemoglobin,2013-01,%
85952,SBP,119.93,Systolic BP,2013-10,mmHg
6386312,SBP,116.6,Systolic blood pressure,2016-08,mmHg
30394736,SBP,133.43,SBP,2015-07,mmHg
10390232,HbA1c,4.98,HbA1c,2013-04,%
41048072,HbA1c,5.58,Hb A1c,2013-01,%
2730617,SBP,128.41,Systolic BP,2016-12,mmHg
20109032,eGFR,78.75,Estimated GFR,2013-05,mL/min/1.73m2
629561,eGFR,84.61,LOINC: 33914-3,2015-08,mL/min/1.73m2
52542944,HbA1c,4.05,Glycated haemoglobin,2013-01,%
12657017,HbA1c,6.27,HbA1c,2013-09,%
56533112,HbA1c,4.0,HbA1c,2015-09,%
8306957,HbA1c,3.59,Glycated haemoglobin,2012-10,%
40296944,eGFR,81.11,eGFR,2015-09,mL/min/1.73m2
41604797,HbA1c,4.49,HbA1c,2012-03,%
4605632,eGFR,93.65,LOINC: 33914-3,2014-05,mL/min/1.73m2
4778201,HbA1c,3.43,HbA1c,2015-05,%
72147917,HbA1c,4.72,HbA1c,2014-09,%
521936,HbA1c,4.54,HbA1c,2014-07,%
7451597,HbA1c,4.17,Glycated haemoglobin,2016-10,%
419897,eGFR,88.5,eGFR,2013-10,mL/min/1.73m2
28091069,eGFR,83.08,LOINC: 33914-3,2016-12,mL/min/1.73m2
1005992,HbA1c,8.09,Glycated haemoglobin,2013-10,%
29635616,SBP,131.56,Systolic BP,2013-05,mmHg
26892377,HbA1c,5.17,Glycated haemoglobin,2016-01,%
59594816,eGFR,93.85,LOINC: 33914-3,2015-10,mL/min/1.73m2
36081341,SBP,125.88,Systolic blood pressure,2012-07,mmHg
28330256,HbA1c,6.59,Hb A1c,2016-07,%
11082521,eGFR,90.24,LOINC: 33914-3,2016-02,mL/min/1.73m2
2344637,HbA1c,6.84,Hb A1c,2016-10,%
6134969,eGFR,84.96,Estimated GFR,2012-05,mL/min/1.73m2
13867769,eGFR,92.05,eGFR,2012-07,mL/min/1.73m2
112016,SBP,132.57,Systolic BP,2013-06,mmHg
15760061,HbA1c,4.7,Glycated haemoglobin,2016-02,%
51047144,HbA1c,5.16,Hb A1c,2013-02,%
152144,SBP,145.11,Systolic blood pressure,2014-10,mmHg
192296,HbA1c,4.62,Hb A1c,2013-06,%
14428016,HbA1c,4.48,Hb A1c,2012-03,%
367769,HbA1c,4.69,Glycated haemoglobin,2016-01,%
33707981,HbA1c,29.09,Glycated haemoglobin,2015-06,mmol/mol
44006969,eGFR,92.46,Estimated GFR,2013-10,mL/min/1.73m2
4524221,SBP,109.27,Systolic BP,2014-09,mmHg
33207056,SBP,129.45,Systolic BP,2015-03,mmHg
24384872,SBP,115.04,Systolic blood pressure,2013-01,mmHg
9959321,HbA1c,4.31,HbA1c,2013-10,%
805241,eGFR,82.86,Estimated GFR,2012-07,mL/min/1.73m2
259577,SBP,117.1,Systolic BP,2012-10,mmHg
1751357,HbA1c,20.82,Glycated haemoglobin,2014-01,mmol/mol
19294157,HbA1c,4.65,Glycated haemoglobin,2014-09,%
1073081,HbA1c,4.12,HbA1c,2015-03,%
23520269,SBP,128.15,Systolic blood pressure,2016-11,mmHg
64784096,HbA1c,4.0,HbA1c,2014-07,%
39313469,HbA1c,7.22,Glycated haemoglobin,2014-07,%
13419944,SBP,142.66,SBP,2015-03,mmHg
53577497,HbA1c,4.13,Glycated haemoglobin,2016-11,%
27633944,eGFR,88.7,LOINC: 33914-3,2014-08,mL/min/1.73m2
49305017,HbA1c,4.5,HbA1c,2016-05,%
66270269,eGFR,72.24,eGFR,2015-06,mL/min/1.73m2
5788232,eGFR,86.24,Estimated GFR,2016-06,mL/min/1.73m2
17569469,SBP,117.19,Systolic blood pressure,2016-06,mmHg
60023456,SBP,105.52,Systolic BP,2013-02,mmHg
15241817,eGFR,73.23,LOINC: 33914-3,2015-01,mL/min/1.73m2
1723961,SBP,145.33,Systolic blood pressure,2014-08,mmHg
6940592,SBP,134.3,SBP,2012-05,mmHg
59381072,SBP,118.1,SBP,2014-05,mmHg
53298944,HbA1c,4.62,HbA1c,2015-12,%
46760381,eGFR,94.76,Estimated GFR,2012-10,mL/min/1.73m2
69177881,SBP,119.91,Systolic BP,2013-10,mmHg
27470297,SBP,120.14,Systolic BP,2012-06,mmHg
32749517,eGFR,76.66,eGFR,2014-02,mL/min/1.73m2
47068832,eGFR,85.7,Estimated GFR,2016-04,mL/min/1.73m2
5663897,SBP,124.11,Systolic BP,2012-10,mmHg
55987469,SBP,119.77,SBP,2015-07,mmHg
54519776,SBP,122.43,SBP,2012-11,mmHg
48048281,SBP,134.77,SBP,2016-03,mmHg
74461241,HbA1c,5.04,Hb A1c,2013-06,%
32236121,HbA1c,4.3,Glycated haemoglobin,2013-11,%
21967577,SBP,152.38,SBP,2012-11,mmHg
458912,SBP,150.69,Systolic blood pressure,2014-02,mmHg
2805536,eGFR,94.75,Estimated GFR,2015-03,mL/min/1.73m2
1461881,eGFR,80.33,Estimated GFR,2015-07,mL/min/1.73m2
28997912,eGFR,81.14,LOINC: 33914-3,2013-07,mL/min/1.73m2
37510157,SBP,122.09,Systolic BP,2012-02,mmHg
3590777,HbA1c,27.6,Hb A1c,2014-06,mmol/mol
21435056,HbA1c,4.44,HbA1c,2015-08,%
45023897,eGFR,75.7,Estimated GFR,2016-07,mL/min/1.73m2
32610896,SBP,109.34,SBP,2014-06,mmHg
41806136,eGFR,94.32,Estimated GFR,2014-03,mL/min/1.73m2
38664569,HbA1c,3.61,HbA1c,2016-08,%
16105736,SBP,145.83,Systolic BP,2014-09,mmHg
20342717,SBP,140.72,SBP,2016-09,mmHg
408752,HbA1c,4.27,Glycated haemoglobin,2014-06,%
7517936,HbA1c,4.68,Hb A1c,2012-10,%
57684944,eGFR,85.56,LOINC: 33914-3,2014-04,mL/min/1.73m2
7124312,eGFR,73.49,LOINC: 33914-3,2014-12,mL/min/1.73m2
256061,SBP,120.91,SBP,2015-05,mmHg
5516477,SBP,139.06,Systolic blood pressure,2014-05,mmHg
48288701,SBP,151.71,SBP,2016-08,mmHg
2270969,eGFR,59.89,LOINC: 33914-3,2016-05,mL/min/1.73m2
37108136,SBP,136.47,SBP,2013-01,mmHg
1616537,SBP,111.75,Systolic blood pressure,2013-01,mmHg
53856776,SBP,113.4,Systolic blood pressure,2016-04,mmHg
5557232,HbA1c,5.05,HbA1c,2013-11,%
72796697,eGFR,86.96,eGFR,2012-04,mL/min/1.73m2
68459456,SBP,151.28,Systolic BP,2014-03,mmHg
65763641,HbA1c,4.84,Glycated haemoglobin,2014-02,%
29767769,HbA1c,5.35,Hb A1c,2014-10,%
8072,eGFR,85.98,Estimated GFR,2012-07,mL/min/1.73m2
18007769,SBP,113.41,SBP,2014-02,mmHg
5557232,eGFR,86.77,eGFR,2015-10,mL/min/1.73m2
52041944,SBP,107.56,SBP,2013-01,mmHg
8098616,SBP,119.93,SBP,2012-12,mmHg
54417512,eGFR,86.45,LOINC: 33914-3,2016-07,mL/min/1.73m2
10267769,SBP,113.88,Systolic BP,2014-10,mmHg
34253192,HbA1c,4.7,Hb A1c,2015-01,%
4191641,SBP,82.68,Systolic BP,2014-05,mmHg
58212344,HbA1c,3.66,HbA1c,2012-08,%
11432,SBP,116.65,Systolic BP,2012-10,mmHg
43685837,HbA1c,4.86,HbA1c,2013-05,%
7329176,eGFR,93.28,LOINC: 33914-3,2013-02,mL/min/1.73m2
43320269,SBP,119.11,Systolic blood pressure,2014-10,mmHg
17093576,SBP,124.19,SBP,2016-07,mmHg
33828761,HbA1c,4.65,Glycated haemoglobin,2015-07,%
15404537,HbA1c,4.22,HbA1c,2015-05,%
15390944,SBP,116.31,Systolic BP,2015-04,mmHg
43662944,SBP,126.73,Systolic BP,2016-08,mmHg
1678781,SBP,160.39,Systolic blood pressure,2012-12,mmHg
15870269,eGFR,79.4,Estimated GFR,2015-06,mL/min/1.73m2
610472,eGFR,82.68,eGFR,2014-12,mL/min/1.73m2
63039437,HbA1c,4.86,HbA1c,2014-10,%
26777,SBP,130.79,SBP,2012-06,mmHg
43274681,SBP,106.89,Systolic blood pressure,2012-05,mmHg
71736569,HbA1c,5.63,Hb A1c,2012-05,%
2840456,SBP,133.38,Systolic blood pressure,2014-12,mmHg
11186552,HbA1c,7.89,Glycated haemoglobin,2014-12,%
40143161,HbA1c,5.92,HbA1c,2016-07,%
29166041,eGFR,98.22,Estimated GFR,2016-10,mL/min/1.73m2
14087936,SBP,126.3,Systolic BP,2013-09,mmHg
8865152,eGFR,87.41,LOINC: 33914-3,2016-04,mL/min/1.73m2
47449856,HbA1c,4.19,HbA1c,2013-07,%
16077944,HbA1c,4.78,HbA1c,2016-08,%
58795256,SBP,123.79,Systolic BP,2014-04,mmHg
49646141,HbA1c,4.85,HbA1c,2012-04,%
99641,HbA1c,5.01,HbA1c,2014-06,%
61291469,eGFR,88.33,LOINC: 33914-3,2016-02,mL/min/1.73m2
2656712,SBP,127.99,SBP,2016-04,mmHg
32433101,HbA1c,4.2,HbA1c,2012-05,%
13997069,SBP,143.7,Systolic BP,2012-10,mmHg
13029437,SBP,118.85,SBP,2014-12,mmHg
199961,SBP,122.05,Systolic blood pressure,2016-08,mmHg
14388569,HbA1c,4.86,Glycated haemoglobin,2013-10,%
4480121,SBP,106.12,Systolic BP,2014-04,mmHg
8088761,SBP,114.08,SBP,2014-05,mmHg
28127801,SBP,108.3,SBP,2013-10,mmHg
47904317,eGFR,81.73,LOINC: 33914-3,2012-10,mL/min/1.73m2
33969944,HbA1c,6.59,HbA1c,2013-05,%
20077976,SBP,132.77,Systolic BP,2012-10,mmHg
51543344,eGFR,88.25,Estimated GFR,2015-04,mL/min/1.73m2
55496072,eGFR,91.56,eGFR,2015-04,mL/min/1.73m2
12120569,eGFR,90.8,LOINC: 33914-3,2015-07,mL/min/1.73m2
51220541,eGFR,81.65,LOINC: 33914-3,2013-05,mL/min/1.73m2
20452232,eGFR,92.98,eGFR,2015-08,mL/min/1.73m2
7319801,HbA1c,5.7,Glycated haemoglobin,2015-06,%
37893017,SBP,125.69,Systolic blood pressure,2015-10,mmHg
37129241,eGFR,83.73,Estimated GFR,2015-07,mL/min/1.73m2
6255677,SBP,148.47,Systolic blood pressure,2013-09,mmHg
17482457,HbA1c,4.68,HbA1c,2015-05,%
48192461,eGFR,76.33,eGFR,2014-09,mL/min/1.73m2
60077144,SBP,123.18,Systolic BP,2013-06,mmHg
58476944,eGFR,80.83,eGFR,2016-11,mL/min/1.73m2
65063216,eGFR,75.8,eGFR,2012-09,mL/min/1.73m2
48819737,HbA1c,4.49,Glycated haemoglobin,2016-04,%
43983992,eGFR,90.72,LOINC: 33914-3,2014-01,mL/min/1.73m2
52668569,eGFR,86.74,Estimated GFR,2015-07,mL/min/1.73m2
29447336,HbA1c,5.38,HbA1c,2014-03,%
5235392,eGFR,78.98,Estimated GFR,2013-02,mL/min/1.73m2
2964377,SBP,107.32,SBP,2013-12,mmHg
29938112,HbA1c,6.43,HbA1c,2015-12,%
35811344,SBP,115.38,Systolic BP,2016-03,mmHg
48072296,SBP,116.78,SBP,2016-10,mmHg
5614541,SBP,130.21,Systolic blood pressure,2014-08,mmHg
30681881,HbA1c,4.57,HbA1c,2013-11,%
6624857,HbA1c,48.05,Glycated haemoglobin,2015-11,mmol/mol
11631152,SBP,145.1,Systolic BP,2012-02,mmHg
18540857,eGFR,81.49,Estimated GFR,2013-02,mL/min/1.73m2
16022432,SBP,161.83,Systolic BP,2012-01,mmHg
37404152,HbA1c,4.66,Glycated haemoglobin,2016-11,%
18421721,SBP,101.6,Systolic blood pressure,2015-09,mmHg
11209736,HbA1c,5.1,HbA1c,2013-04,%
10841672,HbA1c,4.39,Glycated haemoglobin,2013-11,%
3030344,eGFR,99.4,eGFR,2012-11,mL/min/1.73m2
20264672,SBP,115.27,Systolic BP,2015-08,mmHg
8287001,SBP,117.2,Systolic BP,2015-03,mmHg
32373944,eGFR,83.1,LOINC: 33914-3,2015-10,mL/min/1.73m2
351161,eGFR,84.55,eGFR,2016-03,mL/min/1.73m2
71150969,HbA1c,27.84,Hb A1c,2014-05,mmol/mol
1363097,eGFR,79.91,eGFR,2012-07,mL/min/1.73m2
175961,eGFR,85.42,Estimated GFR,2015-10,mL/min/1.73m2
21163277,HbA1c,3.53,Hb A1c,2012-09,%
29503757,SBP,127.82,Systolic BP,2016-07,mmHg
33366944,SBP,113.57,Systolic blood pressure,2014-02,mmHg
71912717,HbA1c,3.4,HbA1c,2013-10,%
654536,HbA1c,4.5,HbA1c,2014-02,%
144152,HbA1c,5.22,Glycated haemoglobin,2015-10,%
4385312,HbA1c,4.65,Hb A1c,2016-08,%
187769,SBP,118.39,Systolic BP,2016-08,mmHg
41873357,eGFR,84.22,LOINC: 33914-3,2013-11,mL/min/1.73m2
13293344,eGFR,85.98,LOINC: 33914-3,2013-07,mL/min/1.73m2
881561,HbA1c,5.95,Glycated haemoglobin,2015-10,%
8108477,eGFR,91.57,Estimated GFR,2015-10,mL/min/1.73m2
393401,HbA1c,5.19,Glycated haemoglobin,2013-12,%
5500217,eGFR,93.61,LOINC: 33914-3,2014-12,mL/min/1.73m2
27962696,SBP,124.36,Systolic BP,2013-07,mmHg
60939416,eGFR,100.59,eGFR,2016-01,mL/min/1.73m2
8875469,SBP,98.94,SBP,2012-04,mmHg
60912377,SBP,135.31,SBP,2016-08,mmHg
35418557,SBP,122.04,Systolic blood pressure,2012-02,mmHg
5015816,eGFR,88.48,LOINC: 33914-3,2013-05,mL/min/1.73m2
6344,eGFR,83.07,LOINC: 33914-3,2013-03,mL/min/1.73m2
25247672,eGFR,78.53,LOINC: 33914-3,2012-09,mL/min/1.73m2
23638016,HbA1c,4.95,Hb A1c,2012-04,%
23823641,eGFR,94.52,Estimated GFR,2014-07,mL/min/1.73m2
862157,SBP,123.29,Systolic BP,2012-10,mmHg
8752061,HbA1c,3.57,HbA1c,2012-02,%
73003736,SBP,134.46,SBP,2012-09,mmHg
343001,HbA1c,5.18,Glycated haemoglobin,2013-07,%
8059232,SBP,121.32,SBP,2012-03,mmHg
2533952,HbA1c,5.39,Hb A1c,2014-11,%
44121944,SBP,141.07,SBP,2014-09,mmHg
57317192,HbA1c,4.35,Glycated haemoglobin,2014-09,%
19096856,SBP,115.82,Systolic blood pressure,2016-12,mmHg
66977144,SBP,134.91,SBP,2013-02,mmHg
54238781,SBP,144.98,SBP,2012-07,mmHg
22032569,HbA1c,6.6,Hb A1c,2013-05,%
7931897,SBP,133.51,Systolic BP,2015-01,mmHg
11619341,eGFR,82.1,LOINC: 33914-3,2016-07,mL/min/1.73m2
1248344,SBP,134.58,Systolic blood pressure,2015-01,mmHg
700136,eGFR,91.83,Estimated GFR,2012-07,mL/min/1.73m2
1179656,eGFR,90.3,Estimated GFR,2013-04,mL/min/1.73m2
65230976,eGFR,83.26,LOINC: 33914-3,2016-04,mL/min/1.73m2
47140157,SBP,108.87,Systolic blood pressure,2014-02,mmHg
884816,eGFR,82.2,eGFR,2016-10,mL/min/1.73m2
705944,eGFR,93.37,eGFR,2015-08,mL/min/1.73m2
8287001,HbA1c,3.81,Glycated haemoglobin,2014-07,%
19339832,eGFR,75.08,LOINC: 33914-3,2012-02,mL/min/1.73m2
23891321,HbA1c,5.09,HbA1c,2016-12,%
789776,HbA1c,5.95,Hb A1c,2016-05,%
35625017,HbA1c,4.76,Glycated haemoglobin,2016-10,%
23052221,eGFR,80.48,eGFR,2012-03,mL/min/1.73m2
8670269,HbA1c,3.92,Hb A1c,2014-02,%
31765817,SBP,97.79,SBP,2012-10,mmHg
985256,eGFR,80.3,LOINC: 33914-3,2012-05,mL/min/1.73m2
55238312,SBP,129.94,SBP,2013-11,mmHg
3636872,HbA1c,5.99,Hb A1c,2015-03,%
46926344,eGFR,92.93,eGFR,2013-02,mL/min/1.73m2
31590344,HbA1c,6.54,Glycated haemoglobin,2012-08,%
4113992,eGFR,82.28,Estimated GFR,2013-05,mL/min/1.73m2
70248032,eGFR,78.59,eGFR,2012-02,mL/min/1.73m2
49451069,SBP,111.83,SBP,2014-10,mmHg
5922344,SBP,129.21,SBP,2015-07,mmHg
16272992,eGFR,76.07,LOINC: 33914-3,2015-08,mL/min/1.73m2
20062457,SBP,125.98,Systolic BP,2012-10,mmHg
2645432,SBP,128.14,Systolic blood pressure,2013-02,mmHg
3042416,eGFR,96.1,eGFR,2014-05,mL/min/1.73m2
5680397,SBP,137.48,Systolic blood pressure,2012-11,mmHg
38535437,HbA1c,4.84,Hb A1c,2015-12,%
23085497,SBP,115.73,Systolic blood pressure,2014-04,mmHg
2162672,eGFR,80.63,eGFR,2016-09,mL/min/1.73m2
8947856,eGFR,93.34,LOINC: 33914-3,2013-03,mL/min/1.73m2
3320381,HbA1c,4.47,Hb A1c,2013-09,%
45443261,eGFR,76.92,eGFR,2013-07,mL/min/1.73m2
58001096,HbA1c,6.15,Hb A1c,2014-11,%
2969,eGFR,97.97,Estimated GFR,2016-05,mL/min/1.73m2
53704352,eGFR,89.42,Estimated GFR,2013-11,mL/min/1.73m2
11595737,SBP,151.92,SBP,2012-07,mmHg
20593469,SBP,122.59,SBP,2013-04,mmHg
254312,SBP,130.8,SBP,2014-05,mmHg
30471176,eGFR,82.62,Estimated GFR,2014-02,mL/min/1.73m2
15053069,eGFR,87.67,Estimated GFR,2012-01,mL/min/1.73m2
59141069,SBP,120.2,SBP,2015-01,mmHg
16694912,HbA1c,4.22,Hb A1c,2015-01,%
9948392,SBP,152.01,Systolic blood pressure,2012-09,mmHg
1542536,HbA1c,4.47,Glycated haemoglobin,2012-01,%
56013392,HbA1c,4.96,Hb A1c,2016-09,%
9741881,eGFR,64.31,LOINC: 33914-3,2012-02,mL/min/1.73m2
1478681,SBP,119.67,Systolic BP,2014-04,mmHg
29597912,SBP,145.64,SBP,2014-04,mmHg
741296,eGFR,90.45,LOINC: 33914-3,2013-04,mL/min/1.73m2
46028936,eGFR,88.75,Estimated GFR,2012-01,mL/min/1.73m2
69900056,eGFR,87.53,eGFR,2015-11,mL/min/1.73m2
17208344,eGFR,86.97,Estimated GFR,2014-03,mL/min/1.73m2
45210041,HbA1c,5.32,Glycated haemoglobin,2013-06,%
45656,SBP,112.38,Systolic BP,2012-05,mmHg
71267897,SBP,111.52,Systolic BP,2014-02,mmHg
58635992,SBP,113.08,SBP,2016-05,mmHg
1585856,HbA1c,4.07,Glycated haemoglobin,2016-08,%
4763069,HbA1c,4.47,Glycated haemoglobin,2012-10,%
14772152,eGFR,85.66,LOINC: 33914-3,2014-09,mL/min/1.73m2
406541,HbA1c,5.49,Hb A1c,2012-03,%
50750576,eGFR,88.74,eGFR,2014-09,mL/min/1.73m2
36039737,HbA1c,5.37,HbA1c,2013-10,%
11642969,eGFR,78.9,LOINC: 33914-3,2013-05,mL/min/1.73m2
9177272,SBP,131.11,Systolic blood pressure,2016-06,mmHg
31202144,HbA1c,4.88,Glycated haemoglobin,2012-08,%
13803344,SBP,138.47,SBP,2014-02,mmHg
57921977,SBP,128.58,Systolic BP,2013-11,mmHg
9166781,SBP,143.18,Systolic blood pressure,2014-01,mmHg
23993021,eGFR,97.11,eGFR,2012-06,mL/min/1.73m2
615896,eGFR,93.01,LOINC: 33914-3,2015-12,mL/min/1.73m2
30356552,HbA1c,4.61,Hb A1c,2012-02,%
9135344,eGFR,78.03,Estimated GFR,2015-06,mL/min/1.73m2
13971161,eGFR,80.08,eGFR,2013-02,mL/min/1.73m2
662969,HbA1c,4.13,Glycated haemoglobin,2014-07,%
68803832,eGFR,85.36,eGFR,2014-04,mL/min/1.73m2
34700672,HbA1c,3.78,Hb A1c,2015-11,%
62984441,eGFR,90.39,Estimated GFR,2013-12,mL/min/1.73m2
49646141,eGFR,89.6,eGFR,2016-09,mL/min/1.73m2
50948192,SBP,146.82,Systolic BP,2015-02,mmHg
52744016,SBP,150.04,Systolic blood pressure,2012-10,mmHg
203069,SBP,135.48,SBP,2015-04,mmHg
17237096,eGFR,90.95,LOINC: 33914-3,2015-10,mL/min/1.73m2
24624944,eGFR,85.96,eGFR,2015-07,mL/min/1.73m2
50799944,SBP,106.4,Systolic blood pressure,2012-06,mmHg
35894312,eGFR,80.55,eGFR,2014-07,mL/min/1.73m2
39923981,HbA1c,6.13,Hb A1c,2015-01,%
62600141,eGFR,86.22,LOINC: 33914-3,2012-05,mL/min/1.73m2
6229712,SBP,133.2,Systolic blood pressure,2012-10,mmHg
37488944,HbA1c,3.85,Hb A1c,2015-11,%
164537,SBP,120.73,SBP,2013-04,mmHg
53349536,SBP,129.85,Systolic blood pressure,2012-05,mmHg
25842944,HbA1c,5.13,Glycated haemoglobin,2016-04,%
62080472,HbA1c,4.4,HbA1c,2015-09,%
21195161,HbA1c,3.83,HbA1c,2012-06,%
6221069,eGFR,94.23,LOINC: 33914-3,2012-10,mL/min/1.73m2
51742496,eGFR,83.26,Estimated GFR,2013-12,mL/min/1.73m2
7189181,eGFR,80.37,LOINC: 33914-3,2014-12,mL/min/1.73m2
49378016,SBP,167.0,SBP,2016-09,mmHg
5259197,HbA1c,4.64,HbA1c,2015-03,%
49621736,SBP,126.29,SBP,2014-10,mmHg
5922344,eGFR,73.75,LOINC: 33914-3,2016-02,mL/min/1.73m2
7632344,SBP,105.85,SBP,2016-03,mmHg
36498701,HbA1c,4.63,Hb A1c,2014-02,%
43297472,SBP,136.98,Systolic BP,2012-11,mmHg
59434472,HbA1c,6.12,HbA1c,2012-08,%
18066617,eGFR,92.74,LOINC: 33914-3,2013-05,mL/min/1.73m2
38063801,HbA1c,4.58,HbA1c,2014-02,%
12830141,eGFR,65.3,Estimated GFR,2016-07,mL/min/1.73m2
12854969,eGFR,89.07,LOINC: 33914-3,2012-06,mL/min/1.73m2
34010336,SBP,133.36,SBP,2016-05,mmHg
54647741,HbA1c,5.87,HbA1c,2013-02,%
24094937,HbA1c,6.18,Hb A1c,2012-07,%
46523801,SBP,155.96,Systolic blood pressure,2012-01,mmHg
71384921,SBP,147.03,Systolic BP,2013-03,mmHg
9017,HbA1c,6.59,Glycated haemoglobin,2014-05,%
37319456,HbA1c,6.2,Hb A1c,2016-05,%
2081936,HbA1c,5.17,Glycated haemoglobin,2016-01,%
5846717,SBP,131.63,SBP,2014-04,mmHg
30586016,eGFR,87.28,Estimated GFR,2013-03,mL/min/1.73m2
19923056,HbA1c,5.21,Hb A1c,2016-11,%
37871696,eGFR,80.89,Estimated GFR,2012-10,mL/min/1.73m2
140237,SBP,149.14,SBP,2015-09,mmHg
18870461,eGFR,78.3,eGFR,2015-12,mL/min/1.73m2
58795256,HbA1c,5.25,HbA1c,2015-06,%
16091837,eGFR,90.05,LOINC: 33914-3,2014-09,mL/min/1.73m2
14825456,SBP,103.99,Systolic BP,2015-04,mmHg
23705432,eGFR,90.86,LOINC: 33914-3,2012-03,mL/min/1.73m2
711776,eGFR,91.75,Estimated GFR,2015-10,mL/min/1.73m2
27343352,SBP,133.49,Systolic blood pressure,2015-02,mmHg
33848912,HbA1c,5.91,Glycated haemoglobin,2013-08,%
17949017,SBP,150.5,Systolic blood pressure,2015-11,mmHg
67403069,HbA1c,4.74,HbA1c,2012-02,%
534521,SBP,129.14,SBP,2016-10,mmHg
1116569,HbA1c,5.08,Hb A1c,2016-02,%
808352,eGFR,84.37,Estimated GFR,2015-11,mL/min/1.73m2
62819597,eGFR,91.41,LOINC: 33914-3,2016-08,mL/min/1.73m2
12436157,SBP,114.4,Systolic BP,2015-10,mmHg
2122112,HbA1c,4.8,HbA1c,2012-06,%
921017,HbA1c,4.1,HbA1c,2012-06,%
23068856,SBP,118.47,SBP,2013-05,mmHg
50356496,SBP,123.63,Systolic BP,2012-06,mmHg
33447032,HbA1c,6.33,HbA1c,2015-11,%
11186552,SBP,136.59,Systolic blood pressure,2016-06,mmHg
53223101,eGFR,91.52,Estimated GFR,2013-04,mL/min/1.73m2
39257,HbA1c,4.38,Glycated haemoglobin,2014-11,%
35912,HbA1c,5.1,HbA1c,2014-02,%
5606336,HbA1c,4.26,Hb A1c,2014-03,%
55341344,HbA1c,5.64,HbA1c,2013-01,%
23402816,eGFR,91.25,LOINC: 33914-3,2013-03,mL/min/1.73m2
353216,HbA1c,5.26,Hb A1c,2016-12,%
852536,HbA1c,4.54,HbA1c,2014-06,%
2922776,eGFR,90.66,eGFR,2014-08,mL/min/1.73m2
1127576,SBP,120.73,Systolic BP,2016-07,mmHg
32020136,SBP,114.88,Systolic BP,2014-10,mmHg
1482896,eGFR,87.92,eGFR,2015-07,mL/min/1.73m2
2702072,SBP,109.76,Systolic blood pressure,2015-07,mmHg
901181,eGFR,88.76,Estimated GFR,2015-07,mL/min/1.73m2
54724592,eGFR,92.9,Estimated GFR,2016-10,mL/min/1.73m2
32216456,eGFR,88.54,Estimated GFR,2015-02,mL/min/1.73m2
3127592,eGFR,89.51,Estimated GFR,2016-09,mL/min/1.73m2
5913917,SBP,133.77,SBP,2013-01,mmHg
597017,eGFR,90.44,Estimated GFR,2012-06,mL/min/1.73m2
37765181,eGFR,89.49,LOINC: 33914-3,2016-06,mL/min/1.73m2
5338937,SBP,162.16,SBP,2014-08,mmHg
9882944,HbA1c,4.72,Hb A1c,2016-05,%
24163001,SBP,142.29,SBP,2016-08,mmHg
18140312,SBP,103.47,Systolic blood pressure,2014-09,mmHg
38342144,eGFR,92.07,LOINC: 33914-3,2014-06,mL/min/1.73m2
61535792,eGFR,83.72,LOINC: 33914-3,2015-09,mL/min/1.73m2
19845821,HbA1c,4.71,Hb A1c,2014-09,%
223856,eGFR,81.7,Estimated GFR,2012-02,mL/min/1.73m2
51245336,SBP,134.36,Systolic BP,2012-04,mmHg
37765181,HbA1c,4.65,HbA1c,2012-12,%
14283641,HbA1c,4.9,HbA1c,2014-05,%
13343912,HbA1c,5.36,HbA1c,2012-03,%
22490201,eGFR,73.9,eGFR,2016-04,mL/min/1.73m2
2887352,HbA1c,4.65,Hb A1c,2016-03,%
16765757,SBP,116.49,SBP,2016-11,mmHg
42187769,HbA1c,6.46,HbA1c,2016-07,%
57317192,eGFR,72.34,Estimated GFR,2016-01,mL/min/1.73m2
54519776,eGFR,84.0,LOINC: 33914-3,2015-07,mL/min/1.73m2
51942032,SBP,108.12,Systolic blood pressure,2016-07,mmHg
16427069,eGFR,87.96,LOINC: 33914-3,2013-11,mL/min/1.73m2
1241,eGFR,87.77,LOINC: 33914-3,2015-07,mL/min/1.73m2
22457,HbA1c,4.96,Glycated haemoglobin,2013-08,%
8497736,eGFR,84.22,LOINC: 33914-3,2015-03,mL/min/1.73m2
17424569,SBP,126.34,Systolic blood pressure,2013-10,mmHg
4305881,HbA1c,4.15,HbA1c,2014-06,%
17963696,eGFR,85.27,eGFR,2013-04,mL/min/1.73m2
14218256,eGFR,79.09,Estimated GFR,2015-02,mL/min/1.73m2
72619469,HbA1c,3.84,Glycated haemoglobin,2016-10,%
33346937,HbA1c,5.64,HbA1c,2015-02,%
21611837,SBP,119.64,Systolic blood pressure,2015-12,mmHg
56091197,eGFR,85.1,eGFR,2015-03,mL/min/1.73m2
37957016,eGFR,77.28,eGFR,2012-04,mL/min/1.73m2
11513312,HbA1c,4.41,HbA1c,2014-07,%
49866056,SBP,113.74,SBP,2014-07,mmHg
10014056,SBP,149.5,Systolic blood pressure,2014-01,mmHg
5956112,SBP,105.71,Systolic blood pressure,2015-02,mmHg
15925517,SBP,109.79,SBP,2012-12,mmHg
72530936,SBP,119.37,SBP,2014-05,mmHg
257816,SBP,120.76,Systolic blood pressure,2015-06,mmHg
2765069,HbA1c,4.72,HbA1c,2014-08,%
15255344,eGFR,85.48,Estimated GFR,2012-06,mL/min/1.73m2
53653592,HbA1c,7.49,HbA1c,2015-06,%
153497,SBP,138.33,Systolic blood pressure,2014-06,mmHg
193817,HbA1c,4.32,Glycated haemoglobin,2014-10,%
16245056,HbA1c,5.2,HbA1c,2016-01,%
49670552,eGFR,90.48,eGFR,2012-06,mL/min/1.73m2
13997069,eGFR,78.51,eGFR,2014-12,mL/min/1.73m2
11431181,HbA1c,4.9,Hb A1c,2015-08,%
55496072,SBP,86.6,Systolic BP,2012-01,mmHg
10046969,eGFR,90.97,Estimated GFR,2016-04,mL/min/1.73m2
10361,SBP,148.53,Systolic blood pressure,2014-01,mmHg
31260221,SBP,141.65,Systolic blood pressure,2014-10,mmHg
1291277,HbA1c,6.85,HbA1c,2016-08,%
5435417,HbA1c,4.76,Glycated haemoglobin,2014-06,%
48940832,HbA1c,7.59,Glycated haemoglobin,2012-10,%
17993072,eGFR,86.01,LOINC: 33914-3,2016-04,mL/min/1.73m2
14507072,HbA1c,5.2,HbA1c,2012-02,%
374096,eGFR,81.8,Estimated GFR,2012-03,mL/min/1.73m2
42865469,eGFR,91.3,LOINC: 33914-3,2015-01,mL/min/1.73m2
16342937,eGFR,96.18,LOINC: 33914-3,2016-04,mL/min/1.73m2
34415576,HbA1c,4.3,HbA1c,2014-06,%
21147344,eGFR,86.48,Estimated GFR,2016-10,mL/min/1.73m2
14969,eGFR,85.21,LOINC: 33914-3,2013-08,mL/min/1.73m2
2893241,HbA1c,4.07,Glycated haemoglobin,2013-09,%
35315552,SBP,119.06,SBP,2016-06,mmHg
22886201,SBP,139.47,SBP,2012-07,mmHg
11432,eGFR,85.71,eGFR,2015-06,mL/min/1.73m2
72177344,eGFR,89.74,Estimated GFR,2015-04,mL/min/1.73m2
12448376,eGFR,81.46,LOINC: 33914-3,2012-02,mL/min/1.73m2
16091837,SBP,105.07,Systolic BP,2012-01,mmHg
2934632,HbA1c,4.78,HbA1c,2015-04,%
23891321,SBP,134.21,SBP,2015-01,mmHg
8978969,HbA1c,4.39,Hb A1c,2012-07,%
1041032,eGFR,83.27,eGFR,2013-09,mL/min/1.73m2
2193344,eGFR,76.61,eGFR,2015-04,mL/min/1.73m2
26356157,eGFR,82.09,Estimated GFR,2015-09,mL/min/1.73m2
39009977,SBP,123.62,SBP,2012-09,mmHg
35151056,SBP,133.98,Systolic blood pressure,2013-04,mmHg
29805581,HbA1c,4.62,HbA1c,2014-10,%
56924477,eGFR,72.63,LOINC: 33914-3,2016-04,mL/min/1.73m2
63342344,SBP,116.79,SBP,2014-02,mmHg
20798336,SBP,127.68,SBP,2012-07,mmHg
11904461,SBP,130.48,SBP,2015-09,mmHg
15540797,eGFR,82.53,LOINC: 33914-3,2013-04,mL/min/1.73m2
2381912,SBP,118.42,SBP,2012-11,mmHg
63590717,eGFR,96.08,Estimated GFR,2014-09,mL/min/1.73m2
6221069,SBP,120.03,Systolic BP,2013-12,mmHg
1179656,HbA1c,4.2,Glycated haemoglobin,2016-08,%
2724896,eGFR,88.02,LOINC: 33914-3,2016-11,mL/min/1.73m2
7709096,SBP,89.82,Systolic blood pressure,2012-08,mmHg
65960432,eGFR,92.47,Estimated GFR,2014-07,mL/min/1.73m2
4687769,SBP,134.33,Systolic blood pressure,2014-10,mmHg
3377432,eGFR,84.36,Estimated GFR,2015-06,mL/min/1.73m2
51942032,eGFR,90.64,eGFR,2012-08,mL/min/1.73m2
4816136,eGFR,82.1,eGFR,2016-02,mL/min/1.73m2
53021117,eGFR,81.69,eGFR,2016-04,mL/min/1.73m2
59327696,SBP,137.55,SBP,2014-12,mmHg
27688601,SBP,136.02,Systolic BP,2012-06,mmHg
20924912,SBP,118.51,SBP,2012-06,mmHg
23469896,HbA1c,3.98,Hb A1c,2012-05,%
15431741,eGFR,94.42,eGFR,2013-06,mL/min/1.73m2
65707469,eGFR,93.39,Estimated GFR,2012-02,mL/min/1.73m2
849341,HbA1c,5.13,Glycated haemoglobin,2014-09,%
19953992,HbA1c,5.38,HbA1c,2012-12,%
4531592,eGFR,73.21,Estimated GFR,2016-03,mL/min/1.73m2
56272952,eGFR,80.83,LOINC: 33914-3,2014-05,mL/min/1.73m2
6759272,HbA1c,5.59,Hb A1c,2015-01,%
2730617,eGFR,81.44,LOINC: 33914-3,2014-01,mL/min/1.73m2
27234776,eGFR,83.81,eGFR,2014-10,mL/min/1.73m2
52141952,SBP,124.78,SBP,2015-09,mmHg
10212344,eGFR,82.86,eGFR,2012-02,mL/min/1.73m2
242237,HbA1c,4.82,HbA1c,2014-01,%
16697,eGFR,84.74,Estimated GFR,2013-03,mL/min/1.73m2
25913432,HbA1c,5.39,HbA1c,2015-04,%
283016,HbA1c,5.77,Hb A1c,2014-10,%
71677901,eGFR,81.17,Estimated GFR,2015-08,mL/min/1.73m2
21531392,HbA1c,6.68,Hb A1c,2013-02,%
53400152,SBP,137.85,Systolic blood pressure,2016-04,mmHg
32512061,SBP,127.24,Systolic blood pressure,2012-10,mmHg
3776921,HbA1c,5.32,Glycated haemoglobin,2013-02,%
7115069,HbA1c,4.27,Glycated haemoglobin,2015-08,%
36540569,eGFR,91.4,LOINC: 33914-3,2014-02,mL/min/1.73m2
16119641,SBP,120.8,SBP,2012-01,mmHg
31824416,HbA1c,4.84,Hb A1c,2014-01,%
1656416,SBP,131.19,Systolic BP,2016-05,mmHg
56220992,HbA1c,4.85,HbA1c,2015-07,%
19737944,SBP,89.61,Systolic blood pressure,2014-10,mmHg
39814616,HbA1c,3.83,HbA1c,2012-06,%
820856,eGFR,82.56,LOINC: 33914-3,2016-06,mL/min/1.73m2
30874061,SBP,126.23,Systolic BP,2014-01,mmHg
39335192,HbA1c,6.45,Hb A1c,2016-03,%
70538672,HbA1c,4.28,HbA1c,2016-11,%
8296976,SBP,130.04,Systolic blood pressure,2012-08,mmHg
18540857,SBP,125.94,SBP,2012-09,mmHg
1988057,eGFR,93.43,Estimated GFR,2015-01,mL/min/1.73m2
24676541,SBP,107.75,Systolic BP,2012-08,mmHg
1949177,eGFR,71.98,Estimated GFR,2015-10,mL/min/1.73m2
24214112,HbA1c,4.37,Hb A1c,2013-02,%
58768697,HbA1c,39.8,HbA1c,2013-10,mmol/mol
63232112,eGFR,83.71,LOINC: 33914-3,2016-02,mL/min/1.73m2
17729552,eGFR,80.54,Estimated GFR,2012-10,mL/min/1.73m2
35459801,SBP,120.42,Systolic BP,2016-01,mmHg
25125977,HbA1c,6.86,Glycated haemoglobin,2016-01,%
5738336,SBP,107.54,SBP,2012-01,mmHg
32000537,HbA1c,5.02,Hb A1c,2015-08,%
32354237,eGFR,85.36,Estimated GFR,2012-11,mL/min/1.73m2
26320601,SBP,146.99,SBP,2014-12,mmHg
54545357,eGFR,85.67,LOINC: 33914-3,2012-09,mL/min/1.73m2
32000537,SBP,121.5,Systolic BP,2015-02,mmHg
27688601,HbA1c,7.29,Glycated haemoglobin,2013-02,%
10201277,HbA1c,4.57,HbA1c,2014-02,%
2707769,SBP,127.73,Systolic BP,2013-07,mmHg
27307136,SBP,115.48,SBP,2014-07,mmHg
33447032,eGFR,86.28,eGFR,2015-10,mL/min/1.73m2
22293497,SBP,109.45,Systolic BP,2014-08,mmHg
17598521,SBP,123.8,Systolic blood pressure,2014-11,mmHg
72412976,eGFR,82.85,Estimated GFR,2013-01,mL/min/1.73m2
141536,eGFR,85.04,LOINC: 33914-3,2015-09,mL/min/1.73m2
58715597,SBP,131.36,Systolic BP,2012-11,mmHg
3499469,HbA1c,3.69,Hb A1c,2013-06,%
8670269,SBP,116.97,Systolic BP,2015-12,mmHg
7078157,SBP,142.13,Systolic blood pressure,2012-04,mmHg
3981581,eGFR,85.84,Estimated GFR,2016-10,mL/min/1.73m2
39683576,HbA1c,5.42,Hb A1c,2016-06,%
2066969,SBP,161.19,Systolic BP,2013-05,mmHg
8167769,eGFR,91.58,Estimated GFR,2012-08,mL/min/1.73m2
776,eGFR,82.13,LOINC: 33914-3,2012-06,mL/min/1.73m2
48336857,eGFR,90.6,eGFR,2013-02,mL/min/1.73m2
415421,eGFR,77.84,LOINC: 33914-3,2013-09,mL/min/1.73m2
9017,eGFR,83.11,Estimated GFR,2013-08,mL/min/1.73m2
6160736,SBP,129.6,SBP,2015-10,mmHg
542144,SBP,92.95,SBP,2013-06,mmHg
12399536,HbA1c,5.52,Glycated haemoglobin,2013-02,%
47640944,HbA1c,4.41,Glycated haemoglobin,2016-06,%
19324601,SBP,127.99,Systolic BP,2013-10,mmHg
5561,eGFR,89.34,Estimated GFR,2016-08,mL/min/1.73m2
16175321,HbA1c,3.75,Hb A1c,2012-01,%
62244344,SBP,130.61,Systolic BP,2015-01,mmHg
4900121,SBP,148.32,Systolic blood pressure,2013-04,mmHg
6186557,HbA1c,6.49,Glycated haemoglobin,2015-08,%
48965069,eGFR,83.61,LOINC: 33914-3,2012-10,mL/min/1.73m2
5008061,HbA1c,4.26,Hb A1c,2013-10,%
6518297,eGFR,97.5,Estimated GFR,2012-11,mL/min/1.73m2
3103136,SBP,133.51,SBP,2013-12,mmHg
6100697,SBP,125.56,Systolic blood pressure,2013-12,mmHg
22770344,eGFR,69.34,Estimated GFR,2013-08,mL/min/1.73m2
17453501,HbA1c,4.3,Glycated haemoglobin,2016-11,%
5804912,HbA1c,6.91,Hb A1c,2015-05,%
46170056,eGFR,79.45,LOINC: 33914-3,2012-05,mL/min/1.73m2
17685821,SBP,125.85,Systolic blood pressure,2015-07,mmHg
24779897,SBP,135.96,Systolic BP,2014-08,mmHg
12755801,SBP,132.84,Systolic BP,2016-06,mmHg
1944344,HbA1c,5.09,Hb A1c,2012-11,%
38192141,HbA1c,3.24,HbA1c,2015-10,%
40561256,SBP,98.81,Systolic BP,2014-11,mmHg
5419277,HbA1c,4.53,HbA1c,2013-10,%
72678521,HbA1c,4.83,Hb A1c,2014-10,%
35666381,eGFR,80.17,Estimated GFR,2014-10,mL/min/1.73m2
68947577,HbA1c,4.74,Glycated haemoglobin,2015-06,%
38213552,HbA1c,4.85,Glycated haemoglobin,2016-11,%
8578712,eGFR,91.67,Estimated GFR,2016-07,mL/min/1.73m2
37552601,HbA1c,4.07,HbA1c,2015-03,%
3837752,SBP,138.01,SBP,2013-01,mmHg
59434472,SBP,136.0,Systolic BP,2014-11,mmHg
17352344,SBP,143.88,Systolic BP,2016-12,mmHg
6092144,HbA1c,5.29,HbA1c,2012-08,%
31279592,SBP,114.9,SBP,2014-10,mmHg
1338941,HbA1c,3.99,Glycated haemoglobin,2012-08,%
981821,SBP,110.09,Systolic blood pressure,2012-10,mmHg
15363776,SBP,151.53,Systolic blood pressure,2013-04,mmHg
3703232,HbA1c,5.03,Glycated haemoglobin,2012-09,%
8844536,HbA1c,4.73,Glycated haemoglobin,2013-08,%
44629616,eGFR,79.03,Estimated GFR,2016-12,mL/min/1.73m2
47545352,HbA1c,34.29,Hb A1c,2015-03,mmol/mol
516944,HbA1c,5.19,Hb A1c,2015-04,%
70684217,eGFR,88.44,LOINC: 33914-3,2014-05,mL/min/1.73m2
43777469,SBP,138.04,SBP,2015-06,mmHg
63425081,eGFR,88.3,eGFR,2016-05,mL/min/1.73m2
21035981,HbA1c,4.13,HbA1c,2012-11,%
50627261,HbA1c,4.63,HbA1c,2015-11,%
5387069,SBP,131.03,Systolic BP,2014-02,mmHg
4270016,HbA1c,3.61,Hb A1c,2016-03,%
4793357,eGFR,88.04,eGFR,2013-04,mL/min/1.73m2
3663344,eGFR,82.33,Estimated GFR,2016-10,mL/min/1.73m2
21740861,eGFR,89.52,eGFR,2012-06,mL/min/1.73m2
2430269,eGFR,82.18,LOINC: 33914-3,2016-11,mL/min/1.73m2
6986297,HbA1c,4.45,Hb A1c,2012-01,%
2022392,HbA1c,5.56,HbA1c,2013-04,%
40384952,eGFR,85.4,LOINC: 33914-3,2012-11,mL/min/1.73m2
48385037,HbA1c,5.08,HbA1c,2013-12,%
268472,SBP,139.5,SBP,2014-08,mmHg
53021117,SBP,106.95,Systolic BP,2016-03,mmHg
10457336,HbA1c,5.48,HbA1c,2015-08,%
307469,eGFR,79.78,eGFR,2015-08,mL/min/1.73m2
35873561,eGFR,84.57,eGFR,2012-11,mL/min/1.73m2
4044032,HbA1c,4.83,HbA1c,2013-02,%
65398952,eGFR,71.55,Estimated GFR,2013-05,mL/min/1.73m2
33768344,SBP,117.25,Systolic BP,2014-10,mmHg
54034877,SBP,91.2,SBP,2015-03,mmHg
63950336,SBP,129.06,SBP,2016-02,mmHg
30032957,HbA1c,5.03,HbA1c,2014-02,%
18900569,SBP,114.04,SBP,2014-04,mmHg
1283417,eGFR,90.19,eGFR,2012-12,mL/min/1.73m2
47235341,SBP,136.84,Systolic BP,2012-08,mmHg
20249081,HbA1c,5.55,Hb A1c,2014-03,%
2147417,SBP,141.07,Systolic blood pressure,2015-12,mmHg
557552,HbA1c,5.81,Glycated haemoglobin,2016-07,%
59648312,HbA1c,6.31,HbA1c,2014-12,%
5117177,eGFR,69.0,Estimated GFR,2015-05,mL/min/1.73m2
68631536,HbA1c,5.95,HbA1c,2016-08,%
6696377,eGFR,89.49,Estimated GFR,2015-03,mL/min/1.73m2
567944,SBP,121.97,Systolic blood pressure,2012-02,mmHg
2594969,eGFR,85.06,Estimated GFR,2012-11,mL/min/1.73m2
25456976,HbA1c,4.45,HbA1c,2015-05,%
18930701,SBP,95.35,SBP,2012-05,mmHg
49207769,SBP,122.97,Systolic blood pressure,2016-02,mmHg
32413376,SBP,101.25,Systolic blood pressure,2013-02,mmHg
31668272,HbA1c,47.67,HbA1c,2016-11,mmol/mol
60372857,SBP,154.88,Systolic blood pressure,2014-02,mmHg
292301,SBP,110.48,Systolic blood pressure,2012-05,mmHg
8854841,eGFR,87.48,LOINC: 33914-3,2014-08,mL/min/1.73m2
31182797,SBP,126.44,SBP,2014-07,mmHg
9261416,HbA1c,4.77,Hb A1c,2012-11,%
5763257,SBP,104.4,SBP,2012-10,mmHg
47497592,SBP,129.31,SBP,2012-12,mmHg
6714317,eGFR,90.77,LOINC: 33914-3,2012-05,mL/min/1.73m2
4099952,HbA1c,5.59,Glycated haemoglobin,2014-07,%
45864569,HbA1c,4.16,Glycated haemoglobin,2014-05,%
17773337,SBP,128.3,SBP,2013-12,mmHg
2484569,HbA1c,4.63,Glycated haemoglobin,2013-01,%
42075344,HbA1c,4.72,HbA1c,2013-07,%
1206137,eGFR,85.66,eGFR,2016-05,mL/min/1.73m2
24197069,SBP,111.34,SBP,2014-02,mmHg
45536717,HbA1c,4.48,HbA1c,2015-11,%
4270016,eGFR,92.69,eGFR,2015-06,mL/min/1.73m2
4877144,HbA1c,27.13,Glycated haemoglobin,2012-03,mmol/mol
3737,eGFR,81.58,LOINC: 33914-3,2014-09,mL/min/1.73m2
36122969,eGFR,74.26,LOINC: 33914-3,2015-03,mL/min/1.73m2
32433101,SBP,115.03,Systolic BP,2012-12,mmHg
69871097,HbA1c,4.38,Glycated haemoglobin,2013-08,%
648944,SBP,147.09,Systolic BP,2014-01,mmHg
51294944,eGFR,87.85,eGFR,2013-06,mL/min/1.73m2
69466301,HbA1c,7.07,Glycated haemoglobin,2012-12,%
386912,SBP,133.84,Systolic blood pressure,2015-08,mmHg
3947096,HbA1c,4.85,Hb A1c,2016-07,%
16119641,HbA1c,3.65,Glycated haemoglobin,2013-03,%
10361,HbA1c,5.0,HbA1c,2015-05,%
9240344,eGFR,89.93,Estimated GFR,2012-02,mL/min/1.73m2
56455001,eGFR,78.54,eGFR,2015-10,mL/min/1.73m2
11442896,SBP,97.97,Systolic blood pressure,2016-06,mmHg
33346937,eGFR,85.53,Estimated GFR,2014-06,mL/min/1.73m2
324992,SBP,113.85,Systolic blood pressure,2013-09,mmHg
11419472,SBP,158.42,Systolic blood pressure,2013-12,mmHg
60831296,HbA1c,16.32,HbA1c,2012-10,mmol/mol
14296736,HbA1c,27.42,Hb A1c,2013-09,mmol/mol
19538381,SBP,123.12,Systolic BP,2016-09,mmHg
6438944,eGFR,96.08,eGFR,2016-02,mL/min/1.73m2
6465341,SBP,127.9,SBP,2012-06,mmHg
2606141,HbA1c,4.95,Hb A1c,2016-09,%
21595736,HbA1c,4.38,HbA1c,2015-05,%
31481,SBP,134.02,Systolic blood pressure,2015-05,mmHg
9293069,SBP,134.96,Systolic BP,2012-07,mmHg
6617,SBP,126.4,Systolic BP,2015-04,mmHg
6804377,HbA1c,4.97,Hb A1c,2016-10,%
26498621,eGFR,91.7,LOINC: 33914-3,2013-06,mL/min/1.73m2
12929597,eGFR,92.53,eGFR,2015-05,mL/min/1.73m2
410969,HbA1c,4.94,Hb A1c,2012-12,%
41003696,HbA1c,4.34,Hb A1c,2015-12,%
1858376,eGFR,87.41,Estimated GFR,2016-12,mL/min/1.73m2
13432637,HbA1c,5.14,HbA1c,2012-08,%
32452832,HbA1c,5.07,Hb A1c,2012-03,%
799037,eGFR,85.35,eGFR,2014-11,mL/min/1.73m2
68373497,eGFR,95.08,Estimated GFR,2015-12,mL/min/1.73m2
12448376,SBP,113.83,Systolic BP,2015-02,mmHg
59916152,eGFR,92.86,LOINC: 33914-3,2013-08,mL/min/1.73m2
7470521,HbA1c,5.55,Glycated haemoglobin,2016-02,%
1041032,HbA1c,7.39,HbA1c,2013-05,%
1315001,HbA1c,4.4,Hb A1c,2012-06,%
66524312,eGFR,87.19,Estimated GFR,2012-04,mL/min/1.73m2
65454992,HbA1c,4.81,Hb A1c,2012-10,%
1037501,eGFR,76.1,LOINC: 33914-3,2013-01,mL/min/1.73m2
24659336,SBP,104.22,SBP,2012-12,mmHg
4823741,SBP,153.64,SBP,2014-05,mmHg
10712,SBP,121.64,Systolic BP,2016-07,mmHg
49548557,eGFR,90.42,LOINC: 33914-3,2015-11,mL/min/1.73m2
44583344,SBP,98.82,SBP,2013-05,mmHg
1470269,eGFR,91.15,eGFR,2016-03,mL/min/1.73m2
53336,SBP,135.53,Systolic blood pressure,2013-09,mmHg
29900216,eGFR,80.0,Estimated GFR,2013-04,mL/min/1.73m2
74371592,SBP,143.95,Systolic blood pressure,2015-09,mmHg
349112,HbA1c,5.68,HbA1c,2015-02,%
37829072,SBP,135.19,Systolic BP,2015-06,mmHg
32769344,SBP,128.38,Systolic blood pressure,2016-10,mmHg
24145976,eGFR,92.77,LOINC: 33914-3,2013-09,mL/min/1.73m2
54596537,SBP,133.02,Systolic blood pressure,2015-07,mmHg
2561597,SBP,116.24,SBP,2014-11,mmHg
44260112,eGFR,89.2,LOINC: 33914-3,2014-02,mL/min/1.73m2
28793081,SBP,123.98,SBP,2016-12,mmHg
703037,SBP,127.84,Systolic blood pressure,2013-07,mmHg
70306112,eGFR,89.29,eGFR,2013-02,mL/min/1.73m2
18630461,SBP,121.18,Systolic blood pressure,2016-10,mmHg
37595069,eGFR,86.1,eGFR,2014-07,mL/min/1.73m2
46334969,SBP,123.01,Systolic blood pressure,2013-08,mmHg
53805944,HbA1c,4.59,Hb A1c,2014-08,%
36603416,HbA1c,5.13,HbA1c,2014-02,%
16638344,SBP,143.07,SBP,2014-04,mmHg
48602144,SBP,109.85,Systolic blood pressure,2015-11,mmHg
11928377,SBP,162.04,SBP,2016-05,mmHg
69322016,eGFR,80.42,eGFR,2015-01,mL/min/1.73m2
25561952,SBP,121.3,SBP,2013-08,mmHg
67744781,eGFR,84.01,eGFR,2013-09,mL/min/1.73m2
35336141,SBP,128.63,SBP,2015-11,mmHg
18258536,eGFR,90.09,eGFR,2012-10,mL/min/1.73m2
43983992,HbA1c,5.35,Hb A1c,2013-12,%
2260541,HbA1c,5.08,HbA1c,2016-10,%
37935677,HbA1c,5.33,HbA1c,2015-12,%
38106557,HbA1c,6.93,Glycated haemoglobin,2012-01,%
37595069,HbA1c,4.62,Glycated haemoglobin,2015-11,%
19630361,SBP,124.51,Systolic blood pressure,2012-12,mmHg
35480432,HbA1c,4.47,HbA1c,2014-05,%
21147344,HbA1c,4.71,Hb A1c,2016-12,%
33687872,eGFR,91.14,LOINC: 33914-3,2013-10,mL/min/1.73m2
23772944,HbA1c,5.04,HbA1c,2014-06,%
10535897,SBP,120.97,Systolic blood pressure,2014-05,mmHg
17366777,HbA1c,5.99,Glycated haemoglobin,2012-05,%
18406856,SBP,135.78,Systolic blood pressure,2013-11,mmHg
384761,HbA1c,32.97,Hb A1c,2012-11,mmol/mol
7699481,eGFR,85.94,Estimated GFR,2012-06,mL/min/1.73m2
4002344,eGFR,87.0,LOINC: 33914-3,2013-09,mL/min/1.73m2
1581497,HbA1c,4.58,Glycated haemoglobin,2016-06,%
72855821,HbA1c,5.07,HbA1c,2013-04,%
48819737,SBP,112.33,Systolic blood pressure,2012-02,mmHg
55883837,HbA1c,5.91,Glycated haemoglobin,2013-01,%
34619096,SBP,145.61,Systolic blood pressure,2013-11,mmHg
7170617,SBP,134.61,Systolic BP,2016-07,mmHg
39530969,SBP,122.62,Systolic blood pressure,2016-10,mmHg
240536,HbA1c,3.33,HbA1c,2012-12,%
56195021,SBP,133.43,Systolic blood pressure,2016-08,mmHg
57448397,eGFR,83.05,Estimated GFR,2012-12,mL/min/1.73m2
25474457,SBP,125.04,Systolic blood pressure,2016-03,mmHg
37192592,HbA1c,5.55,HbA1c,2013-05,%
35728472,SBP,129.69,Systolic blood pressure,2013-05,mmHg
7245017,eGFR,87.57,eGFR,2015-08,mL/min/1.73m2
36603416,SBP,110.18,SBP,2016-07,mmHg
3121469,HbA1c,3.97,Glycated haemoglobin,2013-07,%
54519776,HbA1c,4.75,Hb A1c,2012-03,%
49280696,HbA1c,5.67,Glycated haemoglobin,2012-05,%
4710296,SBP,138.8,Systolic BP,2012-12,mmHg
25719821,HbA1c,4.68,HbA1c,2014-08,%
648944,eGFR,71.06,Estimated GFR,2012-05,mL/min/1.73m2
7442144,HbA1c,5.06,Hb A1c,2013-08,%
26302832,SBP,128.94,Systolic blood pressure,2014-01,mmHg
70422344,eGFR,81.48,LOINC: 33914-3,2014-11,mL/min/1.73m2
19278944,SBP,129.61,Systolic blood pressure,2012-07,mmHg
13369232,SBP,135.96,SBP,2012-02,mmHg
1109261,HbA1c,31.6,Hb A1c,2012-03,mmol/mol
11749592,HbA1c,4.66,Glycated haemoglobin,2016-04,%
6351344,eGFR,92.26,LOINC: 33914-3,2015-10,mL/min/1.73m2
36227144,HbA1c,4.97,Hb A1c,2014-02,%
4121021,SBP,124.51,Systolic BP,2014-11,mmHg
20924912,eGFR,87.56,Estimated GFR,2015-10,mL/min/1.73m2
56585216,HbA1c,4.75,Glycated haemoglobin,2012-05,%
64144397,SBP,151.05,Systolic blood pressure,2013-11,mmHg
17744141,eGFR,93.97,LOINC: 33914-3,2016-08,mL/min/1.73m2
21611837,HbA1c,5.38,Hb A1c,2014-07,%
178877,eGFR,93.75,LOINC: 33914-3,2012-11,mL/min/1.73m2
14959136,HbA1c,4.07,Hb A1c,2014-07,%
1487117,SBP,111.2,SBP,2016-01,mmHg
47021312,HbA1c,5.17,Glycated haemoglobin,2012-01,%
32354237,SBP,120.04,Systolic blood pressure,2016-04,mmHg
238841,SBP,123.76,Systolic BP,2015-02,mmHg
2239757,eGFR,93.54,Estimated GFR,2014-04,mL/min/1.73m2
12509561,SBP,131.51,SBP,2014-02,mmHg
69581837,SBP,129.56,Systolic blood pressure,2016-03,mmHg
28904717,HbA1c,5.03,Hb A1c,2012-02,%
1342952,HbA1c,5.25,Hb A1c,2013-09,%
454232,eGFR,88.35,LOINC: 33914-3,2013-11,mL/min/1.73m2
549821,SBP,133.84,Systolic blood pressure,2012-05,mmHg
8437256,SBP,116.11,Systolic BP,2016-02,mmHg
26214077,eGFR,85.25,eGFR,2014-12,mL/min/1.73m2
19202969,HbA1c,5.12,Glycated haemoglobin,2014-05,%
28904717,eGFR,84.9,Estimated GFR,2012-08,mL/min/1.73m2
6342617,eGFR,77.68,Estimated GFR,2015-09,mL/min/1.73m2
1407944,SBP,122.84,SBP,2016-07,mmHg
8885792,SBP,122.13,Systolic blood pressure,2015-11,mmHg
17323496,eGFR,70.29,LOINC: 33914-3,2016-06,mL/min/1.73m2
64449944,HbA1c,4.24,Hb A1c,2016-06,%
15967016,eGFR,88.71,LOINC: 33914-3,2016-03,mL/min/1.73m2
5500217,HbA1c,4.64,Hb A1c,2016-06,%
2344637,SBP,143.59,Systolic BP,2014-06,mmHg
14785469,eGFR,79.75,Estimated GFR,2012-11,mL/min/1.73m2
46878896,HbA1c,27.65,Glycated haemoglobin,2012-05,mmol/mol
53450792,HbA1c,4.48,Glycated haemoglobin,2012-04,%
21051872,eGFR,99.79,eGFR,2015-03,mL/min/1.73m2
18780281,SBP,113.25,Systolic blood pressure,2012-12,mmHg
72767144,SBP,115.59,Systolic blood pressure,2014-09,mmHg
17597,SBP,120.24,Systolic BP,2014-12,mmHg
60157721,SBP,100.59,Systolic blood pressure,2012-01,mmHg
10807481,HbA1c,3.9,Glycated haemoglobin,2013-04,%
53096816,eGFR,68.71,Estimated GFR,2012-05,mL/min/1.73m2
71707232,HbA1c,4.44,HbA1c,2015-11,%
1820792,HbA1c,4.02,HbA1c,2014-06,%
3905912,HbA1c,3.86,Hb A1c,2016-05,%
18199376,SBP,121.95,SBP,2012-10,mmHg
47856377,eGFR,69.57,eGFR,2012-05,mL/min/1.73m2
6430157,SBP,129.77,Systolic blood pressure,2016-04,mmHg
5863481,SBP,109.32,Systolic blood pressure,2014-11,mmHg
30720269,eGFR,85.67,Estimated GFR,2012-01,mL/min/1.73m2
39552752,HbA1c,6.76,HbA1c,2013-10,%
4414376,eGFR,84.18,Estimated GFR,2016-04,mL/min/1.73m2
7050536,SBP,123.18,Systolic BP,2016-10,mmHg
1674296,eGFR,90.24,LOINC: 33914-3,2014-03,mL/min/1.73m2
2047097,SBP,114.13,SBP,2012-06,mmHg
41337101,SBP,126.6,Systolic BP,2013-03,mmHg
21967577,HbA1c,5.31,HbA1c,2013-09,%
12399536,eGFR,86.34,LOINC: 33914-3,2012-03,mL/min/1.73m2
68087357,HbA1c,5.0,HbA1c,2012-05,%
27126416,HbA1c,4.97,Glycated haemoglobin,2012-06,%
6077,HbA1c,5.34,HbA1c,2016-02,%
2147417,HbA1c,6.47,Hb A1c,2016-05,%
18765272,HbA1c,5.31,Hb A1c,2014-03,%
10423757,HbA1c,4.37,HbA1c,2013-10,%
3428552,SBP,137.8,Systolic blood pressure,2014-08,mmHg
435752,HbA1c,6.07,Glycated haemoglobin,2016-07,%
17861069,SBP,149.05,Systolic BP,2013-08,mmHg
57632336,SBP,134.76,Systolic blood pressure,2014-01,mmHg
11642969,SBP,115.18,Systolic BP,2015-04,mmHg
42345416,SBP,123.58,Systolic blood pressure,2014-05,mmHg
42075344,eGFR,84.3,eGFR,2012-08,mL/min/1.73m2
1939517,eGFR,81.45,LOINC: 33914-3,2014-05,mL/min/1.73m2
3220157,eGFR,87.38,LOINC: 33914-3,2012-08,mL/min/1.73m2
315197,SBP,112.51,Systolic blood pressure,2015-03,mmHg
25966361,eGFR,87.21,eGFR,2015-01,mL/min/1.73m2
39118232,HbA1c,5.03,HbA1c,2015-06,%
43938056,SBP,129.53,SBP,2013-11,mmHg
33167144,eGFR,87.8,eGFR,2014-09,mL/min/1.73m2
5467769,eGFR,81.06,LOINC: 33914-3,2013-02,mL/min/1.73m2
33567344,HbA1c,5.38,HbA1c,2016-01,%
18096077,eGFR,94.04,eGFR,2013-12,mL/min/1.73m2
37701344,eGFR,83.47,eGFR,2012-05,mL/min/1.73m2
2799737,HbA1c,4.31,Glycated haemoglobin,2013-05,%
8356952,HbA1c,4.17,HbA1c,2015-05,%
34616,SBP,138.32,Systolic BP,2016-01,mmHg
47282969,eGFR,83.43,LOINC: 33914-3,2015-12,mL/min/1.73m2
24299417,eGFR,89.3,eGFR,2012-08,mL/min/1.73m2
677144,SBP,131.19,Systolic BP,2014-01,mmHg
31481,HbA1c,5.69,HbA1c,2015-01,%
60399776,SBP,129.27,Systolic blood pressure,2016-05,mmHg
16300952,SBP,141.05,Systolic blood pressure,2012-10,mmHg
14441177,HbA1c,5.69,Hb A1c,2015-07,%
58476944,SBP,112.17,SBP,2012-05,mmHg
25878176,eGFR,82.12,Estimated GFR,2015-11,mL/min/1.73m2
8138096,HbA1c,4.89,Hb A1c,2015-11,%
57081401,eGFR,90.49,LOINC: 33914-3,2012-08,mL/min/1.73m2
1719416,SBP,129.14,SBP,2014-06,mmHg
57921977,eGFR,80.96,LOINC: 33914-3,2016-12,mL/min/1.73m2
81944,HbA1c,4.92,Glycated haemoglobin,2014-02,%
43115312,eGFR,81.41,Estimated GFR,2012-11,mL/min/1.73m2
20171216,HbA1c,5.63,HbA1c,2014-08,%
56611277,SBP,145.76,Systolic blood pressure,2016-01,mmHg
431192,HbA1c,4.48,Hb A1c,2012-05,%
10361,eGFR,78.44,LOINC: 33914-3,2013-08,mL/min/1.73m2
50454872,HbA1c,4.06,HbA1c,2016-03,%
59141069,eGFR,88.94,LOINC: 33914-3,2015-06,mL/min/1.73m2
2799737,eGFR,92.9,LOINC: 33914-3,2015-01,mL/min/1.73m2
21967577,eGFR,76.52,eGFR,2012-06,mL/min/1.73m2
14626061,eGFR,80.0,eGFR,2016-09,mL/min/1.73m2
95321,HbA1c,5.12,Glycated haemoglobin,2015-11,%
26677241,SBP,150.16,Systolic blood pressure,2012-08,mmHg
62217017,eGFR,88.85,Estimated GFR,2016-02,mL/min/1.73m2
48916601,eGFR,94.33,Estimated GFR,2013-12,mL/min/1.73m2
26125472,eGFR,80.53,eGFR,2013-08,mL/min/1.73m2
73277,eGFR,88.2,Estimated GFR,2013-11,mL/min/1.73m2
63066944,HbA1c,3.87,Glycated haemoglobin,2016-07,%
171632,HbA1c,7.16,HbA1c,2014-04,%
13470752,eGFR,90.59,eGFR,2015-04,mL/min/1.73m2
30375641,SBP,128.27,Systolic BP,2014-05,mmHg
2323469,HbA1c,4.26,HbA1c,2015-10,%
68459456,HbA1c,26.24,Glycated haemoglobin,2012-12,mmol/mol
37957016,HbA1c,6.07,Glycated haemoglobin,2012-02,%
11501561,SBP,122.44,Systolic blood pressure,2015-11,mmHg
2365901,eGFR,67.94,Estimated GFR,2015-05,mL/min/1.73m2
53577497,eGFR,88.81,LOINC: 33914-3,2012-01,mL/min/1.73m2
41314832,HbA1c,5.27,Glycated haemoglobin,2012-07,%
69264344,eGFR,83.93,LOINC: 33914-3,2012-04,mL/min/1.73m2
5362976,HbA1c,4.04,HbA1c,2016-06,%
36876377,eGFR,87.52,eGFR,2014-02,mL/min/1.73m2
17309081,HbA1c,4.42,Hb A1c,2015-03,%
29184752,eGFR,85.3,Estimated GFR,2013-09,mL/min/1.73m2
18096077,SBP,109.69,Systolic BP,2013-02,mmHg
3783656,eGFR,68.91,Estimated GFR,2012-08,mL/min/1.73m2
67801817,SBP,133.49,Systolic blood pressure,2015-06,mmHg
18511037,SBP,129.4,Systolic BP,2013-06,mmHg
691469,SBP,111.53,SBP,2015-02,mmHg
43206344,HbA1c,4.93,Glycated haemoglobin,2016-02,%
41560121,eGFR,93.87,LOINC: 33914-3,2015-11,mL/min/1.73m2
16624217,HbA1c,36.36,Hb A1c,2015-10,mmol/mol
18362297,eGFR,78.69,Estimated GFR,2015-10,mL/min/1.73m2
1474472,SBP,125.45,SBP,2014-04,mmHg
50430269,SBP,124.94,SBP,2016-03,mmHg
11221337,HbA1c,4.13,Hb A1c,2014-05,%
5148569,eGFR,86.78,LOINC: 33914-3,2013-03,mL/min/1.73m2
177416,SBP,139.54,Systolic BP,2016-04,mmHg
15120344,HbA1c,29.69,Hb A1c,2013-05,mmol/mol
24009992,eGFR,81.42,eGFR,2015-06,mL/min/1.73m2
14336057,eGFR,83.82,eGFR,2012-08,mL/min/1.73m2
21740861,SBP,119.03,Systolic blood pressure,2014-02,mmHg
26982272,SBP,107.98,Systolic BP,2012-03,mmHg
15214781,eGFR,88.81,LOINC: 33914-3,2016-06,mL/min/1.73m2
18660377,eGFR,89.9,eGFR,2013-06,mL/min/1.73m2
66977144,eGFR,79.33,eGFR,2016-04,mL/min/1.73m2
63535481,SBP,98.13,Systolic BP,2012-02,mmHg
53958512,eGFR,78.67,LOINC: 33914-3,2016-03,mL/min/1.73m2
26516456,HbA1c,5.17,HbA1c,2012-07,%
57290969,SBP,118.93,Systolic BP,2012-01,mmHg
35068952,SBP,164.88,SBP,2013-07,mmHg
11832857,HbA1c,6.64,Hb A1c,2015-05,%
32373944,SBP,143.13,Systolic blood pressure,2015-12,mmHg
131312,SBP,132.2,Systolic blood pressure,2014-01,mmHg
65147069,SBP,119.58,SBP,2014-10,mmHg
14010032,SBP,153.55,Systolic blood pressure,2015-12,mmHg
9166781,HbA1c,6.82,Glycated haemoglobin,2014-01,%
5871872,eGFR,85.24,Estimated GFR,2012-02,mL/min/1.73m2
61264352,HbA1c,4.66,HbA1c,2016-05,%
25108616,eGFR,91.61,Estimated GFR,2015-01,mL/min/1.73m2
69581837,HbA1c,3.81,Hb A1c,2012-09,%
50012936,SBP,136.64,SBP,2016-12,mmHg
30874061,eGFR,88.13,Estimated GFR,2014-04,mL/min/1.73m2
59461181,HbA1c,7.01,Glycated haemoglobin,2013-07,%
31221497,eGFR,79.75,LOINC: 33914-3,2016-08,mL/min/1.73m2
57369656,HbA1c,4.45,Glycated haemoglobin,2014-08,%
37914344,SBP,131.21,Systolic BP,2014-07,mmHg
9282512,HbA1c,4.78,Hb A1c,2016-11,%
35192144,SBP,129.33,SBP,2016-02,mmHg
