,Patient_ID,Category,Date
0,1338163469,Diabetes,2012-05
1,150591944,Diabetes,2014-12
2,545940569,ICD10: E11,2016-10
3,7134075944,Diabetes,2013-02
4,5959722392,Diabetes,2014-09
5,354210137,Diabetes,2015-08
6,4516856,ICD10: N18,2015-03
7,255468221,ICD10: E11,2015-06
8,7380777872,ICD9:250,2016-11
9,43411517,ICD10: E11,2013-08
10,3724304537,Diabetes,2012-10
11,7215353561,ICD10: E11,2016-08
12,4985600537,ICD10: E11,2014-05
13,185480576,T2DM,2012-07
14,6733172144,T2DM,2012-08
15,4580332697,ICD9:250,2013-02
16,123303032,Diabetes,2016-01
17,7455067769,Diabetes,2012-10
18,1101891944,Diabetes,2016-01
19,3685087181,T2DM,2012-07
20,1897567769,T2DM,2012-10
21,2667339641,High blood sugar,2013-03
22,546669272,ICD10: E11,2014-07
23,7345405241,ICD9:250,2012-06
24,275042144,T2DM,2016-09
25,4443747776,T2DM,2014-11
26,3197284217,Diabetes,2015-03
27,1701320057,Diabetes,2014-11
28,7421307776,Diabetes,2013-06
29,5850052112,Diabetes,2013-05
30,2713336697,Diabetes,2014-12
31,394751792,Diabetes,2015-04
32,203791961,Diabetes,2016-04
33,2642351321,Diabetes,2015-04
34,732234656,CKD,2016-01
35,392621069,Diabetes,2012-12
36,85194992,Diabetes,2015-08
37,1254607769,Diabetes,2014-06
38,1513355069,Diabetes,2015-02
39,5208916952,ICD10: E11,2015-12
40,2324528957,T2DM,2012-03
41,1852269581,ICD10: E11,2016-11
42,6482565944,Diabetes,2014-05
43,77632976,ICD10: E11,2012-01
44,43160816,ICD10: E11,2016-10
45,2036276696,ICD9:250,2016-06
46,1820649944,AF,2016-02
47,1849437992,A-fib,2013-10
48,556104944,High blood sugar,2015-12
49,5428699832,T2DM,2013-02
50,971244416,Diabetes,2013-09
51,2921443577,T2DM,2015-04
52,1154715752,Diabetes,2015-12
53,1852716872,T2DM,2013-10
54,5040540569,T2DM,2016-01
55,441192656,Diabetes,2015-09
56,8316944,Diabetes,2015-03
57,1723251536,ICD10: E11,2013-11
58,192961469,ICD9:250,2016-07
59,3779898317,AF,2016-06
60,7362932312,Chronic kidney disease,2013-11
61,212942144,Diabetes,2013-09
62,4642907069,ICD10: E11,2016-12
63,1875000269,Diabetes,2013-02
64,4123667144,High glucose,2012-03
65,3932406344,Diabetes,2016-09
66,2504069912,Diabetes,2013-08
67,4436130617,CKD,2015-05
68,2809447481,Renal insufficiency,2015-09
69,1388556857,T2DM,2015-04
70,2175190256,T2DM,2016-08
71,4453682969,ICD10: E11,2014-09
72,640794944,Diabetes,2016-10
73,2902376717,ICD10: I48,2012-06
74,4977776537,ICD10: E11,2013-10
75,2707385312,ICD9:250,2013-06
76,3818331197,A-fib,2013-08
77,2695502144,T2DM,2016-09
78,4881947069,Diabetes,2015-08
79,436910141,T2DM,2013-01
80,1459401677,Diabetes,2016-05
81,1374522344,Chronic kidney disease,2014-09
82,274295801,T2DM,2016-08
83,2697480857,T2DM,2012-10
84,4814891801,T2DM,2013-11
85,1326909152,ICD10: E11,2013-03
86,7129102781,Diabetes,2014-03
87,4884609872,High blood sugar,2013-05
88,4430594969,T2DM,2013-03
89,5637927872,T2DM,2012-06
90,1346667176,Atrial fibrillation,2014-01
91,4189326752,T2DM,2014-09
92,303731801,T2DM,2016-03
93,2343607769,ICD10: E11,2014-04
94,5811168701,ICD9:250,2016-07
95,184914872,ICD10: E11,2012-06
96,2161801277,High glucose,2012-10
97,50602616,ICD9: 427.31,2015-11
98,128825696,Diabetes,2013-06
99,7411463117,ICD10: E11,2015-03
100,2587262336,ICD10: E11,2015-09
101,5006903096,Diabetes,2014-10
102,492058016,ICD10: E11,2014-03
103,352647161,T2DM,2012-01
104,2233905101,AF,2013-02
105,158908121,Diabetes,2015-07
106,2342601677,ICD10: N18,2016-05
107,7111564301,ICD10: E11,2015-05
108,1061448569,Atrial fibrillation,2012-03
109,6141058877,AF,2012-11
110,797070269,T2DM,2012-11
111,419897,ICD10: E11,2016-06
112,1692272,T2DM,2016-08
113,963917144,ICD9:250,2013-05
114,4966784432,High glucose,2012-11
115,132747581,High glucose,2013-09
116,6612626072,T2DM,2015-09
117,5457835496,Diabetes,2012-01
118,6511884569,ICD9:250,2012-04
119,2177129432,CKD,2016-08
120,5137161752,Diabetes,2012-01
121,628229792,T2DM,2015-07
122,234437069,ICD9:250,2014-09
123,6899621816,T2DM,2013-03
124,1217100761,ICD10: E11,2016-03
125,5417220377,T2DM,2013-01
126,6246838541,CKD,2014-03
127,1599721661,ICD10: E11,2014-05
128,6828732569,ICD10: E11,2014-03
129,5200419944,Diabetes,2016-07
130,26820569,High glucose,2014-12
131,1124196761,ICD9:250,2013-08
132,5985154937,T2DM,2014-09
133,460908344,CKD,2012-04
134,861806072,T2DM,2016-11
135,243865037,Diabetes,2015-10
136,1860179672,ICD10: E11,2014-01
137,6974637536,ICD10: E11,2013-07
138,6205837241,Chronic kidney disease,2012-09
139,3744203021,ICD9:250,2012-01
140,184303001,ICD9:250,2012-07
141,969086456,Diabetes,2015-05
142,1290691961,ICD9:250,2015-02
143,35027936,High blood sugar,2013-06
144,2475549497,ICD10: E11,2013-01
145,13932344,Diabetes,2012-07
146,807470777,AF,2012-11
147,7214470832,ICD10: E11,2015-02
148,866490344,Diabetes,2015-12
149,355515257,Diabetes,2016-02
150,5301076157,ICD9:250,2013-02
151,4576113677,T2DM,2014-03
152,1306545752,Diabetes,2016-04
153,868837241,Diabetes,2013-02
154,5083177976,ICD10: E11,2013-02
155,7126470632,T2DM,2012-04
156,4751642681,ICD9:250,2014-04
157,7214765069,High glucose,2015-08
158,1087336601,Diabetes,2015-12
159,366042617,T2DM,2012-07
160,68087357,AFib,2016-11
161,742865357,ICD10: E11,2013-07
162,465680312,T2DM,2014-01
163,3235397069,T2DM,2015-03
164,3702772541,Diabetes,2012-03
165,5573347481,Diabetes,2013-11
166,826481081,ICD9:250,2015-11
167,4127894777,Chronic kidney disease,2013-04
168,3893834456,ICD10: E11,2015-12
169,4296732344,T2DM,2012-08
170,157383416,ICD10: E11,2012-07
171,880002656,Diabetes,2013-04
172,37361792,CKD,2013-07
173,3125220797,High blood sugar,2012-01
174,2328706232,Diabetes,2013-06
175,789362792,T2DM,2014-03
176,5333661944,ICD10: E11,2015-11
177,4918563512,T2DM,2012-10
178,5021130032,ICD9:250,2015-11
179,5143619216,ICD9:250,2015-07
180,3010867469,ICD9:250,2013-02
181,7293245177,Diabetes,2014-07
182,234012941,CKD,2012-07
183,3955684301,T2DM,2012-09
184,5672314136,ICD10: E11,2014-10
185,1484253416,T2DM,2013-09
186,3663459344,Diabetes,2016-08
187,102001952,ICD9:250,2012-02
188,3596672144,ICD10: E11,2016-11
189,5543130944,High blood sugar,2015-06
190,3861047144,ICD9:250,2015-08
191,1644646457,Diabetes,2016-04
192,60858317,Diabetes,2016-12
193,6591797144,T2DM,2016-10
194,5749277456,ICD10: E11,2016-11
195,6731182541,ICD9:250,2013-01
196,3792047696,AF,2014-02
197,1070609912,ICD9:250,2012-02
198,2681850872,ICD9:250,2014-04
199,1237976057,T2DM,2015-09
200,393651344,Diabetes,2016-07
201,1320859136,Diabetes,2016-04
202,2247186752,CKD,2016-10
203,1004560472,Diabetes,2014-12
204,4996368569,Chronic kidney disease,2016-03
205,2059320269,ICD10: E11,2014-09
206,7728344,High glucose,2014-03
207,24043952,T2DM,2012-11
208,2719836569,Diabetes,2016-06
209,53122061,ICD9:250,2012-03
210,2695322297,CKD,2014-02
211,6495122969,T2DM,2012-02
212,33326936,Diabetes,2014-11
213,651095741,T2DM,2014-07
214,17817176,ICD9:250,2013-10
215,124653017,Diabetes,2014-05
216,1927563581,ICD10: E11,2013-06
217,2871851069,T2DM,2012-06
218,434885069,Diabetes,2016-03
219,5351132537,ICD10: E11,2012-08
220,6038066576,T2DM,2015-08
221,708857,Diabetes,2012-10
222,270636281,ICD10: E11,2014-12
223,2506323917,ICD9:250,2015-08
224,58795256,Diabetes,2014-07
225,7202412281,T2DM,2014-09
226,2212508216,Diabetes,2016-08
227,6865710032,High glucose,2015-12
228,452616536,Diabetes,2012-01
229,6353521469,Diabetes,2015-01
230,3078776,AFib,2014-07
231,1573092872,AFib,2014-03
232,504896456,Diabetes,2013-05
233,287356376,T2DM,2012-11
234,7225656056,High blood sugar,2014-06
235,291540761,Diabetes,2014-11
236,1254730472,Diabetes,2014-04
237,2795693456,ICD9:250,2014-04
238,38085176,T2DM,2012-05
239,3696030269,High glucose,2014-11
240,507468377,Diabetes,2013-07
241,1703463992,CKD,2015-06
242,6273150221,Diabetes,2013-12
243,2254417976,T2DM,2015-12
244,146790344,ICD10: E11,2016-01
245,2631144944,Diabetes,2013-10
246,228900944,Diabetes,2016-07
247,6448027232,Diabetes,2016-09
248,2730143936,Diabetes,2015-07
249,1198440776,Chronic kidney disease,2013-10
250,2310354272,ICD9:250,2014-10
251,1861076216,AF,2013-05
252,3492523469,Diabetes,2014-12
253,3042121277,A-fib,2012-03
254,3004787981,Diabetes,2013-11
255,2073808061,Diabetes,2016-03
256,2783617832,ICD9:250,2013-08
257,764165069,Diabetes,2014-08
258,2104683776,CKD,2014-03
259,499617344,High glucose,2016-07
260,5736414221,Diabetes,2016-08
261,774349337,ICD10: E11,2016-08
262,892480781,Diabetes,2013-11
263,6295943432,Diabetes,2012-05
264,1537029944,ICD9:250,2016-08
265,222086717,Diabetes,2012-11
266,969625721,Diabetes,2012-06
267,1082316377,Diabetes,2013-04
268,57895616,Diabetes,2015-03
269,810919712,ICD10: E11,2015-04
270,2344949561,Chronic kidney disease,2015-10
271,6126950861,T2DM,2015-05
272,262660616,CKD,2015-10
273,364519856,AF,2015-12
274,1758517832,ICD10: N18,2012-03
275,16779944,T2DM,2013-07
276,5623890896,T2DM,2014-08
277,2901630269,High glucose,2012-01
278,379687769,T2DM,2015-05
279,669700712,ICD10: E11,2016-08
280,7149591641,Diabetes,2015-11
281,4922451416,Chronic kidney disease,2012-09
282,4786809344,Diabetes,2014-03
283,2266440857,ICD9: 427.31,2015-10
284,7358177144,CKD,2012-01
285,1087222376,Chronic kidney disease,2016-10
286,1083872,Diabetes,2016-06
287,3232836056,High glucose,2016-06
288,2637545672,Diabetes,2013-06
289,96141032,AF,2013-10
290,7366499696,Diabetes,2015-07
291,2963534969,CKD,2016-03
292,65651321,AF,2016-08
293,4530299069,High glucose,2016-03
294,1311684569,ICD10: I48,2013-02
295,4330404416,Diabetes,2014-05
296,285538877,Diabetes,2015-01
297,2701080377,ICD10: E11,2015-02
298,6072840461,ICD10: E11,2015-09
299,6982450877,CKD,2012-01
300,688567769,T2DM,2013-05
301,6566228237,T2DM,2015-11
302,2872965017,Diabetes,2012-10
303,15870269,ICD9:250,2014-03
304,3785224592,ICD9:250,2015-11
305,1374137081,Diabetes,2016-04
306,2528745536,T2DM,2012-11
307,526131416,ICD9:250,2012-03
308,828374336,High blood sugar,2014-04
309,334857944,T2DM,2014-05
310,4841851097,T2DM,2014-12
311,6371758457,ICD10: N18,2014-01
312,6636027341,Diabetes,2012-08
313,377396237,Diabetes,2015-04
314,687386576,ICD10: E11,2012-06
315,40318937,Diabetes,2012-10
316,270522317,Diabetes,2014-01
317,2859056192,Diabetes,2016-06
318,346816781,T2DM,2012-08
319,543999737,T2DM,2014-08
320,1076672,Diabetes,2014-03
321,1729296512,Diabetes,2012-08
322,348690152,ICD9:250,2014-05
323,3705302477,Diabetes,2016-09
324,519004496,Diabetes,2016-09
325,839980136,Diabetes,2014-02
326,390633032,Diabetes,2015-11
327,4415159576,Diabetes,2013-12
328,13293344,Diabetes,2014-01
329,36268856,CKD,2013-02
330,6979845944,Diabetes,2013-01
331,2954678336,T2DM,2013-12
332,719913512,Diabetes,2015-08
333,4747106792,ICD9:250,2015-11
334,81557657,A-fib,2016-11
335,6845632352,Diabetes,2014-03
336,3044223344,ICD9:250,2012-11
337,72265661,ICD10: E11,2015-11
338,919065296,ICD10: E11,2013-03
339,490292237,ICD10: E11,2015-06
340,3443970041,ICD10: E11,2012-11
341,483413177,Diabetes,2016-05
342,6976662797,High glucose,2015-10
343,1715064569,Diabetes,2014-07
344,238806521,AF,2012-10
345,259024061,Diabetes,2012-08
346,1419970877,T2DM,2015-06
347,893619512,High blood sugar,2012-07
348,6798422717,ICD10: E11,2012-06
349,540853256,AF,2013-05
350,1643101496,Chronic kidney disease,2012-03
351,52317197,High glucose,2016-11
352,561181256,Diabetes,2013-12
353,138965177,CKD,2014-01
354,3194934137,Diabetes,2014-08
355,5300067341,High blood sugar,2015-07
356,387353576,ICD9:250,2014-04
357,680591801,T2DM,2012-12
358,3592310717,AFib,2016-04
359,6585892217,T2DM,2013-09
360,7092588656,T2DM,2014-10
361,3363133241,ICD9:250,2012-12
362,1170069272,ICD10: E11,2012-04
363,490599101,ICD10: E11,2015-03
364,7275801296,ICD9: 585,2013-12
365,3211795469,Chronic kidney disease,2016-11
366,323108921,T2DM,2012-10
367,3249204569,High blood sugar,2016-02
368,3266802272,ICD9:250,2014-12
369,173599616,ICD10: E11,2012-11
370,5904493757,ICD9:250,2013-12
371,17079257,ICD9:250,2015-01
372,842190344,ICD10: I48,2014-07
373,756714041,ICD10: E11,2014-11
374,204881357,Diabetes,2014-04
375,13129661,ICD9:250,2015-04
376,1760552144,Diabetes,2015-10
377,3333066941,ICD10: E11,2015-06
378,299940272,High blood sugar,2014-12
379,377934797,Diabetes,2015-02
380,4438207376,T2DM,2012-04
381,3109361177,ICD9:250,2013-02
382,981201944,ICD9:250,2016-01
383,1580383181,AF,2015-01
384,50997656,T2DM,2015-11
385,5623371344,Diabetes,2016-06
386,3947409497,T2DM,2014-11
387,3862769336,T2DM,2015-01
388,1666776392,Diabetes,2013-01
389,311630861,Diabetes,2015-11
390,36435944,Diabetes,2012-10
391,1526049017,ICD9: 585,2016-01
392,930864944,AF,2016-04
393,779176637,Atrial fibrillation,2014-10
394,7216824896,ICD10: E11,2016-08
395,381174221,ICD10: E11,2016-04
396,1135024472,Diabetes,2015-09
397,114577469,ICD9:250,2012-02
398,3850937021,Diabetes,2013-03
399,4662282521,ICD10: E11,2014-02
400,533947112,T2DM,2015-07
401,1332972992,Diabetes,2016-11
402,2993595032,Diabetes,2015-10
403,4246019192,ICD9:250,2012-06
404,1686065816,ICD9:250,2015-02
405,5681710352,AF,2012-07
406,5599238681,High blood sugar,2015-05
407,689659001,ICD9:250,2016-03
408,3611645696,Diabetes,2014-08
409,7295612057,ICD10: E11,2016-08
410,949239101,Diabetes,2015-11
411,19339832,CRF,2016-04
412,48989312,Diabetes,2012-08
413,953726969,AF,2013-04
414,3760754777,Diabetes,2016-12
415,122534912,ICD9:250,2016-08
416,231739832,Diabetes,2014-05
417,6221675069,Diabetes,2015-12
418,1278772217,Diabetes,2012-12
419,1208294552,T2DM,2014-01
420,915393341,ICD9:250,2013-11
421,1074126521,ICD10: E11,2012-10
422,4572365069,Diabetes,2012-11
423,6236985917,ICD10: N18,2013-01
424,17107901,ICD9:250,2013-10
425,2888396792,A-fib,2012-03
426,2201767112,Diabetes,2013-01
427,461801216,T2DM,2013-02
428,7425486272,ICD9:250,2015-10
429,4352544569,Diabetes,2013-05
430,6315198752,Diabetes,2014-01
431,6271504121,High blood sugar,2016-12
432,2598551552,AF,2015-11
433,1238829392,ICD9:250,2013-08
434,3852656957,Diabetes,2014-10
435,2055863321,Diabetes,2013-12
436,394338944,T2DM,2013-06
437,614071016,ICD9:250,2013-12
438,6944293901,Atrial fibrillation,2016-06
439,5765311001,ICD10: E11,2012-12
440,2401142312,Diabetes,2014-01
441,1330318361,T2DM,2014-04
442,3769895072,Diabetes,2014-10
443,2032058297,High blood sugar,2013-06
444,27307136,Diabetes,2015-03
445,1706610872,ICD9:250,2014-01
446,293080637,Diabetes,2014-04
447,944016632,Chronic kidney disease,2015-05
448,2749545497,High blood sugar,2013-06
449,126594317,Diabetes,2016-03
450,214867376,Diabetes,2014-07
451,4654007576,High glucose,2014-06
452,1043355872,T2DM,2016-10
453,5433295016,High blood sugar,2012-12
454,4572365069,Atrial fibrillation,2016-10
455,3195129944,Diabetes,2012-10
456,386195417,Atrial fibrillation,2014-09
457,11595737,AF,2015-11
458,4764545981,Diabetes,2015-11
459,393513896,T2DM,2012-01
460,375447176,Diabetes,2016-12
461,5209166969,ICD9:250,2013-10
462,4665594557,Diabetes,2015-09
463,2824523837,ICD10: E11,2016-02
464,171632,Diabetes,2013-11
465,16539581,Diabetes,2012-10
466,6451087421,T2DM,2012-02
467,5095039832,ICD10: E11,2013-12
468,3891240944,ICD9:250,2012-08
469,6535387097,ICD9:250,2016-04
470,5912215616,Diabetes,2013-03
471,437489597,ICD9:250,2012-08
472,6846205592,ICD10: E11,2015-07
473,946466201,T2DM,2014-01
474,6897032381,Diabetes,2012-10
475,5469870269,Diabetes,2015-09
476,42030416,AF,2013-06
477,1193170016,ICD10: E11,2012-01
478,6018163832,Atrial fibrillation,2013-04
479,6070950944,Diabetes,2016-12
480,1729152461,AFib,2012-03
481,120206969,ICD10: E11,2012-10
482,3919383344,ICD9:250,2016-05
483,6543510896,T2DM,2013-01
484,91809341,ICD10: E11,2012-01
485,1775700992,Diabetes,2013-01
486,49694969,Diabetes,2015-04
487,3433812941,AF,2016-04
488,3930451517,T2DM,2012-02
489,4351401944,T2DM,2013-12
490,298262792,T2DM,2015-12
491,1355325344,Diabetes,2012-07
492,1835460944,ICD10: N18,2012-10
493,2045823257,ICD10: E11,2013-08
494,5336192144,Diabetes,2015-05
495,1925072,Diabetes,2013-08
496,5595610301,CKD,2013-10
497,5988371321,T2DM,2015-10
498,6341102144,Diabetes,2013-06
499,5620773944,ICD9:250,2012-03
500,7329974969,Diabetes,2012-11
501,97915376,T2DM,2015-10
502,2358052157,Atrial fibrillation,2012-03
503,1447515737,Chronic kidney disease,2015-11
504,6147032537,Diabetes,2013-12
505,4879284992,T2DM,2015-09
506,4531931336,T2DM,2013-11
507,2733765176,ICD10: E11,2012-11
508,3480056,ICD10: I48,2013-09
509,18451469,Diabetes,2016-07
510,3361727144,AF,2013-05
511,1549822592,ICD9:250,2015-12
512,1030750157,T2DM,2016-10
513,7437730061,Diabetes,2016-07
514,292962041,Diabetes,2014-05
515,4174541696,Diabetes,2012-04
516,6001245497,T2DM,2012-08
517,557903576,ICD10: N18,2012-10
518,2952230969,T2DM,2012-03
519,345463352,AF,2016-09
520,486770201,ICD9:250,2012-09
521,418216016,AF,2015-08
522,335809469,Diabetes,2015-04
523,12979469,High blood sugar,2015-12
524,2700540296,ICD9:250,2014-02
525,5672053241,T2DM,2012-12
526,4999552256,Diabetes,2013-03
527,1073445437,T2DM,2013-06
528,236030969,ICD9:250,2016-10
529,1334491112,AF,2012-10
530,872824016,Diabetes,2014-09
531,6554443961,ICD9:250,2014-08
532,35707769,Diabetes,2012-02
533,199961,Diabetes,2015-11
534,5380059581,ICD10: E11,2016-09
535,4633706072,High blood sugar,2016-09
536,165944,Chronic kidney disease,2015-05
537,4580801597,Diabetes,2015-11
538,44513981,ICD9:250,2014-03
539,6526148912,Diabetes,2014-09
540,7206822776,ICD9:250,2012-05
541,4045295792,ICD9:250,2015-04
542,478020656,T2DM,2012-12
543,3323673944,ICD9:250,2013-01
544,2434869632,T2DM,2012-10
545,323021,Diabetes,2012-06
546,5275381337,AF,2013-02
547,5179457072,High blood sugar,2014-05
548,5272614056,Diabetes,2014-05
549,1199760281,ICD10: E11,2012-02
550,2999094041,Diabetes,2014-04
551,5749014797,Diabetes,2015-10
552,2676292541,Atrial fibrillation,2016-08
553,22260797,CKD,2016-08
554,1319726297,Diabetes,2016-12
555,26231816,ICD9:250,2015-02
556,3294977912,Diabetes,2015-04
557,409617944,AF,2012-01
558,2213912,T2DM,2014-05
559,209669069,ICD9:250,2014-05
560,6363465677,Diabetes,2016-11
561,5828610521,Diabetes,2015-03
562,3534823097,Atrial fibrillation,2014-04
563,202952144,ICD10: E11,2014-07
564,3282660992,High glucose,2012-07
565,78766397,ICD10: E11,2016-09
566,5591205992,Diabetes,2013-01
567,3099131912,T2DM,2016-10
568,5016957977,Diabetes,2014-02
569,6627000269,T2DM,2014-08
570,53476121,ICD9:250,2012-09
571,558476477,ICD10: E11,2013-07
572,3558341069,Diabetes,2013-05
573,7122669497,ICD10: E11,2015-10
574,943910201,Diabetes,2013-04
575,66524312,ICD9:250,2016-12
576,4278132776,ICD9: 585,2012-10
577,4084830269,High blood sugar,2012-09
578,5245984736,Atrial fibrillation,2012-11
579,1991660537,T2DM,2014-01
580,4047940136,Diabetes,2016-12
581,55212569,T2DM,2014-04
582,659342144,ICD9: 585,2014-03
583,3096432656,AF,2015-05
584,2177129432,Diabetes,2015-12
585,934461872,AFib,2012-04
586,15718832,Diabetes,2015-06
587,7324044569,ICD10: E11,2014-12
588,2914332941,ICD10: E11,2015-11
589,592376381,ICD10: E11,2015-07
590,4941426944,CKD,2013-06
591,242568461,Atrial fibrillation,2016-11
592,5775310397,Diabetes,2014-04
593,6494843792,T2DM,2015-10
594,365843816,ICD10: E11,2014-09
595,82937,Diabetes,2015-10
596,225767144,T2DM,2013-06
597,5012297144,Diabetes,2012-09
598,52041944,Diabetes,2015-01
599,6266841344,Diabetes,2016-08
600,2346123944,Diabetes,2015-04
601,1356856136,ICD9:250,2013-06
602,2996817977,ICD10: E11,2015-07
603,911310392,AF,2014-04
604,775506521,Diabetes,2015-02
605,1926043001,ICD9:250,2015-09
606,5093061896,ICD10: E11,2014-05
607,3514873592,Diabetes,2012-07
608,1503936569,Diabetes,2012-10
609,7075095176,Diabetes,2012-09
610,762920696,ICD10: E11,2016-03
611,39139901,Diabetes,2015-05
612,649152569,Diabetes,2015-04
613,6339722969,Diabetes,2016-05
614,1443301337,ICD9:250,2014-11
615,5137906637,ICD10: E11,2014-03
616,3234214937,Diabetes,2015-11
617,5049152144,Diabetes,2013-05
618,9623312,High glucose,2012-02
619,3386477081,ICD9:250,2014-08
620,9741881,Diabetes,2014-03
621,2523000269,Diabetes,2016-10
622,4475440397,Diabetes,2015-02
623,1017668441,T2DM,2012-09
624,3652355261,T2DM,2014-08
625,1490265101,Diabetes,2016-03
626,453944072,T2DM,2015-07
627,1006208057,Diabetes,2013-12
628,23587517,Diabetes,2014-11
629,5334167936,High glucose,2016-12
630,146245241,ICD10: N18,2014-01
631,6224681072,ICD9:250,2013-09
632,254859536,ICD9:250,2014-12
633,3719655101,Diabetes,2012-02
634,2666087432,CKD,2014-05
635,567022781,AF,2016-04
636,7164537752,CKD,2013-08
637,140480216,Diabetes,2014-08
638,984351257,ICD9:250,2016-12
639,2086937,High blood sugar,2012-05
640,3254142944,ICD9:250,2016-09
641,3567645944,Diabetes,2013-12
642,7142816,ICD10: E11,2013-05
643,249742397,High blood sugar,2013-06
644,2681133344,T2DM,2013-12
645,1829677517,Diabetes,2012-07
646,1000063961,T2DM,2015-07
647,196393112,Diabetes,2013-03
648,3012958712,Diabetes,2015-02
649,713421992,Diabetes,2015-10
650,749678861,Diabetes,2013-12
651,5501942144,Diabetes,2016-12
652,288590861,Diabetes,2012-08
653,2130028217,T2DM,2014-04
654,3948497792,T2DM,2012-10
655,2193809561,High blood sugar,2015-02
656,4319014016,T2DM,2016-11
657,1047836432,Diabetes,2014-07
658,33647672,ICD9:250,2013-09
659,5152318361,ICD9:250,2016-07
660,5787953597,Chronic kidney disease,2012-09
661,529075469,ICD10: E11,2014-05
662,2475721856,T2DM,2016-10
663,5861981117,T2DM,2014-01
664,457715981,Diabetes,2015-01
665,3321876797,CKD,2013-11
666,4137024944,High blood sugar,2013-12
667,2707745816,ICD10: E11,2016-11
668,3376807769,Diabetes,2015-10
669,3681092792,T2DM,2016-09
670,3693292976,CKD,2015-04
671,545050592,Diabetes,2014-08
672,1136191832,ICD10: E11,2013-06
673,4974111152,ICD10: E11,2015-10
674,37382969,High glucose,2014-05
675,1714921112,Diabetes,2016-09
676,2094525056,Diabetes,2016-05
677,2551966937,T2DM,2016-01
678,838274237,T2DM,2015-04
679,6083597,T2DM,2012-12
680,5476533497,High blood sugar,2016-11
681,2741196221,CKD,2014-07
682,2404028861,ICD10: E11,2014-03
683,3278891069,Diabetes,2014-01
684,952229837,ICD10: E11,2016-07
685,1177308569,High blood sugar,2013-07
686,3316488272,Diabetes,2013-09
687,5561457677,AF,2016-08
688,807470777,Diabetes,2015-10
689,3036773837,T2DM,2012-06
690,47904317,Diabetes,2013-07
691,1005219344,Diabetes,2012-04
692,167492621,ICD9:250,2016-12
693,458457401,Atrial fibrillation,2013-04
694,1036876112,Diabetes,2014-02
695,3697504616,T2DM,2012-01
696,6747961256,Atrial fibrillation,2013-11
697,1931672144,Diabetes,2013-11
698,174559421,ICD10: E11,2013-03
699,100225469,T2DM,2016-04
700,517663757,ICD9:250,2012-10
701,328674536,ICD9:250,2014-03
702,479157401,T2DM,2016-11
703,1357238969,Diabetes,2013-01
704,66722237,CKD,2015-12
705,3324672569,High glucose,2016-06
706,5748226856,T2DM,2015-08
707,651891512,ICD10: E11,2013-12
708,3823684472,T2DM,2016-08
709,6543230681,ICD9:250,2013-06
710,7003597736,ICD10: E11,2016-07
711,6494285456,Diabetes,2016-04
712,6698821817,CKD,2015-10
713,3569301416,CKD,2014-08
714,2153594816,Diabetes,2015-09
715,980659469,T2DM,2014-02
716,99291296,Diabetes,2012-12
717,3321277856,Diabetes,2015-01
718,2331047144,Diabetes,2015-09
719,3941100344,High glucose,2014-07
720,4426445501,ICD9:250,2016-11
721,9051776,CKD,2016-12
722,1560067517,High blood sugar,2016-09
723,2313518969,Diabetes,2016-12
724,51792344,Diabetes,2012-07
725,4680513272,AF,2016-11
726,5121531641,Diabetes,2013-05
727,2068605512,Diabetes,2012-08
728,6659469944,T2DM,2013-07
729,1633846976,ICD10: E11,2012-07
730,3521448632,ICD9:250,2013-10
731,289945952,Diabetes,2014-10
732,2003117069,ICD9:250,2016-05
733,4077527336,ICD9:250,2014-02
734,5376502937,Diabetes,2015-01
735,148685069,High blood sugar,2012-07
736,7267825469,ICD9:250,2012-05
737,25021901,T2DM,2012-02
738,890515592,ICD10: E11,2016-10
739,519636032,T2DM,2014-12
740,2605089341,High blood sugar,2015-02
741,3564956621,T2DM,2014-11
742,14349176,T2DM,2014-04
743,5164509512,Diabetes,2015-02
744,1710906752,T2DM,2014-11
745,5315462216,Diabetes,2016-03
746,1635107417,High blood sugar,2015-11
747,2821578941,Diabetes,2013-08
748,115097177,Diabetes,2014-12
749,4740416,ICD10: E11,2016-03
750,6083373152,High glucose,2012-03
751,7399836944,T2DM,2012-12
752,2312352776,T2DM,2015-05
753,1984092536,Diabetes,2013-04
754,19469,High blood sugar,2012-06
755,1552278296,ICD9:250,2014-02
756,1302667001,Diabetes,2012-01
757,2046136637,T2DM,2014-08
758,360891341,Diabetes,2012-01
759,29109944,ICD9: 427.31,2016-11
760,5743762877,High blood sugar,2016-12
761,3716909072,Atrial fibrillation,2016-05
762,378002144,T2DM,2012-06
763,208216952,ICD10: E11,2014-03
764,10818872,ICD9:250,2012-03
765,309677069,ICD10: E11,2015-04
766,4664648141,T2DM,2012-05
767,502797017,ICD9:250,2016-11
768,40561256,Diabetes,2014-11
769,145469,T2DM,2014-04
770,170464601,Diabetes,2015-12
771,5161771469,Diabetes,2014-06
772,4258669256,AF,2015-01
773,1577630141,Diabetes,2013-04
774,278210969,ICD10: E11,2015-08
775,6654382496,T2DM,2015-03
776,1018773821,High blood sugar,2012-07
777,3518571296,Diabetes,2016-04
778,9926552,High blood sugar,2016-11
779,7090254944,Diabetes,2015-05
780,6649296992,High glucose,2012-04
781,2661796376,AFib,2012-05
782,3313496537,ICD10: E11,2012-04
783,6671631161,T2DM,2016-06
784,1062012944,Diabetes,2014-08
785,4435899896,Diabetes,2016-08
786,4806722621,AFib,2015-12
787,239502944,T2DM,2013-01
788,1254239696,High glucose,2012-03
789,3527001101,Diabetes,2014-03
790,3545540921,Diabetes,2016-01
791,215121341,ICD9:250,2013-10
792,6032953277,Diabetes,2016-09
793,1019216141,CKD,2015-04
794,2652510944,Atrial fibrillation,2013-07
795,4356430616,Diabetes,2013-10
796,21499256,Diabetes,2012-05
797,4508408537,Diabetes,2014-01
798,182801177,Diabetes,2016-08
799,1781252336,Diabetes,2014-08
800,2809814717,Diabetes,2015-05
801,1196762456,ICD10: E11,2014-07
802,345270221,Diabetes,2016-05
803,7404307469,High glucose,2013-12
804,41671856,T2DM,2016-01
805,19218152,High glucose,2013-04
806,640531901,Diabetes,2016-08
807,3745686944,ICD10: E11,2014-11
808,1172203136,ICD10: E11,2013-01
809,54878456,Diabetes,2013-11
810,509655737,T2DM,2015-12
811,577047752,High blood sugar,2015-08
812,1416057497,T2DM,2012-09
813,5043246272,Diabetes,2014-03
814,9324776,ICD10: E11,2013-07
815,3193367897,ICD9:250,2012-08
816,368166521,ICD9:250,2012-03
817,162950969,High glucose,2012-04
818,6541549517,Diabetes,2015-09
819,2452679216,Diabetes,2012-11
820,2569145357,Atrial fibrillation,2012-11
821,1962855992,T2DM,2016-06
822,3558754361,T2DM,2014-04
823,180653069,ICD10: E11,2016-09
824,6485634317,T2DM,2012-04
825,5695819256,T2DM,2012-09
826,277806656,T2DM,2013-04
827,142995917,Diabetes,2016-12
828,3767130557,Diabetes,2016-04
829,353558477,T2DM,2012-06
830,69524057,Diabetes,2016-06
831,4443978701,AF,2014-05
832,594401597,T2DM,2015-01
833,6680405432,AFib,2013-04
834,1078672601,Atrial fibrillation,2014-10
835,327043712,Diabetes,2012-06
836,2510661392,ICD10: E11,2013-12
837,2536590521,Diabetes,2016-04
838,515537912,Diabetes,2015-03
839,4154645657,Diabetes,2015-10
840,488606201,ICD10: E11,2014-02
841,25195481,Chronic kidney disease,2013-01
842,4735657352,T2DM,2016-01
843,597107261,T2DM,2014-07
844,453353816,Diabetes,2012-06
845,796288061,ICD10: E11,2013-05
846,3756294944,T2DM,2016-05
847,356168717,ICD10: E11,2013-06
848,1702892144,ICD9:250,2013-12
849,3152196944,T2DM,2013-06
850,332958944,Diabetes,2016-09
851,2321523641,Diabetes,2016-03
852,1643803661,T2DM,2016-04
853,773482016,ICD9:250,2016-12
854,608333069,ICD10: N18,2014-03
855,1060207472,ICD10: E11,2016-07
856,2597492144,T2DM,2015-10
857,3440718137,Diabetes,2016-01
858,2543748752,T2DM,2015-07
859,7023905576,AF,2012-12
860,1754742944,ICD10: E11,2015-08
861,6989689352,ICD10: E11,2015-06
862,1552141817,ICD9:250,2014-08
863,3244664576,ICD9:250,2016-03
864,5280414617,ICD9:250,2014-06
865,3738058472,T2DM,2014-04
866,1342475417,T2DM,2015-09
867,119297177,Chronic kidney disease,2012-11
868,3442750397,High glucose,2016-08
869,2979775037,Diabetes,2013-01
870,6660600752,T2DM,2013-01
871,372098576,T2DM,2016-03
872,3489657977,Diabetes,2013-12
873,3105885197,Diabetes,2012-12
874,1790914736,ICD9:250,2014-05
875,137580221,ICD9:250,2012-07
876,87383096,Diabetes,2013-08
877,6127493177,CKD,2012-03
878,85003256,CKD,2015-03
879,5132861,Diabetes,2013-03
880,1055025296,Diabetes,2013-12
881,76265561,T2DM,2012-06
882,1319474621,T2DM,2015-11
883,25247672,ICD10: E11,2014-06
884,2860538192,ICD10: E11,2012-09
885,4747106792,Atrial fibrillation,2012-01
886,5500143641,ICD10: E11,2013-06
887,902235161,ICD9:250,2012-01
888,1603326041,Diabetes,2015-03
889,153410672,High blood sugar,2012-09
890,2032370621,AFib,2013-12
891,704291321,Chronic kidney disease,2013-11
892,319321736,Diabetes,2013-05
893,4431286736,ICD9:250,2014-10
894,3115738856,Diabetes,2014-05
895,4893571901,ICD10: E11,2012-06
896,14732237,ICD9:250,2012-10
897,6380610041,ICD10: E11,2013-07
898,651979961,T2DM,2013-08
899,2424624392,CKD,2012-12
900,1506893501,ICD10: E11,2016-05
901,3140926616,Diabetes,2013-11
902,11291069,Diabetes,2016-02
903,490522376,High glucose,2013-04
904,811469,ICD9:250,2013-10
905,4370617952,ICD9:250,2012-06
906,82153136,Diabetes,2015-09
907,432000269,Chronic kidney disease,2015-06
908,2929125296,Diabetes,2016-02
909,5289732512,ICD10: E11,2014-10
910,1319977997,A-fib,2015-01
911,1024198856,ICD10: I48,2014-02
912,3849002552,Diabetes,2014-05
913,1901644256,T2DM,2014-04
914,14283641,Diabetes,2015-08
915,53336,ICD9:250,2012-06
916,2069235776,Diabetes,2016-10
917,1209980936,ICD9:250,2014-02
918,1348447472,Diabetes,2012-09
919,178425101,AF,2012-05
920,1148250557,AF,2015-09
921,3224372237,High blood sugar,2013-10
922,1526049017,High blood sugar,2014-08
923,188702552,ICD10: E11,2016-08
924,11302712,Diabetes,2012-04
925,311630861,ICD10: N18,2016-12
926,2221805657,Diabetes,2013-05
927,458754137,High glucose,2014-07
928,3994779512,T2DM,2014-03
929,461950112,Diabetes,2016-06
930,12879821,High blood sugar,2014-07
931,526051961,ICD9:250,2016-08
932,5809584377,T2DM,2013-01
933,934461872,T2DM,2014-01
934,1744165901,Diabetes,2013-07
935,1422321497,T2DM,2012-11
936,2301205517,AF,2016-12
937,164058344,T2DM,2014-12
938,881133401,Atrial fibrillation,2013-07
939,1661688944,CKD,2012-07
940,1009287161,Diabetes,2013-02
941,375782861,ICD10: E11,2015-04
942,2348305721,Diabetes,2013-10
943,3803361977,Atrial fibrillation,2015-10
944,1133974361,AF,2016-10
945,2208924944,ICD9:250,2013-01
946,799419197,Atrial fibrillation,2014-04
947,4154199101,Diabetes,2016-09
948,76780712,ICD10: E11,2013-04
949,2854242344,Diabetes,2012-11
950,50849336,ICD10: E11,2016-09
951,570244376,Diabetes,2016-02
952,3061449344,Diabetes,2016-04
953,3822827696,Diabetes,2012-12
954,6537627641,ICD10: E11,2013-02
955,4020876569,ICD9:250,2014-01
956,713699597,T2DM,2015-01
957,1153656569,Diabetes,2013-04
958,360891341,AF,2013-04
959,6038066576,AF,2012-04
960,4091696552,CKD,2016-08
961,4499574221,Diabetes,2012-06
962,1519020281,T2DM,2014-10
963,281107469,Diabetes,2014-12
964,1308675257,T2DM,2014-08
965,1843781312,Diabetes,2013-07
966,4612743101,Diabetes,2012-12
967,3697925912,Diabetes,2015-01
968,3014860472,Diabetes,2015-03
969,4807202969,ICD9:250,2013-11
970,3862984637,Diabetes,2016-07
971,3771596816,AF,2013-05
972,2328752,T2DM,2012-08
973,4036487552,T2DM,2013-03
974,4431517337,Diabetes,2012-03
975,6914304461,ICD10: E11,2016-10
976,6120173936,T2DM,2013-07
977,296112944,Diabetes,2015-10
978,4241505872,Diabetes,2012-12
979,3054936032,Diabetes,2013-12
980,1112265344,Diabetes,2012-12
981,113837069,T2DM,2016-10
982,997217741,High glucose,2014-11
983,3127351376,Diabetes,2014-10
984,3645449912,T2DM,2015-10
985,420059936,T2DM,2012-04
986,2496448496,Diabetes,2013-04
987,7157795417,Diabetes,2016-03
988,1036206944,T2DM,2013-09
989,2979585944,CKD,2014-08
990,3397977344,ICD9:250,2012-03
991,2757361736,Diabetes,2015-04
992,10671257,ICD9:250,2016-04
993,926009552,T2DM,2016-10
994,1546142681,T2DM,2012-01
995,560114957,T2DM,2014-08
996,1321866512,ICD10: E11,2013-06
997,3547397576,Diabetes,2015-08
998,50701232,Chronic kidney disease,2014-03
999,2513439344,T2DM,2015-06
1000,1438698872,ICD10: E11,2016-12
1001,6675026969,T2DM,2016-01
1002,3564542969,T2DM,2016-11
1003,6772170701,ICD10: E11,2012-05
1004,604238861,ICD10: N18,2013-02
1005,932979944,Diabetes,2015-10
1006,7083547661,Diabetes,2015-02
1007,2383521176,High glucose,2016-07
1008,2929500272,ICD10: E11,2013-09
1009,4756658552,Diabetes,2015-03
1010,238431944,ICD10: E11,2015-04
1011,6904802144,ICD9:250,2016-03
1012,434523944,ICD9:250,2016-02
1013,6701940944,CKD,2012-07
1014,1295924237,T2DM,2013-03
1015,2742077,Diabetes,2015-05
1016,1633006952,Diabetes,2014-11
1017,5033656601,AF,2012-10
1018,1550640944,T2DM,2013-10
1019,6206928857,ICD9:250,2015-05
1020,1649145017,Diabetes,2012-01
1021,2445136472,ICD10: E11,2015-10
1022,2170830269,ICD9:250,2015-05
1023,2229977357,ICD10: N18,2014-08
1024,7129102781,Chronic kidney disease,2013-09
1025,6495402152,ICD9:250,2016-03
1026,1294552856,Atrial fibrillation,2016-07
1027,820218944,Diabetes,2015-08
1028,4680987272,High blood sugar,2012-04
1029,339309944,High glucose,2016-03
1030,1565408216,T2DM,2015-04
1031,1363097,T2DM,2014-06
1032,2413039232,ICD10: E11,2015-04
1033,1132225256,Diabetes,2016-09
1034,3520626416,T2DM,2014-11
1035,101129177,T2DM,2016-01
1036,1073785952,ICD9:250,2013-08
1037,3421036352,ICD9:250,2014-05
1038,1694468537,ICD9:250,2013-09
1039,1161081056,T2DM,2012-03
1040,113099069,Diabetes,2014-08
1041,171415712,ICD9:250,2016-04
1042,1682937944,ICD10: E11,2016-06
1043,4321974077,Atrial fibrillation,2014-01
1044,2559672569,AF,2016-06
1045,13496192,ICD9:250,2016-01
1046,96923837,Diabetes,2016-08
1047,965961677,Diabetes,2014-09
1048,2603851832,T2DM,2014-05
1049,7493701592,ICD9:250,2013-09
1050,66948797,Diabetes,2016-06
1051,737869736,T2DM,2013-11
1052,3729379961,High blood sugar,2013-03
1053,803734541,Diabetes,2016-05
1054,6224134472,ICD10: E11,2012-12
1055,107928281,ICD9:250,2016-11
1056,4626398969,ICD10: E11,2014-08
1057,2729239001,Diabetes,2012-07
1058,46760381,T2DM,2016-06
1059,3663344,Diabetes,2015-02
1060,2366976032,T2DM,2014-01
1061,598208192,Diabetes,2016-12
1062,1486923776,ICD10: E11,2016-11
1063,917175944,Diabetes,2012-03
1064,740129816,Diabetes,2014-02
1065,1477321712,Diabetes,2014-12
1066,259358681,T2DM,2016-10
1067,5278149344,ICD10: E11,2014-06
1068,273149561,Diabetes,2016-12
1069,4400440472,High blood sugar,2016-04
1070,1268387801,Diabetes,2012-09
1071,2135307392,High glucose,2014-08
1072,85003256,High glucose,2014-12
1073,1861225661,CKD,2012-05
1074,310836392,ICD10: E11,2015-08
1075,2443423832,ICD10: N18,2013-02
1076,3810415232,Diabetes,2015-12
1077,7395069872,ICD9:250,2012-11
1078,865165241,Diabetes,2014-01
1079,1854208232,ICD9:250,2016-10
1080,1379535677,Chronic renal failure,2015-03
1081,1464832496,Diabetes,2012-10
1082,651537776,High glucose,2016-03
1083,2486074376,ICD10: E11,2016-10
1084,5611687769,Diabetes,2016-12
1085,49988441,High glucose,2015-08
1086,518767769,ICD10: E11,2016-03
1087,5680143776,T2DM,2016-04
1088,3958517144,CKD,2013-03
1089,1530382457,Diabetes,2015-10
1090,14322944,ICD9:250,2015-06
1091,4201218521,High blood sugar,2015-07
1092,74073152,Diabetes,2015-04
1093,2472964832,Diabetes,2013-05
1094,1768555469,ICD9:250,2016-05
1095,1085623856,Atrial fibrillation,2014-06
1096,7287625376,ICD9:250,2014-05
1097,5871267632,T2DM,2013-12
1098,339373757,Diabetes,2016-10
1099,3128901344,ICD10: E11,2015-09
1100,2913958937,Diabetes,2016-04
1101,1663383896,AF,2015-01
1102,7555976,T2DM,2012-09
1103,6751091801,Diabetes,2012-06
1104,4302638192,T2DM,2013-12
1105,1691902781,Diabetes,2013-08
1106,1890030269,ICD10: E11,2015-02
1107,1297046816,Diabetes,2013-02
1108,4808403944,ICD10: E11,2014-12
1109,484785101,Atrial fibrillation,2015-08
1110,714625337,ICD9:250,2012-04
1111,50874041,ICD9: 427.31,2015-12
1112,2081229032,T2DM,2013-11
1113,830070137,Diabetes,2016-05
1114,1096952921,T2DM,2014-12
1115,371030192,T2DM,2013-06
1116,2034870077,CKD,2016-02
1117,1681091021,CKD,2014-05
1118,5157043832,Diabetes,2012-04
1119,1789449056,ICD10: E11,2013-04
1120,1045818992,AFib,2013-09
1121,48505592,High blood sugar,2015-05
1122,3166215776,T2DM,2013-09
1123,2409467069,Diabetes,2012-06
1124,2772662672,Chronic kidney disease,2012-10
1125,6102842096,CRF,2012-08
1126,7063444856,AF,2013-04
1127,4390564877,Diabetes,2016-03
1128,1036429976,CKD,2015-08
1129,523037117,T2DM,2013-08
1130,1009947581,ICD10: E11,2014-06
1131,5156795069,Diabetes,2015-10
1132,1130361032,Diabetes,2016-09
1133,5854292144,ICD9:250,2016-09
1134,14905592,ICD10: E11,2016-07
1135,947318969,Diabetes,2013-09
1136,4255730957,ICD9:250,2012-08
1137,2714599952,Diabetes,2015-12
1138,317714312,ICD9:250,2015-03
1139,1136425376,Diabetes,2012-04
1140,4326074297,Diabetes,2015-10
1141,119372861,Diabetes,2015-09
1142,9655577,Atrial fibrillation,2012-06
1143,2836503272,ICD9:250,2014-01
1144,90684281,ICD9:250,2012-09
1145,5566625597,Diabetes,2015-11
1146,5876843069,ICD9:250,2012-10
1147,1589347136,Diabetes,2016-04
1148,3784372136,T2DM,2014-03
1149,17007752,AF,2012-02
1150,4764306872,CRF,2015-10
1151,5620254536,Diabetes,2016-05
1152,19523072,Diabetes,2015-11
1153,3620603069,CKD,2012-06
1154,7309229069,T2DM,2014-07
1155,4301502137,CKD,2012-06
1156,2221642376,Diabetes,2013-05
1157,6680971712,T2DM,2016-11
1158,13534397,Diabetes,2013-08
1159,961767344,T2DM,2012-07
1160,7251001976,Diabetes,2016-12
1161,3321477497,T2DM,2014-02
1162,2333891261,Diabetes,2015-09
1163,3696662096,ICD9:250,2016-11
1164,1229823296,Diabetes,2016-07
1165,20988344,ICD10: E11,2015-09
1166,104961944,ICD10: E11,2012-08
1167,5525864441,Diabetes,2014-10
1168,853588541,T2DM,2012-01
1169,1297920269,ICD9:250,2014-12
1170,1589623352,Diabetes,2016-12
1171,1234930832,Chronic kidney disease,2012-03
1172,369430496,Diabetes,2016-05
1173,7362337832,ICD9:250,2014-09
1174,5419277,Chronic kidney disease,2014-11
1175,2085181757,ICD10: E11,2013-01
1176,2268915272,Diabetes,2012-10
1177,226235837,High blood sugar,2016-09
1178,6764475944,Diabetes,2012-08
1179,211377977,High blood sugar,2015-01
1180,1740984569,CKD,2013-03
1181,648358472,AF,2012-12
1182,5977653401,ICD9:250,2015-02
1183,3432189197,Diabetes,2012-06
1184,2514134072,ICD9:250,2014-09
1185,5919142952,ICD9:250,2016-03
1186,2740289456,Diabetes,2014-07
1187,830868761,Atrial fibrillation,2013-11
1188,1112149817,Diabetes,2014-05
1189,2464702976,A-fib,2012-02
1190,2338244441,Atrial fibrillation,2016-08
1191,6360150077,ICD9:250,2013-11
1192,85483001,T2DM,2012-03
1193,3484339469,T2DM,2013-11
1194,1589761469,ICD10: E11,2016-07
1195,16638344,Diabetes,2013-11
1196,854904752,T2DM,2013-06
1197,199806032,High glucose,2015-11
1198,2704502144,Chronic kidney disease,2015-03
1199,2453022344,Atrial fibrillation,2013-07
1200,6987372632,T2DM,2014-04
1201,6602207501,CKD,2013-11
1202,4183499216,T2DM,2012-10
1203,758334872,CKD,2012-08
1204,5119052861,T2DM,2013-07
1205,6707613944,Diabetes,2016-08
1206,1470406232,AF,2012-07
1207,6340274621,Diabetes,2012-06
1208,80528552,Chronic kidney disease,2013-08
1209,271663037,T2DM,2014-03
1210,825186944,High glucose,2015-02
1211,2287267901,Diabetes,2015-04
1212,5760051641,ICD9:250,2012-08
1213,1268264432,Diabetes,2013-08
1214,6422738969,T2DM,2013-09
1215,589260944,Atrial fibrillation,2013-08
1216,986199752,CKD,2013-01
1217,2270235512,T2DM,2016-08
1218,1404349757,ICD9:250,2013-08
1219,28496,Diabetes,2015-06
1220,735344,T2DM,2015-10
1221,10057952,ICD9:250,2013-05
1222,2597845256,Diabetes,2012-07
1223,15350201,T2DM,2016-09
1224,58133081,High glucose,2013-06
1225,5167497296,Diabetes,2015-03
1226,3086032256,Diabetes,2016-05
1227,452100797,High blood sugar,2012-12
1228,66872,Atrial fibrillation,2013-01
1229,1171491632,Diabetes,2014-03
1230,679997,ICD9:250,2016-02
1231,7389113192,Diabetes,2016-09
1232,114344,Diabetes,2012-08
1233,898700861,T2DM,2015-10
1234,532907021,ICD10: E11,2013-10
1235,1164033881,Chronic kidney disease,2014-05
1236,566857817,ICD9:250,2016-05
1237,1112912,T2DM,2015-11
1238,5079227096,Diabetes,2013-09
1239,775795952,Diabetes,2015-02
1240,299880281,A-fib,2012-08
1241,7304787344,ICD10: E11,2014-10
1242,4687625792,T2DM,2012-02
1243,7179792992,Diabetes,2015-10
1244,7390899944,Diabetes,2016-11
1245,550238816,T2DM,2016-08
1246,2008236656,Chronic kidney disease,2012-09
1247,2916390392,T2DM,2012-06
1248,1958254472,Diabetes,2014-01
1249,701260832,Diabetes,2015-03
1250,4051246781,Atrial fibrillation,2014-05
1251,360628157,Diabetes,2014-03
1252,6964804736,T2DM,2015-10
1253,861297677,ICD9:250,2014-04
1254,2387074061,ICD9:250,2013-08
1255,2661796376,Diabetes,2013-09
1256,928224569,AFib,2012-07
1257,4890664397,AFib,2016-11
1258,4856083136,ICD10: E11,2012-12
1259,664422041,ICD9: 427.31,2013-07
1260,272072,ICD10: E11,2014-03
1261,6141058877,Chronic kidney disease,2014-09
1262,2955431576,ICD10: E11,2014-09
1263,1944344,T2DM,2016-07
1264,6576618392,Diabetes,2013-02
1265,267737696,Diabetes,2016-10
1266,2034713816,Diabetes,2012-03
1267,1295051456,High blood sugar,2014-05
1268,2963157821,Diabetes,2014-12
1269,108288461,ICD9:250,2014-06
1270,2692984832,ICD9:250,2012-12
1271,196684496,Diabetes,2016-01
1272,363066272,High glucose,2015-09
1273,150847112,CKD,2015-09
1274,311508569,T2DM,2016-08
1275,488529632,Diabetes,2013-07
1276,4458770381,CKD,2016-04
1277,1343744957,AF,2015-07
1278,3801012344,ICD9:250,2013-03
1279,2490740057,ICD9:250,2015-01
1280,191328857,High glucose,2016-03
1281,1965926672,T2DM,2015-08
1282,2337909437,AF,2013-10
1283,4869497,T2DM,2013-06
1284,6273973352,Diabetes,2013-10
1285,7311598541,Chronic kidney disease,2015-10
1286,330435344,Renal insufficiency,2014-10
1287,4541264216,Diabetes,2015-11
1288,900259256,T2DM,2015-04
1289,2643419837,CKD,2016-09
1290,4374741176,T2DM,2012-05
1291,382663577,T2DM,2012-02
1292,859468697,High glucose,2016-04
1293,299400569,T2DM,2014-06
1294,2653938416,ICD10: E11,2013-10
1295,2037840176,High blood sugar,2012-01
1296,1091567144,ICD9: 585,2016-05
1297,3477390617,T2DM,2013-06
1298,296053337,Diabetes,2015-08
1299,2216909837,Diabetes,2013-06
1300,2212671161,ICD10: E11,2014-08
1301,7382265977,Atrial fibrillation,2014-03
1302,2446164344,T2DM,2013-03
1303,3381237821,T2DM,2012-07
1304,4666304432,T2DM,2014-12
1305,4672932536,Diabetes,2013-02
1306,3677100569,Atrial fibrillation,2012-03
1307,4473586637,Diabetes,2013-01
1308,940826312,Diabetes,2016-06
1309,252762392,Diabetes,2013-01
1310,5481405344,ICD9:250,2016-08
1311,52668569,T2DM,2013-02
1312,66835469,T2DM,2012-10
1313,1564723001,ICD9:250,2016-06
1314,1910870201,T2DM,2012-07
1315,138842696,ICD9:250,2016-05
1316,180839357,ICD10: E11,2014-01
1317,1827307469,CKD,2014-04
1318,849948941,Diabetes,2015-09
1319,5715443981,ICD9:250,2014-01
1320,4101452144,ICD9:250,2013-11
1321,3570336281,T2DM,2013-06
1322,6461664569,CKD,2014-02
1323,420628112,Diabetes,2015-05
1324,1272462344,Diabetes,2016-08
1325,4760481944,T2DM,2012-12
1326,2844257312,ICD9:250,2013-03
1327,367302944,T2DM,2016-12
1328,720192377,ICD10: E11,2013-10
1329,12694016,T2DM,2012-08
1330,3839337497,Diabetes,2012-07
1331,3145004921,T2DM,2015-02
1332,3948715469,ICD9:250,2015-02
1333,417437117,Renal insufficiency,2016-06
1334,3807422144,T2DM,2016-10
1335,1913899961,ICD10: E11,2014-08
1336,6156270269,T2DM,2015-12
1337,1679812976,T2DM,2015-08
1338,3175969376,Renal insufficiency,2016-08
1339,1416176,T2DM,2012-03
1340,2103412592,High glucose,2012-10
1341,155390696,T2DM,2012-10
1342,3825184061,T2DM,2016-10
1343,23152121,High glucose,2013-01
1344,333085376,ICD9:250,2013-10
1345,687204944,T2DM,2012-01
1346,425044496,T2DM,2015-11
1347,2755724861,T2DM,2015-12
1348,3196500761,Diabetes,2014-04
1349,210221192,T2DM,2014-02
1350,363132281,High blood sugar,2015-11
1351,4232035712,CKD,2014-09
1352,3258491816,High glucose,2014-05
1353,50012936,High blood sugar,2015-08
1354,495830477,High blood sugar,2012-09
1355,7078009256,CKD,2013-03
1356,6857675432,T2DM,2012-11
1357,3811056761,Diabetes,2016-04
1358,2156650301,ICD9:250,2014-05
1359,28979261,Diabetes,2015-12
1360,2097697016,Diabetes,2012-02
1361,806585096,Diabetes,2014-05
1362,401942144,T2DM,2012-01
1363,117563069,ICD9:250,2016-03
1364,549995069,High blood sugar,2016-06
1365,841185344,Diabetes,2012-07
1366,2485901657,Diabetes,2015-11
1367,692299712,T2DM,2016-04
1368,1472931161,ICD10: E11,2015-08
1369,3790981181,ICD10: E11,2012-09
1370,3189845261,T2DM,2013-05
1371,792382781,Diabetes,2012-09
1372,1407077216,ICD10: E11,2012-09
1373,3683615312,Diabetes,2013-12
1374,836770472,Diabetes,2015-03
1375,4260704057,High glucose,2014-09
1376,5455276616,Diabetes,2016-03
1377,2222785469,Diabetes,2016-05
1378,501477392,ICD9:250,2012-08
1379,6378119912,Chronic kidney disease,2014-08
1380,3231851321,Atrial fibrillation,2016-04
1381,2669129021,Diabetes,2012-09
1382,1035537992,ICD10: N18,2012-09
1383,2559847832,High glucose,2013-09
1384,7318709261,T2DM,2014-04
1385,799027469,T2DM,2014-08
1386,5359498136,ICD9:250,2013-05
1387,5152815677,T2DM,2013-03
1388,602366969,Diabetes,2014-02
1389,4577285432,ICD10: E11,2016-01
1390,7217072,Diabetes,2015-11
1391,1569797144,ICD10: E11,2012-10
1392,1861375112,AF,2013-05
1393,4995389177,ICD9:250,2012-09
1394,5446069616,ICD9:250,2016-09
1395,4395156797,Diabetes,2012-10
1396,1453584701,Diabetes,2014-11
1397,6175038752,ICD9:250,2015-12
1398,3566611469,CKD,2016-09
1399,606710792,Diabetes,2015-11
1400,1460328176,Diabetes,2014-01
1401,2276192,T2DM,2015-12
1402,1816121,T2DM,2013-10
1403,2923503536,ICD10: E11,2015-09
1404,4260477944,ICD9:250,2015-07
1405,136728272,AF,2015-12
1406,487917296,Diabetes,2016-09
1407,550076312,Diabetes,2012-08
1408,3463309856,Diabetes,2016-11
1409,4575176381,Diabetes,2015-05
1410,393995069,ICD10: N18,2012-11
1411,2591669261,Atrial fibrillation,2012-08
1412,282561344,ICD9:250,2012-06
1413,3013148861,T2DM,2013-01
1414,2888024456,ICD10: E11,2014-07
1415,2823787469,ICD9:250,2015-05
1416,595584569,ICD9:250,2012-08
1417,650918969,Atrial fibrillation,2015-07
1418,4218525272,ICD10: E11,2016-11
1419,2488320269,Diabetes,2014-11
1420,190371737,High glucose,2012-06
1421,86382137,ICD10: E11,2013-07
1422,1723395341,High glucose,2013-10
1423,2348809352,ICD9:250,2016-09
1424,5829403952,T2DM,2013-04
1425,52693712,Diabetes,2013-03
1426,1286961101,Diabetes,2012-07
1427,1265551832,ICD9:250,2012-03
1428,5851376957,T2DM,2012-09
1429,3765429821,Diabetes,2013-11
1430,1841104856,Diabetes,2013-07
1431,417295577,High glucose,2013-03
1432,613181,ICD9:250,2016-04
1433,5043000269,ICD9:250,2013-01
1434,2882628281,T2DM,2014-09
1435,350828057,Diabetes,2015-06
1436,952657469,Diabetes,2013-06
1437,162023672,ICD10: E11,2012-11
1438,3650889944,ICD10: E11,2013-04
1439,4270885352,High glucose,2015-02
1440,1662253832,T2DM,2012-02
1441,3925241021,Atrial fibrillation,2014-07
1442,6765330701,ICD10: E11,2013-11
1443,581215952,High blood sugar,2015-09
1444,1490666312,AF,2014-08
1445,3622062296,Diabetes,2015-08
1446,1702034552,T2DM,2014-11
1447,9420221,A-fib,2012-07
1448,5210917256,Diabetes,2014-04
1449,6059889677,ICD10: E11,2012-04
1450,4224827456,Diabetes,2015-12
1451,2236034072,Diabetes,2014-04
1452,4490052176,ICD9:250,2015-02
1453,6443855417,High blood sugar,2015-04
1454,5908220921,ICD10: E11,2015-01
1455,3269574776,Atrial fibrillation,2013-09
1456,642374336,T2DM,2014-10
1457,244785536,ICD10: E11,2012-05
1458,862009472,Diabetes,2013-03
1459,431208632,Atrial fibrillation,2014-07
1460,41337101,Chronic renal failure,2013-03
1461,6403832,Diabetes,2012-01
1462,505675136,High glucose,2012-06
1463,4929988601,T2DM,2013-06
1464,201671072,ICD10: E11,2016-02
1465,7463744192,Diabetes,2014-06
1466,299837,ICD9:250,2013-02
1467,5433805712,A-fib,2013-07
1468,7025937977,T2DM,2014-11
1469,2237508569,T2DM,2015-12
1470,6008224781,ICD10: N18,2012-10
1471,1410717944,Diabetes,2012-08
1472,1003023944,ICD10: E11,2015-09
1473,1997539517,Diabetes,2014-03
1474,154356056,AF,2016-12
1475,1392173561,AF,2016-12
1476,2100553832,Diabetes,2013-11
1477,4909821344,T2DM,2016-01
1478,3946756592,ICD10: E11,2015-06
1479,5147843597,ICD10: E11,2016-04
1480,2677726397,ICD10: E11,2012-07
1481,4594879757,T2DM,2012-11
1482,1430170937,Diabetes,2013-04
1483,2877051341,AF,2015-11
1484,932027897,T2DM,2014-08
1485,3277304381,Diabetes,2016-06
1486,3327069881,AF,2012-06
1487,4541964569,T2DM,2012-08
1488,156775592,ICD10: E11,2014-04
1489,32828861,High glucose,2015-12
1490,5656671056,Diabetes,2013-11
1491,1190897597,ICD10: E11,2016-04
1492,6461943032,CRF,2012-02
1493,3317086781,T2DM,2016-08
1494,833867021,Diabetes,2015-08
1495,802556477,ICD9:250,2016-11
1496,7161019616,ICD10: E11,2014-04
1497,56846096,ICD9:250,2013-01
1498,923902472,T2DM,2016-04
1499,907769,Diabetes,2012-05
1500,1222666301,T2DM,2013-02
1501,5471920061,Diabetes,2016-01
1502,1131759056,ICD10: E11,2012-09
1503,63425081,ICD9:250,2013-06
1504,2570725856,ICD10: E11,2016-07
1505,614586176,Diabetes,2016-08
1506,5509139096,ICD10: E11,2013-03
1507,2468143736,T2DM,2013-05
1508,311814344,ICD9:250,2013-01
1509,2822867144,Diabetes,2015-12
1510,2471759117,Diabetes,2013-06
1511,649240832,High glucose,2012-09
1512,1263334592,Diabetes,2012-10
1513,494134937,ICD9:250,2016-09
1514,1094086496,Diabetes,2014-05
1515,2578635641,T2DM,2016-09
1516,5752429832,ICD10: E11,2014-01
1517,3401006969,ICD10: N18,2012-11
1518,3952199117,ICD10: E11,2013-11
1519,738528569,Diabetes,2014-07
1520,2458343897,Diabetes,2012-08
1521,6725499581,ICD9:250,2012-11
1522,1807224077,ICD10: E11,2013-03
1523,7240386656,Diabetes,2015-03
1524,1394759801,Diabetes,2016-03
1525,2191700792,AF,2012-02
1526,473562557,ICD10: E11,2015-11
1527,3856743344,Diabetes,2016-11
1528,533306936,ICD9:250,2014-10
1529,4936801337,ICD9:250,2014-08
1530,996124121,CKD,2016-01
1531,2422236944,Diabetes,2012-02
1532,4415619944,Diabetes,2014-07
1533,90981416,High blood sugar,2016-09
1534,3597918752,Renal insufficiency,2015-09
1535,2304862841,ICD9:250,2014-08
1536,6776162297,High blood sugar,2012-04
1537,6599955917,ICD9:250,2012-07
1538,1445539472,ICD10: N18,2015-02
1539,164147096,ICD9:250,2014-07
1540,366705677,ICD9:250,2013-12
1541,2115982361,Diabetes,2016-08
1542,1670455496,Diabetes,2013-11
1543,7354611776,T2DM,2014-02
1544,6361255181,Diabetes,2015-01
1545,6408865469,Diabetes,2015-11
1546,420059936,CRF,2013-05
1547,1743297977,High glucose,2012-10
1548,7415042237,Diabetes,2013-07
1549,6840760781,ICD10: E11,2016-09
1550,17554952,Diabetes,2013-09
1551,1880554376,Diabetes,2012-06
1552,1071290096,Diabetes,2013-03
1553,1079924456,Diabetes,2014-10
1554,382799117,T2DM,2013-03
1555,361352144,ICD9:250,2014-07
1556,1693042877,CKD,2015-01
1557,4628048456,T2DM,2012-02
1558,2473998536,Diabetes,2016-07
1559,64839872,AF,2015-02
1560,653484512,ICD9:250,2016-03
1561,50849336,Renal insufficiency,2016-12
1562,6675876056,Diabetes,2012-04
1563,545131469,ICD10: E11,2013-10
1564,2053507976,Diabetes,2014-08
1565,543595832,High blood sugar,2014-02
1566,1104883712,Diabetes,2016-07
1567,176671097,T2DM,2013-02
1568,4611096344,ICD10: E11,2015-10
1569,5990516057,ICD9:250,2015-01
1570,1947538592,Diabetes,2015-11
1571,583724072,Diabetes,2016-02
1572,483717881,T2DM,2014-11
1573,1554599357,Chronic kidney disease,2013-02
1574,2524218416,Diabetes,2013-10
1575,782080217,High blood sugar,2012-12
1576,3832471961,Diabetes,2012-08
1577,3783093632,Diabetes,2012-10
1578,7470329672,ICD10: E11,2016-01
1579,5068616717,T2DM,2013-03
1580,3576134297,Diabetes,2013-10
1581,652953296,Diabetes,2012-05
1582,582803801,Diabetes,2012-01
1583,3272546621,Diabetes,2012-02
1584,1249827032,Diabetes,2014-05
1585,295040936,Diabetes,2014-08
1586,915498152,AF,2014-04
1587,5680404857,High blood sugar,2014-08
1588,508795856,Diabetes,2014-02
1589,6346896317,High glucose,2015-12
1590,5292252272,Diabetes,2015-03
1591,4431978557,Diabetes,2013-10
1592,1248725081,T2DM,2016-08
1593,9377741,Diabetes,2015-01
1594,4947029261,High glucose,2012-12
1595,3633955517,ICD10: E11,2014-10
1596,6681821177,Diabetes,2014-11
1597,78122096,CKD,2013-05
1598,3398179277,A-fib,2016-11
1599,5001266969,Diabetes,2013-07
1600,596091917,Diabetes,2014-07
1601,3821114432,High glucose,2016-04
1602,2196406361,Diabetes,2015-03
1603,3131033177,Diabetes,2016-02
1604,249797144,Diabetes,2012-11
1605,29597912,ICD9:250,2014-06
1606,8049401,Diabetes,2016-04
1607,1063819952,Diabetes,2013-01
1608,1368492761,CKD,2013-08
1609,622425917,ICD10: E11,2014-08
1610,2410317344,Diabetes,2015-05
1611,3620394632,High glucose,2012-10
1612,6513282344,ICD10: E11,2013-10
1613,32948057,Diabetes,2013-06
1614,1309803344,ICD10: E11,2015-02
1615,1816218344,ICD9:250,2014-06
1616,2549342672,High glucose,2014-03
1617,2174382521,T2DM,2012-04
1618,15842681,Diabetes,2014-06
1619,2843518376,T2DM,2013-12
1620,6506574392,Diabetes,2014-01
1621,11059469,T2DM,2013-03
1622,1100282672,High glucose,2013-04
1623,242568461,Diabetes,2014-10
1624,795799376,Diabetes,2012-01
1625,5314957112,T2DM,2012-05
1626,6845345741,T2DM,2014-01
1627,7199178776,AF,2013-09
1628,332137721,T2DM,2014-10
1629,15568121,T2DM,2014-06
1630,736176944,High glucose,2015-06
1631,138801881,ICD9:250,2016-10
1632,1300167641,Diabetes,2016-03
1633,7147834301,High glucose,2015-09
1634,1532009081,ICD9:250,2015-10
1635,6255055001,Atrial fibrillation,2016-01
1636,211377977,Chronic kidney disease,2012-04
1637,7344514592,T2DM,2012-09
1638,810722432,CKD,2016-07
1639,1646754392,Diabetes,2012-06
1640,1031751344,High blood sugar,2015-03
1641,1924219097,ICD9:250,2015-09
1642,2324194937,Diabetes,2014-12
1643,4732082237,Diabetes,2012-04
1644,32888432,A-fib,2013-03
1645,1510122557,High glucose,2016-03
1646,2430085832,T2DM,2016-01
1647,552027944,Diabetes,2014-07
1648,58768697,ICD9:250,2015-02
1649,6803850656,Atrial fibrillation,2012-08
1650,6800422232,ICD9:250,2012-03
1651,26249561,ICD9:250,2012-09
1652,757381232,ICD9:250,2014-06
1653,4026809576,Diabetes,2016-01
1654,2950160912,Chronic kidney disease,2012-12
1655,2676292541,Diabetes,2012-07
1656,1575566936,ICD10: E11,2016-10
1657,153625277,Diabetes,2016-07
1658,2398766456,ICD9:250,2013-09
1659,1804868621,Diabetes,2016-10
1660,1986870944,ICD10: E11,2012-11
1661,5172977144,ICD10: E11,2016-05
1662,3900754712,Diabetes,2012-05
1663,1641697616,ICD9:250,2015-06
1664,4093026176,Atrial fibrillation,2013-04
1665,299640377,High glucose,2013-03
1666,1389460592,ICD10: E11,2015-08
1667,4474281752,Diabetes,2016-01
1668,2669486969,T2DM,2015-06
1669,2142356456,High blood sugar,2012-12
1670,1751551976,T2DM,2016-10
1671,2219357072,Diabetes,2012-01
1672,166016432,Diabetes,2013-12
1673,1322244377,Diabetes,2013-04
1674,13104569,Diabetes,2016-12
1675,3970076921,ICD10: E11,2014-04
1676,4394238221,Diabetes,2012-03
1677,2719475261,ICD10: E11,2014-05
1678,136404416,Chronic renal failure,2015-03
1679,375917177,Atrial fibrillation,2014-07
1680,5838344,T2DM,2016-02
1681,41738969,AF,2016-07
1682,2391815357,A-fib,2015-12
1683,729799496,ICD10: E11,2016-03
1684,4834863344,High glucose,2014-08
1685,7863752,ICD10: E11,2015-04
1686,148938617,High blood sugar,2016-05
1687,4524238937,Diabetes,2016-09
1688,74132792,Diabetes,2014-01
1689,1877401037,Diabetes,2014-02
1690,361022969,ICD9:250,2013-07
1691,3227913881,Diabetes,2012-01
1692,5540036456,ICD9:250,2014-02
1693,67033856,High blood sugar,2012-06
1694,17467976,Diabetes,2012-08
1695,90486461,ICD9:250,2014-03
1696,5143867661,ICD10: E11,2013-07
1697,4208181896,T2DM,2014-03
1698,360562376,Chronic renal failure,2012-02
1699,69871097,ICD10: E11,2012-07
1700,4970202896,Diabetes,2015-07
1701,1760116121,Diabetes,2014-05
1702,6061238072,T2DM,2016-05
1703,149107769,High glucose,2012-04
1704,151059917,T2DM,2012-12
1705,2473309376,ICD9:250,2015-05
1706,7235376569,Diabetes,2014-08
1707,4126336976,Diabetes,2014-09
1708,355841912,Diabetes,2014-02
1709,2550392216,ICD9:250,2015-02
1710,431064776,Diabetes,2015-06
1711,2232104456,High glucose,2013-12
1712,56428976,High blood sugar,2013-08
1713,968331737,Diabetes,2012-12
1714,3137044976,ICD10: E11,2012-03
1715,1942191677,T2DM,2015-10
1716,4453451792,T2DM,2013-04
1717,6582238112,Chronic kidney disease,2013-07
1718,5508110672,Diabetes,2014-02
1719,4749971312,ICD10: E11,2014-02
1720,1128731096,High blood sugar,2014-07
1721,2831708456,T2DM,2016-07
1722,5384634137,T2DM,2014-10
1723,85131056,AF,2012-03
1724,3507484016,ICD9:250,2012-12
1725,881544761,T2DM,2014-03
1726,3522887741,CKD,2014-12
1727,4264096472,T2DM,2016-02
1728,7053840569,ICD10: E11,2015-01
1729,3398381216,ICD9:250,2013-01
1730,3627276221,T2DM,2016-04
1731,4126559501,AF,2014-07
1732,2090563481,Renal insufficiency,2016-08
1733,1495351097,Diabetes,2012-02
1734,2478652877,ICD10: E11,2014-09
1735,81808121,ICD9:250,2012-10
1736,5480123069,Diabetes,2013-04
1737,792967961,High glucose,2014-12
1738,5018675672,Diabetes,2013-03
1739,3050916569,Diabetes,2016-02
1740,336825917,ICD10: E11,2016-12
1741,946999136,Diabetes,2014-08
1742,416164121,Atrial fibrillation,2016-08
1743,2620494344,Diabetes,2013-07
1744,1930758752,Diabetes,2016-03
1745,3307716344,Diabetes,2013-03
1746,2750090456,AFib,2016-12
1747,198632576,Diabetes,2015-02
1748,6577180256,Diabetes,2014-01
1749,4166264537,AF,2015-11
1750,644747069,High blood sugar,2016-03
1751,1071063344,ICD9:250,2016-04
1752,5519171261,Diabetes,2016-10
1753,4098346832,High glucose,2013-01
1754,1645911056,T2DM,2015-12
1755,618284477,High glucose,2012-01
1756,2710270016,ICD10: E11,2012-05
1757,722797721,Diabetes,2014-09
1758,342123392,ICD9:250,2013-05
1759,563399117,High glucose,2012-03
1760,2471070269,Diabetes,2013-05
1761,30509432,Atrial fibrillation,2015-01
1762,4298549096,T2DM,2016-08
1763,4685017241,High glucose,2016-11
1764,1112496416,ICD9:250,2012-11
1765,331380569,ICD10: E11,2015-08
1766,3523093352,ICD10: E11,2015-05
1767,896106536,CKD,2014-09
1768,120168992,Diabetes,2016-10
1769,3880659737,T2DM,2012-08
1770,475826777,Atrial fibrillation,2016-05
1771,457641872,Diabetes,2015-09
1772,6598548872,Diabetes,2015-07
1773,89598944,ICD10: N18,2014-09
1774,5860389881,Diabetes,2016-08
1775,678695312,ICD9:250,2013-06
1776,1891988576,Diabetes,2014-01
1777,6460550777,CKD,2013-05
1778,2718933344,ICD9:250,2013-05
1779,2035651472,Diabetes,2012-05
1780,1124893757,Diabetes,2016-10
1781,6958856,ICD10: E11,2014-05
1782,220592,ICD10: E11,2016-02
1783,2271886352,ICD9:250,2014-01
1784,2611458317,Diabetes,2015-01
1785,3339469757,Diabetes,2012-07
1786,4024172144,ICD9:250,2013-02
1787,3452310056,CRF,2013-02
1788,1899831944,ICD10: E11,2012-05
1789,5748489497,Diabetes,2012-06
1790,152939069,Diabetes,2016-08
1791,1660877,ICD9:250,2015-05
1792,149954969,AF,2012-06
1793,2858500541,T2DM,2013-02
1794,1679812976,CKD,2016-04
1795,3137821112,ICD9:250,2016-08
1796,4991717312,CRF,2012-02
1797,1779790616,T2DM,2012-12
1798,2945270936,Diabetes,2014-10
1799,740695376,Diabetes,2016-07
1800,5691114344,Diabetes,2015-06
1801,7270483592,Diabetes,2014-01
1802,384971021,Diabetes,2013-03
1803,541659176,ICD9:250,2015-12
1804,1349465312,CKD,2012-02
1805,531628301,Diabetes,2014-11
1806,4131456569,ICD10: N18,2012-06
1807,5503483952,Diabetes,2016-01
1808,5941017272,ICD9:250,2012-04
1809,1913445344,Diabetes,2013-11
1810,5128227344,Diabetes,2013-10
1811,2576349344,Chronic kidney disease,2012-05
1812,5470126472,ICD10: E11,2012-11
1813,647741177,T2DM,2016-12
1814,5079720872,High glucose,2013-10
1815,1669181501,High glucose,2016-12
1816,115580816,Chronic kidney disease,2014-10
1817,300961037,AF,2013-01
1818,53552144,Diabetes,2014-10
1819,4157325497,Diabetes,2016-03
1820,1948914701,Diabetes,2012-03
1821,138883517,Diabetes,2013-05
1822,5301832832,Diabetes,2012-12
1823,344433944,Diabetes,2016-04
1824,86768921,Diabetes,2016-12
1825,182707517,Diabetes,2013-11
1826,2283790112,CKD,2014-07
1827,6387806477,A-fib,2012-05
1828,4919292377,ICD9:250,2013-05
1829,3748019417,T2DM,2016-09
1830,176809256,ICD9:250,2013-03
1831,1011048761,ICD9: 427.31,2016-07
1832,1723107737,ICD10: E11,2013-09
1833,621043901,High blood sugar,2013-01
1834,1226545469,Diabetes,2014-12
1835,1299917837,ICD10: E11,2015-06
1836,3361727144,CKD,2016-11
1837,693029072,ICD9:250,2015-03
1838,1384944857,T2DM,2013-12
1839,853790969,Diabetes,2012-08
1840,149319344,ICD9:250,2014-05
1841,2347130792,Diabetes,2013-07
1842,3345878717,AF,2015-10
1843,5161024856,Diabetes,2013-10
1844,7464941336,Diabetes,2016-03
1845,3375398816,Diabetes,2016-10
1846,216852281,ICD10: E11,2015-09
1847,1465760717,ICD9:250,2012-11
1848,220695056,T2DM,2013-11
1849,1723826792,Diabetes,2013-12
1850,4786090361,Chronic kidney disease,2015-10
1851,128001341,ICD9:250,2012-07
1852,6725215496,T2DM,2016-02
1853,1391527376,AFib,2015-06
1854,5855352392,T2DM,2014-07
1855,65314937,Diabetes,2014-03
1856,1228123136,Renal insufficiency,2015-09
1857,5892521552,ICD10: E11,2015-11
1858,4380929657,Diabetes,2015-11
1859,3313895357,T2DM,2014-08
1860,71004944,Diabetes,2014-05
1861,2943767144,High glucose,2013-05
1862,6482565944,Chronic renal failure,2015-06
1863,3629571536,Diabetes,2015-11
1864,2573712569,Diabetes,2016-08
1865,4767894137,Diabetes,2013-07
1866,6721238936,ICD10: E11,2013-08
1867,17007752,T2DM,2015-06
1868,334097696,Diabetes,2015-01
1869,886385432,AF,2015-08
1870,4953122336,Diabetes,2016-05
1871,2783983376,Diabetes,2013-08
1872,154916057,ICD10: E11,2012-10
1873,6476431376,ICD9:250,2014-10
1874,284369357,T2DM,2014-08
1875,5599757117,Chronic kidney disease,2016-06
1876,731297576,Chronic kidney disease,2014-04
1877,159039152,Diabetes,2012-04
1878,463589552,Diabetes,2014-04
1879,1327792601,T2DM,2016-08
1880,5675445344,T2DM,2014-01
1881,7144905881,CKD,2014-04
1882,1341713981,Diabetes,2013-10
1883,29166041,Diabetes,2012-03
1884,2544447656,AF,2016-03
1885,2733402944,ICD9:250,2014-11
1886,3694556216,T2DM,2016-08
1887,855917912,High blood sugar,2014-07
1888,8568569,ICD10: E11,2014-10
1889,6847065497,Atrial fibrillation,2013-12
1890,6738289616,AF,2015-04
1891,5717801216,ICD9:250,2013-03
1892,1050866237,Diabetes,2013-06
1893,3166800569,Diabetes,2014-10
1894,2295890957,High blood sugar,2014-05
1895,2087713469,T2DM,2012-10
1896,6967997,Diabetes,2015-07
1897,7397155277,Diabetes,2014-01
1898,266152952,Diabetes,2015-08
1899,1119787469,Diabetes,2014-02
1900,2642707469,Diabetes,2013-06
1901,301802969,Diabetes,2016-08
1902,3245651261,T2DM,2012-06
1903,25931069,ICD9:250,2013-07
1904,1889578496,Diabetes,2015-09
1905,146245241,Diabetes,2016-03
1906,2271225944,T2DM,2013-08
1907,2050212761,T2DM,2014-06
1908,4637479736,ICD10: E11,2014-03
1909,919905632,ICD9:250,2012-07
1910,1123383872,Diabetes,2015-04
1911,731016569,T2DM,2013-08
1912,1280383112,Diabetes,2016-01
1913,2062465469,Diabetes,2014-03
1914,1658865944,ICD10: E11,2015-09
1915,5023830521,Diabetes,2014-11
1916,769440944,Diabetes,2012-02
1917,105708557,Diabetes,2016-08
1918,3204731837,T2DM,2015-05
1919,5558874617,Diabetes,2015-11
1920,1277162336,Atrial fibrillation,2016-01
1921,5704449977,Diabetes,2012-10
1922,2538684569,T2DM,2014-09
1923,4710184397,ICD9:250,2014-05
1924,5343533117,Diabetes,2012-08
1925,5576192576,T2DM,2016-03
1926,2090246717,High blood sugar,2013-04
1927,381174221,AF,2012-03
1928,1455302144,Diabetes,2016-06
1929,451438136,ICD10: E11,2012-04
1930,7381075481,ICD10: E11,2012-10
1931,605772569,Diabetes,2013-07
1932,2424453821,T2DM,2013-08
1933,2606141,ICD10: E11,2013-08
1934,3674790272,High blood sugar,2016-12
1935,3432189197,Chronic kidney disease,2013-11
1936,6262454432,Diabetes,2015-08
1937,1247011901,ICD10: E11,2013-03
1938,1464965081,Diabetes,2015-02
1939,979249736,ICD9:250,2015-08
1940,5702618672,Diabetes,2016-11
1941,1045818992,ICD9: 585,2014-12
1942,781111757,T2DM,2013-07
1943,532907021,A-fib,2014-03
1944,2582155001,Renal insufficiency,2012-04
1945,4755512,Diabetes,2013-12
1946,1457946344,ICD9:250,2012-06
1947,5104687769,T2DM,2013-03
1948,2219193881,Diabetes,2015-10
1949,697870781,Diabetes,2014-10
1950,4459001696,ICD9:250,2015-02
1951,5093309117,T2DM,2013-09
1952,2888396792,T2DM,2012-04
1953,29597912,Chronic kidney disease,2015-05
1954,2293070096,Diabetes,2012-05
1955,4390335344,T2DM,2016-08
1956,4234514969,Diabetes,2012-12
1957,27907769,T2DM,2012-06
1958,1861225661,High glucose,2012-09
1959,6126679712,Atrial fibrillation,2014-12
1960,530111816,ICD10: I48,2012-10
1961,296888381,ICD9:250,2016-08
1962,5552935856,T2DM,2015-11
1963,719170136,CKD,2012-05
1964,36603416,ICD10: E11,2016-10
1965,162244217,ICD10: E11,2016-02
1966,2979585944,AF,2012-09
1967,5676489272,ICD9:250,2014-03
1968,2778685337,T2DM,2012-08
1969,199512344,Diabetes,2015-01
1970,654015944,T2DM,2015-10
1971,7166003897,Diabetes,2014-09
1972,11337677,Diabetes,2016-04
1973,5446069616,CKD,2012-12
1974,1999242944,ICD10: E11,2013-03
1975,1770741344,AFib,2015-10
1976,6888979469,ICD10: E11,2013-04
1977,3330667469,Diabetes,2012-02
1978,6297592736,ICD10: N18,2015-06
1979,4961902952,Diabetes,2015-10
1980,1172558969,A-fib,2013-09
1981,5569727501,T2DM,2014-11
1982,2049428576,T2DM,2013-05
1983,4106969,Diabetes,2013-07
1984,1873800461,ICD10: E11,2013-07
1985,5653284569,T2DM,2012-10
1986,6298417469,ICD10: E11,2016-12
1987,1687061657,Diabetes,2013-12
1988,664511336,Diabetes,2014-03
1989,5669966297,High blood sugar,2012-11
1990,4135019897,ICD10: E11,2014-08
1991,4789206344,T2DM,2015-11
1992,235499069,AF,2014-05
1993,1580245472,Diabetes,2012-11
1994,1892440637,Diabetes,2014-09
1995,1316582072,T2DM,2012-10
1996,851767769,ICD10: E11,2015-03
1997,923481344,Atrial fibrillation,2013-10
1998,737681552,T2DM,2016-04
1999,3044796761,T2DM,2012-11
2000,7970969,ICD10: E11,2014-05
2001,2177776016,CKD,2014-08
2002,1102927097,ICD10: E11,2015-05
2003,1613746016,T2DM,2015-09
2004,2391476537,Atrial fibrillation,2014-07
2005,164991437,CKD,2013-08
2006,7066647737,Atrial fibrillation,2012-08
2007,738246176,CKD,2015-02
2008,180001817,A-fib,2014-04
2009,2870922944,ICD10: E11,2016-07
2010,2501816921,ICD9:250,2012-04
2011,1720089344,Diabetes,2012-05
2012,496679336,Diabetes,2015-06
2013,1401495257,Diabetes,2015-09
2014,4392569,ICD9:250,2014-03
2015,5891192057,Diabetes,2014-03
2016,800594957,Diabetes,2015-07
2017,6279462272,T2DM,2015-04
2018,196635917,Diabetes,2013-08
2019,3661572557,T2DM,2016-11
2020,1108571456,ICD9: 585,2014-06
2021,1421015357,High blood sugar,2012-04
2022,2731411097,Diabetes,2016-02
2023,2658044537,Chronic kidney disease,2015-01
2024,1643101496,A-fib,2012-01
2025,3996093296,Diabetes,2012-09
2026,6697687769,T2DM,2016-11
2027,1745757656,High blood sugar,2012-03
2028,310897469,T2DM,2014-02
2029,341035001,High glucose,2012-08
2030,4812969017,T2DM,2016-01
2031,3140344217,T2DM,2015-01
2032,106100696,ICD10: E11,2012-05
2033,6311620541,Diabetes,2012-06
2034,1025862461,ICD9:250,2014-10
2035,2432647997,ICD9: 427.31,2016-08
2036,453501344,Chronic kidney disease,2012-01
2037,2859241421,Diabetes,2013-05
2038,5160527144,Diabetes,2016-08
2039,357542936,Diabetes,2013-07
2040,4386434201,Diabetes,2012-12
2041,1256203376,Atrial fibrillation,2013-06
2042,71824616,ICD10: E11,2012-02
2043,501244697,CKD,2016-01
2044,836570072,AF,2013-04
2045,1022979737,Diabetes,2013-01
2046,3089112032,Diabetes,2016-10
2047,5402697176,Diabetes,2013-06
2048,489218969,CKD,2016-08
2049,95496761,Diabetes,2015-05
2050,7126763069,ICD9:250,2014-01
2051,372165401,ICD10: E11,2012-03
2052,2172283112,AF,2012-06
2053,5867817497,Diabetes,2016-03
2054,5388447752,ICD10: E11,2015-01
2055,242244857,Diabetes,2016-01
2056,555696569,AF,2014-01
2057,405143192,Diabetes,2016-02
2058,1530789032,Diabetes,2014-11
2059,644483216,T2DM,2013-01
2060,1143677144,AF,2015-05
2061,3050533901,Diabetes,2012-03
2062,4921479296,High blood sugar,2012-12
2063,3519598781,Chronic kidney disease,2014-04
2064,18825344,Diabetes,2014-04
2065,265644569,ICD10: E11,2016-09
2066,895484456,Diabetes,2015-05
2067,1846162016,T2DM,2015-11
2068,2807428112,Diabetes,2013-11
2069,3620603069,High glucose,2014-07
2070,8128217,Diabetes,2014-11
2071,2778502736,ICD10: E11,2015-08
2072,2067660296,ICD9:250,2013-10
2073,2013829112,T2DM,2016-05
2074,204534416,Diabetes,2016-03
2075,105317144,Diabetes,2014-11
2076,7376141,Diabetes,2014-04
2077,1844525117,T2DM,2016-05
2078,1170780344,Diabetes,2016-06
2079,1985481497,ICD10: E11,2016-03
2080,4301729336,High blood sugar,2014-09
2081,1166872121,T2DM,2015-11
2082,321243581,T2DM,2013-07
2083,1078672601,Diabetes,2013-05
2084,1600275917,T2DM,2016-05
2085,1494279641,ICD10: E11,2012-12
2086,52492736,Atrial fibrillation,2014-07
2087,312242681,T2DM,2015-05
2088,2443595069,High glucose,2016-04
2089,5262054752,ICD9:250,2014-11
2090,4124112056,ICD9:250,2013-01
2091,4127894777,Diabetes,2013-07
2092,5118061517,Diabetes,2012-11
2093,2883930344,High blood sugar,2013-05
2094,6543791117,Diabetes,2014-09
2095,55418681,T2DM,2016-10
2096,2334728096,Diabetes,2013-05
2097,1534993469,Diabetes,2012-09
2098,5522774777,ICD10: E11,2016-10
2099,5902630616,Diabetes,2013-01
2100,1917842237,AF,2013-11
2101,2278165016,Diabetes,2015-08
2102,1410717944,CKD,2013-03
2103,3409337,Diabetes,2012-10
2104,3983839712,T2DM,2014-08
2105,2736845117,T2DM,2012-10
2106,2672888672,Diabetes,2015-01
2107,133747256,High glucose,2016-05
2108,6615944,ICD10: E11,2015-12
2109,1495752992,Diabetes,2012-04
2110,2219846681,High glucose,2014-10
2111,257131961,ICD10: E11,2016-04
2112,259693517,Atrial fibrillation,2013-06
2113,480067769,Diabetes,2014-04
2114,586657037,ICD9:250,2016-04
2115,1156246541,Chronic kidney disease,2016-08
2116,112804541,ICD9:250,2016-10
2117,570492569,CKD,2014-08
2118,846821072,Atrial fibrillation,2013-10
2119,640707257,Diabetes,2016-12
2120,1212512717,ICD9:250,2014-10
2121,823396736,Atrial fibrillation,2014-07
2122,580464569,High glucose,2013-07
2123,4318103432,ICD10: E11,2013-01
2124,1158367769,ICD9:250,2013-07
2125,5042262296,A-fib,2012-09
2126,4150181177,Diabetes,2013-07
2127,2328371912,Diabetes,2014-03
2128,7064318297,AF,2013-08
2129,769152701,Diabetes,2012-07
2130,3383655437,ICD10: E11,2015-06
2131,314265944,Diabetes,2015-08
2132,6147304136,ICD9:250,2016-02
2133,496293401,Diabetes,2014-07
2134,2897340056,Diabetes,2013-02
2135,2147650877,Atrial fibrillation,2013-08
2136,6778158536,Diabetes,2012-06
2137,4826436569,Diabetes,2012-03
2138,3196892477,T2DM,2014-10
2139,3781176281,Diabetes,2015-05
2140,4322885069,High blood sugar,2015-07
2141,6905665721,ICD9:250,2015-06
2142,537555257,ICD9:250,2014-12
2143,3774362969,Diabetes,2012-04
2144,1136308601,High glucose,2012-03
2145,1117933517,AF,2012-08
2146,2966741696,ICD10: E11,2013-04
2147,4739233817,High glucose,2015-08
2148,5172977144,Chronic kidney disease,2014-03
2149,3847713176,ICD9:250,2016-01
2150,4490516432,High glucose,2012-08
2151,2905550192,Diabetes,2012-06
2152,725034617,T2DM,2016-05
2153,3848357837,Diabetes,2014-07
2154,5520972872,Diabetes,2013-05
2155,3073344416,ICD9:250,2012-11
2156,7036394969,T2DM,2014-10
2157,3099903344,Diabetes,2016-05
2158,2329709336,Diabetes,2016-06
2159,2710450361,ICD10: E11,2016-09
2160,1418404877,AF,2014-08
2161,624328697,ICD10: N18,2015-05
2162,2752270832,Diabetes,2015-06
2163,7071307769,Diabetes,2016-08
2164,681405392,ICD9:250,2014-06
2165,7130565296,ICD10: E11,2012-06
2166,564715469,Diabetes,2012-07
2167,2498525912,T2DM,2013-07
2168,899635736,Diabetes,2015-07
2169,4621923272,Diabetes,2014-12
2170,2710089677,Diabetes,2015-02
2171,4827880637,Diabetes,2015-09
2172,177085736,T2DM,2015-03
2173,7347780569,High blood sugar,2012-01
2174,3243875336,ICD10: E11,2012-11
2175,6955556672,T2DM,2016-05
2176,1485855344,ICD9:250,2015-04
2177,133867469,Diabetes,2015-10
2178,6628692377,T2DM,2012-07
2179,2270730701,Diabetes,2015-03
2180,672931856,T2DM,2016-07
2181,4656607481,High blood sugar,2014-07
2182,5354957,Diabetes,2015-03
2183,886694861,ICD9:250,2012-03
2184,6338343944,T2DM,2015-01
2185,6705060797,Diabetes,2015-05
2186,82153136,Atrial fibrillation,2015-09
2187,1006427837,Diabetes,2014-06
2188,2701440461,ICD10: E11,2016-05
2189,2421043661,T2DM,2013-07
2190,1412409881,ICD9:250,2015-11
2191,747877832,Diabetes,2016-04
2192,2297219021,Diabetes,2015-01
2193,1260381296,Chronic kidney disease,2012-07
2194,2622977552,Diabetes,2014-04
2195,518294477,AF,2016-04
2196,998093069,ICD10: E11,2012-12
2197,21935117,High blood sugar,2016-07
2198,4669381181,Diabetes,2013-03
2199,1118744432,High blood sugar,2012-07
2200,3681513152,T2DM,2016-03
2201,459570656,T2DM,2012-05
2202,3283851944,Diabetes,2014-02
2203,8619344,Diabetes,2012-06
2204,3670171856,ICD9:250,2015-05
2205,2608980569,ICD9:250,2015-06
2206,1224968816,T2DM,2013-08
2207,3007826957,Renal insufficiency,2015-08
2208,1383784856,T2DM,2013-09
2209,151869944,T2DM,2013-07
2210,569748152,Diabetes,2016-03
2211,6726067769,T2DM,2013-06
2212,5120044301,ICD9:250,2012-12
2213,2636122616,Diabetes,2014-01
2214,13803344,AF,2013-08
2215,4558087592,T2DM,2014-02
2216,6485913296,Diabetes,2014-04
2217,5208666941,CKD,2016-10
2218,1931824397,Diabetes,2016-03
2219,6502942361,Chronic kidney disease,2015-01
2220,816354317,Diabetes,2014-07
2221,2188620569,AF,2015-01
2222,3062599472,Diabetes,2012-09
2223,994157117,High glucose,2012-08
2224,2831708456,CKD,2015-07
2225,12557,Diabetes,2014-02
2226,487993817,High glucose,2014-09
2227,597699944,ICD9:250,2012-05
2228,321181496,T2DM,2013-07
2229,5759000057,Diabetes,2014-05
2230,2304363944,ICD9:250,2016-10
2231,1466689232,ICD9:250,2013-05
2232,7318116569,Chronic renal failure,2016-01
2233,1474127936,T2DM,2012-04
2234,2759908952,T2DM,2012-02
2235,542949896,Diabetes,2012-12
2236,3589612112,AFib,2013-12
2237,4832454944,T2DM,2014-04
2238,206570681,T2DM,2013-04
2239,518925581,ICD9:250,2013-02
2240,186756569,ICD9:250,2012-04
2241,1345777469,T2DM,2016-01
2242,3175383737,ICD10: E11,2012-10
2243,3665766077,ICD10: E11,2014-12
2244,4738995344,High glucose,2016-02
2245,156082376,Diabetes,2012-10
2246,1164033881,Diabetes,2012-07
2247,5740087961,AFib,2013-10
2248,918225344,Atrial fibrillation,2015-04
2249,1609435001,ICD10: E11,2014-08
2250,6949721,Diabetes,2015-04
2251,806683481,Diabetes,2016-12
2252,544322969,T2DM,2015-02
2253,1811497256,T2DM,2015-05
2254,634671344,Diabetes,2016-03
2255,316788797,Diabetes,2016-02
2256,134589881,T2DM,2014-01
2257,6759272,High blood sugar,2015-11
2258,6376736717,Chronic renal failure,2014-09
2259,4232035712,Diabetes,2012-12
2260,87350717,Diabetes,2015-11
2261,4614390152,ICD9: 427.31,2013-04
2262,833366936,CRF,2013-09
2263,330813272,T2DM,2013-11
2264,8356952,T2DM,2014-10
2265,3569301416,Diabetes,2014-04
2266,127492352,T2DM,2015-04
2267,4238122457,High glucose,2016-10
2268,166373696,CKD,2014-08
2269,69524057,Chronic kidney disease,2016-10
2270,3170895632,Chronic kidney disease,2013-07
2271,1810907552,T2DM,2015-04
2272,2704682297,Diabetes,2016-08
2273,783632,Diabetes,2015-07
2274,1732178792,ICD9: 427.31,2016-09
2275,187799501,ICD10: I48,2012-07
2276,889585469,ICD9:250,2012-04
2277,1136075069,AFib,2013-03
2278,1620293069,Diabetes,2014-09
2279,170238536,Diabetes,2016-05
2280,797363696,T2DM,2015-07
2281,2155524344,High glucose,2013-11
2282,264741977,ICD9:250,2014-08
2283,443670032,CRF,2012-04
2284,1275800921,T2DM,2012-01
2285,206620472,Diabetes,2012-04
2286,3482499392,T2DM,2016-10
2287,104536496,T2DM,2014-03
2288,9948392,Diabetes,2013-01
2289,6897320072,T2DM,2015-10
2290,79629581,Diabetes,2012-02
2291,6777017792,Diabetes,2016-12
2292,3735093944,ICD9:250,2014-06
2293,372432761,CKD,2016-11
2294,118730312,ICD10: E11,2012-09
2295,1033087016,ICD9:250,2016-05
2296,4014947936,Diabetes,2014-07
2297,2528397152,High glucose,2014-03
2298,7265758376,T2DM,2012-08
2299,4186860761,ICD9:250,2015-08
2300,6430514681,Chronic kidney disease,2013-05
2301,7144905881,Diabetes,2016-02
2302,5761366256,Diabetes,2013-01
2303,5566108697,Diabetes,2015-01
2304,4205710361,T2DM,2013-12
2305,6078780857,ICD10: I48,2013-09
2306,77069,ICD9:250,2015-09
2307,1854357401,T2DM,2014-12
2308,3950239376,Diabetes,2012-07
2309,4196729081,Diabetes,2014-11
2310,5691637016,Chronic kidney disease,2014-06
2311,4107444281,AF,2013-11
2312,3477799181,ICD9:250,2016-11
2313,2035338896,Atrial fibrillation,2016-11
2314,1144614536,ICD9:250,2012-04
2315,2195919344,Diabetes,2015-10
2316,150932216,Diabetes,2012-09
2317,244460456,Diabetes,2015-02
2318,992956016,ICD10: E11,2014-01
2319,6157629344,ICD10: E11,2016-10
2320,1385976377,ICD9:250,2012-02
2321,446666681,Diabetes,2016-04
2322,1804427144,A-fib,2013-09
2323,2944894952,T2DM,2016-02
2324,3244861901,High glucose,2016-06
2325,6792711437,ICD9:250,2014-08
2326,3127157657,AF,2016-01
2327,479915981,ICD10: E11,2014-12
2328,4051687769,ICD10: E11,2016-05
2329,5628048176,Chronic kidney disease,2015-06
2330,4363750232,Diabetes,2013-12
2331,1482518969,Diabetes,2012-08
2332,1056826352,ICD10: E11,2013-03
2333,79629581,CKD,2012-03
2334,122036921,ICD10: E11,2012-11
2335,41783741,ICD9:250,2013-05
2336,25195481,ICD10: E11,2015-10
2337,1504473977,Diabetes,2013-02
2338,530909696,T2DM,2012-06
2339,1079582969,T2DM,2012-04
2340,1842740237,Diabetes,2015-10
2341,1233227144,T2DM,2016-04
2342,3650680637,Diabetes,2014-08
2343,691479641,Atrial fibrillation,2012-12
2344,3847928057,Renal insufficiency,2012-12
2345,6976373456,AF,2013-04
2346,300300344,T2DM,2012-09
2347,6794139032,Diabetes,2016-02
2348,488835944,High glucose,2014-11
2349,2961083936,ICD10: E11,2015-09
2350,3601867769,T2DM,2013-09
2351,1536758336,Diabetes,2014-02
2352,2983558157,High glucose,2014-07
2353,2642529392,ICD10: E11,2016-01
2354,2473309376,Chronic kidney disease,2014-10
2355,4478685401,ICD10: E11,2015-04
2356,270408377,T2DM,2016-01
2357,2850172256,High blood sugar,2015-09
2358,2368830269,ICD10: E11,2012-09
2359,682856,Diabetes,2013-05
2360,3541004477,AFib,2013-04
2361,6677857469,ICD9:250,2013-09
2362,6634052144,ICD10: N18,2015-04
2363,6247659944,T2DM,2016-10
2364,268191344,T2DM,2016-10
2365,703831736,High glucose,2014-01
2366,4278359357,ICD10: E11,2016-09
2367,2411167769,T2DM,2012-08
2368,263447192,Diabetes,2012-06
2369,108902144,AF,2014-09
2370,135273944,Diabetes,2013-11
2371,5711516336,Diabetes,2015-04
2372,3272150297,ICD9:250,2015-05
2373,4109886776,Diabetes,2014-05
2374,6447470912,Diabetes,2016-02
2375,7071016472,Diabetes,2015-02
2376,4449060569,High blood sugar,2016-07
2377,25456976,CKD,2013-11
2378,6136987592,T2DM,2014-11
2379,494597069,ICD9:250,2012-10
2380,1832938841,T2DM,2013-03
2381,867816461,T2DM,2012-06
2382,1581497,ICD10: E11,2012-10
2383,7068395069,T2DM,2012-10
2384,500856992,T2DM,2012-08
2385,540531056,High glucose,2013-07
2386,185056217,Diabetes,2016-03
2387,2759726969,ICD10: E11,2016-12
2388,671853944,ICD9:250,2012-11
2389,747120152,ICD10: E11,2012-08
2390,7033489469,ICD9:250,2013-09
2391,21322937,Diabetes,2013-05
2392,3495799757,High blood sugar,2012-08
2393,48216512,Diabetes,2015-04
2394,2423430521,Diabetes,2016-06
2395,4972645376,T2DM,2012-11
2396,306393977,T2DM,2012-06
2397,1604297144,Diabetes,2016-05
2398,7466437901,ICD10: E11,2013-10
2399,1016674112,High glucose,2013-09
2400,1436466041,Diabetes,2012-01
2401,3953288072,T2DM,2015-02
2402,2177614361,ICD9:250,2015-04
2403,3264030944,ICD10: E11,2014-05
2404,4575410696,ICD10: E11,2012-10
2405,104465672,A-fib,2016-10
2406,335365256,Diabetes,2013-11
2407,7045987376,Diabetes,2013-06
2408,6127493177,ICD9:250,2014-07
2409,1496422937,ICD10: E11,2014-12
2410,234012941,T2DM,2014-04
2411,1359537101,Diabetes,2014-01
2412,3306521072,Diabetes,2013-10
2413,155779577,Diabetes,2013-06
2414,2695681997,AF,2016-08
2415,114429197,Diabetes,2014-06
2416,3316887272,ICD10: E11,2013-04
2417,2297144,T2DM,2014-04
2418,1056938969,Diabetes,2014-10
2419,7332051176,T2DM,2014-02
2420,31922201,ICD9:250,2015-05
2421,1983475376,High blood sugar,2013-12
2422,3818331197,ICD10: N18,2013-11
2423,4168053497,Diabetes,2013-05
2424,277460336,ICD9:250,2012-06
2425,3502356941,Diabetes,2013-08
2426,1747929401,CKD,2012-11
2427,84747944,T2DM,2013-11
2428,4336789592,Diabetes,2014-04
2429,4657553081,T2DM,2014-05
2430,6281696,ICD9:250,2016-01
2431,225194957,T2DM,2013-03
2432,4481235872,T2DM,2016-04
2433,2761000976,Diabetes,2016-12
2434,6686919101,T2DM,2012-09
2435,1170898877,Diabetes,2015-06
2436,2725078232,ICD10: E11,2013-02
2437,307304192,ICD10: E11,2014-06
2438,848636552,T2DM,2015-09
2439,2498699069,High blood sugar,2015-02
2440,3382245056,ICD10: E11,2016-02
2441,2032995341,ICD9:250,2012-10
2442,1366315112,High glucose,2015-03
2443,5651201081,T2DM,2015-09
2444,1986253352,Diabetes,2015-02
2445,225871256,Diabetes,2015-12
2446,118014221,ICD9:250,2015-08
2447,33507161,Diabetes,2014-03
2448,929597096,Diabetes,2015-05
2449,132707672,Diabetes,2013-02
2450,565786136,High glucose,2012-04
2451,2409297032,ICD10: E11,2016-02
2452,2530836344,ICD10: E11,2016-03
2453,181118969,ICD10: E11,2013-05
2454,1353922877,Diabetes,2015-12
2455,7280234201,T2DM,2014-07
2456,782273981,Diabetes,2013-04
2457,4054775357,Diabetes,2016-06
2458,13585421,Atrial fibrillation,2016-09
2459,6761342297,Diabetes,2012-12
2460,791797817,T2DM,2013-07
2461,4954585232,Diabetes,2015-08
2462,3828398456,T2DM,2013-11
2463,7302715001,Diabetes,2014-06
2464,29484944,T2DM,2012-11
2465,47116376,Diabetes,2013-07
2466,2065927961,Diabetes,2012-08
2467,2793495944,T2DM,2013-06
2468,5280666344,High blood sugar,2014-01
2469,1622943512,T2DM,2016-09
2470,5512482137,Chronic renal failure,2012-07
2471,855715232,Diabetes,2012-03
2472,1648582361,AF,2016-08
2473,337780232,Diabetes,2015-08
2474,3516516776,Diabetes,2015-12
2475,3939795632,Diabetes,2014-08
2476,6422461352,Diabetes,2013-01
2477,4474050041,T2DM,2014-07
2478,3304131176,ICD9:250,2013-09
2479,2367650216,Diabetes,2016-06
2480,381309497,Atrial fibrillation,2012-06
2481,319507469,ICD10: E11,2015-12
2482,102422216,Diabetes,2012-06
2483,1802661776,ICD9:250,2012-06
2484,55238312,T2DM,2016-01
2485,2256227597,T2DM,2015-02
2486,2662868816,High blood sugar,2015-12
2487,349207832,Diabetes,2014-12
2488,2627769917,ICD10: E11,2014-12
2489,6367611392,Diabetes,2016-06
2490,46926344,T2DM,2012-09
2491,836469881,Diabetes,2014-03
2492,82687769,Diabetes,2012-11
2493,627882536,AF,2016-11
2494,2052723161,Diabetes,2014-04
2495,5425892621,High glucose,2012-11
2496,6999249881,Diabetes,2015-04
2497,3464125352,ICD9:250,2013-08
2498,4613684237,High blood sugar,2016-02
2499,465977,A-fib,2014-12
2500,1383655997,Diabetes,2015-09
2501,481739021,Diabetes,2014-09
2502,1756629881,ICD9:250,2013-03
2503,1607073344,T2DM,2015-03
2504,4299230477,Diabetes,2015-12
2505,112106576,ICD9:250,2013-07
2506,456679001,ICD10: E11,2016-11
2507,1164743117,ICD9:250,2015-03
2508,587496377,High blood sugar,2014-01
2509,2573888312,ICD10: E11,2013-07
2510,1785201977,Diabetes,2012-04
2511,2432647997,Diabetes,2012-12
2512,2152791101,T2DM,2016-02
2513,837772832,Diabetes,2014-10
2514,33808616,ICD9:250,2015-01
2515,3124639856,Diabetes,2015-09
2516,1506624569,Diabetes,2016-03
2517,1905120269,Diabetes,2012-10
2518,6922083944,Diabetes,2016-04
2519,38021069,AF,2015-10
2520,2628557,ICD10: E11,2013-02
2521,745511357,ICD9:250,2014-12
2522,18645416,T2DM,2015-06
2523,113467769,ICD9:250,2013-06
2524,6430514681,AF,2014-07
2525,7075677944,Diabetes,2013-08
2526,2515871312,Diabetes,2014-09
2527,4097903312,ICD9:250,2012-03
2528,857438777,T2DM,2016-10
2529,1070156576,T2DM,2015-02
2530,2763367769,T2DM,2012-02
2531,5645473469,High glucose,2012-09
2532,213498557,T2DM,2013-11
2533,1203482792,T2DM,2013-08
2534,2131147496,T2DM,2016-11
2535,5677011272,T2DM,2014-05
2536,1546823816,T2DM,2012-03
2537,4394927144,Diabetes,2013-07
2538,2848508057,Atrial fibrillation,2014-03
2539,4320380072,ICD10: E11,2014-03
2540,287708816,ICD10: E11,2012-11
2541,4642198976,AFib,2015-05
2542,2797342157,T2DM,2012-11
2543,2285777096,A-fib,2014-12
2544,923691896,High blood sugar,2013-03
2545,734298344,Diabetes,2014-08
2546,52869881,CKD,2016-08
2547,592966712,ICD9:250,2013-03
2548,7046568944,T2DM,2015-02
2549,2147169296,ICD10: E11,2012-09
2550,1850182937,Diabetes,2015-01
2551,7400134937,Diabetes,2013-08
2552,3984714344,Chronic kidney disease,2015-02
2553,138679472,ICD10: I48,2013-09
2554,3586292144,Diabetes,2013-11
2555,4292192144,High glucose,2015-02
2556,182613881,Diabetes,2012-01
2557,4660153976,Diabetes,2016-08
2558,7387922144,T2DM,2012-07
2559,1612911176,Diabetes,2012-06
2560,4019997977,ICD9:250,2012-12
2561,5484483416,AF,2013-04
2562,878153912,AF,2013-09
2563,1797077144,CKD,2016-04
2564,496988192,Diabetes,2014-01
2565,459644921,T2DM,2015-01
2566,5007883616,T2DM,2016-02
2567,200737469,ICD10: N18,2014-08
2568,685027232,ICD10: E11,2014-12
2569,215477144,AF,2012-01
2570,3021521357,ICD9:250,2015-10
2571,4880252936,T2DM,2013-02
2572,6108255656,T2DM,2012-08
2573,4854634856,Diabetes,2013-12
2574,1091567144,ICD9:250,2016-04
2575,4250083232,ICD9:250,2015-05
2576,1057502144,High blood sugar,2013-08
2577,3386678672,High glucose,2012-09
2578,669880016,High glucose,2012-10
2579,6901636157,High glucose,2015-12
2580,4293099992,Chronic kidney disease,2014-04
2581,2516218832,ICD9:250,2015-07
2582,1855700192,ICD10: E11,2012-05
2583,3942840296,T2DM,2014-04
2584,7467934616,T2DM,2016-12
2585,3032957117,Diabetes,2012-08
2586,4191641,Diabetes,2016-02
2587,613127117,ICD9:250,2015-10
2588,3081030896,ICD9:250,2013-12
2589,1078445069,Diabetes,2016-05
2590,2855537981,Diabetes,2014-06
2591,3356707769,T2DM,2014-01
2592,3616227152,High blood sugar,2012-06
2593,160659641,Atrial fibrillation,2012-12
2594,1949177,ICD10: E11,2013-11
2595,92144,ICD10: E11,2015-08
2596,2608095944,ICD9:250,2014-04
2597,162067769,AF,2012-01
2598,4219650317,Diabetes,2013-06
2599,1048397177,Diabetes,2014-09
2600,518531096,T2DM,2014-01
2601,2027220344,T2DM,2014-08
2602,17064944,High blood sugar,2015-02
2603,6437461256,Diabetes,2015-01
2604,4182827069,Diabetes,2016-09
2605,4232486432,T2DM,2014-07
2606,2360576072,ICD10: E11,2015-09
2607,1112034296,Diabetes,2015-12
2608,2122839872,T2DM,2013-08
2609,6817286969,T2DM,2016-05
2610,3100289096,High glucose,2014-04
2611,133266944,ICD10: E11,2014-08
2612,202606841,Diabetes,2013-08
2613,439593344,Diabetes,2014-07
2614,187182872,ICD9:250,2014-01
2615,3044605616,T2DM,2012-10
2616,1215047144,ICD10: E11,2014-05
2617,6086886077,Diabetes,2016-02
2618,14061944,ICD10: E11,2012-06
2619,183833021,T2DM,2016-06
2620,5294772632,ICD9:250,2016-03
2621,6699388877,AF,2012-05
2622,1661971376,Diabetes,2014-04
2623,4119219344,T2DM,2015-04
2624,23722301,Diabetes,2014-09
2625,1109725136,AF,2014-10
2626,4922451416,ICD10: E11,2013-12
2627,1198320857,Diabetes,2013-05
2628,1132108697,Diabetes,2012-03
2629,2365459469,T2DM,2013-12
2630,29692217,CKD,2016-02
2631,6486750269,T2DM,2013-09
2632,2023946297,ICD9:250,2013-09
2633,484403816,ICD10: E11,2014-03
2634,6023002016,T2DM,2015-11
2635,7261329881,AF,2015-08
2636,2574767117,Diabetes,2016-03
2637,1539475496,Diabetes,2014-07
2638,7111856432,Diabetes,2015-01
2639,3057617144,ICD10: E11,2015-06
2640,3716697881,ICD10: E11,2012-05
2641,219564344,High glucose,2013-08
2642,1038326717,CKD,2012-12
2643,883500032,Diabetes,2013-03
2644,4002007997,T2DM,2013-09
2645,3142868336,Diabetes,2014-06
2646,12096461,Diabetes,2013-06
2647,54955469,Diabetes,2013-07
2648,5361780797,ICD10: E11,2016-02
2649,3475756601,ICD9:250,2014-08
2650,1415275469,CKD,2015-01
2651,415245944,Diabetes,2013-06
2652,1133624432,CKD,2014-10
2653,6684086681,Diabetes,2012-08
2654,4895510717,T2DM,2016-10
2655,4848843896,Diabetes,2015-09
2656,2012741081,ICD9:250,2014-11
2657,2620494344,CKD,2015-01
2658,4554813944,T2DM,2014-09
2659,2115345017,Atrial fibrillation,2013-09
2660,4699017056,ICD10: E11,2016-06
2661,5602868237,T2DM,2014-11
2662,1285346072,ICD10: E11,2012-10
2663,1148837552,T2DM,2014-04
2664,1173033497,High blood sugar,2016-11
2665,4227980312,AF,2013-10
2666,2948655872,CKD,2015-08
2667,547884857,Diabetes,2015-09
2668,572397176,High blood sugar,2012-05
2669,1355452877,High glucose,2015-01
2670,857844569,ICD10: E11,2014-06
2671,4763069,Diabetes,2016-06
2672,195714056,AF,2016-03
2673,150847112,T2DM,2013-10
2674,400138472,T2DM,2012-01
2675,1108571456,Diabetes,2013-05
2676,5059495736,CKD,2013-08
2677,261202952,Diabetes,2015-02
2678,2475721856,Chronic kidney disease,2012-05
2679,6784719677,Diabetes,2012-08
2680,841788272,High glucose,2016-12
2681,540289469,Diabetes,2015-01
2682,3627276221,CKD,2016-09
2683,3406868072,Diabetes,2012-04
2684,3953070269,Atrial fibrillation,2012-04
2685,1410327641,Diabetes,2013-03
2686,945187769,T2DM,2013-03
2687,332074592,ICD10: E11,2012-11
2688,3498053096,Diabetes,2015-04
2689,1724833721,Diabetes,2015-11
2690,305727344,Diabetes,2015-08
2691,6200380601,Diabetes,2013-06
2692,4180586969,High blood sugar,2016-03
2693,102913616,ICD10: E11,2016-02
2694,530510681,Diabetes,2012-09
2695,4162911272,Diabetes,2016-07
2696,2358725069,ICD9:250,2013-10
2697,1709617421,ICD10: E11,2015-01
2698,7367689016,Diabetes,2012-02
2699,1115386841,Diabetes,2013-08
2700,31202144,T2DM,2015-04
2701,237309977,ICD10: E11,2016-03
2702,169471037,Diabetes,2015-09
2703,6440240936,ICD10: E11,2013-06
2704,2145083069,ICD9:250,2016-12
2705,450408296,T2DM,2015-09
2706,1262349776,T2DM,2012-12
2707,10933112,Chronic kidney disease,2014-08
2708,3681092792,Chronic kidney disease,2016-04
2709,173417096,Diabetes,2014-06
2710,2832261497,High blood sugar,2016-02
2711,10146032,ICD9: 585,2012-07
2712,3865999481,High blood sugar,2014-02
2713,7125885776,ICD10: E11,2014-03
2714,495907616,ICD10: E11,2014-04
2715,3806567192,ICD10: E11,2012-05
2716,1100052872,Diabetes,2015-05
2717,1533636569,High glucose,2016-12
2718,4265680061,Diabetes,2012-08
2719,61183037,Diabetes,2016-09
2720,4206159677,T2DM,2015-12
2721,4625692136,ICD10: E11,2014-06
2722,5009599757,ICD9:250,2015-07
2723,243270344,T2DM,2014-08
2724,1179211097,Diabetes,2014-06
2725,678334376,ICD10: E11,2012-12
2726,4375428569,Diabetes,2014-11
2727,67887416,ICD10: E11,2015-09
2728,48192461,ICD10: E11,2012-07
2729,2940760712,T2DM,2012-04
2730,5876311961,ICD9:250,2012-06
2731,2009634041,ICD10: E11,2016-04
2732,3436249277,T2DM,2016-07
2733,1137009341,Diabetes,2013-03
2734,4420915901,T2DM,2016-05
2735,3109554344,Atrial fibrillation,2015-11
2736,4516856,ICD9:250,2016-01
2737,1296797312,Diabetes,2014-11
2738,520979321,Diabetes,2015-01
2739,7168643336,T2DM,2012-03
2740,3960696944,T2DM,2012-03
2741,4097903312,CKD,2012-08
2742,528278969,Diabetes,2013-06
2743,2101824152,T2DM,2012-08
2744,5541841469,AF,2012-10
2745,5345812376,T2DM,2016-06
2746,852779069,Diabetes,2013-09
2747,1587138272,Diabetes,2016-08
2748,2266605776,Diabetes,2013-12
2749,5177712077,Diabetes,2016-12
2750,3434624957,Atrial fibrillation,2012-03
2751,1520640857,High blood sugar,2013-12
2752,6274796537,ICD10: E11,2013-10
2753,7023324944,ICD9:250,2013-06
2754,76477472,ICD9:250,2015-09
2755,328737341,Diabetes,2015-09
2756,279715277,AF,2012-02
2757,213498557,ICD9: 585,2013-02
2758,3206104712,ICD10: E11,2016-03
2759,6115296872,High glucose,2013-03
2760,3844490681,High glucose,2013-12
2761,6861118256,Diabetes,2014-02
2762,1716068936,Diabetes,2014-05
2763,560278937,T2DM,2016-03
2764,180344,T2DM,2012-11
2765,134670269,Diabetes,2012-08
2766,2026596512,Diabetes,2014-09
2767,6364571069,T2DM,2014-05
2768,6595172576,High glucose,2014-03
2769,3623730344,Diabetes,2013-12
2770,7116239117,ICD9:250,2012-05
2771,77694032,T2DM,2016-09
2772,5858798861,High glucose,2014-01
2773,1376963597,AF,2015-07
2774,1372981616,Diabetes,2012-05
2775,7370960141,Diabetes,2013-01
2776,7442809712,ICD10: E11,2014-07
2777,6372311501,AF,2012-01
2778,260252057,Diabetes,2015-03
2779,1113305357,Diabetes,2014-10
2780,1387782461,High blood sugar,2012-10
2781,168390461,ICD10: E11,2014-07
2782,106815536,High blood sugar,2013-12
2783,835568432,High glucose,2016-01
2784,4490284301,ICD10: E11,2016-09
2785,620612336,High blood sugar,2015-05
2786,3293586137,ICD10: E11,2012-09
2787,1778475581,ICD9:250,2016-11
2788,3907248032,ICD10: E11,2013-07
2789,3503997197,ICD10: E11,2013-02
2790,463616,Diabetes,2012-04
2791,1221818552,T2DM,2013-04
2792,3416782781,Diabetes,2013-08
2793,992846861,Diabetes,2015-11
2794,2692086077,A-fib,2012-06
2795,4467101501,Diabetes,2015-12
2796,3953070269,ICD9:250,2015-12
2797,2278661069,Diabetes,2014-04
2798,1616391101,Diabetes,2015-08
2799,4980709817,ICD9:250,2015-12
2800,3123478136,ICD9:250,2013-06
2801,7026518717,T2DM,2013-03
2802,460833977,High blood sugar,2012-03
2803,2745550781,Diabetes,2013-03
2804,3999597776,Diabetes,2014-06
2805,1434497336,Diabetes,2016-08
2806,3708255161,ICD9:250,2016-07
2807,371497421,T2DM,2015-11
2808,2586205232,ICD10: I48,2014-03
2809,4092941,High glucose,2012-06
2810,725594381,A-fib,2014-01
2811,4806002144,T2DM,2015-07
2812,1571032637,Diabetes,2014-05
2813,2546719757,AF,2014-05
2814,8381,Diabetes,2015-04
2815,673830776,High blood sugar,2016-09
2816,2484520121,T2DM,2015-07
2817,522166016,CRF,2012-02
2818,18855416,Diabetes,2013-04
2819,6303367001,Diabetes,2013-02
2820,2306692592,T2DM,2013-09
2821,45911501,T2DM,2016-02
2822,3028761497,T2DM,2016-10
2823,383884301,CKD,2013-07
2824,13192496,Diabetes,2014-01
2825,3513230792,CKD,2015-08
2826,316480592,Diabetes,2016-06
2827,136566296,Diabetes,2014-02
2828,4567213241,High glucose,2012-12
2829,5709422144,ICD10: E11,2014-01
2830,482119256,ICD10: E11,2013-04
2831,219923801,Diabetes,2014-03
2832,870676157,ICD9:250,2014-10
2833,2402500472,CKD,2016-11
2834,4015386944,Diabetes,2016-09
2835,24797144,High glucose,2016-04
2836,4091696552,High glucose,2014-02
2837,803341757,T2DM,2016-01
2838,1082772281,ICD10: E11,2015-12
2839,4691895896,Diabetes,2014-06
2840,569,CKD,2013-04
2841,6896,AF,2014-08
2842,1723961,AF,2012-02
2843,4374512057,Diabetes,2015-08
2844,791602877,Diabetes,2014-02
2845,68087357,Diabetes,2016-06
2846,1386234317,High glucose,2015-07
2847,4991227832,Diabetes,2016-01
2848,3622687769,CKD,2013-01
2849,5156297561,Diabetes,2014-09
2850,830669069,Diabetes,2012-05
2851,141549752,T2DM,2013-05
2852,154571321,ICD10: E11,2014-12
2853,1021318472,T2DM,2013-10
2854,4870577816,ICD10: E11,2013-11
2855,5775573656,Diabetes,2013-03
2856,2946022976,T2DM,2014-09
2857,33047552,Diabetes,2016-12
2858,3071232317,Diabetes,2015-04
2859,5822265017,AF,2013-11
2860,4030767344,Renal insufficiency,2014-05
2861,6782722472,Diabetes,2012-02
2862,2879839136,ICD10: E11,2013-07
2863,1643663216,AF,2012-05
2864,1462711952,Chronic renal failure,2014-08
2865,2803758392,High glucose,2013-01
2866,2199167144,High glucose,2016-02
2867,2621381069,ICD10: E11,2013-04
2868,3656334032,Atrial fibrillation,2014-02
2869,15255344,High glucose,2014-07
2870,158210201,ICD10: E11,2014-09
2871,4787528381,ICD9:250,2015-04
2872,200345021,High glucose,2015-09
2873,5498345432,Diabetes,2012-09
2874,2739745469,CKD,2014-11
2875,174147752,T2DM,2016-06
2876,4150850696,Atrial fibrillation,2012-10
2877,6197653181,ICD9:250,2015-09
2878,2517956792,ICD9:250,2016-05
2879,1953352136,High glucose,2016-09
2880,7137587456,T2DM,2013-08
2881,3291797144,T2DM,2012-11
2882,3054170216,ICD10: E11,2012-04
2883,2419339481,Diabetes,2015-04
2884,4333368377,ICD10: E11,2014-04
2885,3728745344,Diabetes,2016-04
2886,1203482792,Chronic renal failure,2015-09
2887,85996217,ICD9:250,2013-05
2888,1076625677,T2DM,2013-09
2889,28700216,Diabetes,2014-01
2890,5182449176,Diabetes,2015-01
2891,3422657456,A-fib,2014-01
2892,115953536,ICD10: E11,2012-09
2893,7023905576,Diabetes,2016-12
2894,1655481512,Diabetes,2014-02
2895,7159553981,Diabetes,2016-02
2896,1359409376,ICD10: E11,2014-07
2897,1634201,Diabetes,2015-09
2898,840180944,Diabetes,2016-11
2899,481891097,ICD9:250,2015-12
2900,3124446221,ICD9:250,2013-04
2901,7432652144,ICD10: E11,2013-03
2902,504662969,ICD9:250,2016-09
2903,672033536,ICD10: E11,2013-03
2904,4964099321,CKD,2014-07
2905,163039421,ICD9:250,2014-02
2906,13803344,T2DM,2012-02
2907,487611272,ICD9:250,2013-03
2908,2947715417,T2DM,2014-04
2909,4392401357,Diabetes,2015-01
2910,473185712,ICD10: E11,2012-06
2911,2396222201,T2DM,2014-01
2912,4662519056,Diabetes,2016-11
2913,177870269,ICD9:250,2014-11
2914,399099737,ICD9: 585,2013-04
2915,1495485056,AF,2016-02
2916,581633597,CKD,2015-01
2917,2470553696,ICD10: E11,2012-09
2918,5038081469,ICD10: E11,2012-07
2919,1296173657,Diabetes,2012-06
2920,51146192,T2DM,2013-08
2921,5347332152,T2DM,2012-10
2922,5861450681,T2DM,2013-02
2923,980225597,Atrial fibrillation,2012-03
2924,374373992,High glucose,2015-04
2925,547317416,T2DM,2016-01
2926,999735344,Diabetes,2016-04
2927,3902269337,ICD9:250,2013-06
2928,2972215997,Diabetes,2013-08
2929,3149863496,AF,2015-01
2930,205576121,CKD,2016-04
2931,696864512,AF,2012-02
2932,3558134432,Diabetes,2013-08
2933,130799096,Diabetes,2015-12
2934,1418274416,Atrial fibrillation,2013-09
2935,5646514637,Diabetes,2013-12
2936,27108377,CKD,2014-08
2937,2345956157,ICD9:250,2015-10
2938,512004557,High blood sugar,2015-01
2939,5459371112,ICD10: E11,2015-05
2940,110607821,ICD10: E11,2014-07
2941,3983402432,High blood sugar,2016-10
2942,1134441017,T2DM,2016-10
2943,3033720269,High glucose,2015-10
2944,12096461,Chronic kidney disease,2015-03
2945,6912000269,AFib,2016-09
2946,41270312,ICD9:250,2014-09
2947,731297576,T2DM,2014-05
2948,2426671712,Chronic renal failure,2016-07
2949,921797792,T2DM,2015-02
2950,1637069069,Diabetes,2016-07
2951,191233037,ICD10: E11,2016-03
2952,156168944,ICD10: N18,2014-02
2953,6099324569,Diabetes,2013-06
2954,61616,T2DM,2014-08
2955,9655577,Diabetes,2013-09
2956,1720807769,ICD9:250,2012-12
2957,2468487944,Diabetes,2015-10
2958,260028569,ICD10: E11,2015-01
2959,61562969,Diabetes,2012-11
2960,4441207997,T2DM,2012-12
2961,2070811856,AFib,2013-09
2962,844403456,Diabetes,2012-10
2963,2475549497,Atrial fibrillation,2015-11
2964,782273981,ICD10: N18,2012-11
2965,349402061,ICD10: E11,2012-02
2966,993283517,ICD10: E11,2012-09
2967,2176482944,T2DM,2012-04
2968,1514702969,Diabetes,2015-01
2969,6214572857,Diabetes,2013-04
2970,7584569,Renal insufficiency,2016-12
2971,4136356541,ICD9:250,2016-07
2972,779273336,Diabetes,2012-01
2973,4510269497,CKD,2012-05
2974,320374937,Diabetes,2014-08
2975,1055587961,Chronic renal failure,2016-10
2976,793065512,Atrial fibrillation,2015-07
2977,5134430969,Diabetes,2012-08
2978,6253685216,ICD9:250,2012-01
2979,986308541,Diabetes,2015-03
2980,3461679152,Diabetes,2016-01
2981,4748777657,T2DM,2016-07
2982,95733872,Diabetes,2012-08
2983,6346068416,T2DM,2014-07
2984,685934192,Diabetes,2014-06
2985,865878632,ICD10: E11,2012-05
2986,17613056,Diabetes,2016-10
2987,5877374201,Diabetes,2015-12
2988,330876281,ICD10: E11,2012-08
2989,17410112,Diabetes,2013-09
2990,4502595512,Diabetes,2014-05
2991,555778232,Diabetes,2013-05
2992,1233592121,ICD9:250,2015-05
2993,1829529344,Diabetes,2016-06
2994,1225575101,CKD,2013-02
2995,662815757,ICD9:250,2012-03
2996,6826156472,ICD9:250,2015-03
2997,824689469,High blood sugar,2016-10
2998,10490969,Diabetes,2016-12
2999,2578811552,Chronic kidney disease,2016-03
3000,3998940569,Diabetes,2012-12
3001,3239339069,Diabetes,2015-11
3002,4458770381,ICD10: E11,2015-04
3003,17337917,T2DM,2016-10
3004,2450106521,Diabetes,2015-05
3005,13736,ICD9:250,2016-04
3006,5846343344,Diabetes,2013-04
3007,3653820872,Diabetes,2016-02
3008,2418317261,T2DM,2015-08
3009,2511355736,T2DM,2014-03
3010,5762943992,High glucose,2012-11
3011,6839614781,Diabetes,2014-08
3012,1515242297,ICD10: E11,2012-12
3013,894240944,Diabetes,2016-08
3014,31941776,Diabetes,2012-07
3015,89598944,High glucose,2014-07
3016,1052776136,High glucose,2013-09
3017,1353413069,ICD9:250,2014-09
3018,261426944,ICD10: E11,2015-08
3019,192192317,Diabetes,2016-01
3020,93543437,High blood sugar,2012-11
3021,5185691597,Diabetes,2016-06
3022,133506992,ICD10: E11,2015-10
3023,5341254344,ICD9:250,2016-05
3024,1028193776,T2DM,2013-07
3025,205576121,T2DM,2015-03
3026,7016069069,ICD9:250,2012-07
3027,1447515737,Diabetes,2013-12
3028,2772845081,Diabetes,2012-07
3029,3259480601,Diabetes,2012-04
3030,5450927897,High glucose,2015-10
3031,19584344,T2DM,2013-04
3032,15513497,Diabetes,2012-10
3033,24745421,ICD9:250,2014-04
3034,3335667344,Diabetes,2012-06
3035,4036267469,Diabetes,2016-11
3036,203069,Diabetes,2015-03
3037,957903752,T2DM,2015-07
3038,5604164792,Diabetes,2014-11
3039,95699981,ICD10: E11,2016-11
3040,79197401,High blood sugar,2013-03
3041,4140367769,ICD9:250,2012-03
3042,6607556552,High glucose,2013-11
3043,2712614969,Diabetes,2012-09
3044,232425881,Diabetes,2015-11
3045,98808632,Diabetes,2014-02
3046,6850792376,High blood sugar,2012-05
3047,1305168761,ICD10: I48,2016-09
3048,1191614969,Diabetes,2012-10
3049,1039778336,T2DM,2016-06
3050,392346557,CKD,2012-07
3051,6475595069,Diabetes,2013-08
3052,2196893432,Diabetes,2015-12
3053,3269574776,T2DM,2013-07
3054,3315091961,Diabetes,2013-10
3055,8417144,CRF,2012-01
3056,260475641,Diabetes,2012-06
3057,5639192,A-fib,2016-04
3058,881956217,High blood sugar,2016-02
3059,776374976,ICD9: 585,2014-09
3060,3347081081,ICD9:250,2015-02
3061,4443285944,Diabetes,2012-09
3062,2921069117,Diabetes,2013-09
3063,5940216281,Diabetes,2014-08
3064,3545953469,Diabetes,2016-08
3065,5459672,Diabetes,2012-09
3066,33027641,T2DM,2016-08
3067,6196562381,Chronic kidney disease,2014-04
3068,832367216,Diabetes,2012-07
3069,861602696,ICD9:250,2013-08
3070,195374969,CKD,2012-12
3071,7047441341,Diabetes,2014-03
3072,262660616,T2DM,2014-11
3073,3095276192,Diabetes,2016-11
3074,6571843517,ICD9:250,2013-03
3075,150797,Diabetes,2014-07
3076,7371257552,Diabetes,2014-11
3077,2714960936,ICD10: E11,2013-03
3078,2175998141,Diabetes,2013-09
3079,4281532121,ICD10: I48,2014-10
3080,2207459897,Chronic kidney disease,2016-08
3081,5382092477,Diabetes,2014-02
3082,2592198344,Diabetes,2015-10
3083,3622270781,ICD9:250,2016-11
3084,5745338201,AF,2014-10
3085,2393679296,T2DM,2014-02
3086,3189152,AF,2015-10
3087,6093374141,Diabetes,2015-09
3088,3492932921,AF,2015-04
3089,6508251056,ICD10: E11,2016-09
3090,5621553101,Diabetes,2013-01
3091,2260013696,Atrial fibrillation,2013-06
3092,514751672,T2DM,2014-01
3093,65623256,Diabetes,2016-11
3094,6215392136,Diabetes,2014-08
3095,13381901,Diabetes,2014-02
3096,4995634016,AFib,2016-03
3097,2132906957,Diabetes,2014-01
3098,3263437241,ICD9:250,2013-01
3099,5185192697,Atrial fibrillation,2014-10
3100,6481729241,T2DM,2014-06
3101,558394616,T2DM,2013-03
3102,127023416,ICD10: E11,2012-02
3103,108180344,High glucose,2012-08
3104,7345999037,ICD10: E11,2014-12
3105,858859469,T2DM,2016-12
3106,2937755816,ICD9:250,2012-02
3107,119600057,T2DM,2014-02
3108,4222801241,Diabetes,2013-07
3109,32295152,ICD10: E11,2014-12
3110,39770912,Diabetes,2014-03
3111,5960524697,ICD9:250,2013-07
3112,6404706344,ICD9:250,2013-03
3113,857337344,T2DM,2015-11
3114,375581432,Diabetes,2012-02
3115,3922203161,ICD9:250,2012-04
3116,1374265496,ICD10: N18,2014-03
3117,1050192569,Diabetes,2016-11
3118,1749088217,Diabetes,2013-09
3119,3231457469,Diabetes,2014-12
3120,1887169952,ICD9:250,2016-03
3121,2253924569,Diabetes,2012-10
3122,39422144,Diabetes,2014-06
3123,62792144,Diabetes,2014-08
3124,362142776,ICD9:250,2016-08
3125,2474687792,ICD9:250,2016-07
3126,87415481,T2DM,2016-11
3127,2082967769,High glucose,2016-10
3128,4170392,ICD9:250,2015-11
3129,328486157,Diabetes,2014-10
3130,1893344921,High blood sugar,2014-08
3131,2516045069,High blood sugar,2014-01
3132,119827469,Diabetes,2012-01
3133,4584319112,T2DM,2015-08
3134,108072281,ICD10: E11,2013-07
3135,530590472,High blood sugar,2013-02
3136,198388541,Diabetes,2015-11
3137,2972404856,AF,2015-04
3138,4166711741,ICD10: E11,2012-08
3139,1959787712,T2DM,2013-02
3140,151443344,High glucose,2013-08
3141,44214032,Diabetes,2016-03
3142,2589553469,Diabetes,2016-12
3143,1533500912,High glucose,2015-08
3144,6497635832,ICD10: E11,2013-12
3145,5821736381,T2DM,2016-01
3146,7452077069,AF,2014-05
3147,257576537,ICD10: E11,2016-08
3148,2356874792,ICD10: E11,2015-07
3149,3519187769,Diabetes,2012-02
3150,52141952,ICD10: E11,2016-07
3151,2403344,T2DM,2014-05
3152,6477825341,Diabetes,2015-01
3153,4272017357,Diabetes,2016-03
3154,7027680269,Diabetes,2013-06
3155,6461664569,ICD9: 427.31,2014-07
3156,5952236816,High blood sugar,2016-04
3157,2584091672,Diabetes,2012-02
3158,1131409469,Diabetes,2014-02
3159,4570959737,Diabetes,2015-04
3160,4766698232,Diabetes,2015-02
3161,576215912,Atrial fibrillation,2016-04
3162,5926607696,Chronic kidney disease,2013-05
3163,2400972569,Diabetes,2015-06
3164,6195471677,T2DM,2015-11
3165,2460920912,ICD10: E11,2016-05
3166,5838399944,T2DM,2013-05
3167,1875900377,ICD10: E11,2014-10
3168,25334777,Diabetes,2015-04
3169,2362932944,Diabetes,2015-09
3170,3268386416,ICD10: E11,2014-04
3171,5358230201,T2DM,2015-09
3172,49499801,Diabetes,2013-05
3173,683124569,T2DM,2016-12
3174,972324296,Atrial fibrillation,2013-01
3175,776664569,ICD9:250,2013-12
3176,2546020541,Diabetes,2014-06
3177,813881792,Diabetes,2016-07
3178,2940197177,Diabetes,2012-09
3179,2119011056,ICD10: E11,2012-01
3180,3511588376,Diabetes,2016-11
3181,3213944,CKD,2013-04
3182,1225232,Diabetes,2013-10
3183,6967696016,Diabetes,2013-01
3184,574720112,Diabetes,2014-06
3185,549670157,T2DM,2014-10
3186,647653016,Diabetes,2016-01
3187,7365905072,ICD9:250,2015-09
3188,3987557561,T2DM,2016-08
3189,6163611056,ICD10: E11,2016-07
3190,1125707192,High blood sugar,2015-11
3191,905880656,Diabetes,2013-12
3192,1066080872,ICD9:250,2014-12
3193,3906814976,T2DM,2015-07
3194,298382456,Diabetes,2014-08
3195,2741196221,T2DM,2014-10
3196,2438289512,Diabetes,2015-11
3197,6126679712,Diabetes,2014-07
3198,1530382457,AF,2015-11
3199,5146352441,ICD10: N18,2012-03
3200,48168416,Chronic kidney disease,2016-12
3201,2040342992,T2DM,2015-11
3202,4190896397,ICD10: E11,2012-05
3203,5437892144,ICD9:250,2015-09
3204,6929579432,T2DM,2016-05
3205,60480569,Diabetes,2013-04
3206,6794710112,ICD9:250,2015-09
3207,5099738969,ICD9: 427.31,2014-08
3208,23268944,T2DM,2015-08
3209,2409637112,Diabetes,2013-08
3210,6190564697,High blood sugar,2013-03
3211,7398943001,ICD9:250,2015-02
3212,392483801,T2DM,2016-01
3213,1790181821,Diabetes,2012-01
3214,22572416,ICD10: E11,2015-07
3215,3215723069,T2DM,2012-04
3216,2020519181,High blood sugar,2015-09
3217,38213552,ICD9: 585,2014-03
3218,1051877144,AF,2015-09
3219,6558931961,T2DM,2014-01
3220,1186359257,ICD9:250,2012-01
3221,4125446936,ICD9:250,2015-07
3222,7834637,T2DM,2015-05
3223,7353720569,ICD9:250,2015-03
3224,3854592344,Diabetes,2015-03
3225,3033720269,CKD,2014-09
3226,3186129032,ICD9:250,2015-10
3227,5911150232,High glucose,2016-04
3228,1596259736,ICD10: E11,2013-09
3229,5542357241,ICD10: E11,2014-02
3230,528995792,ICD10: E11,2014-02
3231,443670032,T2DM,2014-09
3232,1094717,T2DM,2015-05
3233,1270856441,ICD9:250,2012-02
3234,6568193312,Diabetes,2015-12
3235,3895780157,ICD10: E11,2013-02
3236,4596053912,Diabetes,2015-07
3237,8108477,T2DM,2012-05
3238,1510526432,ICD9:250,2013-04
3239,1187910872,ICD10: E11,2013-06
3240,6625872317,Atrial fibrillation,2013-06
3241,3021521357,CKD,2014-07
3242,2448734969,Renal insufficiency,2016-11
3243,6617,ICD10: E11,2012-06
3244,2707769,T2DM,2014-10
3245,736082957,ICD10: E11,2015-11
3246,3826683944,T2DM,2016-05
3247,617337344,T2DM,2015-03
3248,4427367437,T2DM,2012-03
3249,1683648569,AF,2013-04
3250,57186137,ICD9:250,2016-10
3251,562166432,T2DM,2014-06
3252,891135944,ICD10: E11,2012-03
3253,6092833337,Diabetes,2012-10
3254,1772053517,T2DM,2014-05
3255,946892537,ICD10: E11,2016-04
3256,133627097,T2DM,2016-08
3257,6068252144,High glucose,2014-08
3258,2297219021,CKD,2012-01
3259,2862205901,Diabetes,2014-11
3260,3878502077,ICD10: N18,2016-04
3261,1189582976,Diabetes,2012-07
3262,2853872216,ICD10: E11,2016-01
3263,1697178944,Diabetes,2015-01
3264,1942039016,Chronic kidney disease,2012-11
3265,2570023352,Diabetes,2014-01
3266,533466944,Diabetes,2014-12
3267,3542035232,Diabetes,2013-11
3268,399584312,ICD10: E11,2012-03
3269,138312569,Diabetes,2015-04
3270,1790035256,T2DM,2012-03
3271,1379921696,ICD9:250,2012-02
3272,3535646969,Diabetes,2015-02
3273,1680522941,Diabetes,2016-08
3274,7305675581,ICD9:250,2014-05
3275,2383013837,Diabetes,2015-08
3276,5108400944,ICD9:250,2016-07
3277,3706778672,Diabetes,2015-05
3278,803439944,ICD9:250,2015-02
3279,799419197,CKD,2014-12
3280,3341271656,T2DM,2012-04
3281,3492932921,ICD9:250,2014-05
3282,552760697,Diabetes,2015-09
3283,1744744637,Diabetes,2015-06
3284,1563216056,T2DM,2012-06
3285,5002001936,ICD10: E11,2012-08
3286,4168948121,Chronic kidney disease,2015-03
3287,189512381,ICD9:250,2015-06
3288,6540148712,High blood sugar,2015-09
3289,3784372136,AF,2016-08
3290,5624670269,T2DM,2015-08
3291,1578180557,CKD,2015-07
3292,833466941,Diabetes,2014-07
3293,3752474336,ICD10: E11,2016-05
3294,356430269,ICD10: E11,2016-11
3295,2924065469,Atrial fibrillation,2013-05
3296,4722079097,T2DM,2015-08
3297,889792121,Diabetes,2013-11
3298,16751576,High glucose,2013-03
3299,402219992,ICD10: E11,2012-10
3300,1399291496,Diabetes,2013-07
3301,6662297144,Diabetes,2012-02
3302,3476777816,Diabetes,2014-06
3303,2140913657,Diabetes,2015-04
3304,4873479344,Diabetes,2012-07
3305,1848991097,Diabetes,2012-07
3306,303852557,T2DM,2012-08
3307,4192242041,ICD9:250,2016-07
3308,328172312,T2DM,2016-09
3309,3525766841,Diabetes,2014-01
3310,45466616,Diabetes,2013-10
3311,572977469,ICD10: E11,2014-10
3312,6841047296,ICD10: E11,2015-07
3313,609273272,T2DM,2012-09
3314,71648576,T2DM,2013-07
3315,2634166541,AF,2016-01
3316,2643419837,ICD9:250,2016-04
3317,1607767769,Diabetes,2013-11
3318,7186839344,Diabetes,2016-10
3319,2441711792,Diabetes,2016-09
3320,5298302144,CKD,2015-04
3321,1667625056,Diabetes,2016-11
3322,480979001,Atrial fibrillation,2014-07
3323,5168742461,Diabetes,2012-02
3324,3302140256,ICD10: E11,2013-08
3325,6649014521,T2DM,2014-03
3326,3123284537,T2DM,2016-09
3327,2781242381,Diabetes,2016-11
3328,6511325501,ICD10: E11,2016-05
3329,10712,Diabetes,2014-03
3330,1304417981,Diabetes,2013-05
3331,424187912,ICD10: E11,2012-08
3332,4496321657,ICD9:250,2012-07
3333,95903417,T2DM,2013-06
3334,6458045096,ICD10: E11,2016-08
3335,12253592,ICD10: E11,2014-03
3336,1691332877,ICD9:250,2015-02
3337,14231321,T2DM,2015-11
3338,2611989416,ICD9:250,2015-03
3339,1289572136,Diabetes,2015-07
3340,98292797,High blood sugar,2014-11
3341,8059232,Diabetes,2014-10
3342,6057193337,High blood sugar,2014-03
3343,1757501117,ICD9:250,2012-12
3344,1520775944,Diabetes,2015-10
3345,209067581,Renal insufficiency,2014-03
3346,880722137,T2DM,2016-08
3347,576049616,High blood sugar,2012-11
3348,516246041,Diabetes,2016-11
3349,414469817,Diabetes,2016-01
3350,171869552,High blood sugar,2014-09
3351,5045460569,Diabetes,2014-03
3352,3736999577,ICD9:250,2013-01
3353,2326199417,Diabetes,2016-12
3354,1445012696,T2DM,2014-12
3355,2368155917,ICD10: E11,2014-10
3356,585734456,Diabetes,2015-07
3357,3771809561,Atrial fibrillation,2016-04
3358,94517576,ICD10: E11,2012-08
3359,38063801,ICD9:250,2012-04
3360,2019585017,Atrial fibrillation,2014-02
3361,572480057,T2DM,2013-05
3362,725127896,Diabetes,2013-09
3363,3158034344,ICD10: E11,2012-07
3364,374172941,ICD10: E11,2012-07
3365,5466796301,T2DM,2012-12
3366,4407566969,Diabetes,2013-02
3367,597615257,ICD9:250,2016-10
3368,866592317,T2DM,2015-03
3369,4346604557,Diabetes,2016-04
3370,20264672,Diabetes,2015-08
3371,2219030696,ICD10: E11,2015-03
3372,5491925657,Diabetes,2016-07
3373,2122999481,A-fib,2013-08
3374,793846136,T2DM,2014-10
3375,2142677144,ICD9:250,2016-03
3376,1209944,Diabetes,2015-10
3377,5689023896,T2DM,2015-09
3378,23486681,Diabetes,2016-01
3379,2174220992,Diabetes,2014-10
3380,844604792,Diabetes,2013-06
3381,122918672,ICD10: E11,2015-09
3382,2725259069,T2DM,2015-04
3383,1912839272,ICD9:250,2016-04
3384,3507278861,AF,2014-03
3385,47521469,ICD9:250,2014-10
3386,1036429976,Diabetes,2014-03
3387,499772216,ICD9:250,2014-05
3388,1260873272,Diabetes,2015-07
3389,6710167577,Diabetes,2016-02
3390,6605022521,ICD9:250,2015-03
3391,2061836237,High glucose,2016-02
3392,7076843552,High blood sugar,2015-06
3393,571237472,ICD10: E11,2012-04
3394,181725536,T2DM,2012-03
3395,961445081,T2DM,2014-03
3396,1195324832,ICD10: E11,2012-07
3397,1070383232,ICD10: E11,2015-04
3398,961659917,ICD10: E11,2013-12
3399,1397607437,T2DM,2015-07
3400,4440977144,High blood sugar,2012-09
3401,766752776,Atrial fibrillation,2013-12
3402,3675000269,ICD10: E11,2012-04
3403,3534823097,ICD10: E11,2016-01
3404,2662332569,Diabetes,2014-04
3405,415457741,T2DM,2016-03
3406,3742507469,ICD10: E11,2014-04
3407,5800610621,T2DM,2012-12
3408,13919417,Chronic renal failure,2015-08
3409,153968957,T2DM,2016-08
3410,6244374656,Diabetes,2014-04
3411,5349865592,High blood sugar,2013-07
3412,4475208656,Diabetes,2016-04
3413,31902632,Diabetes,2012-09
3414,3001560752,T2DM,2013-07
3415,685843469,Diabetes,2015-08
3416,13445336,AF,2016-03
3417,2692445561,ICD9:250,2013-06
3418,822502361,Diabetes,2013-06
3419,967685069,T2DM,2016-04
3420,74431352,ICD10: E11,2013-11
3421,677161997,Diabetes,2013-02
3422,2289753656,T2DM,2015-04
3423,335238392,Diabetes,2012-09
3424,2174059469,Diabetes,2013-09
3425,450996632,AF,2016-11
3426,4304683469,Diabetes,2014-09
3427,5439424952,Diabetes,2012-04
3428,5288472857,Chronic kidney disease,2013-04
3429,3602907344,High glucose,2012-05
3430,2523870344,ICD10: E11,2015-01
3431,3394545401,High glucose,2014-03
3432,3989526536,Diabetes,2013-01
3433,1542331097,ICD9:250,2016-09
3434,2028936377,Diabetes,2013-08
3435,124923896,T2DM,2015-03
3436,7150470392,T2DM,2013-03
3437,2991510521,ICD10: N18,2014-05
3438,858250457,ICD9:250,2016-05
3439,968141,Diabetes,2016-11
3440,81151472,Diabetes,2012-08
3441,2535718256,ICD10: E11,2013-08
3442,76720016,Diabetes,2015-09
3443,7228600976,Diabetes,2016-10
3444,166641896,T2DM,2016-02
3445,4435669181,Diabetes,2012-10
3446,4800960317,T2DM,2016-08
3447,30854816,ICD9:250,2013-08
3448,2666087432,T2DM,2016-03
3449,3074880944,Diabetes,2014-03
3450,2125554041,ICD10: E11,2016-07
3451,5001266969,Chronic renal failure,2015-08
3452,268588601,Diabetes,2012-11
3453,6032146112,ICD9:250,2012-10
3454,5495520269,T2DM,2015-11
3455,4136356541,CKD,2015-06
3456,5624930072,Diabetes,2016-01
3457,3630269,T2DM,2016-02
3458,7546457,ICD10: E11,2012-03
3459,2265946136,High glucose,2014-06
3460,290772344,High glucose,2012-01
3461,431352512,AF,2016-12
3462,37935677,Diabetes,2015-11
3463,1881906617,ICD10: E11,2016-01
3464,3880228157,T2DM,2013-11
3465,3776704352,T2DM,2013-05
3466,17395661,Diabetes,2012-06
3467,600667769,Diabetes,2015-11
3468,232690016,Diabetes,2013-08
3469,6007419272,Diabetes,2012-08
3470,3864707261,AF,2015-09
3471,81401312,Diabetes,2016-02
3472,1901342144,ICD10: E11,2013-04
3473,2030653136,T2DM,2013-03
3474,5687195069,ICD10: E11,2015-03
3475,37680077,Diabetes,2014-05
3476,949239101,AF,2014-11
3477,5587062344,Diabetes,2016-03
3478,4191120656,ICD10: N18,2016-12
3479,1184212541,Diabetes,2014-01
3480,96392,ICD10: E11,2015-12
3481,4381846841,Diabetes,2015-08
3482,1352393741,ICD10: E11,2013-08
3483,2138029517,High glucose,2014-08
3484,333971072,ICD9:250,2015-11
3485,94416569,Diabetes,2013-05
3486,2027688281,T2DM,2015-08
3487,3221029136,Chronic kidney disease,2012-08
3488,447399101,AF,2016-11
3489,2407427021,ICD10: E11,2012-08
3490,96208976,CKD,2012-05
3491,5649638717,Diabetes,2013-09
3492,1651255832,T2DM,2013-01
3493,3722402144,ICD9:250,2015-09
3494,6572686016,Diabetes,2015-12
3495,5737463741,T2DM,2012-05
3496,13559897,ICD9:250,2012-11
3497,631620569,T2DM,2014-02
3498,7308932912,T2DM,2016-10
3499,6374247344,Diabetes,2015-11
3500,2197867736,CKD,2012-02
3501,1433579069,T2DM,2012-01
3502,1272215216,Chronic kidney disease,2014-05
3503,2402500472,ICD9:250,2014-04
3504,3250586936,CKD,2015-08
3505,5281169816,High blood sugar,2014-04
3506,62654969,T2DM,2012-10
3507,2506844216,ICD10: E11,2016-11
3508,6226321016,Diabetes,2015-12
3509,445130552,T2DM,2015-02
3510,6015437,AF,2015-09
3511,4836308672,ICD10: E11,2013-01
3512,2166313421,ICD9:250,2016-08
3513,5004207161,High blood sugar,2015-07
3514,7347944,Diabetes,2014-10
3515,5001756941,Diabetes,2013-11
3516,315187769,ICD10: E11,2015-09
3517,621389261,ICD9:250,2015-10
3518,1422452144,ICD9:250,2015-12
3519,3491909336,ICD10: E11,2015-12
3520,2400972569,Chronic kidney disease,2015-07
3521,1789888697,ICD9:250,2012-08
3522,3360722969,ICD9:250,2012-08
3523,2074281344,ICD9:250,2012-09
3524,787028696,AF,2013-01
3525,5955177017,ICD10: E11,2016-05
3526,1135257896,Diabetes,2012-07
3527,2081229032,CKD,2014-11
3528,1570208921,ICD9:250,2015-05
3529,4035167144,High glucose,2014-01
3530,75721997,Diabetes,2016-06
3531,1679387069,AF,2013-04
3532,3165046352,Diabetes,2016-02
3533,4301502137,Diabetes,2013-07
3534,3577791737,High glucose,2014-10
3535,7584569,ICD10: E11,2013-03
3536,1090880552,ICD10: E11,2015-03
3537,5080955417,T2DM,2012-11
3538,3082377017,ICD9:250,2012-12
3539,3275718077,Diabetes,2013-01
3540,3978375437,A-fib,2014-02
3541,926958521,Diabetes,2014-07
3542,210944,T2DM,2014-01
3543,2475032456,T2DM,2015-09
3544,4998082736,High glucose,2013-05
3545,4037588057,Diabetes,2012-05
3546,5195175257,T2DM,2016-02
3547,5451439421,ICD10: E11,2014-01
3548,2669665952,Diabetes,2015-11
3549,5535396344,Diabetes,2012-01
3550,352256957,T2DM,2014-09
3551,5454764912,High glucose,2012-04
3552,4369930937,ICD9:250,2012-07
3553,94618637,High blood sugar,2012-02
3554,1816218344,Chronic kidney disease,2014-11
3555,5522002496,ICD9:250,2013-09
3556,2176967801,Chronic renal failure,2015-01
3557,212184569,High blood sugar,2013-02
3558,2948655872,T2DM,2016-02
3559,2512918361,AF,2015-10
3560,2446507016,Diabetes,2016-07
3561,7431457592,Diabetes,2013-02
3562,2817532217,Diabetes,2015-10
3563,2467799552,CKD,2012-12
3564,478929944,Diabetes,2013-11
3565,4563468281,ICD10: E11,2012-11
3566,3433001021,ICD9:250,2014-11
3567,755475752,Diabetes,2013-09
3568,44144957,T2DM,2014-08
3569,63094457,T2DM,2012-03
3570,201720269,Diabetes,2014-09
3571,81245117,Diabetes,2012-05
3572,4006172816,High glucose,2012-12
3573,4746629456,Diabetes,2015-09
3574,671764157,Diabetes,2013-07
3575,319879097,T2DM,2013-10
3576,76750361,ICD9:250,2013-11
3577,38406521,T2DM,2014-06
3578,2310853817,ICD10: E11,2012-11
3579,12842552,Diabetes,2014-10
3580,1276667192,T2DM,2016-08
3581,3253747736,Diabetes,2016-03
3582,6519434336,Diabetes,2015-09
3583,1328297561,ICD10: E11,2014-10
3584,1070836616,Diabetes,2013-06
3585,3954595016,Chronic kidney disease,2015-12
3586,4006830617,T2DM,2012-06
3587,623809469,ICD10: E11,2014-05
3588,688931417,Diabetes,2013-03
3589,1026195344,Diabetes,2012-02
3590,456012992,Diabetes,2014-08
3591,376723577,Diabetes,2012-09
3592,761772944,CKD,2012-01
3593,37319456,Diabetes,2014-02
3594,1427682944,ICD9:250,2012-08
3595,4069346969,Diabetes,2015-03
3596,7264282061,Diabetes,2015-09
3597,4509571592,CKD,2013-07
3598,4606392944,High blood sugar,2016-09
3599,4935097712,Diabetes,2013-08
3600,1143911456,T2DM,2014-11
3601,2003892344,High glucose,2015-07
3602,424116569,ICD10: E11,2016-08
3603,3261260792,T2DM,2013-09
3604,353753912,T2DM,2014-04
3605,3708466112,High blood sugar,2014-10
3606,529394237,T2DM,2014-05
3607,4254375161,T2DM,2016-05
3608,5846717,Atrial fibrillation,2014-02
3609,5265824717,ICD9:250,2014-05
3610,172551437,Diabetes,2012-03
3611,1145435069,Diabetes,2016-12
3612,954154937,CKD,2012-10
3613,1061674301,T2DM,2013-07
3614,5378027069,ICD9:250,2015-02
3615,3209243816,Atrial fibrillation,2014-08
3616,621907481,Atrial fibrillation,2016-07
3617,155433881,Chronic kidney disease,2016-01
3618,395576,ICD9:250,2014-10
3619,120777344,Chronic kidney disease,2014-07
3620,3868153661,ICD10: E11,2016-09
3621,993065177,Diabetes,2014-09
3622,2344949561,ICD10: E11,2014-08
3623,2952795656,ICD9:250,2012-06
3624,619146137,AF,2014-08
3625,141302576,Diabetes,2013-03
3626,932662541,ICD9:250,2012-02
3627,1030305341,High glucose,2014-04
3628,3721345469,T2DM,2013-09
3629,3117866201,ICD10: I48,2015-12
3630,1180281944,T2DM,2013-12
3631,205178969,Diabetes,2015-12
3632,1090994969,Diabetes,2014-03
3633,196053437,ICD9: 427.31,2014-07
3634,282270269,Diabetes,2012-04
3635,3067969592,Diabetes,2016-12
3636,1266907769,Chronic renal failure,2013-10
3637,1760697497,High glucose,2014-12
3638,1314320552,Diabetes,2014-04
3639,4541030777,High blood sugar,2013-08
3640,467625944,High glucose,2012-11
3641,5039556857,Renal insufficiency,2014-08
3642,7490403341,Diabetes,2013-02
3643,4406187197,ICD9:250,2016-02
3644,3227323472,ICD10: E11,2012-01
3645,2381830256,Diabetes,2014-07
3646,1198680632,Diabetes,2014-06
3647,782952344,Diabetes,2012-02
3648,44192,ICD9:250,2013-01
3649,6534546992,Diabetes,2014-08
3650,1526590361,Diabetes,2015-08
3651,149107769,ICD10: N18,2015-05
3652,5813017352,Diabetes,2014-09
3653,5657192144,Diabetes,2013-03
3654,712866944,Diabetes,2015-12
3655,1837539272,Diabetes,2013-06
3656,787028696,Diabetes,2015-06
3657,3892753721,ICD10: E11,2016-05
3658,1474926056,Diabetes,2014-03
3659,423332192,T2DM,2016-11
3660,1408246937,ICD10: E11,2014-12
3661,114169952,Diabetes,2016-08
3662,2005598477,Diabetes,2012-09
3663,1949220569,Diabetes,2013-01
3664,445934861,T2DM,2012-06
3665,1019437337,Diabetes,2013-10
3666,120511001,T2DM,2014-12
3667,2989237337,ICD10: E11,2014-09
3668,3008396936,ICD10: E11,2014-01
3669,3962877344,Diabetes,2014-11
3670,2568794201,High blood sugar,2013-03
3671,2908351757,Diabetes,2014-03
3672,3133747469,Diabetes,2015-07
3673,674730296,T2DM,2012-03
3674,1802661776,Chronic kidney disease,2013-02
3675,136485344,High glucose,2016-08
3676,5235702797,Diabetes,2015-10
3677,2497660217,Atrial fibrillation,2012-05
3678,3897726344,ICD10: E11,2016-03
3679,155952569,ICD10: E11,2014-11
3680,5150080736,T2DM,2013-11
3681,1633286936,ICD10: E11,2014-03
3682,1370159192,Diabetes,2016-02
3683,119070269,Atrial fibrillation,2012-09
3684,1808697017,Atrial fibrillation,2013-05
3685,2659294856,Diabetes,2012-03
3686,102597581,T2DM,2015-09
3687,5015731232,Diabetes,2012-05
3688,5047183136,Atrial fibrillation,2016-08
3689,5765574032,Diabetes,2014-01
3690,4889695421,Atrial fibrillation,2014-06
3691,1771178681,ICD9:250,2013-05
3692,439448096,Diabetes,2015-06
3693,556104944,Chronic kidney disease,2012-07
3694,2641639097,T2DM,2013-02
3695,3800585216,T2DM,2013-01
3696,2689031432,AF,2014-06
3697,1788276944,Diabetes,2014-04
3698,4313551952,High blood sugar,2016-06
3699,5830990976,Diabetes,2015-01
3700,4507013069,CKD,2013-09
3701,20389616,ICD10: N18,2014-01
3702,2925002144,CKD,2015-07
3703,4802400569,Diabetes,2016-10
3704,3572613512,Diabetes,2015-04
3705,435969344,Diabetes,2012-03
3706,1462711952,High glucose,2014-09
3707,5608314776,Diabetes,2013-10
3708,597022616,Diabetes,2013-10
3709,7380777872,Chronic kidney disease,2016-03
3710,208116992,T2DM,2012-09
3711,6314097656,Diabetes,2014-12
3712,6472529072,ICD10: E11,2015-07
3713,6039143336,Diabetes,2016-11
3714,767904272,T2DM,2014-08
3715,1163797517,ICD10: E11,2016-04
3716,2071442456,T2DM,2012-06
3717,3949803944,ICD10: E11,2015-05
3718,192296,T2DM,2016-08
3719,4564404377,Diabetes,2015-01
3720,2578811552,T2DM,2016-11
3721,784795097,Diabetes,2015-01
3722,4853186792,ICD9:250,2012-08
3723,538519481,Diabetes,2015-04
3724,779370041,ICD9:250,2013-09
3725,3544303421,Diabetes,2016-08
3726,3388493261,T2DM,2016-12
3727,4566042776,CKD,2014-01
3728,6193017944,ICD10: N18,2013-06
3729,581132441,High glucose,2012-04
3730,4384369592,Diabetes,2014-03
3731,1750972112,T2DM,2012-02
3732,676801469,T2DM,2015-02
3733,3663878696,T2DM,2012-11
3734,8978969,High glucose,2015-12
3735,469951037,T2DM,2013-11
3736,3134135321,Diabetes,2014-04
3737,7442510861,Diabetes,2016-09
3738,1166753792,Diabetes,2013-12
3739,7420412537,Diabetes,2014-01
3740,3292393421,Diabetes,2012-05
3741,2373384656,Diabetes,2015-08
3742,1825469,T2DM,2016-11
3743,346429817,T2DM,2015-03
3744,1062690392,Diabetes,2016-12
3745,403958717,Atrial fibrillation,2014-02
3746,29995001,T2DM,2012-12
3747,4709708921,T2DM,2013-05
3748,1851375161,CKD,2014-01
3749,23118797,CKD,2013-08
3750,228010841,Diabetes,2015-05
3751,1828344176,Atrial fibrillation,2012-02
3752,6912000269,ICD9:250,2013-08
3753,4593001421,ICD10: E11,2016-07
3754,1536215192,Atrial fibrillation,2012-11
3755,498998096,Chronic kidney disease,2014-11
3756,4446750269,Diabetes,2013-10
3757,22000061,Diabetes,2014-04
3758,2726705981,ICD9:250,2014-04
3759,6735162041,CRF,2014-01
3760,6095537597,ICD10: E11,2015-02
3761,6446358344,ICD10: E11,2016-09
3762,1737632,ICD9:250,2015-09
3763,5255523344,ICD10: E11,2012-01
3764,3749716217,High blood sugar,2013-08
3765,5852701952,Diabetes,2012-02
3766,326354969,High blood sugar,2012-09
3767,1232132537,T2DM,2014-05
3768,7307452217,Diabetes,2016-11
3769,142540616,High glucose,2013-03
3770,1176120269,Atrial fibrillation,2012-08
3771,3644613344,Diabetes,2015-10
3772,1555965497,Diabetes,2014-01
3773,4809605069,ICD9:250,2015-02
3774,18930701,Diabetes,2015-10
3775,1572955481,Diabetes,2013-10
3776,1317462077,T2DM,2016-06
3777,6277815344,High blood sugar,2015-03
3778,1184808656,ICD10: E11,2012-10
3779,6065284157,High glucose,2012-12
3780,800496944,ICD10: E11,2015-03
3781,4401129881,Diabetes,2013-01
3782,274009016,T2DM,2015-12
3783,1767098969,Atrial fibrillation,2012-07
3784,197219261,ICD10: E11,2014-11
3785,541497944,Diabetes,2013-03
3786,3971604944,CKD,2014-12
3787,5206167161,ICD9:250,2014-07
3788,1095691232,Diabetes,2016-09
3789,436765337,High glucose,2014-04
3790,2405217944,Diabetes,2013-04
3791,489218969,T2DM,2014-09
3792,1733188157,ICD10: E11,2013-08
3793,7046568944,CKD,2014-04
3794,4233387944,ICD10: E11,2013-06
3795,357542936,CKD,2012-11
3796,956724761,ICD10: N18,2016-06
3797,5897841032,ICD10: E11,2012-10
3798,5943954701,AFib,2015-08
3799,4139253344,Atrial fibrillation,2012-03
3800,869347856,AF,2014-01
3801,1416448592,ICD10: E11,2015-05
3802,409337552,CRF,2015-04
3803,425544569,Diabetes,2016-03
3804,117713357,Diabetes,2012-07
3805,5284946621,T2DM,2015-10
3806,5663447072,T2DM,2012-12
3807,6487308281,T2DM,2016-02
3808,4815132176,T2DM,2014-07
3809,1620711416,Diabetes,2015-11
3810,65147069,Atrial fibrillation,2013-05
3811,6454983257,Diabetes,2014-04
3812,129849992,ICD10: E11,2013-04
3813,414046781,Diabetes,2016-11
3814,1234078841,T2DM,2013-09
3815,3332666969,Diabetes,2016-08
3816,4646684477,ICD9:250,2012-06
3817,7458358232,Diabetes,2015-10
3818,4273602416,ICD9:250,2013-10
3819,6542390072,Diabetes,2016-06
3820,6779014157,ICD9:250,2012-05
3821,6036720761,ICD10: E11,2012-07
3822,6798993977,T2DM,2015-11
3823,106994621,AFib,2014-09
3824,2435672,Atrial fibrillation,2015-02
3825,517112192,T2DM,2014-01
3826,3915047144,High glucose,2015-08
3827,6457766717,T2DM,2013-02
3828,6896,Diabetes,2015-11
3829,1301417021,T2DM,2014-06
3830,3529881881,High blood sugar,2014-02
3831,3130064072,Diabetes,2014-10
3832,959512637,Diabetes,2014-12
3833,5399896697,AF,2014-12
3834,4405957256,ICD9:250,2016-11
3835,4101895856,ICD10: E11,2016-12
3836,2073650312,Diabetes,2014-05
3837,4117885472,ICD10: E11,2016-10
3838,6800993576,Diabetes,2015-02
3839,4270206221,Diabetes,2016-11
3840,2076332861,Diabetes,2012-10
3841,18511037,T2DM,2014-06
3842,1770595577,ICD10: E11,2013-09
3843,2764278344,Diabetes,2014-07
3844,1833680456,Diabetes,2012-09
3845,1367467769,Diabetes,2013-08
3846,3276344,ICD9:250,2014-03
3847,2657865944,T2DM,2012-01
3848,5018184872,Diabetes,2014-05
3849,3520009817,Diabetes,2014-12
3850,2340422552,ICD10: E11,2016-12
3851,112069901,ICD10: E11,2015-04
3852,2237017016,AF,2013-01
3853,146119592,ICD10: E11,2015-09
3854,1571856569,Diabetes,2012-09
3855,2571077144,ICD9:250,2016-10
3856,2248336397,High blood sugar,2014-03
3857,4641254936,T2DM,2013-05
3858,1258291469,Diabetes,2016-04
3859,934885496,ICD10: E11,2015-06
3860,2069078201,Diabetes,2012-11
3861,20577752,Diabetes,2015-12
3862,5843694944,Diabetes,2012-08
3863,6081211856,Chronic renal failure,2015-06
3864,1602632576,ICD10: E11,2015-09
3865,1044587069,ICD9:250,2016-10
3866,81557657,High blood sugar,2016-06
3867,5751116237,ICD10: E11,2012-06
3868,929069081,Diabetes,2013-04
3869,2805776441,Diabetes,2012-04
3870,165882557,T2DM,2016-01
3871,6412601,Diabetes,2015-12
3872,2759544992,ICD9:250,2012-01
3873,296057,High blood sugar,2014-04
3874,44606477,Diabetes,2013-06
3875,4889937656,ICD9:250,2014-10
3876,1786812344,ICD9:250,2014-05
3877,5678055344,Diabetes,2015-09
3878,5444535872,T2DM,2015-02
3879,202409657,AF,2013-08
3880,4193139257,T2DM,2016-05
3881,2844072569,Diabetes,2013-08
3882,1524831344,Atrial fibrillation,2014-08
3883,729518777,High glucose,2016-08
3884,1438436096,ICD9:250,2014-10
3885,2225889632,High blood sugar,2012-04
3886,552434969,CRF,2016-03
3887,1282491197,ICD9:250,2012-02
3888,4785850712,T2DM,2013-09
3889,245657,High blood sugar,2014-09
3890,3136656944,Diabetes,2014-08
3891,389469977,ICD10: E11,2016-04
3892,332263997,T2DM,2016-09
3893,692026301,Diabetes,2016-03
3894,3627902144,T2DM,2013-01
3895,5105430296,CKD,2016-03
3896,305485112,Diabetes,2012-08
3897,6935347952,AF,2013-04
3898,2213811944,Diabetes,2014-03
3899,20940761,ICD10: E11,2014-03
3900,266209469,ICD9:250,2012-09
3901,2777224697,Diabetes,2015-06
3902,942101792,T2DM,2015-01
3903,6916320944,T2DM,2015-06
3904,93711032,T2DM,2013-02
3905,5028251069,T2DM,2015-09
3906,5338937,ICD9:250,2015-05
3907,592882361,Diabetes,2012-10
3908,5740875344,T2DM,2013-03
3909,6102842096,ICD9:250,2014-02
3910,19081721,ICD9:250,2016-11
3911,1429777952,Diabetes,2016-12
3912,2917700057,ICD9:250,2012-03
3913,304698521,High glucose,2015-12
3914,999187769,ICD9:250,2016-12
3915,1607628872,AF,2013-09
3916,5874187769,T2DM,2012-03
3917,2073965816,Diabetes,2016-10
3918,134148176,ICD10: E11,2013-06
3919,464858381,ICD10: E11,2015-07
3920,1945857341,ICD9:250,2012-02
3921,2395713512,Diabetes,2015-03
3922,3291399656,ICD9:250,2014-08
3923,8731577,Diabetes,2014-10
3924,6951801401,T2DM,2012-05
3925,2375241401,High blood sugar,2014-12
3926,3824969816,Diabetes,2014-12
3927,125505341,ICD9:250,2015-12
3928,6794995661,Diabetes,2014-11
3929,1971921401,ICD9:250,2012-07
3930,1595844557,High glucose,2013-01
3931,200443097,Diabetes,2012-09
3932,537555257,CKD,2012-02
3933,370296569,T2DM,2015-06
3934,6673328957,ICD10: E11,2016-03
3935,1998004016,Diabetes,2012-12
3936,21951344,T2DM,2012-08
3937,1452264281,AF,2012-10
3938,5283183944,AF,2016-02
3939,2616948944,T2DM,2013-06
3940,3268980569,Diabetes,2012-12
3941,1244477,Diabetes,2014-05
3942,6526708616,High blood sugar,2013-04
3943,3667024601,ICD9:250,2012-07
3944,1833532121,T2DM,2013-04
3945,626928077,T2DM,2012-10
3946,5602090376,ICD9:250,2012-01
3947,3250586936,T2DM,2014-05
3948,1996610681,ICD10: E11,2012-04
3949,27397721,Diabetes,2015-02
3950,4849326344,ICD10: E11,2013-09
3951,1566641981,Diabetes,2013-12
3952,507702512,Diabetes,2015-01
3953,2610396281,T2DM,2013-03
3954,3279882944,Chronic kidney disease,2012-02
3955,6814141112,ICD9:250,2014-01
3956,1213357232,ICD10: E11,2015-11
3957,7429964537,T2DM,2012-10
3958,347010344,Diabetes,2012-08
3959,203001497,Diabetes,2016-11
3960,139496552,High glucose,2014-04
3961,2311020344,Diabetes,2012-06
3962,4871061344,High blood sugar,2015-02
3963,2028156272,Diabetes,2013-03
3964,3796101821,High glucose,2014-06
3965,3676680461,Diabetes,2015-04
3966,1521991997,ICD10: E11,2015-05
3967,2238491837,ICD9:250,2012-08
3968,3155698736,Diabetes,2015-10
3969,7358177144,ICD10: E11,2013-10
3970,422121401,Diabetes,2016-01
3971,5471407577,Diabetes,2013-02
3972,68001632,T2DM,2016-03
3973,1913596877,Diabetes,2014-12
3974,2401991117,AF,2014-08
3975,2801741069,High glucose,2014-02
3976,6918337721,ICD10: E11,2015-03
3977,566280632,Diabetes,2012-05
3978,4304910752,T2DM,2016-10
3979,314573069,ICD9:250,2013-09
3980,3370570352,T2DM,2016-04
3981,3106657469,ICD9:250,2015-02
3982,5298554297,ICD10: E11,2012-07
3983,46855181,Diabetes,2014-09
3984,72796697,Diabetes,2013-09
3985,133587056,High blood sugar,2015-01
3986,4075536761,T2DM,2013-10
3987,773000381,ICD9:250,2013-12
3988,28440992,T2DM,2015-10
3989,39923981,Diabetes,2016-09
3990,1452792377,Diabetes,2012-08
3991,5354934272,Diabetes,2014-01
3992,2884488461,Diabetes,2012-05
3993,5550870944,T2DM,2013-04
3994,1848693197,High blood sugar,2016-07
3995,199169981,Diabetes,2015-03
3996,1162970432,Diabetes,2012-04
3997,5501171321,ICD9:250,2015-05
3998,459347897,Diabetes,2012-04
3999,1585482632,High blood sugar,2012-12
4000,3341672144,ICD9:250,2012-07
4001,1234930832,T2DM,2013-02
4002,3181828736,Diabetes,2013-12
4003,49670552,High blood sugar,2013-03
4004,1180519976,T2DM,2013-02
4005,2128269944,T2DM,2015-01
4006,2273868152,T2DM,2015-08
4007,1333478936,High glucose,2015-01
4008,4682883512,Diabetes,2014-12
4009,5253263417,ICD10: E11,2015-07
4010,3130257881,Diabetes,2013-12
4011,123880697,T2DM,2014-02
4012,1265428601,Diabetes,2015-01
4013,900675056,Diabetes,2015-11
4014,437054969,Diabetes,2012-07
4015,2835027512,Diabetes,2016-09
4016,7374231992,AF,2014-06
4017,4393090136,ICD9:250,2012-06
4018,3472285592,Diabetes,2014-06
4019,102983912,AF,2014-03
4020,21708569,T2DM,2014-03
4021,3323873657,ICD9:250,2016-01
4022,5937546701,ICD10: E11,2013-02
4023,7104262976,Atrial fibrillation,2014-12
4024,950093117,Diabetes,2016-04
4025,447765536,ICD9:250,2016-01
4026,32236121,ICD9:250,2012-11
4027,6263551016,Diabetes,2016-01
4028,231634376,Diabetes,2016-04
4029,3084857,Diabetes,2016-09
4030,1592801561,High glucose,2013-03
4031,4915405721,ICD9: 427.31,2014-11
4032,1531466777,ICD9:250,2013-05
4033,795506237,ICD9: 427.31,2015-05
4034,250948217,ICD10: E11,2015-09
4035,1870053536,AFib,2012-12
4036,2952983897,Diabetes,2014-02
4037,904109069,Diabetes,2015-09
4038,5046690944,Diabetes,2016-02
4039,2665908569,T2DM,2012-09
4040,6268486832,Diabetes,2012-10
4041,38363597,High blood sugar,2013-05
4042,3763469,ICD9:250,2015-07
4043,581132441,AF,2013-12
4044,2198679821,CKD,2013-07
4045,4178571392,Diabetes,2012-01
4046,12558617,High blood sugar,2015-04
4047,2821394936,High glucose,2013-10
4048,6848212121,T2DM,2013-09
4049,7361148944,Diabetes,2015-11
4050,5974439897,T2DM,2012-06
4051,5309907392,Diabetes,2015-12
4052,205675469,Diabetes,2013-03
4053,2626527032,AFib,2015-07
4054,618198344,Diabetes,2013-09
4055,205675469,Chronic kidney disease,2016-12
4056,838073657,ICD10: E11,2016-10
4057,1154009576,T2DM,2014-07
4058,2652689357,T2DM,2012-11
4059,4278132776,Atrial fibrillation,2014-10
4060,346623272,ICD10: I48,2016-12
4061,3295176761,ICD9:250,2016-04
4062,1007307197,Diabetes,2016-07
4063,1318976,AFib,2012-09
4064,255800537,High blood sugar,2014-07
4065,1646192144,ICD10: E11,2014-07
4066,5873391296,ICD9:250,2013-04
4067,1935632672,Diabetes,2014-01
4068,1337656637,Diabetes,2016-12
4069,2684362976,T2DM,2016-12
4070,4831732541,Diabetes,2014-06
4071,2698560461,Diabetes,2012-02
4072,317343944,Diabetes,2015-10
4073,6849645536,Diabetes,2014-05
4074,3281271821,ICD9:250,2013-01
4075,380700944,High glucose,2016-06
4076,5884812569,Diabetes,2015-03
4077,3121155344,ICD9:250,2015-04
4078,3343875257,ICD10: E11,2014-04
4079,3136268936,Diabetes,2012-02
4080,669342176,Diabetes,2014-05
4081,2852947001,Diabetes,2015-07
4082,2943579197,T2DM,2016-04
4083,38063801,ICD9: 585,2016-09
4084,3945886136,T2DM,2014-03
4085,65707469,CKD,2014-11
4086,4564638416,Diabetes,2013-08
4087,1685923577,CKD,2015-02
4088,4977287741,CKD,2013-09
4089,2876308157,CKD,2012-05
4090,3887352296,ICD10: E11,2014-02
4091,224831216,ICD10: E11,2015-06
4092,4402968569,Diabetes,2013-05
4093,1227152144,ICD10: E11,2013-03
4094,5787953597,Diabetes,2013-06
4095,4366267769,Chronic kidney disease,2015-05
4096,483108569,ICD9:250,2015-03
4097,4099677536,High glucose,2014-09
4098,551783801,Diabetes,2016-04
4099,388786637,Diabetes,2012-09
4100,7423256,Diabetes,2014-11
4101,103899944,T2DM,2012-08
4102,2475549497,ICD10: N18,2015-12
4103,414540344,Diabetes,2016-10
4104,1308048752,Chronic kidney disease,2013-10
4105,88617944,ICD9:250,2014-06
4106,3800798777,Diabetes,2014-09
4107,4216950461,ICD10: E11,2012-11
4108,4211103737,Diabetes,2012-04
4109,707144096,T2DM,2015-05
4110,6632923592,CKD,2013-08
4111,6142959272,T2DM,2016-04
4112,542062361,Diabetes,2013-09
4113,25825337,T2DM,2014-02
4114,188512256,Chronic kidney disease,2014-02
4115,6825584072,ICD9:250,2013-07
4116,599225336,ICD9:250,2014-03
4117,5461162937,Diabetes,2015-05
4118,4790165312,T2DM,2015-05
4119,6582238112,ICD9:250,2012-02
4120,5868613592,ICD10: E11,2015-02
4121,903380096,T2DM,2016-04
4122,11583944,Diabetes,2013-05
4123,265023872,AF,2014-05
4124,205427144,T2DM,2015-06
4125,924955712,Diabetes,2012-01
4126,2794594592,Chronic kidney disease,2015-04
4127,2034870077,ICD9:250,2016-09
4128,293970872,ICD9:250,2015-05
4129,1563353021,T2DM,2015-11
4130,2645201177,AFib,2015-10
4131,12036296,ICD10: E11,2016-08
4132,1959021017,ICD9:250,2012-08
4133,1780229069,High glucose,2014-05
4134,59541344,Diabetes,2016-07
4135,8118344,T2DM,2015-10
4136,1707183344,T2DM,2012-01
4137,1063255097,Diabetes,2015-09
4138,6635745152,High glucose,2014-05
4139,1426505177,ICD10: E11,2014-07
4140,7241860541,ICD10: E11,2015-01
4141,159520061,ICD9:250,2012-12
4142,5295024701,High glucose,2016-12
4143,5925274361,T2DM,2012-05
4144,573723992,Diabetes,2013-09
4145,5310412256,A-fib,2013-07
4146,5383871576,T2DM,2016-12
4147,1046267144,ICD10: E11,2015-10
4148,85258952,T2DM,2016-05
4149,651449357,T2DM,2014-03
4150,848838392,T2DM,2016-11
4151,238164569,T2DM,2014-06
4152,608333069,Diabetes,2015-06
4153,447692237,ICD9:250,2012-10
4154,115517,ICD9:250,2016-03
4155,913821896,High glucose,2016-01
4156,1273698344,Diabetes,2012-06
4157,5574640616,Diabetes,2015-09
4158,115580816,ICD9:250,2014-10
4159,1949373512,ICD9:250,2015-01
4160,533066969,Atrial fibrillation,2012-08
4161,7203588281,T2DM,2014-06
4162,7280825357,ICD9:250,2015-05
4163,357150032,ICD10: E11,2014-04
4164,3588781976,Diabetes,2013-08
4165,4997348057,ICD10: E11,2013-12
4166,2872036712,Diabetes,2013-08
4167,4491445016,T2DM,2013-09
4168,4209979832,Diabetes,2016-12
4169,2148132512,CKD,2013-01
4170,1985327144,Diabetes,2012-11
4171,3061257677,ICD9:250,2016-12
4172,1519155296,Diabetes,2014-08
4173,3485770976,T2DM,2016-01
4174,6698538296,Diabetes,2012-11
4175,129771056,CKD,2014-11
4176,6128577881,ICD9:250,2014-07
4177,1781252336,AF,2013-03
4178,969949352,ICD9:250,2015-05
4179,5621812832,Diabetes,2013-01
4180,7337094617,Diabetes,2013-02
4181,6071490776,CKD,2012-12
4182,85931981,ICD9:250,2012-12
4183,2221479101,ICD10: E11,2016-12
4184,54698969,ICD10: E11,2014-09
4185,1286961101,ICD10: N18,2015-07
4186,25317344,ICD9:250,2015-08
4187,102106937,Diabetes,2015-07
4188,722704592,Diabetes,2015-09
4189,4744720352,T2DM,2015-03
4190,158646221,Diabetes,2012-02
4191,5907954656,T2DM,2016-08
4192,5806944317,Diabetes,2015-12
4193,4631112569,Diabetes,2014-07
4194,6698821817,Diabetes,2016-07
4195,666835112,Diabetes,2014-05
4196,595077437,ICD10: E11,2015-05
4197,2597315597,Diabetes,2013-02
4198,6895018712,Diabetes,2014-02
4199,5383109069,Diabetes,2013-09
4200,7423256,ICD10: N18,2015-10
4201,4673169341,ICD10: E11,2015-08
4202,183222944,Diabetes,2014-08
4203,196441661,Diabetes,2016-11
4204,3427320269,T2DM,2016-09
4205,3145393469,T2DM,2013-04
4206,2290748336,Diabetes,2014-12
4207,404515901,T2DM,2012-04
4208,2866284569,High blood sugar,2016-05
4209,6694002776,High glucose,2013-04
4210,3116318969,AF,2015-09
4211,32848712,Diabetes,2012-11
4212,1607906672,Diabetes,2014-01
4213,3827755469,Diabetes,2014-11
4214,1583414297,Diabetes,2015-05
4215,1939597256,Diabetes,2012-07
4216,440174576,Diabetes,2014-09
4217,611327144,High blood sugar,2015-07
4218,4505152781,Diabetes,2013-02
4219,117525512,High glucose,2015-03
4220,2739745469,ICD9:250,2014-02
4221,399307376,Diabetes,2016-07
4222,3997626317,T2DM,2014-11
4223,2532753677,Diabetes,2013-08
4224,4675774592,T2DM,2015-01
4225,5185691597,CKD,2016-01
4226,7298571197,Diabetes,2013-09
4227,7404392,Diabetes,2014-07
4228,750058301,CKD,2016-06
4229,4688811737,ICD10: E11,2014-05
4230,826680269,AFib,2015-05
4231,982287344,ICD10: E11,2014-09
4232,1078558832,Diabetes,2012-01
4233,4358946041,T2DM,2012-12
4234,5081202344,Diabetes,2012-11
4235,414822512,T2DM,2013-03
4236,2129708477,Diabetes,2012-05
4237,97094432,ICD10: E11,2015-06
4238,3806353469,ICD10: E11,2016-10
4239,5283687536,Diabetes,2014-11
4240,7492202297,Diabetes,2015-08
4241,312855101,AF,2015-08
4242,5634026957,ICD9:250,2015-11
4243,2149898969,ICD10: E11,2016-02
4244,1020211712,ICD10: E11,2012-05
4245,460016336,ICD10: E11,2012-01
4246,1084140569,Diabetes,2014-12
4247,2529442376,ICD9:250,2016-09
4248,155779577,CKD,2013-09
4249,5100728537,Diabetes,2015-08
4250,6108526397,Diabetes,2016-12
4251,591449312,T2DM,2013-11
4252,1096379336,ICD10: E11,2016-12
4253,5540552144,Diabetes,2016-12
4254,1404479576,Diabetes,2012-08
4255,3617685497,High glucose,2013-07
4256,6291271577,Diabetes,2014-05
4257,2194945472,Diabetes,2012-04
4258,34598717,Diabetes,2014-12
4259,2934189497,Diabetes,2012-11
4260,70189976,Diabetes,2014-08
4261,13623752,Diabetes,2013-09
4262,1615555577,T2DM,2015-04
4263,705944,T2DM,2015-02
4264,5533592381,Diabetes,2013-04
4265,1758082061,ICD10: E11,2012-06
4266,3277899344,ICD10: E11,2012-06
4267,3603323216,Diabetes,2013-11
4268,3693714032,ICD9:250,2016-08
4269,7130857817,ICD9:250,2016-12
4270,1483319357,ICD9:250,2013-06
4271,68746376,Diabetes,2013-02
4272,967577312,Diabetes,2016-06
4273,1190419469,ICD9:250,2014-01
4274,6434960057,Diabetes,2013-03
4275,1445177,ICD9:250,2014-09
4276,4419534041,T2DM,2016-09
4277,3888432281,ICD10: E11,2012-08
4278,4038028301,Diabetes,2014-11
4279,1020765017,Diabetes,2012-05
4280,4881705032,T2DM,2016-06
4281,2484174797,Diabetes,2014-09
4282,1839536,Diabetes,2014-01
4283,252542144,T2DM,2012-03
4284,3297165581,T2DM,2012-11
4285,26892377,Diabetes,2012-06
4286,7492801997,T2DM,2013-06
4287,535068344,High blood sugar,2014-09
4288,7189188896,T2DM,2014-05
4289,1217946872,T2DM,2014-08
4290,2494371944,Diabetes,2015-09
4291,786542861,Diabetes,2016-08
4292,629532857,T2DM,2012-10
4293,1850033936,Diabetes,2016-12
4294,3153363992,ICD9:250,2014-02
4295,447106061,Diabetes,2014-03
4296,2281638521,T2DM,2013-07
4297,4415850137,ICD9:250,2015-04
4298,41359376,ICD10: E11,2014-05
4299,4092361337,Diabetes,2013-10
4300,45443261,T2DM,2012-02
4301,133947641,High glucose,2015-01
4302,151400717,Diabetes,2016-02
4303,632839997,AFib,2013-02
4304,55135376,ICD10: E11,2016-02
4305,165570392,ICD10: E11,2015-05
4306,4520977469,Atrial fibrillation,2016-02
4307,6623616701,T2DM,2016-08
4308,795897101,T2DM,2014-01
4309,4517018696,ICD9:250,2015-02
4310,209769401,High glucose,2012-10
4311,4615802144,ICD9:250,2012-07
4312,4627812797,Diabetes,2014-08
4313,1221401,Diabetes,2012-12
4314,2157132944,Diabetes,2016-03
4315,2700900344,T2DM,2014-01
4316,3248019917,ICD10: E11,2014-05
4317,1678819277,ICD9:250,2016-01
4318,924007769,T2DM,2014-03
4319,1877401037,Atrial fibrillation,2016-07
4320,452911376,Diabetes,2013-05
4321,2063881592,Diabetes,2013-10
4322,1868705561,Diabetes,2016-09
4323,167134157,Diabetes,2013-08
4324,1058290841,ICD10: E11,2016-06
4325,10345616,Diabetes,2014-01
4326,5238961832,T2DM,2012-05
4327,4675063997,T2DM,2015-03
4328,3551525216,Diabetes,2015-11
4329,205327856,Diabetes,2013-12
4330,1053338201,Diabetes,2016-06
4331,4893329576,Diabetes,2012-07
4332,2614468592,T2DM,2015-03
4333,132109757,T2DM,2014-04
4334,1416578969,AF,2014-06
4335,1991351357,T2DM,2015-04
4336,179769512,Chronic kidney disease,2012-08
4337,2748274136,T2DM,2014-07
4338,5630907197,ICD9: 427.31,2016-09
4339,5115831344,T2DM,2015-10
4340,11642969,CKD,2013-09
4341,2531184896,Diabetes,2016-04
4342,2514481472,Diabetes,2012-02
4343,2346627341,ICD9:250,2012-11
4344,3230472944,ICD9:250,2013-01
4345,2776677056,Diabetes,2012-06
4346,65651321,CKD,2016-07
4347,1177308569,CKD,2015-11
4348,3196304912,T2DM,2013-07
4349,581967821,T2DM,2016-07
4350,96208976,High blood sugar,2014-07
4351,2376569,Diabetes,2015-06
4352,4510036856,Diabetes,2014-03
4353,5730119117,CRF,2013-05
4354,4721364992,Chronic kidney disease,2014-05
4355,148094297,Diabetes,2016-10
4356,2564055944,Diabetes,2016-01
4357,2286656,T2DM,2012-12
4358,2650370456,ICD9:250,2014-11
4359,435752381,Diabetes,2014-03
4360,3076225721,Diabetes,2016-08
4361,43938056,ICD10: E11,2014-09
4362,2519173721,AFib,2015-09
4363,336889496,ICD9:250,2012-01
4364,4808884376,Diabetes,2014-02
4365,1073899469,ICD10: E11,2012-11
4366,7137880121,ICD9:250,2014-03
4367,3154725821,Diabetes,2013-04
4368,2395035344,ICD10: E11,2012-12
4369,7651496,Diabetes,2012-07
4370,878769944,Diabetes,2016-01
4371,942314456,ICD10: E11,2015-05
4372,3745898957,Diabetes,2015-12
4373,917280857,Diabetes,2016-07
4374,5173724621,Diabetes,2015-02
4375,6872600576,Diabetes,2015-11
4376,583640381,Diabetes,2014-03
4377,5182698557,High blood sugar,2014-03
4378,46170056,T2DM,2012-01
4379,4760720957,Diabetes,2016-04
4380,113177,High blood sugar,2014-07
4381,1138294592,Renal insufficiency,2013-07
4382,3338669069,T2DM,2015-10
4383,848232944,ICD9:250,2016-02
4384,555533261,ICD10: E11,2014-08
4385,3726841817,A-fib,2012-12
4386,904525757,Diabetes,2015-09
4387,272462969,ICD9:250,2015-11
4388,987505616,T2DM,2013-06
4389,4971179816,ICD10: E11,2016-03
4390,542385017,T2DM,2014-09
4391,408987197,ICD9:250,2015-01
4392,309920957,Atrial fibrillation,2012-04
4393,2163412217,T2DM,2016-02
4394,325416944,ICD9:250,2016-10
4395,2509272992,Diabetes,2014-08
4396,2976939272,ICD9:250,2015-10
4397,3550080269,Diabetes,2013-12
4398,1336516616,ICD10: E11,2016-07
4399,3132971837,T2DM,2013-11
4400,2082809672,Diabetes,2014-10
4401,3039637952,Diabetes,2013-09
4402,978382712,T2DM,2014-03
4403,6849358841,ICD9:250,2012-11
4404,3554415992,Atrial fibrillation,2016-11
4405,537073469,T2DM,2015-03
4406,777920096,T2DM,2012-11
4407,74216,Diabetes,2016-11
4408,1403830541,Diabetes,2016-02
4409,1405518344,High blood sugar,2016-06
4410,14441177,ICD10: E11,2015-08
4411,340139981,ICD9:250,2014-02
4412,503030072,Diabetes,2012-09
4413,21547469,ICD10: E11,2012-06
4414,3405452861,ICD9:250,2014-01
4415,23335832,High glucose,2013-07
4416,129692144,T2DM,2016-02
